Date,Adj Close,Close,High,Low,Open,Volume,Body,Range,Upper_Wick,Lower_Wick,Body_Ratio,Upper_Wick_Ratio,Lower_Wick_Ratio
2020-01-01,672.2161254882812,690.1383056640625,698.1387329101562,688.2639770507812,693.978515625,14004468,3.8402099609375,9.874755859375,4.16021728515625,1.87432861328125,0.388891635968057,0.4212982421440403,0.1898101218879027
2020-01-02,683.6602783203125,701.8875122070312,704.4705200195312,691.2355346679688,691.2355346679688,17710316,10.6519775390625,13.2349853515625,2.5830078125,0.0,0.8048348567159499,0.19516514328405013,0.0
2020-01-03,684.484130859375,702.7332763671875,704.79052734375,696.2643432617188,700.8359985351562,20984698,1.89727783203125,8.52618408203125,2.0572509765625,4.5716552734375,0.22252367692010336,0.24128624913202523,0.5361900739478714
2020-01-06,668.6093139648438,686.435302734375,698.5044555664062,684.835205078125,694.8928833007812,24519177,8.45758056640625,13.66925048828125,3.611572265625,1.60009765625,0.618730381278549,0.26421143344481307,0.11705818527663793
2020-01-07,678.8956298828125,696.995849609375,701.5217895507812,691.9212646484375,694.4356689453125,16683622,2.5601806640625,9.60052490234375,4.52593994140625,2.514404296875,0.266670904987444,0.4714263008995836,0.26190279411297246
2020-01-08,673.7970581054688,691.7612915039062,701.4989013671875,690.3212280273438,692.6070556640625,16047902,0.84576416015625,11.17767333984375,8.891845703125,1.4400634765625,0.07566549266934229,0.7955005869986622,0.12883392033199553
2020-01-09,689.3154907226562,707.6935424804688,708.6078491210938,700.0360107421875,703.3961791992188,14982742,4.29736328125,8.57183837890625,0.914306640625,3.36016845703125,0.5013350802116191,0.10666400837362308,0.3920009114147578
2020-01-10,689.1595458984375,707.5335083007812,712.2423095703125,703.8761596679688,709.4764404296875,12478359,1.94293212890625,8.36614990234375,2.765869140625,3.6573486328125,0.23223730767266598,0.33060238854316376,0.43716030378417026
2020-01-13,687.4006958007812,705.7277221679688,712.585205078125,703.3047485351562,706.3449096679688,18282382,0.6171875,9.28045654296875,6.24029541015625,2.4229736328125,0.06650400194671524,0.6724125457905571,0.2610834522627276
2020-01-14,681.032958984375,699.1902465820312,708.6078491210938,695.7386474609375,704.0361938476562,15816535,4.845947265625,12.86920166015625,4.5716552734375,3.45159912109375,0.3765538371061755,0.3552400058809859,0.26820615701283856
2020-01-15,678.5616455078125,696.6529541015625,703.990478515625,694.0928344726562,702.1389770507812,15817859,5.48602294921875,9.89764404296875,1.85150146484375,2.56011962890625,0.554275636242546,0.18706486683152138,0.25865949692593254
2020-01-16,684.8180541992188,703.0761108398438,705.5676879882812,698.5501708984375,699.0073852539062,12847975,4.0687255859375,7.01751708984375,2.4915771484375,0.45721435546875,0.5797956077408132,0.3550510980647967,0.06515329419439009
2020-01-17,704.0101928710938,722.780029296875,724.5858154296875,710.07080078125,710.2079467773438,29463471,12.57208251953125,14.5150146484375,1.8057861328125,0.13714599609375,0.8661432884523199,0.12440815090785236,0.009448560639827765
2020-01-20,682.3466186523438,700.5388793945312,735.5806884765625,697.8187255859375,735.5806884765625,32545850,35.04180908203125,37.761962890625,0.0,2.72015380859375,0.9279657729532627,0.0,0.07203422704673731
2020-01-21,683.0369262695312,701.2474975585938,706.7106323242188,695.8071899414062,698.8245239257812,18922720,2.4229736328125,10.9034423828125,5.463134765625,3.017333984375,0.22222097826938794,0.5010467863100503,0.2767322354205618
2020-01-22,682.7919311523438,700.9960327148438,707.1220703125,699.9674072265625,705.8648681640625,10322817,4.86883544921875,7.1546630859375,1.2572021484375,1.02862548828125,0.680512190544437,0.17571786865946665,0.14376994079609628
2020-01-23,679.8976440429688,698.0244750976562,704.9276733398438,695.212890625,702.4360961914062,11247739,4.41162109375,9.71478271484375,2.4915771484375,2.81158447265625,0.4541142322215032,0.25647276131358887,0.2894130064649079
2020-01-24,677.5374145507812,695.6015014648438,702.3675537109375,694.22998046875,698.093017578125,14628445,2.49151611328125,8.1375732421875,4.2745361328125,1.37152099609375,0.3061743395886774,0.5252838906139837,0.16854176979733884
2020-01-27,670.8580322265625,688.7439575195312,696.92724609375,688.0353393554688,692.5613403320312,13387750,3.8173828125,8.89190673828125,4.36590576171875,0.7086181640625,0.42930981226619075,0.49099770051824143,0.07969248721556783
2020-01-28,655.36181640625,672.8345947265625,690.3212280273438,669.1087036132812,689.68115234375,24532236,16.8465576171875,21.2125244140625,0.64007568359375,3.72589111328125,0.7941797632543606,0.030174422954083777,0.17564581379155564
2020-01-29,658.9686889648438,676.5376586914062,683.1893920898438,669.3143920898438,673.8860473632812,24746565,2.651611328125,13.875,6.6517333984375,4.5716552734375,0.19110712274774774,0.4794042088963964,0.32948866835585583
2020-01-30,642.8935546875,660.033935546875,676.4690551757812,658.319580078125,676.1490478515625,22402689,16.1151123046875,18.14947509765625,0.32000732421875,1.71435546875,0.8879106540534906,0.017631767447647807,0.09445757849886165
2020-01-31,628.599609375,645.35888671875,664.3770141601562,643.3245239257812,664.2626953125,34750310,18.90380859375,21.052490234375,0.11431884765625,2.03436279296875,0.8979369368324617,0.005430181721190755,0.0966328814463476
2020-02-03,616.9551391601562,633.4039916992188,640.0100708007812,623.140625,626.272216796875,30712290,7.13177490234375,16.86944580078125,6.6060791015625,3.131591796875,0.42276284512046425,0.3916002445828162,0.18563691029671947
2020-02-04,635.1676635742188,652.1021118164062,654.8908081054688,639.0271606445312,640.0328979492188,25383901,12.0692138671875,15.8636474609375,2.7886962890625,1.0057373046875,0.7608095109845716,0.17579162017621483,0.06339886883921357
2020-02-05,645.0086669921875,662.2054443359375,664.1712646484375,653.8850708007812,655.9879760742188,18472100,6.21746826171875,10.28619384765625,1.9658203125,2.1029052734375,0.6044478991746227,0.1911125088263741,0.20443959199900313
2020-02-06,649.1498413085938,666.4570922851562,670.6630249023438,658.3652954101562,664.765625,15538577,1.69146728515625,12.2977294921875,4.2059326171875,6.40032958984375,0.13754305510060252,0.3420088740656919,0.5204480708337056
2020-02-07,638.3961181640625,655.4165649414062,663.965576171875,652.970703125,663.348388671875,12209212,7.93182373046875,10.994873046875,0.6171875,2.44586181640625,0.7214111246808038,0.05613411790829355,0.22245475741090262
2020-02-10,639.2643432617188,656.3080444335938,660.833984375,644.810302734375,652.8335571289062,15142476,3.4744873046875,16.023681640625,4.52593994140625,8.02325439453125,0.21683451922051408,0.28245318665915015,0.5007122941203358
2020-02-11,646.9011840820312,664.1484375,670.2973022460938,660.6282348632812,661.7025756835938,13999816,2.44586181640625,9.6690673828125,6.14886474609375,1.0743408203125,0.25295736595588886,0.635931522933,0.1111111111111111
2020-02-12,654.716064453125,672.1716918945312,674.2518310546875,665.1770629882812,665.7028198242188,13533565,6.4688720703125,9.07476806640625,2.08013916015625,0.5257568359375,0.712841587021879,0.22922229471149644,0.057936118266624516
2020-02-13,656.4304809570312,673.9317626953125,675.5775756835938,668.6514892578125,675.5775756835938,13565659,1.64581298828125,6.92608642578125,0.0,5.2802734375,0.23762524564449183,0.0,0.7623747543555082
2020-02-14,662.4197998046875,680.0806884765625,686.4124145507812,664.3084106445312,675.3489990234375,21227841,4.731689453125,22.10400390625,6.33172607421875,11.04058837890625,0.21406481256488988,0.2864515452075372,0.49948364222757297
2020-02-17,658.2561645507812,675.80615234375,688.5610961914062,674.0003662109375,680.720703125,13149130,4.91455078125,14.56072998046875,7.84039306640625,1.8057861328125,0.33752090642723304,0.5384615384615384,0.12401755511122849
2020-02-18,653.4248046875,670.8458862304688,674.7318115234375,666.2742309570312,674.7318115234375,11127161,3.88592529296875,8.45758056640625,0.0,4.5716552734375,0.45946062972237656,0.0,0.5405393702776234
2020-02-19,669.6334838867188,687.4867553710938,688.6982421875,674.3660888671875,676.3090209960938,14084409,11.177734375,14.3321533203125,1.21148681640625,1.94293212890625,0.7799061400744406,0.08452929502849015,0.13556456489706922
2020-02-20,661.6849975585938,679.3263549804688,689.4068603515625,678.3434448242188,684.3780517578125,16892268,5.05169677734375,11.06341552734375,5.02880859375,0.98291015625,0.4566127670842919,0.4545439499511759,0.0888432829645322
2020-02-24,643.4279174804688,660.58251953125,675.2346801757812,658.1138305664062,671.9202270507812,21370214,11.33770751953125,17.120849609375,3.314453125,2.46868896484375,0.6622164073751907,0.19359162662027465,0.14419196600453463
2020-02-25,630.71484375,647.5304565429688,663.53125,644.6045532226562,663.53125,27745062,16.00079345703125,18.92669677734375,0.0,2.9259033203125,0.8454086650865057,0.0,0.15459133491349425
2020-02-26,619.8495483398438,636.3755493164062,645.6788940429688,634.249755859375,644.6045532226562,29362748,8.22900390625,11.42913818359375,1.0743408203125,2.12579345703125,0.720002136124536,0.09400016020934021,0.18599770366612373
2020-02-27,617.2890625,633.7468872070312,637.198486328125,625.8607177734375,634.546875,25054993,0.79998779296875,11.3377685546875,2.651611328125,7.88616943359375,0.07055954521474177,0.2338741803852324,0.6955662744000258
2020-02-28,591.64013671875,607.4140625,620.374755859375,605.7454223632812,619.4146728515625,39315769,12.0006103515625,14.62933349609375,0.9600830078125,1.66864013671875,0.8203114895676444,0.06562725554577428,0.11406125488658125
2020-03-02,586.0740356445312,601.6995239257812,625.8607177734375,594.8191528320312,619.506103515625,29500495,17.80657958984375,31.04156494140625,6.3546142578125,6.88037109375,0.5736366585723134,0.20471307647689177,0.22165026495079485
2020-03-03,597.9634399414062,613.9058227539062,618.95751953125,604.3739013671875,607.8941040039062,27398798,6.01171875,14.5836181640625,5.05169677734375,3.52020263671875,0.41222409160535367,0.3463952991989554,0.24138060919569093
2020-03-04,596.5607299804688,612.4657592773438,618.9118041992188,597.9278564453125,618.0889282226562,22105261,5.6231689453125,20.98394775390625,0.8228759765625,14.53790283203125,0.2679747877405825,0.03921454562377655,0.692810666635641
2020-03-05,583.8475341796875,599.4136962890625,620.80908203125,597.0592651367188,618.1803588867188,30510390,18.76666259765625,23.74981689453125,2.62872314453125,2.35443115234375,0.7901813593340821,0.11068393311009285,0.09913470755582511
2020-03-06,565.9689331054688,581.0584106445312,588.8988647460938,567.38916015625,580.6012573242188,33734039,0.4571533203125,21.50970458984375,7.8404541015625,13.21209716796875,0.02125335187208263,0.36450775364272237,0.614238894485195
2020-03-09,496.12457275390625,509.3518981933594,567.3434448242188,500.59716796875,566.9091186523438,88187018,57.557220458984375,66.74627685546875,0.434326171875,8.754730224609375,0.8623285547989111,0.006507122079864956,0.13116432312122395
2020-03-11,513.669189453125,527.3642578125,538.7476806640625,506.5403137207031,506.5403137207031,59578576,20.823944091796875,32.207366943359375,11.3834228515625,0.0,0.6465584140553416,0.3534415859446583,0.0
2020-03-12,473.34771728515625,485.96783447265625,503.3401489257813,479.4303588867187,496.0255126953125,55970485,10.05767822265625,23.909790039062614,7.314636230468807,6.537475585937557,0.42065104738370857,0.30592640999852033,0.2734225426177711
2020-03-13,492.1837158203125,505.3059692382813,521.1696166992188,430.8335876464844,456.25201416015625,73297403,49.05395507812506,90.33602905273438,15.863647460937443,25.418426513671875,0.5430165083910145,0.17560709306446173,0.2813763985445239
2020-03-16,452.2853088378906,464.3438720703125,493.6025085449219,459.4521789550781,484.8477783203125,38482258,20.50390625,34.15032958984375,8.754730224609375,4.891693115234375,0.6004014162164287,0.2563585865716803,0.14323999721189093
2020-03-17,448.8566284179687,460.8236999511719,484.5963439941406,458.6293029785156,478.7674560546875,45445979,17.943756103515625,25.967041015625,5.828887939453125,2.19439697265625,0.6910204398228674,0.2244725510290426,0.08450700914808999
2020-03-18,431.2674865722656,442.765625,473.5786437988281,439.3368835449219,468.732666015625,44730415,25.967041015625,34.24176025390625,4.845977783203125,3.428741455078125,0.7583442212981069,0.14152244940884146,0.10013332929305173
2020-03-19,408.6465148925781,419.54156494140625,442.0798645019531,407.8838195800781,420.6387634277344,61404010,1.097198486328125,34.196044921875,21.44110107421875,11.657745361328125,0.03208553763556012,0.6270052903253442,0.3409091720390956
2020-03-20,453.2872619628906,465.37249755859375,473.1214599609375,425.1647033691406,429.5077819824219,63360475,35.864715576171875,47.956756591796875,7.74896240234375,4.34307861328125,0.7478553206057856,0.16158228689863546,0.09056239249557892
2020-03-23,393.6624145507813,404.1579284667969,434.30804443359375,400.3177185058594,418.8558044433594,40670949,14.6978759765625,33.990325927734375,15.452239990234375,3.8402099609375,0.43241350517824195,0.45460699679923144,0.11297949802252659
2020-03-24,420.0906372070313,431.2907409667969,443.4513549804687,409.5296325683594,425.1647033691406,45734887,6.12603759765625,33.92172241210932,12.160614013671818,15.63507080078125,0.18059335322752915,0.35849046419089686,0.460916182581574
2020-03-25,481.9196472167969,494.7682800292969,526.4498901367188,440.3655090332031,440.616943359375,73130298,54.151336669921875,86.08438110351562,31.681610107421875,0.251434326171875,0.6290494974321232,0.36802971341949997,0.0029207891483767267
2020-03-26,474.7726745605469,487.4307556152344,510.6091003417969,476.52734375,500.962890625,45744488,13.532135009765625,34.081756591796875,9.646209716796875,10.903411865234375,0.39704922407146903,0.28303147142124174,0.31991930450728917
2020-03-27,474.5054931640625,487.1564636230469,506.2203063964844,478.2874450683594,500.59716796875,41657940,13.440704345703125,27.932861328125,5.623138427734375,8.8690185546875,0.48117893071591517,0.20130907326964592,0.3175119960144389
2020-03-30,458.85345458984375,471.0870666503906,491.3623962402344,466.3096923828125,475.7273254394531,30229866,4.6402587890625,25.052703857421875,15.63507080078125,4.777374267578125,0.1852198794777124,0.6240871600032646,0.190692960519023
2020-03-31,495.9464721679687,509.1690368652344,516.5065307617188,479.1103515625,490.9738159179687,44292810,18.195220947265682,37.39617919921875,7.337493896484375,11.863464355468693,0.48655294035081,0.19620972124974906,0.31723733839944096
2020-04-01,481.1181640625,493.9454040527344,514.1292724609375,477.8302917480469,513.054931640625,41597459,19.109527587890625,36.298980712890625,1.0743408203125,16.1151123046875,0.526448049300304,0.029596996918731005,0.44395495378096506
2020-04-03,479.7822570800781,492.5738830566406,518.6323852539062,482.9048156738281,518.6323852539062,41367807,26.058502197265625,35.727569580078125,0.0,9.6690673828125,0.7293667748336282,0.0,0.27063322516637184
2020-04-07,537.0694580078125,551.3883666992188,554.9999389648438,502.8829956054687,503.8430480957031,54373624,47.545318603515625,52.11694335937506,3.611572265625,0.9600524902344318,0.9122814105897278,0.06929746897705068,0.018421120433221506
2020-04-08,530.8574829101562,545.0108642578125,561.8574829101562,530.31298828125,539.456298828125,49880330,5.5545654296875,31.54449462890625,16.84661865234375,9.143310546875,0.1760866831132395,0.53405891742853,0.28985439945823055
2020-04-09,543.2366943359375,557.7200927734375,563.5946655273438,545.3994750976562,554.9999389648438,33032857,2.72015380859375,18.1951904296875,5.87457275390625,9.6004638671875,0.14949850726241992,0.3228640434738855,0.5276374492636946
2020-04-13,529.521728515625,543.639404296875,555.4571533203125,539.456298828125,550.4054565429688,23673784,6.76605224609375,16.0008544921875,5.05169677734375,4.18310546875,0.422855682451041,0.31571418762730874,0.2614301299216503
2020-04-15,512.0215454101562,525.6727294921875,565.0576171875,522.5411376953125,547.2509765625,35321842,21.5782470703125,42.5164794921875,17.806640625,3.131591796875,0.5075266656139192,0.4188173818171378,0.073655952568943
2020-04-16,520.1258544921875,533.9931640625,542.8621826171875,523.4555053710938,525.6727294921875,37455706,8.3204345703125,19.40667724609375,8.8690185546875,2.21722412109375,0.4287408124946927,0.4570086080280791,0.11425057947722819
2020-04-17,545.0401611328125,559.5715942382812,562.3146362304688,545.2394409179688,555.914306640625,33269335,3.65728759765625,17.0751953125,2.7430419921875,10.67486572265625,0.2141871604232199,0.16064483843294253,0.6251680011438375
2020-04-20,553.8569946289062,568.62353515625,574.6580810546875,549.5139770507812,560.4859619140625,36030932,8.1375732421875,25.14410400390625,6.0345458984375,10.97198486328125,0.3236374316986317,0.23999844645488286,0.4363641218464855
2020-04-21,550.9848022460938,565.6748046875,572.3722534179688,532.1416625976562,553.1712646484375,61371628,12.5035400390625,40.2305908203125,6.69744873046875,21.02960205078125,0.3107968285852128,0.1664765193328256,0.5227266520819616
2020-04-22,607.2032470703125,623.3920288085938,633.1296997070312,594.3162841796875,603.4595947265625,142683366,19.93243408203125,38.81341552734375,9.7376708984375,9.143310546875,0.5135449640598881,0.2508841534849564,0.23557088245515545
2020-04-23,610.4539184570312,626.7293701171875,633.5640258789062,618.6832275390625,625.1064453125,65464502,1.6229248046875,14.88079833984375,6.83465576171875,6.4232177734375,0.10906167583375374,0.4592936215941298,0.43164470257211646
2020-04-24,630.9819946289062,647.8047485351562,683.4408569335938,615.89453125,617.2431640625,134986308,30.56158447265625,67.54632568359375,35.6361083984375,1.3486328125,0.45245369253414947,0.5275802649187343,0.019966042547116192
2020-04-27,636.659423828125,653.6336059570312,674.3203735351562,650.5477294921875,655.5765380859375,58482901,1.94293212890625,23.77264404296875,18.74383544921875,3.08587646484375,0.08172974471810646,0.7884623778213103,0.12980787746058317
2020-04-28,635.9469604492188,652.9021606445312,665.3827514648438,636.4441528320312,662.8912353515625,78453401,9.98907470703125,28.9385986328125,2.49151611328125,16.4580078125,0.3451817012211841,0.08609664016198089,0.568721658616835
2020-04-29,635.4125366210938,652.353515625,664.5598754882812,649.1762084960938,660.5596923828125,37494672,8.2061767578125,15.3836669921875,4.00018310546875,3.17730712890625,0.5334343730906264,0.26002793140934594,0.20653769550002776
2020-04-30,652.8013916015625,670.2058715820312,683.4408569335938,657.4281005859375,664.697021484375,71345899,5.50885009765625,26.01275634765625,13.2349853515625,7.2689208984375,0.21177494703103994,0.5087882719800654,0.2794367809888947
2020-05-04,639.0863037109375,656.1251831054688,669.7487182617188,648.0104370117188,658.319580078125,53456868,2.19439697265625,21.73828125,11.42913818359375,8.11474609375,0.10094620395327943,0.5257608939802336,0.37329290206648696
2020-05-05,650.4190673828125,667.760009765625,676.1490478515625,661.6111450195312,664.582763671875,44903763,3.17724609375,14.53790283203125,8.3890380859375,2.97161865234375,0.21854913535049897,0.5770459593012272,0.20440490534827385
2020-05-06,650.4635620117188,667.8057861328125,678.8692016601562,660.833984375,669.2915649414062,40489094,1.48577880859375,18.03521728515625,9.57763671875,6.9718017578125,0.0823820852891309,0.5310519173302559,0.38656599738061315
2020-05-07,671.0361328125,688.9268188476562,691.9898681640625,660.6054077148438,665.1770629882812,50026966,23.749755859375,31.38446044921875,3.06304931640625,4.5716552734375,0.75673615284236,0.09759764139843603,0.14566620575920405
2020-05-08,695.4605712890625,714.00244140625,722.277099609375,702.7103881835938,706.322021484375,84262770,7.680419921875,19.56671142578125,8.274658203125,3.61163330078125,0.3925248221198387,0.4228946818432783,0.18458049603688303
2020-05-11,702.1399536132812,720.8599243164062,738.3236694335938,718.8026733398438,722.3228149414062,67085063,1.462890625,19.52099609375,16.0008544921875,2.0572509765625,0.07493934315515646,0.819674078891418,0.10538657795342554
2020-05-12,658.7014770507812,676.2633056640625,716.9968872070312,669.7487182617188,715.3739013671875,100683202,39.110595703125,47.2481689453125,1.62298583984375,6.51458740234375,0.8277695533216038,0.034350237820269365,0.13788020885812685
2020-05-13,672.6769409179688,690.6114501953125,704.7102661132812,671.020751953125,704.7102661132812,66430125,14.09881591796875,33.68951416015625,0.0,19.5906982421875,0.41849270520627063,0.0,0.5815072947937293
2020-05-14,645.4813232421875,662.690673828125,690.726806640625,659.9678344726562,677.9432373046875,49266771,15.2525634765625,30.75897216796875,12.7835693359375,2.72283935546875,0.4958736395114643,0.41560456786816286,0.08852179262037285
2020-05-15,656.0224609375,673.5128784179688,676.8818359375,653.0684204101562,666.40576171875,62152260,7.10711669921875,23.81341552734375,3.36895751953125,13.33734130859375,0.2984501190540267,0.14147309173952158,0.5600767892064518
2020-05-18,647.6390380859375,664.9058837890625,683.9427490234375,659.0217895507812,678.40478515625,62796089,13.4989013671875,24.92095947265625,5.5379638671875,5.88409423828125,0.5416686055767135,0.22222113371131874,0.23611026071196778
2020-05-19,633.3218383789062,650.2070922851562,674.5743408203125,647.5996704101562,672.4052734375,42315854,22.19818115234375,26.97467041015625,2.1690673828125,2.607421875,0.8229268723144769,0.08041126545130364,0.09666186223421948
2020-05-20,644.469970703125,661.65234375,667.7210693359375,642.8692626953125,650.7147827148438,55320985,10.93756103515625,24.851806640625,6.0687255859375,7.84552001953125,0.44011130431365614,0.24419655575530733,0.3156921399310365
2020-05-21,647.86376953125,665.1366577148438,674.4589233398438,657.6372680664062,662.2522583007812,39167981,2.8843994140625,16.8216552734375,9.322265625,4.614990234375,0.17146941648585298,0.5541824198312083,0.2743481636829387
2020-05-22,643.50341796875,660.6600952148438,672.8667602539062,658.3295288085938,670.0054931640625,37828973,9.34539794921875,14.5372314453125,2.86126708984375,2.33056640625,0.6428595420231927,0.196823384191655,0.16031707378515228
2020-05-26,640.132080078125,657.1988525390625,669.0363159179688,653.6221923828125,668.3209838867188,33216635,11.12213134765625,15.41412353515625,0.71533203125,3.57666015625,0.7215545744322794,0.04640757092795343,0.23203785463976717
2020-05-27,649.7967529296875,667.12109375,671.020751953125,651.6377563476562,660.40625,35667956,6.71484375,19.38299560546875,3.899658203125,8.76849365234375,0.3464296173139235,0.2011896552267052,0.4523807274593713
2020-05-28,661.7987060546875,679.443115234375,682.9043579101562,668.7132568359375,671.4822387695312,40126278,7.96087646484375,14.19110107421875,3.46124267578125,2.76898193359375,0.5609766587672629,0.2439023341232737,0.19512100710946337
2020-05-29,658.27001953125,675.8203735351562,679.3277587890625,670.3977661132812,677.4817504882812,40022527,1.661376953125,8.92999267578125,1.84600830078125,5.422607421875,0.18604460422803792,0.20672002405867035,0.6072353717132918
2020-06-01,683.4204711914062,701.6412963867188,709.9483032226562,681.1506958007812,683.019775390625,39943702,18.62152099609375,28.797607421875,8.3070068359375,1.86907958984375,0.646634309694375,0.2884617014963333,0.06490398880929169
2020-06-02,690.3204956054688,708.7252807617188,710.7097778320312,701.8489379882812,704.248779296875,22153960,4.47650146484375,8.86083984375,1.9844970703125,2.39984130859375,0.5052005841185871,0.2239626384526368,0.2708367774287761
2020-06-03,692.9950561523438,711.4712524414062,719.9397583007812,707.6407470703125,713.0172729492188,25381289,1.5460205078125,12.29901123046875,6.9224853515625,3.83050537109375,0.12570282918211279,0.5628489332876774,0.3114482375302099
2020-06-04,710.1441650390625,729.0774536132812,733.5540161132812,711.1712646484375,712.5557250976562,34202350,16.521728515625,22.38275146484375,4.4765625,1.38446044921875,0.7381455555888842,0.20000054537670534,0.06185389903441054
2020-06-05,710.9981689453125,729.9542846679688,746.7067260742188,726.2622680664062,736.0922241210938,33076685,6.137939453125,20.4444580078125,10.614501953125,3.6920166015625,0.3002251001606152,0.5191872510911686,0.18058764874821623
2020-06-08,705.5140991210938,724.323974609375,746.891357421875,722.2472534179688,746.891357421875,31414953,22.5673828125,24.64410400390625,0.0,2.07672119140625,0.9157315197551075,0.0,0.0842684802448925
2020-06-09,690.9723510742188,709.3944702148438,730.5542602539062,707.479248046875,720.0781860351562,25857161,10.6837158203125,23.07501220703125,10.47607421875,1.91522216796875,0.4629993572465819,0.45400080939319315,0.08299983336022494
2020-06-10,706.7053833007812,725.5469970703125,728.9620971679688,710.7328491210938,712.140380859375,22132647,13.4066162109375,18.229248046875,3.41510009765625,1.40753173828125,0.7354453774759934,0.1873417975812608,0.0772128249427458
2020-06-11,691.2195434570312,709.6483154296875,723.608642578125,706.5562744140625,722.708740234375,20385805,13.0604248046875,17.0523681640625,0.89990234375,3.092041015625,0.7659009399182493,0.05277286621376876,0.18132619386798193
2020-06-12,714.1897583007812,733.23095703125,735.1692504882812,690.865234375,692.249755859375,38548899,40.981201171875,44.30401611328125,1.93829345703125,1.384521484375,0.924999690030129,0.04374983640479034,0.03125047356508059
2020-06-15,725.7647705078125,745.1145629882812,750.837158203125,720.4473876953125,722.2472534179688,53107403,22.8673095703125,30.3897705078125,5.72259521484375,1.79986572265625,0.7524673331914056,0.18830662815872876,0.059226038649865635
2020-06-16,727.1807250976562,746.5682983398438,760.8055419921875,731.6156616210938,758.2442626953125,51187003,11.67596435546875,29.18988037109375,2.561279296875,14.95263671875,0.40000041819394583,0.08774545370906665,0.5122541280969876
2020-06-17,726.1243286132812,745.4837646484375,754.7598876953125,739.368896484375,742.2070922851562,41782053,3.27667236328125,15.3909912109375,9.276123046875,2.83819580078125,0.2128954736165859,0.6026982225993988,0.1844063037840153
2020-06-18,744.3521728515625,764.1975708007812,768.397216796875,740.984130859375,741.6302490234375,40471557,22.56732177734375,27.4130859375,4.19964599609375,0.6461181640625,0.8232317160058423,0.1531985857290442,0.023569698265113462
2020-06-19,790.8770751953125,811.9628295898438,825.5308837890625,767.0127563476562,770.7047119140625,105804173,41.25811767578125,58.51812744140625,13.56805419921875,3.69195556640625,0.7050484948803717,0.23186070355385754,0.06309080156577082
2020-06-22,784.9209594726562,805.8479614257812,832.6380004882812,800.7022094726562,818.423828125,60198705,12.57586669921875,31.935791015625,14.21417236328125,5.145751953125,0.3937859780290347,0.44508596503298703,0.16112805693797827
2020-06-23,773.5706176757812,794.195068359375,813.9703369140625,791.9798583984375,807.6246948242188,37962078,13.42962646484375,21.990478515625,6.34564208984375,2.2152099609375,0.6107018751457152,0.28856316543248256,0.10073495942180231
2020-06-24,776.6947631835938,797.4024658203125,818.1007690429688,789.9492797851562,801.1175537109375,51586221,3.715087890625,28.1514892578125,16.98321533203125,7.45318603515625,0.13196772137353274,0.6032794633526583,0.26475281527380895
2020-06-25,772.2221069335938,792.810546875,807.1632080078125,790.572265625,797.0101928710938,39679374,4.19964599609375,16.5909423828125,10.15301513671875,2.23828125,0.2531288397725015,0.6119613282026002,0.13490983202489829
2020-06-26,782.8980712890625,803.7711791992188,808.5477294921875,792.3952026367188,797.8409423828125,30921913,5.93023681640625,16.15252685546875,4.77655029296875,5.44573974609375,0.36713988278548837,0.2957153599377274,0.3371447572767842
2020-06-29,774.58203125,795.2334594726562,802.8943481445312,791.72607421875,797.4948120117188,25621946,2.2613525390625,11.16827392578125,5.3995361328125,3.50738525390625,0.20248003891114377,0.48347096146594454,0.31404899962291166
2020-06-30,766.0188598632812,786.44189453125,803.47119140625,782.4960327148438,801.625244140625,30276420,15.183349609375,20.97515869140625,1.845947265625,3.94586181640625,0.7238729314403606,0.08800635517390887,0.18812071338573053
2020-07-01,781.07763671875,801.902099609375,807.1632080078125,788.2647705078125,793.7797241210938,28464103,8.12237548828125,18.8984375,5.2611083984375,5.51495361328125,0.42979084849111204,0.27838853865233565,0.2918206128565523
2020-07-02,794.524169921875,812.4012451171875,815.7471313476562,800.7252807617188,804.3942260742188,28789533,8.00701904296875,15.0218505859375,3.34588623046875,3.6689453125,0.5330248092378452,0.2227346232295078,0.24424056753264695
2020-07-03,806.9586791992188,825.1155395507812,827.46923828125,815.9317016601562,821.3773803710938,29434266,3.7381591796875,11.53753662109375,2.35369873046875,5.4456787109375,0.32399976723394575,0.20400357613301523,0.471996656633039
2020-07-06,835.7996215820312,854.6054077148438,857.4666748046875,827.0538330078125,833.0072021484375,47016185,21.59820556640625,30.412841796875,2.86126708984375,5.953369140625,0.710167294153535,0.09408088559937706,0.195751820247088
2020-07-07,823.0040283203125,841.5218505859375,860.397216796875,833.607177734375,858.3897094726562,35189589,16.86785888671875,26.7900390625,2.00750732421875,7.9146728515625,0.6296317391462837,0.0749348412495899,0.2954334196041264
2020-07-08,811.517333984375,829.7767333984375,846.8291015625,826.084716796875,841.7987670898438,26204095,12.02203369140625,20.744384765625,5.03033447265625,3.6920166015625,0.5795319469453566,0.24249137920888794,0.17797667384575552
2020-07-09,823.364990234375,841.8910522460938,846.8521728515625,824.3540649414062,834.8532104492188,36418942,7.037841796875,22.49810791015625,4.96112060546875,10.4991455078125,0.31281927462433096,0.22051279268818721,0.46666793268748186
2020-07-10,847.6473999023438,866.7197875976562,869.7426147460938,841.8910522460938,843.8524780273438,43759967,22.8673095703125,27.8515625,3.0228271484375,1.96142578125,0.8210422510518934,0.10853348527349228,0.07042426367461431
2020-07-13,873.3514404296875,893.002197265625,898.8632202148438,876.8496704101562,878.3956909179688,69608392,14.60650634765625,22.0135498046875,5.86102294921875,1.5460205078125,0.6635234424820473,0.2662461529930407,0.07023040452491197
2020-07-14,865.2272338867188,884.6951904296875,896.09423828125,870.9886474609375,892.5407104492188,67331128,7.84552001953125,25.1055908203125,3.55352783203125,13.70654296875,0.31250091167675587,0.14154328641236963,0.5459558019108744
2020-07-15,832.2791137695312,851.0056762695312,913.2158813476562,829.7767333984375,894.3635864257812,139669773,43.35791015625,83.43914794921875,18.852294921875,21.22894287109375,0.5196351020103623,0.2259406451914939,0.2544242527981438
2020-07-16,832.00830078125,850.7288208007812,862.543212890625,836.4453735351562,852.3901977539062,60961724,1.661376953125,26.09783935546875,10.15301513671875,14.283447265625,0.06365955934113993,0.38903661710950055,0.5473038235493596
2020-07-17,862.835205078125,882.249267578125,886.0797119140625,848.2366943359375,851.4672241210938,49726765,30.78204345703125,37.843017578125,3.8304443359375,3.23052978515625,0.813414083416664,0.10121931550595142,0.0853666010773846
2020-07-20,866.5361938476562,886.0335083007812,891.61767578125,876.6881713867188,885.0643920898438,36592938,0.9691162109375,14.92950439453125,5.58416748046875,8.376220703125,0.06491281862594796,0.37403569019439503,0.561051491179657
2020-07-21,889.84814453125,909.8699951171876,912.3851928710938,893.6944580078125,894.8482055664062,42173371,15.021789550781364,18.69073486328125,2.5151977539061363,1.15374755859375,0.8037024579644706,0.1345692276041725,0.06172831443135693
2020-07-22,904.4942626953124,924.845703125,927.6146850585938,904.8627319335938,915.1541748046876,59771457,9.691528320312386,22.751953125,2.76898193359375,10.291442871093864,0.42596467507940095,0.12170304317967208,0.452332281740927
2020-07-23,928.776611328125,949.6743774414062,959.7811889648438,919.0076904296876,924.8225708007812,58333751,24.851806640625,40.773498535156136,10.1068115234375,5.814880371093636,0.6095088116904421,0.24787697613740708,0.14261421217215078
2020-07-24,968.65283203125,990.4478759765624,998.22412109375,949.6743774414062,949.7666625976562,120597372,40.681213378906136,48.54974365234375,7.776245117187614,0.09228515625,0.8379284898024841,0.1601706730497271,0.0019008371477888311
2020-07-27,973.1888427734376,995.0859375,1014.745849609375,982.0255126953124,1005.515869140625,80304827,10.429931640625,32.720336914062614,9.22998046875,13.060424804687614,0.31875990971665097,0.2820869630099414,0.3991531272734077
2020-07-28,982.8927001953124,1005.0081787109376,1012.5306396484376,992.5245971679688,995.0859375,55114422,9.922241210937614,20.006042480468864,7.5224609375,2.56134033203125,0.495962218445968,0.37600944538850656,0.12802833616552545
2020-07-29,946.3113403320312,967.6036376953124,1007.36181640625,955.5123291015624,1005.1005249023438,72663399,37.496887207031364,51.849487304687614,2.26129150390625,12.09130859375,0.7231872320488951,0.043612610682493884,0.23320015726861099
2020-07-30,951.8177490234376,973.2339477539062,987.47119140625,956.2276611328124,968.6881713867188,72857444,4.5457763671875,31.243530273437614,14.23724365234375,12.460510253906364,0.14549496575462836,0.45568613814578635,0.3988188960995853
2020-07-31,932.9740600585938,953.96630859375,982.5331420898438,947.3668823242188,975.8414306640624,74958061,21.875122070312386,35.166259765625,6.691711425781364,6.59942626953125,0.6220485833894484,0.19028783471373056,0.18766358189682106
2020-08-03,906.7509765625,927.1531982421876,949.30517578125,924.4302978515624,946.6746215820312,46715383,19.521423339843636,24.874877929687614,2.63055419921875,2.7229003906252274,0.7847846889952071,0.10575144154091475,0.10946386946387811
2020-08-04,970.6612548828124,992.5015258789062,1000.0701293945312,923.1150512695312,932.506591796875,92041055,59.99493408203125,76.955078125,7.568603515625,9.39154052734375,0.7796098132027106,0.09835093017943707,0.12203925661785234
2020-08-05,959.7612915039062,981.3563232421876,1013.45361328125,977.5950927734376,1000.9931640625,74549993,19.636840820312386,35.858520507812386,12.46044921875,3.76123046875,0.5476199392006195,0.34748921713140063,0.10489084366797989
2020-08-06,963.2140502929688,984.8867797851562,1000.3931884765624,972.7493286132812,995.4551391601562,49322975,10.568359375,27.643859863281136,4.938049316406136,12.137451171875,0.3823040424625278,0.17863096328907607,0.4390649942483961
2020-08-07,968.7882080078124,990.5863037109376,995.8243408203124,978.4719848632812,982.90234375,32984416,7.683959960937614,17.352355957031136,5.238037109374773,4.43035888671875,0.4428194061927418,0.3018631661513566,0.2553174276559016
2020-08-10,956.7825317382812,978.3104248046876,999.1471557617188,972.8878173828124,996.42431640625,26958997,18.113891601562386,26.259338378906364,2.72283935546875,5.422607421875227,0.689807615873252,0.1036903259396648,0.20650205818708314
2020-08-11,963.0786743164062,984.7483520507812,996.8396606445312,969.3111572265624,985.2098388671876,46828306,0.4614868164063637,27.528503417968864,11.629821777343636,15.437194824218864,0.01676396313303157,0.4224647304928471,0.5607713063741213
2020-08-12,960.2803344726562,981.8870239257812,989.9171752929688,972.287841796875,978.8411254882812,30264617,3.0458984375,17.62933349609375,8.0301513671875,6.55328369140625,0.17277445220347667,0.4554994304785711,0.37172611731795224
2020-08-13,957.7754516601562,979.3257446289062,987.1019897460938,973.7646484375,982.0716552734376,24830322,2.7459106445313637,13.33734130859375,5.030334472656136,5.56109619140625,0.2058814107697814,0.3771617113385936,0.416956877891625
2020-08-14,954.0519409179688,975.5183715820312,995.4551391601562,964.1885375976562,979.5564575195312,33224635,4.0380859375,31.2666015625,15.898681640625,11.329833984375,0.12915013898866226,0.508487678420839,0.3623621825904988
2020-08-17,943.9191284179688,965.15771484375,971.4571533203124,955.350830078125,971.4571533203124,30979066,6.299438476562386,16.106323242187386,0.0,9.806884765625,0.39111586063678583,0.0,0.6088841393632142
2020-08-18,956.19580078125,977.7105102539062,984.9791259765624,961.0042114257812,962.2271728515624,30547672,15.483337402343864,23.974914550781136,7.268615722656136,1.2229614257811363,0.645814080778002,0.30317587607082064,0.05101004315117738
2020-08-19,962.0631713867188,983.7099609375,994.0706787109376,979.002685546875,988.0711669921876,34087543,4.361206054687614,15.067993164062614,5.99951171875,4.707275390625,0.28943509644596566,0.39816262546885967,0.3124022780851747
2020-08-20,946.4918212890624,967.7882080078124,980.1795043945312,963.6116333007812,978.379638671875,22537845,10.591430664062614,16.56787109375,1.79986572265625,4.176574707031136,0.6392752939789642,0.10863590816657334,0.2520887978544625
2020-08-21,939.63134765625,960.7734375,979.3026733398438,958.53515625,977.4566650390624,25280895,16.683227539062386,20.76751708984375,1.8460083007813637,2.23828125,0.8033327945217502,0.08888921544136563,0.1077779900368841
2020-08-24,945.9050903320312,967.1882934570312,971.2263793945312,955.535400390625,965.1807861328124,32717218,2.0075073242188637,15.69097900390625,4.0380859375,9.645385742187386,0.12794022117543444,0.25735079605260597,0.6147089827719595
2020-08-25,939.7442626953124,960.8887939453124,974.3646240234376,958.9966430664062,971.9186401367188,19388008,11.029846191406364,15.367980957031364,2.4459838867188637,1.8921508789061363,0.7177160241313184,0.15916104357220356,0.12312293229647804
2020-08-26,964.658447265625,986.3635864257812,991.278564453125,944.690185546875,962.2271728515624,59870421,24.136413574218864,46.58837890625,4.91497802734375,17.536987304687386,0.5180779872763694,0.10549794053221259,0.376424072191418
2020-08-27,952.6075439453124,974.0415649414062,992.2246704101562,970.6495361328124,991.3016357421876,28085062,17.260070800781364,21.575134277343864,0.9230346679686363,3.3920288085938637,0.7999983026249915,0.04278233711564515,0.15721936025936334
2020-08-28,955.1124877929688,976.6029052734376,984.3330078125,972.0340576171876,978.379638671875,27166900,1.7767333984373863,12.298950195312386,5.953369140625,4.56884765625,0.14446219963672746,0.4840550653578598,0.3714827350054127
2020-08-31,939.1123046875,960.2427368164062,1003.3006591796876,950.8511962890624,1003.3006591796876,62076132,43.057922363281364,52.44946289062523,0.0,9.391540527343864,0.8209411496371586,0.0,0.17905885036284136
2020-09-01,942.0686645507812,963.2655639648438,979.4872436523438,951.7972412109376,969.149658203125,38616258,5.88409423828125,27.690002441406136,10.33758544921875,11.468322753906136,0.21249887033171558,0.3733327749281987,0.41416835474008573
2020-09-02,960.55126953125,982.1639404296876,986.6866455078124,962.2271728515624,965.4576416015624,26949439,16.706298828125227,24.45947265625,4.522705078124773,3.23046875,0.6830195835745606,0.18490607470104675,0.13207434172439264
2020-09-03,953.2845458984376,974.7338256835938,987.0327758789062,970.5341796875,982.0716552734376,18586429,7.337829589843864,16.49859619140625,4.961120605468636,4.19964599609375,0.44475478426861403,0.30069955939965204,0.2545456563317339
2020-09-04,937.5551147460938,958.6505126953124,967.7420654296876,956.3199462890624,961.5579833984376,28475945,2.9074707031252274,11.422119140625227,6.18408203125,2.33056640625,0.2545473976702083,0.5414128459976381,0.20403975633215368
2020-09-07,939.9924926757812,961.1426391601562,971.8032836914062,943.4210205078124,961.7656860351562,21926473,0.623046875,28.382263183593864,10.03759765625,17.721618652343864,0.021951980043654416,0.35365740890078673,0.6243906110555588
2020-09-08,951.0279541015624,972.4263305664062,978.8411254882812,960.150390625,965.4576416015624,27397082,6.968688964843864,18.69073486328125,6.414794921875,5.307250976562386,0.3728418928318411,0.34320720767791424,0.28395089949024466
2020-09-09,975.5133666992188,997.462646484375,1000.4393310546876,960.5888061523438,962.2271728515624,55310877,35.235473632812614,39.850524902343864,2.9766845703126137,1.6383666992186363,0.8841909540503993,0.07469624497060354,0.04111280097899723
2020-09-10,1044.4110107421875,1067.91064453125,1082.194091796875,1003.9236450195312,1007.5003051757812,140304404,60.41033935546875,78.27044677734375,14.283447265625,3.57666015625,0.771815440472932,0.182488382955794,0.04569617657127395
2020-09-11,1047.0062255859375,1070.564208984375,1078.9173583984375,1055.496337890625,1066.9876708984375,59470807,3.5765380859375,23.4210205078125,8.3531494140625,11.4913330078125,0.1527063299715946,0.35665181247231126,0.49064185755609413
2020-09-14,1039.2431640625,1062.62646484375,1089.1396484375,1053.142578125,1072.9871826171875,44063445,10.3607177734375,35.9970703125,16.1524658203125,9.48388671875,0.28782113887306365,0.4487161227313421,0.26346273839559425
2020-09-15,1046.60009765625,1070.14892578125,1073.333251953125,1055.9808349609375,1066.964599609375,27178393,3.184326171875,17.3524169921875,3.184326171875,10.9837646484375,0.18350908540917757,0.18350908540917757,0.6329818291816449
2020-09-16,1049.1727294921875,1072.7794189453125,1093.45458984375,1066.3184814453125,1070.6795654296875,33952295,2.099853515625,27.1361083984375,20.6751708984375,4.361083984375,0.07738226442764025,0.7619062613866909,0.16071147418566886
2020-09-17,1037.528076171875,1060.872802734375,1077.002197265625,1057.6883544921875,1070.6795654296875,25828669,9.8067626953125,19.3138427734375,6.3226318359375,3.1844482421875,0.5077582338404364,0.3273627061225264,0.16487906003703728
2020-09-18,1040.6646728515625,1064.0802001953125,1070.42578125,1050.62744140625,1068.0260009765625,33074915,3.94580078125,19.79833984375,2.3997802734375,13.4527587890625,0.1992995782671961,0.12121118701753521,0.6794892347152687
2020-09-21,1018.1654663085938,1041.074462890625,1078.0635986328125,1037.151611328125,1061.4495849609375,33627381,20.3751220703125,40.9119873046875,16.614013671875,3.9228515625,0.49802327905928967,0.40609158260008177,0.09588513834062855
2020-09-22,997.990234375,1020.4453735351562,1050.8350830078125,1016.0149536132812,1050.8350830078125,34792254,30.38970947265625,34.82012939453125,0.0,4.430419921875,0.8727626806989744,0.0,0.1272373193010256
2020-09-23,1006.8590698242188,1029.5137939453125,1050.7197265625,1017.74560546875,1042.9896240234375,42988708,13.475830078125,32.97412109375,7.7301025390625,11.7681884765625,0.40867897706238615,0.23442937317676327,0.3568916497608506
2020-09-24,984.4724731445312,1006.6234741210938,1027.298583984375,1004.2467041015624,1018.9454956054688,29826318,12.322021484375,23.051879882812614,8.35308837890625,2.3767700195313637,0.5345343437071373,0.36236039843042384,0.10310525786243896
2020-09-25,993.7250366210938,1016.0841674804688,1021.2068481445312,1000.2086181640624,1010.22314453125,28374935,5.86102294921875,20.998229980468864,5.1226806640625,10.014526367187614,0.279119856991293,0.24395773685816718,0.4769224061505398
2020-09-28,1000.2920532226562,1022.7990112304688,1032.836669921875,1018.55322265625,1027.7601318359375,19666849,4.96112060546875,14.283447265625,5.0765380859375,4.24578857421875,0.34733356123408254,0.35541406717374585,0.2972523715921716
2020-09-29,1013.2908325195312,1036.0902099609375,1044.8355712890625,1022.7990112304688,1026.837158203125,25842539,9.2530517578125,22.03656005859375,8.745361328125,4.03814697265625,0.4198954706727933,0.3968569189052949,0.18324761042191182
2020-09-30,1008.4614868164062,1031.1522216796875,1046.2200927734375,1026.837158203125,1042.9896240234375,24465159,11.83740234375,19.3829345703125,3.23046875,4.3150634765625,0.6107125987971156,0.16666561702931637,0.22262178417356804
2020-10-01,1004.3541259765624,1026.9525146484375,1044.7432861328125,1021.7606201171876,1044.7432861328125,20783227,17.790771484375,22.982666015624886,0.0,5.191894531249886,0.7740952016741596,0.0,0.22590479832584043
2020-10-05,998.4641723632812,1020.929931640625,1037.9822998046875,1018.0686645507812,1035.6055908203125,18922799,14.6756591796875,19.91363525390625,2.376708984375,2.86126708984375,0.7369653502520956,0.11935083444439336,0.14368381530351096
2020-10-06,997.629150390625,1020.076171875,1030.9444580078125,1016.0610961914062,1026.9525146484375,18412175,6.8763427734375,14.88336181640625,3.991943359375,4.01507568359375,0.4620154275801828,0.2682151659428581,0.26976940647695913
2020-10-07,1018.9100952148438,1041.8359375,1065.6031494140625,1024.5296630859375,1031.4521484375,53170865,10.3837890625,41.073486328125,23.7672119140625,6.9224853515625,0.2528100239543026,0.5786509507421078,0.16853902530358958
2020-10-08,1010.6729736328124,1033.4134521484375,1046.681640625,1025.498779296875,1042.528076171875,21077808,9.1146240234375,21.182861328125,4.153564453125,7.9146728515625,0.43028294819339596,0.19608136921569758,0.37363568259090646
2020-10-09,1008.05517578125,1030.73681640625,1039.7591552734375,1023.1912841796876,1031.4521484375,18545499,0.71533203125,16.567871093749886,8.3070068359375,7.545532226562386,0.04317585688603372,0.501392531902983,0.45543161121098324
2020-10-12,1009.6799926757812,1032.398193359375,1041.0281982421875,1027.4140625,1031.4521484375,14226473,0.946044921875,13.6141357421875,8.6300048828125,4.0380859375,0.0694898993068943,0.6339003111354201,0.2966097895576856
2020-10-13,1029.3814697265625,1052.542724609375,1054.873291015625,1027.2293701171875,1029.4215087890625,23112012,23.1212158203125,27.6439208984375,2.33056640625,2.192138671875,0.8363942258863636,0.08430665153515647,0.07929912257847999
2020-10-14,1032.4503173828125,1055.680908203125,1063.295654296875,1046.912353515625,1051.7120361328125,26742011,3.9688720703125,16.38330078125,7.61474609375,4.7996826171875,0.2422510654784967,0.46478705331863024,0.2929618812028731
2020-10-15,995.8914184570312,1018.2993774414062,1056.8345947265625,1012.9921264648438,1056.8345947265625,20036197,38.53521728515625,43.84246826171875,0.0,5.3072509765625,0.8789472585147184,0.0,0.12105274148528153
2020-10-16,982.0350952148438,1004.13134765625,1030.29833984375,1002.6776123046876,1022.22216796875,21583600,18.0908203125,27.620727539062386,8.076171875,1.4537353515623863,0.654972621083757,0.29239533475641943,0.05263204415982356
2020-10-19,982.2157592773438,1004.31591796875,1028.544677734375,994.6013793945312,1010.7077026367188,31200385,6.39178466796875,33.94329833984375,17.83697509765625,9.71453857421875,0.18830770669289568,0.5254932776146456,0.28619901569245876
2020-10-20,973.053466796875,994.947509765625,1012.0691528320312,993.2630004882812,1005.608154296875,18482288,10.66064453125,18.80615234375,6.46099853515625,1.68450927734375,0.5668700506296248,0.3435577047903414,0.08957224458003375
2020-10-21,958.9263916015624,980.5025634765624,1011.607666015625,968.1112670898438,1000.5316772460938,34082321,20.029113769531364,43.49639892578125,11.07598876953125,12.391296386718636,0.46047751685622135,0.254641511552035,0.28488097159174364
2020-10-22,950.9601440429688,972.3570556640624,984.1483764648438,964.9961547851562,981.7947387695312,30802210,9.437683105468864,19.1522216796875,2.3536376953125,7.360900878906136,0.49277223620893545,0.12289110551642818,0.38433665827463637
2020-10-23,953.7133178710938,975.1722412109376,985.3021240234376,967.48828125,971.9186401367188,23422125,3.2536010742188637,17.813842773437614,10.1298828125,4.43035888671875,0.1826445374868997,0.5686523082826779,0.24870315423042239
2020-10-26,915.822998046875,936.4293212890624,970.049560546875,931.5374145507812,970.049560546875,37324416,33.620239257812614,38.51214599609375,0.0,4.891906738281136,0.8729775604097129,0.0,0.1270224395902871
2020-10-27,918.26025390625,938.9214477539062,950.6204223632812,925.3071899414062,939.1060180664062,36478896,0.1845703125,25.313232421875,11.514404296875,13.6142578125,0.007291455687046092,0.4548768843494112,0.5378316599635428
2020-10-28,907.8568115234376,928.2838745117188,949.6282348632812,926.414794921875,942.2903442382812,29924017,14.0064697265625,23.21343994140625,7.337890625,1.86907958984375,0.6033776020235112,0.3161052667558877,0.08051713122060111
2020-10-29,914.8300170898438,935.4140014648438,942.3826904296876,918.84619140625,921.6151733398438,30655304,13.798828125,23.536499023437614,6.968688964843864,2.76898193359375,0.5862736047217195,0.29608009916447015,0.11764629611381036
2020-10-30,927.2871704101562,948.1514282226562,953.0433349609376,933.0603637695312,938.4598999023438,34021563,9.6915283203125,19.982971191406364,4.891906738281364,5.3995361328125,0.4849893555609149,0.24480377274352066,0.27020687169556445
2020-11-02,847.3765869140625,866.44287109375,935.4601440429688,857.9974365234375,935.4601440429688,99366895,69.01727294921875,77.46270751953125,0.0,8.4454345703125,0.8909741882158833,0.0,0.10902581178411676
2020-11-03,835.1677856445312,853.9592895507812,881.003173828125,846.8983764648438,872.2346801757812,88691623,18.275390625,34.10479736328125,8.76849365234375,7.0609130859375,0.5358598214301693,0.2571044055457225,0.20703577302410817
2020-11-04,863.5121459960938,882.9414672851562,890.2332153320312,847.7752075195312,847.7752075195312,80180117,35.166259765625,42.4580078125,7.291748046875,0.0,0.8282597695333165,0.17174023046668355,0.0
2020-11-05,882.3783569335938,902.232177734375,904.9780883789062,891.61767578125,902.2091064453124,37205373,0.023071289062613687,13.36041259765625,2.74591064453125,10.591430664062386,0.0017268395638216267,0.20552588660420198,0.7927472738319764
2020-11-06,915.8455200195312,936.452392578125,941.4596557617188,912.9158935546876,918.3847045898438,66674086,18.06768798828125,28.543762207031136,5.00726318359375,5.468811035156136,0.632982010473401,0.17542407855262748,0.19159391097397152
2020-11-09,925.572021484375,946.397705078125,954.8431396484376,939.6136474609376,951.6588134765624,35838510,5.261108398437386,15.2294921875,3.1843261718752274,6.784057617187386,0.34545527412631505,0.20908945174736984,0.4454552741263151
2020-11-10,940.8500366210938,962.0194702148438,964.53466796875,942.0134887695312,958.53515625,36934242,3.48431396484375,22.52117919921875,2.51519775390625,16.52166748046875,0.1547127676584812,0.11168144135159233,0.7336057909899265
2020-11-11,901.4249877929688,921.7074584960938,966.8421630859376,912.892822265625,964.0731811523438,56724780,42.36572265625,53.949340820312614,2.7689819335938637,8.81463623046875,0.785287123291389,0.05132559344545887,0.16338728326315208
2020-11-12,893.6619262695312,913.7696533203124,926.8993530273438,906.84716796875,914.231201171875,40046527,0.4615478515626137,20.05218505859375,12.66815185546875,6.922485351562386,0.02301733453057319,0.6317591732996485,0.3452234921697784
2020-11-13,901.0640258789062,921.3382568359376,939.9136352539062,914.5773315429688,914.6926879882812,45388670,6.645568847656364,25.3363037109375,18.575378417968636,0.1153564453125,0.2622943316229478,0.7331526583315221,0.0045530100455301
2020-11-14,903.7269287109376,924.0610961914062,930.0606079101562,920.8536987304688,929.8760375976562,5226220,5.81494140625,9.2069091796875,0.1845703125,3.2073974609375,0.6315845299179296,0.020046935284992642,0.3483685347970778
2020-11-17,899.6422729492188,919.884521484375,962.2271728515624,916.0771484375,962.2271728515624,46542562,42.342651367187386,46.150024414062386,0.0,3.807373046875,0.9175000859649631,0.0,0.08249991403503688
2020-11-18,896.91162109375,917.0924682617188,925.9994506835938,904.5858154296876,919.884521484375,30402290,2.79205322265625,21.413635253906136,6.11492919921875,12.506652832031136,0.13038669938804257,0.28556240576215586,0.5840508948498015
2020-11-19,890.5702514648438,910.6083984375,927.8223266601562,908.323974609375,917.0924682617188,27796343,6.48406982421875,19.49835205078125,10.7298583984375,2.284423828125,0.3325445046500199,0.550295654242615,0.11715984110736521
2020-11-20,857.3287963867188,876.6189575195312,915.5233764648438,874.5421752929688,911.462158203125,57471248,34.84320068359375,40.981201171875,4.06121826171875,2.0767822265625,0.8502239975217295,0.09909954187740902,0.05067646060086144
2020-11-23,880.4376220703125,900.2477416992188,909.1546630859376,888.9640502929688,900.3861694335938,45327567,0.138427734375,20.190612792968864,8.768493652343864,11.28369140625,0.0068560442317632765,0.4342856624637656,0.5588582933044711
2020-11-24,886.4629516601562,906.4087524414062,911.0006713867188,891.61767578125,906.3856811523438,30936268,0.0230712890625,19.38299560546875,4.5919189453125,14.76800537109375,0.0011902850071322634,0.23690450324494364,0.7619052117479241
2020-11-25,879.1286010742188,898.9093627929688,919.74609375,896.3250122070312,913.7696533203124,32637879,14.860290527343636,23.42108154296875,5.976440429687614,2.5843505859375,0.6344835314321703,0.2551735460517963,0.11034292251603336
2020-11-26,881.2951049804688,901.1245727539062,906.84716796875,890.7177734375,901.332275390625,25838637,0.20770263671875,16.12939453125,5.514892578125,10.40679931640625,0.012877274240910605,0.34191566009747826,0.6452070656616111
2020-11-27,871.0044555664062,890.6023559570312,902.7398071289062,886.7257690429688,895.5404052734375,47336811,4.93804931640625,16.0140380859375,7.19940185546875,3.8765869140625,0.30835753542652855,0.4495681736757453,0.24207429089772614
2020-12-01,882.3331909179688,902.18603515625,907.424072265625,890.7177734375,895.47119140625,19750687,6.71484375,16.706298828125,5.238037109375,4.75341796875,0.4019348521825542,0.3135366584342896,0.2845284893831563
2020-12-02,883.8001098632812,903.6859130859376,905.4627075195312,893.002197265625,903.847412109375,22188887,0.1614990234373863,12.46051025390625,1.61529541015625,10.683715820312614,0.01296086758459654,0.1296331672814017,0.8574059651340018
2020-12-03,886.4629516601562,906.4087524414062,914.27734375,903.9166259765624,910.0776977539062,27785372,3.6689453125,10.360717773437614,4.19964599609375,2.4921264648438637,0.35412076583210217,0.4053431516936627,0.24053608247423514
2020-12-04,878.65478515625,898.4248046875,908.6931762695312,895.3096923828125,908.6931762695312,18464552,10.26837158203125,13.38348388671875,0.0,3.1151123046875,0.7672420476570516,0.0,0.23275795234294835
2020-12-07,883.8226318359375,903.708984375,906.84716796875,895.5866088867188,895.5866088867188,18242188,8.12237548828125,11.26055908203125,3.13818359375,0.0,0.7213119196934301,0.2786880803065699,0.0
2020-12-08,899.867919921875,920.1152954101562,929.5760498046876,899.9246826171875,905.0704345703124,43403061,15.044860839843864,29.651367187500114,9.460754394531364,5.145751953124886,0.5073918091097737,0.31906638013371796,0.17354181075650837
2020-12-09,914.8525390625,935.4370727539062,938.598388671875,922.653564453125,927.5916137695312,29175254,7.845458984375,15.94482421875,3.16131591796875,4.93804931640625,0.49203797274536826,0.19826596233348645,0.3096960649211453
2020-12-10,905.8482055664062,926.2301635742188,936.1524047851562,923.461181640625,932.9680786132812,16065507,6.7379150390625,12.69122314453125,3.184326171875,2.76898193359375,0.5309113993449813,0.25090774432148816,0.21818085633353052
2020-12-11,905.3067016601562,925.6763916015624,940.5366821289062,911.1160278320312,928.9991455078124,26944202,3.32275390625,29.420654296875,11.537536621093864,14.560363769531136,0.11293949729061382,0.3921577169791005,0.4949027857302857
2020-12-14,898.76220703125,918.984619140625,929.9221801757812,916.7001953125,926.6685791015624,17312747,7.683959960937386,13.22198486328125,3.2536010742188637,2.284423828125,0.5811502615069919,0.24607508689973118,0.17277465159327698
2020-12-15,891.1119384765625,911.1622314453124,918.2462158203124,905.0473022460938,918.2462158203124,18551265,7.083984375,13.198913574218636,0.0,6.114929199218636,0.5367096568339614,0.0,0.46329034316603857
2020-12-16,892.1048583984375,912.177490234375,920.6691284179688,907.1702270507812,917.461669921875,18561011,5.2841796875,13.4989013671875,3.20745849609375,5.00726318359375,0.3914525740846242,0.23760885488727923,0.3709385710280965
2020-12-17,896.189453125,916.3540649414062,925.3071899414062,912.4544067382812,915.846435546875,20252358,0.50762939453125,12.852783203125,8.953125,3.39202880859375,0.0394956786019565,0.6965903694557888,0.2639139519422547
2020-12-18,898.8748779296875,919.0999755859376,925.2610473632812,906.84716796875,913.8158569335938,18466344,5.284118652343864,18.41387939453125,6.161071777343636,6.96868896484375,0.28696390038881203,0.33458847238748707,0.3784476272237009
2020-12-21,875.4727172851562,895.1712036132812,933.1526489257812,856.1975708007812,927.6146850585938,44135540,32.4434814453125,76.955078125,5.5379638671875,38.9736328125,0.4215898708154615,0.07196359229461181,0.5064465368899267
2020-12-22,874.1187744140625,893.7867431640625,904.0320434570312,871.5193481445312,899.4631958007812,28140001,5.67645263671875,32.5126953125,4.56884765625,22.26739501953125,0.17459188117622323,0.14052503529270416,0.6848830835310726
2020-12-23,877.3458862304688,897.0864868164062,900.5938720703125,886.379638671875,890.6947021484375,19501410,6.39178466796875,14.2142333984375,3.50738525390625,4.3150634765625,0.44967494825794596,0.24675162955265667,0.30357342218939737
2020-12-24,900.0484619140625,920.2999267578124,922.4458618164062,898.0325317382812,898.5401611328125,20776988,21.759765624999886,24.413330078125,2.1459350585938637,0.50762939453125,0.8913067392021714,0.08790013700411478,0.02079312379371381
2020-12-28,904.1782836914062,924.5226440429688,931.3067016601562,920.8306274414062,926.0917358398438,17221499,1.569091796875,10.47607421875,5.2149658203125,3.6920166015625,0.14977860638545792,0.49779771615008156,0.3524236774644605
2020-12-29,898.197998046875,918.4077758789062,928.6761474609376,914.9464721679688,927.1531982421876,18611939,8.745422363281364,13.729675292968864,1.52294921875,3.4613037109375,0.6369722645778814,0.11092390652020162,0.252103828901917
2020-12-30,900.6577758789062,920.9229125976562,926.3224487304688,911.7160034179688,920.8075561523438,22043630,0.1153564453125,14.6064453125,5.3995361328125,9.091552734375,0.007897639901049676,0.3696680484054289,0.6224343116935215
2020-12-31,896.0540771484375,916.2156372070312,928.4915161132812,913.1235961914062,919.9999389648438,18781189,3.7843017578125,15.367919921875,8.4915771484375,3.092041015625,0.24624684258185459,0.5525521470443389,0.20120101037380653
2021-01-01,897.0470581054688,917.23095703125,921.6151733398438,914.6926879882812,917.461669921875,10015175,0.230712890625,6.9224853515625,4.15350341796875,2.53826904296875,0.03332804316775115,0.6000017633885274,0.3666701934437215
2021-01-04,898.5589599609375,918.7769775390624,922.4920043945312,908.231689453125,920.7383422851562,24513534,1.9613647460938637,14.26031494140625,1.753662109375,10.545288085937386,0.1375400721620001,0.12297499154686035,0.7394849362911395
2021-01-05,887.3883056640625,907.3548583984376,915.4310913085938,902.6936645507812,908.6931762695312,24123091,1.3383178710936363,12.7374267578125,6.7379150390625,4.661193847656364,0.10506972063825835,0.5289855766927021,0.36594470266903956
2021-01-06,863.986083984375,883.4260864257812,907.3086547851562,879.2264404296875,907.2625122070312,46401468,23.83642578125,28.08221435546875,0.046142578125,4.19964599609375,0.8488086259696282,0.0016431246318727056,0.149548249398499
2021-01-07,862.5869140625,881.9954223632812,897.6171875,879.2264404296875,886.3104248046875,32325918,4.31500244140625,18.3907470703125,11.3067626953125,2.76898193359375,0.2346289916830947,0.6148071447061869,0.15056386361071838
2021-01-08,872.7647705078125,892.4022216796875,894.5712890625,882.433837890625,885.1566772460938,27540187,7.24554443359375,12.137451171875,2.1690673828125,2.72283935546875,0.5969576586543297,0.17870863924368902,0.22433370210198128
2021-01-11,856.3131713867188,875.58056640625,894.755859375,873.388427734375,894.755859375,33307825,19.17529296875,21.367431640625,0.0,2.192138671875,0.8974074793478136,0.0,0.10259252065218634
2021-01-12,883.3036499023438,903.1782836914062,904.5396728515624,876.8035278320312,878.2341918945312,41161546,24.944091796875,27.736145019531136,1.3613891601561363,1.4306640625,0.8993352096807239,0.04908357521196541,0.0515812151073107
2021-01-13,875.0665893554688,894.755859375,911.4390869140624,885.3643798828125,906.177978515625,26619458,11.422119140625,26.074707031249886,5.261108398437386,9.3914794921875,0.4380535945019775,0.20177056609426441,0.3601758394037581
2021-01-14,884.9059448242188,904.8165893554688,907.7240600585938,894.8712768554688,897.6171875,21553242,7.19940185546875,12.852783203125,2.907470703125,2.74591064453125,0.5601434134295754,0.22621331560452085,0.2136432709659037
2021-01-15,874.457275390625,894.1328735351562,910.9083862304688,886.102783203125,904.8165893554688,20593268,10.6837158203125,24.80560302734375,6.091796875,8.03009033203125,0.4306976858629726,0.24558148690378062,0.3237208272332468
2021-01-18,895.44482421875,915.5925903320312,921.6151733398438,887.625732421875,899.5093383789062,35100458,16.083251953125,33.98944091796875,6.0225830078125,11.88360595703125,0.47318377468875866,0.17718982263778926,0.3496264026734521
2021-01-19,910.0908813476562,930.5682983398438,937.30615234375,920.5306396484376,920.5306396484376,32006615,10.037658691406136,16.775512695312386,6.73785400390625,0.0,0.5983518282699627,0.4016481717300373,0.0
2021-01-20,927.3773803710938,948.2437133789062,949.7666625976562,923.645751953125,932.8757934570312,30924537,15.367919921875,26.12091064453125,1.52294921875,9.23004150390625,0.5883378313647144,0.058303833257392544,0.3533583353778931
2021-01-21,947.5525512695312,968.8727416992188,978.379638671875,957.6121826171876,960.8426513671876,39087742,8.030090332031136,20.767456054687386,9.50689697265625,3.23046875,0.3866670193443688,0.4577786006924264,0.15555437996320481
2021-01-22,925.0755615234376,945.8900756835938,976.2337036132812,939.2213745117188,974.2261352539062,30532660,28.3360595703125,37.0123291015625,2.007568359375,6.668701171875,0.7655843406276281,0.0542405303342623,0.18017512903810953
2021-01-25,876.0595703125,895.7711791992188,939.1290893554688,891.61767578125,939.1290893554688,54207104,43.35791015625,47.51141357421875,0.0,4.15350341796875,0.9125788288432956,0.0,0.08742117115670449
2021-01-27,855.2976684570312,874.5421752929688,888.38720703125,871.3117065429688,888.38720703125,42370131,13.84503173828125,17.07550048828125,0.0,3.23046875,0.8108126463281683,0.0,0.1891873536718317
2021-01-28,846.9703979492188,866.0275268554688,887.6026611328125,863.0046997070312,867.6889038085938,34067814,1.661376953125,24.59796142578125,19.91375732421875,3.0228271484375,0.06754124556776084,0.8095694183562316,0.12288933607600748
2021-01-29,831.3538818359375,850.0596313476562,882.8953247070312,844.544677734375,874.2191162109375,43712383,24.15948486328125,38.35064697265625,8.67620849609375,5.51495361328125,0.6299629020732505,0.22623369306598212,0.1438034048607674
2021-02-01,855.43310546875,874.6806640625,879.1571655273438,852.8516845703125,858.11279296875,34180952,16.56787109375,26.30548095703125,4.47650146484375,5.2611083984375,0.6298258192204441,0.17017371673058942,0.20000046404896646
2021-02-02,869.1991577148438,888.7564086914062,895.3096923828125,856.0591430664062,883.4260864257812,41470034,5.330322265625,39.25054931640625,6.55328369140625,27.366943359375,0.13580248833350697,0.16696030515596014,0.6972372065105329
2021-02-03,871.38818359375,890.9946899414062,900.84765625,876.8496704101562,889.91015625,30301696,1.08453369140625,23.99798583984375,9.85296630859375,13.06048583984375,0.04519269653062315,0.4105747196598022,0.5442325838095746
2021-02-04,868.5220947265625,888.0641479492188,895.3096923828125,879.1571655273438,887.9256591796875,25626981,0.13848876953125,16.15252685546875,7.24554443359375,8.76849365234375,0.008573814535052883,0.4485703381536636,0.5428558473112836
2021-02-05,868.2738647460938,887.810302734375,897.4556884765625,886.0797119140625,890.7177734375,20248046,2.907470703125,11.3759765625,6.7379150390625,1.7305908203125,0.25557987810112454,0.5922933298995622,0.15212679199931325
2021-02-08,880.7760620117188,900.5938720703125,908.6931762695312,890.2562866210938,892.1022338867188,21183400,8.49163818359375,18.4368896484375,8.09930419921875,1.845947265625,0.4605786738173271,0.439298838017678,0.10012248816499487
2021-02-09,882.8974609375,902.7628784179688,918.2000732421876,900.9861450195312,905.4396362304688,19604141,2.6767578125,17.213928222656364,12.760437011718864,1.7767333984375,0.15549953374250428,0.7412855942389738,0.10321487201852197
2021-02-10,891.0892944335938,911.1390991210938,915.9617919921876,889.4486083984375,901.6553344726562,21234156,9.4837646484375,26.513183593750114,4.822692871093864,12.20672607421875,0.357699957641944,0.181897917088716,0.46040212526934
2021-02-11,927.8286743164062,948.7052001953124,952.6279907226562,910.1930541992188,913.7696533203124,42539278,34.935546875,42.4349365234375,3.9227905273438637,3.5765991210936363,0.8232732210098755,0.09244247426120794,0.08428430472891654
2021-02-12,921.46484375,942.1980590820312,958.9966430664062,930.1067504882812,948.6129150390624,30497029,6.414855957031136,28.889892578125,10.383728027343864,12.09130859375,0.22204499167602895,0.35942425189930505,0.418530756424666
2021-02-15,917.4027709960938,938.0445556640624,951.2896118164062,934.5371704101562,945.1747436523438,15791099,7.130187988281364,16.75244140625,6.1148681640625,3.5073852539061363,0.425620828354083,0.36501355329505375,0.20936561835086326
2021-02-16,929.5438842773438,950.4589233398438,959.6427612304688,939.1521606445312,941.3442993164062,21421660,9.1146240234375,20.4906005859375,9.183837890625,2.192138671875,0.44481975944095936,0.4481975944095938,0.10698264614944686
2021-02-17,940.2633056640624,961.4195556640624,967.2805786132812,946.3515625,950.6896362304688,23742994,10.729919433593636,20.92901611328125,5.861022949218864,4.33807373046875,0.5126815028244249,0.2800429278421523,0.20727556933342275
2021-02-18,933.244873046875,954.2432250976562,973.0262451171876,950.2742919921876,962.2271728515624,18646877,7.983947753906136,22.751953125,10.799072265625227,3.9689331054686363,0.35091263198557315,0.4746437462443228,0.17444362177010403
2021-02-19,938.9318237304688,960.05810546875,971.43408203125,947.5975952148438,949.30517578125,23403483,10.7529296875,23.83648681640625,11.3759765625,1.70758056640625,0.45111218655338675,0.47725055500503155,0.07163725844158172
2021-02-22,906.3447265625,926.73779296875,964.488525390625,920.6691284179688,959.919677734375,23804335,33.181884765625,43.81939697265625,4.56884765625,6.06866455078125,0.7572419306986546,0.10426541604625475,0.13849265325509064
2021-02-23,913.2728881835938,933.8218383789062,947.4130249023438,929.2760620117188,945.1516723632812,25644108,11.329833984375,18.136962890625,2.2613525390625,4.5457763671875,0.6246819852198845,0.12468198521988451,0.250636029560231
2021-02-24,930.2208862304688,951.1511840820312,953.112548828125,935.06787109375,936.8446655273438,10807663,14.3065185546875,18.044677734375,1.96136474609375,1.77679443359375,0.7928386843636265,0.10869491685946611,0.09846639877690737
2021-02-25,967.8404541015624,989.6171875,993.1476440429688,956.6891479492188,958.0736694335938,34855693,31.54351806640625,36.45849609375,3.53045654296875,1.384521484375,0.8651897759385003,0.09683494716541444,0.037975276896085285
2021-02-26,941.4141845703124,962.5963745117188,984.7944946289062,955.627685546875,976.9951782226562,37481215,14.3988037109375,29.16680908203125,7.79931640625,6.96868896484375,0.49367085958704165,0.2674038282458163,0.23892531216714205
2021-03-01,948.590576171875,969.9342041015624,974.6876831054688,951.8433837890624,973.85693359375,17680764,3.9227294921876137,22.844299316406364,0.83074951171875,18.0908203125,0.17171590329191583,0.0363657252171495,0.7919183714909347
2021-03-02,950.53125,971.9186401367188,982.99462890625,964.1193237304688,979.3026733398438,17150760,7.384033203125,18.87530517578125,3.69195556640625,7.79931640625,0.3912007320866734,0.19559713244495608,0.41320213546837053
2021-03-03,993.905517578125,1016.268798828125,1024.4835205078125,972.4724731445312,978.8642578125,31924461,37.404541015625,52.01104736328125,8.2147216796875,6.39178466796875,0.7191653102919795,0.15794186227995338,0.12289282742806716
2021-03-04,982.0578002929688,1004.1544189453124,1010.6615600585938,995.7781982421876,1006.0696411132812,21435754,1.9152221679688637,14.883361816406136,4.5919189453125,8.376220703124773,0.12868209424685811,0.30852699826532226,0.5627909074878196
2021-03-05,983.3441162109376,1005.4696655273438,1020.8145751953124,993.6322021484376,994.99365234375,25511666,10.47601318359375,27.182373046874773,15.344909667968636,1.3614501953123863,0.3853973001374214,0.5645169257852151,0.05008577407736356
2021-03-08,988.9407958984376,1011.1923217773438,1030.021484375,1000.5316772460938,1000.7623901367188,19506841,10.429931640625,29.48980712890625,18.82916259765625,0.230712890625,0.3536792083798154,0.6384973124900396,0.007823479130145024
2021-03-09,988.9181518554688,1011.169189453125,1021.6683349609376,990.6555786132812,1015.2996215820312,15154484,4.13043212890625,31.012756347656364,6.368713378906364,20.51361083984375,0.13318494114498103,0.20535786330993594,0.661457195545083
2021-03-10,984.8109130859376,1006.9695434570312,1022.268310546875,1001.5700073242188,1018.5301513671876,11519358,11.560607910156364,20.69830322265625,3.7381591796873863,5.3995361328125,0.558529256519065,0.18060220393310392,0.260868539547831
2021-03-12,964.7938842773438,986.5020751953124,1018.2532348632812,980.1795043945312,1012.9921264648438,16864952,26.490051269531364,38.07373046875,5.2611083984375,6.322570800781136,0.6957566527733278,0.13818210965052902,0.16606123757614322
2021-03-15,951.84033203125,973.2570190429688,991.7169799804688,960.150390625,987.6327514648438,16698099,14.375732421875,31.56658935546875,4.084228515625,13.10662841796875,0.45540974541123425,0.12938453596088068,0.4152057186278851
2021-03-16,948.0940551757812,969.4265747070312,981.148681640625,967.0729370117188,975.6106567382812,13873801,6.18408203125,14.07574462890625,5.53802490234375,2.3536376953125,0.43934315336683766,0.39344454224970404,0.1672123043834583
2021-03-17,927.6707763671876,948.543701171875,970.5341796875,939.1983032226562,968.249755859375,19210236,19.7060546875,31.33587646484375,2.284423828125,9.34539794921875,0.6288655978590085,0.0729012265122992,0.2982331756286922
2021-03-18,906.796142578125,927.1993408203124,962.1348876953124,923.461181640625,956.6430053710938,20647480,29.443664550781364,38.673706054687386,5.491882324218636,3.7381591796873863,0.761335479696358,0.1420055868566804,0.09665893344696166
2021-03-19,939.6990966796876,960.8426513671876,967.2344360351562,915.0618896484376,918.84619140625,41787429,41.996459960937614,52.172546386718636,6.391784667968636,3.7843017578123863,0.8049532344012347,0.12251241525745749,0.07253435034130788
2021-03-22,930.8527221679688,951.7972412109376,957.150634765625,938.3214721679688,955.7661743164062,18572478,3.9689331054686363,18.82916259765625,1.38446044921875,13.475769042968864,0.21078649063037286,0.07352745731725106,0.7156860520523761
2021-03-23,942.1815185546876,963.3809204101562,973.626220703125,948.8436889648438,951.589599609375,17421165,11.79132080078125,24.78253173828125,10.24530029296875,2.74591064453125,0.47579161504986,0.4134081376820339,0.11080024726810611
2021-03-24,924.0374755859376,944.82861328125,959.8042602539062,941.644287109375,959.8042602539062,16822814,14.97564697265625,18.15997314453125,0.0,3.184326171875,0.8246513832079131,0.0,0.17534861679208694
2021-03-25,898.8298950195312,919.0538330078124,947.920654296875,916.0771484375,947.920654296875,22001648,28.866821289062614,31.843505859375,0.0,2.9766845703123863,0.9065214557888881,0.0,0.09347854421111189
2021-03-26,900.2740478515625,920.5306396484376,929.3222045898438,910.8622436523438,928.5376586914062,20180202,8.007019042968636,18.4599609375,0.7845458984375,9.668395996093864,0.43375059514362185,0.042499867745860447,0.5237495371105177
2021-03-30,915.9132690429688,936.5216064453124,945.5670166015624,919.0999755859376,926.691650390625,20441701,9.829956054687386,26.467041015624773,9.04541015625,7.591674804687386,0.3714036657473077,0.34176129288159024,0.28683504137110205
2021-03-31,904.0879516601562,924.4302978515624,946.0285034179688,922.5381469726562,931.3067016601562,16250796,6.876403808593864,23.4903564453125,14.7218017578125,1.8921508789061363,0.2927330551412748,0.6267168313127166,0.08055011354600858
2021-04-01,912.5507202148438,933.0834350585938,936.8446655273438,924.453369140625,931.3067016601562,11723312,1.7767333984375,12.39129638671875,3.76123046875,6.85333251953125,0.1433855944517508,0.303538092493806,0.5530763130544432
2021-04-05,899.3489379882812,919.5845947265624,934.5371704101562,905.5088500976562,934.5140991210938,14875099,14.929504394531364,29.0283203125,0.0230712890625,14.075744628906136,0.5143082422203572,0.0007947855340622371,0.4848969722455806
2021-04-06,895.6027221679688,915.754150390625,925.2841186523438,908.6931762695312,924.845703125,14009194,9.091552734375,16.5909423828125,0.43841552734375,7.06097412109375,0.5479829008262639,0.026424992458410894,0.42559210671532527
2021-04-07,903.9751586914062,924.31494140625,944.64404296875,919.9076538085938,922.9996948242188,24266353,1.31524658203125,24.73638916015625,20.3291015625,3.092041015625,0.053170516259089376,0.8218297921688902,0.1249996915720204
2021-04-08,905.103515625,925.4686889648438,933.1526489257812,919.7691650390624,928.076171875,15369188,2.60748291015625,13.383483886718864,5.07647705078125,5.699523925781364,0.1948284118116504,0.3793090867631937,0.42586250142515597
2021-04-09,894.5872192382812,914.7157592773438,925.93017578125,913.7696533203124,922.2843627929688,14037885,7.568603515625,12.160522460937614,3.64581298828125,0.9461059570313637,0.6223913108945023,0.2998072656822466,0.07780142342325118
2021-04-12,862.5869140625,881.9954223632812,905.185791015625,876.965087890625,904.0781860351562,20901482,22.082763671875,28.220703125,1.10760498046875,5.03033447265625,0.7825022492906083,0.03924795833621704,0.17824979237317462
2021-04-13,871.9071044921875,891.525390625,895.5866088867188,885.0874633789062,887.9256591796875,19411189,3.5997314453125,10.4991455078125,4.06121826171875,2.83819580078125,0.34285946819518887,0.3868141706100524,0.27032636119475867
2021-04-15,877.5489501953125,897.2941284179688,905.0011596679688,882.8491821289062,888.9871215820312,19723716,8.3070068359375,22.1519775390625,7.70703125,6.137939453125,0.37500068882288434,0.3479161730102662,0.27708313816684943
2021-04-16,872.0426025390625,891.663818359375,899.8785400390625,889.0563354492188,893.7406005859375,15656948,2.0767822265625,10.82220458984375,6.137939453125,2.60748291015625,0.1919001077203332,0.5671616538173041,0.24093823846236273
2021-04-19,858.3216552734375,877.6342163085938,884.4182739257812,872.2346801757812,878.6956787109375,18478808,1.06146240234375,12.18359375,5.72259521484375,5.3995361328125,0.0871222747675537,0.46969681789034945,0.4431809073420968
2021-04-20,858.073486328125,877.3804321289062,885.6181640625,872.4423828125,881.6954345703125,17203668,4.31500244140625,13.17578125,3.9227294921875,4.93804931640625,0.3274949970352802,0.2977227245775274,0.3747822783871924
2021-04-22,860.4429931640625,879.8032836914062,883.5183715820312,866.0967407226562,873.2730712890625,14490954,6.53021240234375,17.421630859375,3.715087890625,7.17633056640625,0.37483358791462884,0.21324570131307893,0.4119207107722922
2021-04-23,859.517822265625,878.8572387695312,885.572021484375,874.7037353515625,879.6187133789062,11828857,0.761474609375,10.8682861328125,5.95330810546875,4.15350341796875,0.07006390888771578,0.5477688048251772,0.38216728628710706
2021-04-26,874.6378173828125,894.3174438476562,905.4627075195312,882.1569213867188,886.0797119140625,20846778,8.23773193359375,23.3057861328125,11.145263671875,3.92279052734375,0.3534629506445074,0.47821873968814327,0.16831830966734931
2021-04-27,897.5661010742188,917.7616577148438,921.7074584960938,894.5020751953125,895.3096923828125,19992524,22.45196533203125,27.20538330078125,3.94580078125,0.8076171875,0.8252765669133764,0.1450375000280437,0.029685933058579913
2021-04-28,901.4702758789062,921.7536010742188,926.691650390625,913.8389282226562,922.0074462890624,17122437,0.2538452148436363,12.85272216796875,4.684204101562614,7.9146728515625,0.019750307485542896,0.36445229581298166,0.6157973967014755
2021-04-29,913.5436401367188,934.0987548828124,943.5364379882812,926.36865234375,933.5679931640624,17412606,0.53076171875,17.16778564453125,9.437683105468864,7.199340820312386,0.03091614316136762,0.5497321146058933,0.419351742232739
2021-04-30,900.2064208984375,920.46142578125,939.6136474609376,917.2540283203124,926.9224243164062,19828769,6.46099853515625,22.359619140625227,12.691223144531364,3.2073974609376137,0.28895834470709975,0.5675956761478401,0.14344597914506013
2021-05-03,884.2064208984375,904.1012573242188,913.3081665039062,896.7403564453125,907.3086547851562,23640186,3.2073974609375,16.56781005859375,5.99951171875,7.36090087890625,0.19359211927190206,0.3621185719495887,0.44428930877850925
2021-05-04,865.0467529296875,884.5105590820312,908.139404296875,881.9262084960938,899.9246826171875,21849830,15.41412353515625,26.21319580078125,8.2147216796875,2.5843505859375,0.5880291610493693,0.31338115894448365,0.09858968000614701
2021-05-05,866.6264038085938,886.1258544921875,894.617431640625,880.5647583007812,887.625732421875,12393609,1.4998779296875,14.05267333984375,6.99169921875,5.56109619140625,0.10673256919983148,0.49753516997554714,0.3957322608246214
2021-05-06,871.5460815429688,891.1561889648438,893.002197265625,879.8955688476562,886.9334716796875,14624666,4.22271728515625,13.10662841796875,1.84600830078125,7.03790283203125,0.32218181140826774,0.14084539836732032,0.5369727902244119
2021-05-07,871.8846435546875,891.5023193359375,902.5321655273438,888.8486938476562,894.2713012695312,12288548,2.76898193359375,13.6834716796875,8.2608642578125,2.65362548828125,0.20235960569160089,0.6037111378741247,0.1939292564342745
2021-05-10,869.379638671875,888.9409790039062,898.4478759765625,886.5181274414062,894.8482055664062,13941237,5.9072265625,11.92974853515625,3.59967041015625,2.4228515625,0.4951677351028615,0.3017390014171915,0.203093263479947
2021-05-11,872.5165405273438,892.1484375,894.6405029296875,881.4646606445312,883.772216796875,13478264,8.376220703125,13.17584228515625,2.4920654296875,2.30755615234375,0.6357256349798261,0.18913898449551356,0.17513538052466032
2021-05-12,863.4895629882812,882.9183959960938,892.0330200195312,880.0802001953125,890.7408447265625,13177961,7.82244873046875,11.95281982421875,1.29217529296875,2.83819580078125,0.654443791967728,0.10810631398881712,0.23744989404345496
2021-05-14,874.3895263671875,894.0636596679688,896.232666015625,879.6187133789062,889.7947387695312,13291616,4.2689208984375,16.61395263671875,2.16900634765625,10.176025390625,0.25694793958920364,0.13055330029426568,0.6124987601165307
2021-05-17,884.7930908203125,904.7012329101562,906.1318359375,890.8792724609375,894.0636596679688,11873078,10.6375732421875,15.2525634765625,1.43060302734375,3.18438720703125,0.6974285508487463,0.09379426806136903,0.20877718108988466
2021-05-18,897.2501220703125,917.4385986328124,924.1995849609376,910.3084106445312,914.231201171875,12064918,3.2073974609373863,13.891174316406364,6.760986328125227,3.92279052734375,0.23089462329684002,0.4867109269617379,0.2823944497414221
2021-05-19,901.3572998046876,921.6382446289062,930.5913696289062,910.0776977539062,913.7696533203124,16317002,7.868591308593864,20.513671875,8.953125,3.6919555664061363,0.38357790631248767,0.43644672950585545,0.17997536418165683
2021-05-20,896.0992431640625,916.2617797851562,928.030029296875,914.231201171875,922.030517578125,11422532,5.76873779296875,13.798828125,5.99951171875,2.03057861328125,0.4180599787685775,0.43478414720452935,0.14715587402689315
2021-05-21,903.8397827148438,924.176513671875,927.4300537109376,916.5386962890624,919.3076782226562,10785605,4.86883544921875,10.891357421875227,3.2535400390626137,2.7689819335938637,0.44703660532154815,0.29872677142409243,0.2542366232543594
2021-05-24,896.2120361328125,916.3771362304688,927.5223999023438,914.6926879882812,926.691650390625,8551760,10.31451416015625,12.8297119140625,0.83074951171875,1.6844482421875,0.8039552430519215,0.06475200045670355,0.13129275649137495
2021-05-25,886.0568237304688,905.993408203125,921.6151733398438,904.5396728515624,921.3382568359376,14780102,15.344848632812614,17.075500488281364,0.2769165039061363,1.4537353515626137,0.8986470787982778,0.01621718227797654,0.08513573892374565
2021-05-26,889.1710815429688,909.177734375,913.5389404296876,906.9856567382812,911.462158203125,7480204,2.284423828125,6.553283691406364,2.0767822265626137,2.19207763671875,0.3485922379830244,0.31690711471655014,0.33450064730042545
2021-05-27,891.9017333984375,911.9698486328124,919.7691650390624,905.5780639648438,909.2931518554688,26819294,2.6766967773436363,14.191101074218636,7.79931640625,3.715087890625,0.18861797709315628,0.5495920552929633,0.2617899676138804
2021-05-28,945.4763793945312,966.7498779296876,971.4571533203124,918.3847045898438,918.3847045898438,56469931,48.365173339843864,53.072448730468636,4.707275390624773,0.0,0.9113047258374881,0.08869527416251191,0.0
2021-05-31,975.039306640625,996.9780883789062,1011.4691772460938,962.250244140625,970.0726318359376,59124142,26.905456542968636,49.21893310546875,14.4910888671875,7.822387695312614,0.5466485119722994,0.29442102769954975,0.1589304603281509
2021-06-01,978.9208984375,1000.947021484375,1016.22265625,990.609375,999.608642578125,28013832,1.33837890625,25.61328125,15.275634765625,8.999267578125,0.05225331706573128,0.5963950739667531,0.3513516089675156
2021-06-02,993.5219116210938,1015.8765258789062,1019.6838989257812,995.4551391601562,995.4551391601562,24630162,20.42138671875,24.228759765625,3.807373046875,0.0,0.8428572868068641,0.1571427131931359,0.0
2021-06-03,997.3132934570312,1019.7531127929688,1038.3746337890625,1013.4998168945312,1024.9910888671875,23974257,5.23797607421875,24.87481689453125,13.383544921875,6.2532958984375,0.210573452517366,0.5380359171535202,0.2513906303291138
2021-06-04,988.6699829101562,1010.9154052734376,1022.8912963867188,1008.031005859375,1022.1298217773438,14468646,11.214416503906136,14.86029052734375,0.761474609375,2.8843994140626137,0.7546566120811026,0.05124224240258594,0.19410114551631144
2021-06-07,1005.3245239257812,1027.9447021484375,1034.6826171875,1008.3771362304688,1016.22265625,16336573,11.7220458984375,26.30548095703125,6.7379150390625,7.84552001953125,0.4456123010100026,0.2561411080097172,0.2982465909802802
2021-06-08,999.54736328125,1022.0375366210938,1027.829345703125,1014.4458618164062,1027.5755615234375,9674735,5.53802490234375,13.38348388671875,0.2537841796875,7.5916748046875,0.4137954623190058,0.018962490023942537,0.5672420476570517
2021-06-09,981.6741333007812,1003.7621459960938,1024.9910888671875,995.8935546875,1024.068115234375,11409161,20.30596923828125,29.0975341796875,0.9229736328125,7.86859130859375,0.6978587640067627,0.031719994797937634,0.2704212411952997
2021-06-10,985.284912109375,1007.4541625976562,1029.1446533203125,1004.93896484375,1012.2537231445312,14155653,4.799560546875,24.2056884765625,16.89093017578125,2.51519775390625,0.1982823397699364,0.6978082937874761,0.10390936644258748
2021-06-11,1002.3753051757812,1021.3683471679688,1028.2216796875,1006.1157836914062,1007.4080200195312,13762778,13.9603271484375,22.10589599609375,6.85333251953125,1.292236328125,0.6315205296769865,0.3100228337608336,0.05845663656217989
2021-06-14,1016.7554321289062,1036.02099609375,1042.1820068359375,1013.0151977539062,1022.22216796875,20332436,13.798828125,29.16680908203125,6.1610107421875,9.20697021484375,0.47310036851103543,0.21123362260368428,0.3156660088852803
2021-06-15,1019.065185546875,1038.3746337890625,1049.865966796875,1033.8980712890625,1043.451171875,15174215,5.0765380859375,15.9678955078125,6.414794921875,4.4765625,0.3179215497404613,0.4017307677606281,0.2803476824989106
2021-06-16,1001.6732788085938,1020.6530151367188,1037.01318359375,1017.9993896484376,1036.02099609375,10797349,15.36798095703125,19.013793945312386,0.9921875,2.6536254882811363,0.8082543126970214,0.05218251038449964,0.13956317691847894
2021-06-17,1003.5075073242188,1022.5220947265624,1031.4521484375,1006.0234985351562,1015.2996215820312,15745975,7.222473144531136,25.42864990234375,8.930053710937614,9.276123046875,0.28402896623565704,0.3511808037482373,0.36479023001610567
2021-06-18,1008.0366821289062,1027.1370849609375,1031.4521484375,1008.0771484375,1027.06787109375,29369026,0.0692138671875,23.375,4.3150634765625,18.99072265625,0.0029610210561497327,0.18460164605614973,0.8124373328877005
2021-06-21,1013.2905883789062,1032.490478515625,1037.2208251953125,1015.368896484375,1016.9149169921876,12186448,15.575561523437386,21.8519287109375,4.7303466796875,1.5460205078126137,0.7127774270854812,0.21647273072604478,0.07074984218847406
2021-06-22,1008.0820922851562,1027.1832275390625,1043.451171875,1024.2296142578125,1040.2205810546875,12871913,13.037353515625,19.2215576171875,3.2305908203125,2.95361328125,0.6782672754869398,0.16807122943167602,0.1536614950813842
2021-06-23,998.8424682617188,1017.7686767578124,1038.6514892578125,1016.0841674804688,1038.3746337890625,16653951,20.605957031250114,22.56732177734375,0.27685546875,1.6845092773436363,0.9130882802379,0.012267980732562888,0.07464373902953711
2021-06-24,975.3587646484376,993.8399047851562,1022.0375366210938,987.6096801757812,1018.4609375,91461975,24.62103271484375,34.4278564453125,3.57659912109375,6.230224609375,0.7151485819035361,0.10388677920668858,0.18096463888977532
2021-06-25,953.1431274414062,971.2033081054688,993.8399047851562,960.4273071289062,993.8399047851562,55355022,22.6365966796875,33.41259765625,0.0,10.7760009765625,0.6774868842157564,0.0,0.3225131157842435
2021-06-28,944.7868041992188,962.6886596679688,981.37939453125,960.3811645507812,979.3026733398438,20277042,16.614013671875,20.99822998046875,2.07672119140625,2.3074951171875,0.7912101966369701,0.09889982123911811,0.10988998212391181
2021-06-29,945.60205078125,963.5193481445312,973.3031616210938,961.8118286132812,964.3038940429688,27144063,0.7845458984375,11.4913330078125,8.999267578125,1.70751953125,0.06827283639801565,0.7831352178208356,0.14859194578114876
2021-06-30,955.951171875,974.0646362304688,979.6026000976562,965.0192260742188,967.4190063476562,19762858,6.6456298828125,14.5833740234375,5.5379638671875,2.3997802734375,0.45569906333966703,0.379745034193543,0.16455590246679
2021-07-01,950.1991577148438,968.20361328125,979.8333740234376,966.8421630859376,977.4566650390624,12534407,9.253051757812386,12.9912109375,2.3767089843752274,1.3614501953123863,0.7122547545666303,0.18294745546119168,0.10479778997217798
2021-07-02,964.2848510742188,982.5562133789062,984.3330078125,965.8960571289062,967.76513671875,14086620,14.79107666015625,18.43695068359375,1.77679443359375,1.86907958984375,0.8022517884868127,0.09637138288680476,0.10137682862638255
2021-07-05,973.8641357421876,992.3169555664062,993.8629760742188,983.6868896484376,985.9713134765624,11702287,6.345642089843864,10.176086425781136,1.5460205078125,2.2844238281247726,0.623583745689027,0.15192682561103785,0.22448942869993518
2021-07-06,962.3599243164062,980.5948486328124,991.7169799804688,978.4719848632812,989.8941040039062,10070124,9.299255371093864,13.2449951171875,1.8228759765625,2.1228637695311363,0.7020957945863334,0.13762753103600822,0.16027667437765838
2021-07-07,955.679443359375,973.7877197265624,981.956298828125,968.2266845703124,981.956298828125,10454892,8.168579101562614,13.729614257812614,0.0,5.56103515625,0.5949605683141765,0.0,0.40503943168582346
2021-07-08,947.7760620117188,965.7345581054688,976.9721069335938,960.3811645507812,976.9721069335938,11185460,11.237548828125,16.5909423828125,0.0,5.3533935546875,0.6773303510333817,0.0,0.32266964896661837
2021-07-09,938.0836181640624,955.8584594726562,965.3192138671876,953.5048217773438,963.6116333007812,9037675,7.753173828125,11.814392089843864,1.7075805664063637,2.3536376953125,0.6562482241291065,0.14453393398668984,0.19921784188420355
2021-07-12,943.92626953125,961.8118286132812,969.8419189453124,957.3814086914062,959.8042602539062,8585292,2.007568359375,12.460510253906136,8.030090332031136,2.4228515625,0.16111445827394308,0.6444431382345561,0.1944424034915008
2021-07-13,950.9917602539062,969.01123046875,970.5572509765624,963.6347045898438,969.149658203125,6717133,0.138427734375,6.922546386718636,1.4075927734373863,5.37652587890625,0.01999664959133864,0.20333453830485648,0.7766688121038049
2021-07-14,944.7868041992188,962.6886596679688,972.3109130859376,960.4965209960938,969.3111572265624,8532544,6.622497558593636,11.814392089843864,2.9997558593752274,2.192138671875,0.5605449275961145,0.2539069159515995,0.18554815645228606
2021-07-15,943.1336669921876,961.0042114257812,966.8421630859376,959.2274169921876,966.8421630859376,9448356,5.837951660156364,7.61474609375,0.0,1.7767944335936363,0.7666639948701656,0.0,0.23333600512983438
2021-07-16,956.7438354492188,974.8722534179688,975.956787109375,963.4270629882812,963.4962768554688,8828185,11.3759765625,12.52972412109375,1.08453369140625,0.0692138671875,0.9079191570825235,0.08655686916365868,0.005523973753817826
2021-07-19,950.652099609375,968.6651000976562,980.2256469726562,965.5730590820312,969.149658203125,8354449,0.48455810546875,14.652587890625,11.07598876953125,3.092041015625,0.033069796890880916,0.755906659779729,0.21102354332939
2021-07-20,948.3193969726562,966.288330078125,972.8416748046876,961.7656860351562,968.9188842773438,6741464,2.63055419921875,11.075988769531364,3.9227905273438637,4.52264404296875,0.2375006199405935,0.35417068480016534,0.4083286952592412
2021-07-22,960.5029296875,978.7026977539062,980.1795043945312,968.2958984375,977.9181518554688,7972397,0.7845458984375,11.88360595703125,1.476806640625,9.62225341796875,0.06601917812440614,0.12427260260604722,0.8097082192695466
2021-07-23,953.7092895507812,971.7802124023438,985.04833984375,970.095703125,985.04833984375,9937030,13.26812744140625,14.95263671875,0.0,1.68450927734375,0.8873436632596414,0.0,0.11265633674035855
2021-07-26,940.6426391601562,958.4659423828124,978.8411254882812,955.8123168945312,972.8416748046876,12389668,14.375732421875227,23.02880859375,5.999450683593636,2.6536254882811363,0.6242499416915901,0.2605193689968782,0.11523068931153164
2021-07-27,930.746337890625,948.3821411132812,961.627197265625,942.3826904296876,958.44287109375,10824523,10.06072998046875,19.244506835937386,3.184326171875,5.999450683593636,0.5227845050142435,0.1654667588534177,0.3117487361323389
2021-07-28,922.7522583007812,940.2366943359376,949.7666625976562,930.4990234375,949.7666625976562,12897848,9.529968261718636,19.26763916015625,0.0,9.737670898437614,0.49461006522406525,0.0,0.5053899347759347
2021-07-29,929.9536743164062,947.5745239257812,957.3352661132812,943.0287475585938,947.920654296875,13765738,0.34613037109375,14.3065185546875,9.41461181640625,4.5457763671875,0.024193892439355283,0.6580644886048516,0.3177416189557931
2021-07-30,921.8238525390624,939.2906494140624,954.3585815429688,937.352294921875,949.7666625976562,11350608,10.476013183593864,17.00628662109375,4.5919189453125,1.9383544921873863,0.6160082690009434,0.27001302798324667,0.11397870301580994
2021-08-02,938.6724243164062,956.4584350585938,959.6427612304688,941.9904174804688,948.0591430664062,10925104,8.3992919921875,17.65234375,3.184326171875,6.0687255859375,0.4758173821641956,0.18039112635538837,0.34379149148041604
2021-08-03,945.579345703125,963.4962768554688,964.9961547851562,952.6279907226562,964.53466796875,11817299,1.03839111328125,12.3681640625,0.46148681640625,10.8682861328125,0.08395677062771417,0.03731247532570075,0.8787307540465851
2021-08-04,952.826171875,970.8803100585938,975.6106567382812,963.150146484375,966.5652465820312,13169800,4.3150634765625,12.46051025390625,4.7303466796875,3.41510009765625,0.346299099205008,0.37962704442256545,0.27407385637242654
2021-08-05,966.6400756835938,984.9560546875,994.4398193359376,971.1110229492188,975.7490844726562,21252078,9.20697021484375,23.328796386718864,9.483764648437614,4.6380615234375,0.39466117592270206,0.40652610152818436,0.19881272254911356
2021-08-06,946.168212890625,964.0962524414062,990.8170776367188,959.3427734375,982.9715576171876,16620987,18.875305175781364,31.47430419921875,7.845520019531136,4.75347900390625,0.5997052407039354,0.2492674649730899,0.15102729432297474
2021-08-09,940.7785034179688,958.6043701171876,964.4423828125,953.6893920898438,960.3811645507812,7494143,1.7767944335936363,10.75299072265625,4.06121826171875,4.914978027343864,0.1652372330099737,0.3776826714043263,0.45708009558569995
2021-08-10,945.7152099609376,963.6347045898438,975.149169921875,957.0352783203124,960.8426513671876,11919198,2.7920532226561363,18.113891601562614,11.51446533203125,3.8073730468752274,0.15413878387211266,0.6356704337922583,0.2101907823356291
2021-08-11,958.9630737304688,977.1336059570312,978.379638671875,961.48876953125,967.7420654296876,9184963,9.391540527343636,16.890869140625,1.24603271484375,6.253295898437614,0.556012864060122,0.07376960323769603,0.37021753270218205
2021-08-12,955.88330078125,973.9954223632812,981.240966796875,971.4571533203124,980.6409912109376,8137612,6.645568847656364,9.783813476562614,0.5999755859373863,2.5382690429688637,0.6792411633332954,0.0613232853809656,0.2594355512857389
2021-08-13,971.8032836914062,990.2171020507812,992.1785278320312,973.2800903320312,977.1336059570312,12780901,13.08349609375,18.8984375,1.96142578125,3.853515625,0.6923057048367094,0.10378772219925589,0.20390657296403472
2021-08-16,984.4170532226562,1003.0698852539062,1016.6841430664062,982.140869140625,991.9246826171876,21935444,11.145202636718636,34.54327392578125,13.6142578125,9.783813476562614,0.32264465321570035,0.39412181490819975,0.2832335318760999
2021-08-17,980.2276611328124,998.801025390625,1008.4694213867188,991.232421875,1000.9239501953124,12658169,2.1229248046873863,17.23699951171875,7.545471191406364,7.568603515625,0.12316092503478313,0.43774852962526906,0.4390905453399478
2021-08-18,984.0321655273438,1002.6776123046876,1009.2078247070312,993.424560546875,1003.3006591796876,10075860,0.623046875,15.78326416015625,5.907165527343636,9.253051757812614,0.039475159807110013,0.3742676715920312,0.5862571686008587
2021-08-20,972.98095703125,991.4170532226562,1002.3776245117188,986.2251586914062,988.994140625,9426282,2.42291259765625,16.1524658203125,10.9605712890625,2.76898193359375,0.1500026450827911,0.6785695392265778,0.17142781569063112
2021-08-23,979.3671264648438,997.9241943359376,1003.3006591796876,984.0560913085938,1003.3006591796876,9854395,5.37646484375,19.244567871093864,0.0,13.868103027343864,0.2793757116170778,0.0,0.7206242883829223
2021-08-24,989.036865234375,1007.7772216796876,1011.607666015625,994.8090209960938,999.1702270507812,11864472,8.606994628906364,16.79864501953125,3.8304443359373863,4.3612060546875,0.512362432737836,0.22802102976066527,0.25961653750149877
2021-08-25,997.5969848632812,1016.49951171875,1024.5296630859375,1006.1157836914062,1008.561767578125,13380559,7.937744140625,18.41387939453125,8.0301513671875,2.44598388671875,0.4310739725482527,0.4360923190130364,0.13283370843871087
2021-08-26,1010.210693359375,1029.352294921875,1036.02099609375,1017.6071166992188,1018.9916381835938,18589616,10.36065673828125,18.41387939453125,6.668701171875,1.384521484375,0.5626547516846596,0.36215623166596506,0.07518901664937536
2021-08-27,1008.8292846679688,1027.9447021484375,1035.02880859375,1022.7067260742188,1032.3751220703125,10480636,4.430419921875,12.32208251953125,2.6536865234375,5.23797607421875,0.3595512296604503,0.21536022983381628,0.42508854050573347
2021-08-30,1028.23681640625,1047.719970703125,1050.304443359375,1032.2828369140625,1038.3746337890625,14027062,9.3453369140625,18.0216064453125,2.58447265625,6.091796875,0.5185629229237365,0.1434096712794565,0.33802740579680696
2021-08-31,1022.7565307617188,1042.1358642578125,1053.9501953125,1034.7979736328125,1050.7889404296875,26485463,8.653076171875,19.1522216796875,3.1612548828125,7.337890625,0.45180534752541507,0.1650594346537493,0.3831352178208356
2021-09-01,1026.8101806640625,1046.2662353515625,1058.1729736328125,1044.3741455078125,1048.9891357421875,11145486,2.722900390625,13.798828125,9.183837890625,1.89208984375,0.19732837933474875,0.665552016985138,0.13711960368011322
2021-09-02,1039.1749267578125,1058.865234375,1065.04931640625,1040.68212890625,1040.68212890625,9956770,18.18310546875,24.3671875,6.18408203125,0.0,0.7462127284386021,0.2537872715613979,0.0
2021-09-03,1081.79443359375,1102.2923583984375,1105.2921142578125,1062.6033935546875,1066.0645751953125,30664428,36.227783203125,42.688720703125,2.999755859375,3.461181640625,0.8486500088645891,0.07027045575426215,0.08107953538114873
2021-09-06,1098.5977783203125,1119.4140625,1144.5196533203125,1113.1375732421875,1113.59912109375,33641710,5.81494140625,31.382080078125,25.1055908203125,0.4615478515625,0.1852949642526509,0.7999976661143137,0.014707369633035374
2021-09-07,1105.52734375,1126.4749755859375,1134.3665771484375,1113.1375732421875,1121.444580078125,17349882,5.0303955078125,21.22900390625,7.8916015625,8.3070068359375,0.2369586218000322,0.37173678036663066,0.39130459783333715
2021-09-08,1101.2021484375,1122.067626953125,1132.5206298828125,1110.6685791015625,1131.59765625,14301651,9.530029296875,21.85205078125,0.9229736328125,11.3990478515625,0.43611601456885574,0.04223739190668782,0.5216465935244564
2021-09-09,1098.5977783203125,1119.4140625,1125.0673828125,1115.02978515625,1120.4754638671875,8963249,1.0614013671875,10.03759765625,4.5919189453125,4.38427734375,0.1057425694410663,0.45747190737948146,0.43678552317945224
2021-09-13,1074.1175537109375,1094.469970703125,1122.8291015625,1092.854736328125,1122.8291015625,16311160,28.359130859375,29.974365234375,0.0,1.615234375,0.9461128079820811,0.0,0.05388719201791896
2021-09-14,1072.71337890625,1093.039306640625,1104.83056640625,1091.9085693359375,1096.0621337890625,8908356,3.0228271484375,12.9219970703125,8.7684326171875,1.1307373046875,0.23392879072711298,0.678566367835854,0.08750484143703298
2021-09-15,1077.1746826171875,1097.5850830078125,1105.63818359375,1093.0623779296875,1093.0623779296875,9071075,4.522705078125,12.5758056640625,8.0531005859375,0.0,0.3596354141388649,0.6403645858611351,0.0
2021-09-16,1099.775146484375,1120.6138916015625,1124.5596923828125,1092.3701171875,1099.0849609375,13448882,21.5289306640625,32.1895751953125,3.94580078125,6.71484375,0.6688168617769638,0.12258008244310704,0.20860305577992924
2021-09-17,1082.7227783203125,1103.2384033203125,1133.3743896484375,1096.3389892578125,1128.82861328125,34882133,25.5902099609375,37.035400390625,4.5457763671875,6.8994140625,0.6909662023639228,0.12274138578877632,0.18629241184730086
2021-09-20,1084.444091796875,1104.9921875,1116.068115234375,1093.754638671875,1094.7237548828125,11779819,10.2684326171875,22.3134765625,11.075927734375,0.9691162109375,0.46018972383911766,0.49637839730403954,0.04343187885684275
2021-09-21,1089.1318359375,1109.7686767578125,1115.260498046875,1100.215576171875,1109.9071044921875,9915736,0.138427734375,15.044921875,5.3533935546875,9.5531005859375,0.0092009606646761,0.3558272750876282,0.6349717642476957
2021-09-22,1100.8170166015625,1121.6754150390625,1126.9825439453125,1106.7919921875,1111.2916259765625,10995912,10.3837890625,20.1905517578125,5.30712890625,4.4996337890625,0.5142895145736724,0.2628520988385802,0.22285838658774734
2021-09-23,1127.72021484375,1149.0885009765625,1152.3651123046875,1128.597900390625,1129.4747314453125,15748397,19.61376953125,23.7672119140625,3.276611328125,0.8768310546875,0.8252448626355283,0.13786267148088607,0.0368924658835856
2021-09-24,1124.459228515625,1145.765625,1156.2647705078125,1140.82763671875,1155.387939453125,15192163,9.622314453125,15.4371337890625,0.8768310546875,4.93798828125,0.6233226053882225,0.05680012019515898,0.31987727441661856
2021-09-27,1143.3685302734375,1165.033203125,1167.5484619140625,1142.3505859375,1147.7501220703125,15373834,17.2830810546875,25.1978759765625,2.5152587890625,5.3995361328125,0.6858943615232946,0.09982027022444422,0.21428536825226116
2021-09-28,1154.0574951171875,1175.9246826171875,1183.700927734375,1159.65673828125,1169.4405517578125,18035258,6.484130859375,24.044189453125,7.7762451171875,9.7838134765625,0.2696755851144844,0.32341473320810277,0.4069096816774128
2021-09-29,1144.90869140625,1166.6024169921875,1186.0545654296875,1163.002685546875,1186.0545654296875,9719875,19.4521484375,23.0518798828125,0.0,3.5997314453125,0.8438421741041405,0.0,0.15615782589585947
2021-09-30,1141.0133056640625,1162.6334228515625,1169.717529296875,1153.9111328125,1165.287109375,13590654,2.6536865234375,15.806396484375,4.430419921875,8.7222900390625,0.16788687580124492,0.28029285019229877,0.5518202740064563
2021-10-01,1143.02880859375,1164.6871337890625,1172.1173095703125,1151.442138671875,1154.6495361328125,8958928,10.03759765625,20.6751708984375,7.43017578125,3.2073974609375,0.4854904322463704,0.35937675280892245,0.15513281494470718
2021-10-04,1157.7261962890625,1179.662841796875,1188.2928466796875,1170.84814453125,1178.2091064453125,10918552,1.4537353515625,17.4447021484375,8.6300048828125,7.3609619140625,0.08333391646315436,0.4947063474847278,0.4219597360521178
2021-10-05,1181.7535400390625,1204.1453857421875,1205.4376220703125,1175.6015625,1179.17822265625,13533634,24.9671630859375,29.8360595703125,1.292236328125,3.57666015625,0.8368116784020752,0.043311226305862524,0.11987709529206234
2021-10-06,1159.40185546875,1181.370361328125,1209.1064453125,1177.332275390625,1209.1064453125,10258881,27.736083984375,31.774169921875,0.0,4.0380859375,0.872912936909802,0.0,0.12708706309019802
2021-10-07,1165.0860595703125,1187.1622314453125,1199.32275390625,1184.9931640625,1197.592041015625,6336665,10.4298095703125,14.32958984375,1.730712890625,2.1690673828125,0.7278512284049476,0.12077895525948137,0.15136981633557092
2021-10-08,1209.85693359375,1232.781494140625,1238.8502197265625,1191.36181640625,1193.0924072265625,15772493,39.6890869140625,47.4884033203125,6.0687255859375,1.7305908203125,0.8357637683953474,0.12779384358331727,0.03644238802133539
2021-10-11,1201.4326171875,1224.197509765625,1255.279541015625,1220.82861328125,1246.6956787109375,14768666,22.4981689453125,34.450927734375,8.5838623046875,3.368896484375,0.6530497268108085,0.24916200721417892,0.09778826597501258
2021-10-12,1208.29443359375,1231.189208984375,1238.2041015625,1218.9364013671875,1220.6671142578125,6682011,10.5220947265625,19.2677001953125,7.014892578125,1.730712890625,0.5461001894311364,0.36407524027343974,0.08982457029542387
2021-10-13,1220.5911865234375,1243.718994140625,1255.048828125,1231.8814697265625,1236.3580322265625,9959762,7.3609619140625,23.1673583984375,11.329833984375,4.4765625,0.3177298761242867,0.4890429797615221,0.19322714411419117
2021-10-14,1223.0595703125,1246.234130859375,1254.102783203125,1240.142333984375,1246.2110595703125,8623469,0.0230712890625,13.96044921875,7.86865234375,6.0687255859375,0.0016526179566996608,0.5636389073484663,0.43470847469483404
2021-10-18,1226.3204345703125,1249.5570068359375,1266.8170166015625,1228.6510009765625,1231.5584716796875,13594479,17.99853515625,38.166015625,17.260009765625,2.907470703125,0.4715853845760197,0.45223504426590244,0.07617957115807789
2021-10-19,1237.3037109375,1260.748291015625,1269.74755859375,1249.7415771484375,1257.033203125,8833409,3.715087890625,20.0059814453125,8.999267578125,7.2916259765625,0.1856988571533172,0.44982884757366265,0.36447229527302016
2021-10-20,1223.0595703125,1246.234130859375,1265.7786865234375,1242.1268310546875,1265.7786865234375,12710570,19.5445556640625,23.65185546875,0.0,4.1072998046875,0.8263434422675943,0.0,0.1736565577324057
2021-10-21,1187.7772216796875,1210.2833251953125,1258.9715576171875,1201.3763427734375,1258.6947021484375,20831669,48.411376953125,57.59521484375,0.27685546875,8.906982421875,0.8405451231401806,0.0048069178924166,0.15464795896740283
2021-10-22,1189.9964599609375,1212.544677734375,1229.8509521484375,1205.206787109375,1209.1295166015625,11027475,3.4151611328125,24.6441650390625,17.3062744140625,3.9227294921875,0.13857889392475914,0.7022463283552518,0.1591747777199891
2021-10-25,1178.40185546875,1200.730224609375,1236.819580078125,1186.0545654296875,1236.819580078125,17198417,36.08935546875,50.7650146484375,0.0,14.6756591796875,0.710909978430604,0.0,0.289090021569396
2021-10-26,1205.2373046875,1228.0740966796875,1231.6968994140625,1201.353271484375,1207.791259765625,9750178,20.2828369140625,30.3436279296875,3.622802734375,6.43798828125,0.6684380971537766,0.11939253746354218,0.21216936538268127
2021-10-27,1189.9964599609375,1212.544677734375,1235.3427734375,1209.1064453125,1223.8975830078125,9896298,11.3529052734375,26.236328125,11.4451904296875,3.438232421875,0.43271700290329784,0.43623445991215665,0.1310485371845455
2021-10-28,1176.9525146484375,1199.25341796875,1217.4134521484375,1195.515380859375,1209.1295166015625,9886181,9.8760986328125,21.8980712890625,8.283935546875,3.738037109375,0.45100312728205183,0.37829521319590387,0.17070165952204427
2021-10-29,1148.7132568359375,1170.47900390625,1198.122802734375,1154.5341796875,1198.122802734375,14233025,27.643798828125,43.588623046875,0.0,15.94482421875,0.6341975702787627,0.0,0.3658024297212374
2021-11-01,1149.4151611328125,1171.1943359375,1179.5936279296875,1151.0267333984375,1170.47900390625,15481114,0.71533203125,28.56689453125,8.3992919921875,19.4522705078125,0.025040594820955473,0.29402187847192546,0.680937526707119
2021-11-02,1132.656982421875,1154.1187744140625,1175.901611328125,1151.5574951171875,1174.51708984375,10569130,20.3983154296875,24.3441162109375,1.384521484375,2.561279296875,0.8379156282750079,0.056872940975895944,0.10521143074909615
2021-11-03,1124.8670654296875,1146.1810302734375,1162.9796142578125,1135.7510986328125,1156.5416259765625,11989430,10.360595703125,27.228515625,6.43798828125,10.429931640625,0.3805053439495015,0.23644286636539702,0.3830517896851015
2021-11-04,1131.77392578125,1153.2188720703125,1156.010986328125,1149.1346435546875,1150.4959716796875,1705656,2.722900390625,6.8763427734375,2.7921142578125,1.361328125,0.3959808986171025,0.40604640428893507,0.19797269709396248
2021-11-08,1133.1778564453125,1154.6495361328125,1162.9796142578125,1133.628173828125,1162.70263671875,20337183,8.0531005859375,29.3514404296875,0.2769775390625,21.0213623046875,0.27436815597616104,0.009436591015899554,0.7161952530079394
2021-11-09,1142.1231689453125,1163.76416015625,1167.0869140625,1147.773193359375,1156.05712890625,15682497,7.70703125,19.313720703125,3.32275390625,8.283935546875,0.3990443565207499,0.17204110783855187,0.42891453564069826
2021-11-10,1154.8955078125,1176.7784423828125,1180.5166015625,1155.43408203125,1161.4566650390625,10253470,15.32177734375,25.08251953125,3.7381591796875,6.0225830078125,0.610854795693901,0.1490344371118768,0.2401107671942222
2021-11-11,1157.00146484375,1178.9244384765625,1186.2852783203125,1170.1558837890625,1172.232666015625,10722478,6.6917724609375,16.12939453125,7.36083984375,2.0767822265625,0.41488057397148304,0.45636181999818365,0.12875760603033332
2021-11-12,1174.4615478515625,1196.7152099609375,1199.32275390625,1180.0550537109375,1182.7779541015625,8712341,13.937255859375,19.2677001953125,2.6075439453125,2.722900390625,0.7233481794970889,0.13533239145722595,0.1413194290456852
2021-11-15,1167.53173828125,1189.654296875,1200.9149169921875,1186.0545654296875,1199.8995361328125,4803269,10.2452392578125,14.8603515625,1.015380859375,3.5997314453125,0.6894345140303608,0.06832818558191496,0.24223730038772426
2021-11-16,1140.4019775390625,1162.010498046875,1188.362060546875,1151.442138671875,1187.0006103515625,11337581,24.9901123046875,36.919921875,1.3614501953125,10.568359375,0.6768733798867904,0.03687576046130244,0.2862508596519071
2021-11-17,1115.9898681640625,1137.1356201171875,1153.2650146484375,1135.7510986328125,1153.2650146484375,10202029,16.12939453125,17.513916015625,0.0,1.384521484375,0.920947349345526,0.0,0.07905265065447398
2021-11-18,1120.201904296875,1141.427490234375,1148.673095703125,1130.6976318359375,1135.28955078125,8505625,6.137939453125,17.9754638671875,7.24560546875,4.5919189453125,0.3414620895725103,0.40308308716172625,0.25545482326576346
2021-11-22,1070.5848388671875,1090.8702392578125,1130.213134765625,1084.986083984375,1124.259765625,24124307,33.3895263671875,45.22705078125,5.953369140625,5.8841552734375,0.7382645074224021,0.13163292847503374,0.1301025641025641
2021-11-23,1080.59423828125,1101.0693359375,1108.176513671875,1065.6031494140625,1076.7021484375,25326999,24.3671875,42.5733642578125,7.107177734375,11.0989990234375,0.5723575743847505,0.16693953739093534,0.2607028882243141
2021-11-24,1064.9912109375,1085.1707763671875,1112.16845703125,1081.5479736328125,1098.36962890625,16820296,13.1988525390625,30.6204833984375,13.798828125,3.622802734375,0.4310465111643538,0.4506404404348537,0.11831304840079253
2021-11-25,1129.1016845703125,1150.4959716796875,1154.672607421875,1087.8243408203125,1095.13916015625,42401936,55.3568115234375,66.8482666015625,4.1766357421875,7.3148193359375,0.828096438960522,0.06247934246495295,0.10942421857452508
2021-11-26,1092.709716796875,1113.41455078125,1143.4119873046875,1108.2918701171875,1138.8892822265625,15763138,25.4747314453125,35.1201171875,4.522705078125,5.1226806640625,0.7253600923171037,0.12877818869393542,0.1458617189889609
2021-11-29,1105.7991943359375,1126.7518310546875,1153.7496337890625,1107.1842041015625,1125.644287109375,24325354,1.1075439453125,46.5654296875,26.997802734375,18.4600830078125,0.023784682171843215,0.5797821026361596,0.39643321519199715
2021-11-30,1089.44873046875,1110.0916748046875,1142.62744140625,1102.453857421875,1138.9815673828125,32172299,28.889892578125,40.173583984375,3.6458740234375,7.6378173828125,0.7191265929711761,0.09075301882091266,0.19012038820791122
2021-12-01,1117.3485107421875,1138.5201416015625,1141.7506103515625,1119.1832275390625,1122.8291015625,10104610,15.6910400390625,22.5673828125,3.23046875,3.6458740234375,0.6952972867713878,0.1431476913756545,0.16155502185295773
2021-12-02,1124.52734375,1145.8348388671875,1151.995849609375,1136.0279541015625,1139.76611328125,12720411,6.0687255859375,15.9678955078125,6.1610107421875,3.7381591796875,0.38005794708315177,0.3858373659304788,0.23410468698636944
2021-12-03,1090.7393798828125,1111.406982421875,1153.057373046875,1107.599609375,1153.01123046875,19222481,41.604248046875,45.457763671875,0.046142578125,3.807373046875,0.9152286581272322,0.001015064851365504,0.08375627702140229
2021-12-06,1070.0638427734375,1090.3394775390625,1119.1370849609375,1087.8243408203125,1114.983642578125,10332254,24.6441650390625,31.312744140625,4.1534423828125,2.51513671875,0.787033066421326,0.1326438323054492,0.08032310127322485
2021-12-07,1078.782470703125,1099.223388671875,1109.445556640625,1089.1396484375,1096.5928955078125,11235122,2.6304931640625,20.305908203125,10.22216796875,7.4532470703125,0.12954324119606123,0.5034085580657185,0.3670482007382203
2021-12-08,1095.2008056640625,1115.9527587890625,1122.2752685546875,1110.507080078125,1118.7218017578125,8744178,2.76904296875,11.7681884765625,3.553466796875,5.4456787109375,0.23529899901457393,0.301955292775271,0.4627457082101551
2021-12-09,1112.570068359375,1133.6512451171875,1142.1658935546875,1119.1370849609375,1123.7520751953125,13213547,9.899169921875,23.02880859375,8.5146484375,4.614990234375,0.42986027182325126,0.3697389903102008,0.20040073786654794
2021-12-10,1113.7025146484375,1134.8050537109375,1138.05859375,1121.6060791015625,1126.1749267578125,8364414,8.630126953125,16.4525146484375,3.2535400390625,4.56884765625,0.5245475927258697,0.19775335920284318,0.2776990480712871
2021-12-13,1091.3736572265625,1112.0531005859375,1141.7967529296875,1109.445556640625,1141.5198974609375,12901733,29.466796875,32.3511962890625,0.27685546875,2.6075439453125,0.9108410276921451,0.008557812399772094,0.08060115990808275
2021-12-14,1078.0126953125,1098.4388427734375,1110.36865234375,1095.32373046875,1098.36962890625,12991523,0.0692138671875,15.044921875,11.9298095703125,3.0458984375,0.00460048033233805,0.7929459301570817,0.2024535895105803
2021-12-15,1074.8648681640625,1095.2314453125,1109.9071044921875,1089.647216796875,1100.215576171875,9366969,4.984130859375,20.2598876953125,9.6915283203125,5.584228515625,0.24600979701028505,0.4783604167043243,0.27562978628539064
2021-12-16,1088.769287109375,1109.3994140625,1114.7528076171875,1093.131591796875,1110.2301025390625,9761279,0.8306884765625,21.6212158203125,4.522705078125,16.267822265625,0.0384200631206915,0.20917903580038505,0.7524009010789234
2021-12-17,1060.03173828125,1080.1173095703125,1111.2916259765625,1070.6795654296875,1106.69970703125,21049821,26.5823974609375,40.612060546875,4.5919189453125,9.437744140625,0.6545444161902529,0.11306786416346552,0.23238771964628158
2021-12-20,1031.45263671875,1050.9967041015625,1069.6873779296875,1037.0362548828125,1069.6873779296875,14325846,18.690673828125,32.651123046875,0.0,13.96044921875,0.5724358638841325,0.0,0.42756413611586747
2021-12-21,1046.8065185546875,1066.6414794921875,1082.6785888671875,1057.8499755859375,1066.6876220703125,12836561,0.046142578125,24.82861328125,15.990966796875,8.79150390625,0.0018584436272099747,0.6440539636964345,0.3540875926763555
2021-12-22,1071.6490478515625,1091.9547119140625,1094.6314697265625,1071.6026611328125,1072.94091796875,17658543,19.0137939453125,23.02880859375,2.6767578125,1.3382568359375,0.825652524224498,0.11623518436062168,0.05811229141488031
2021-12-23,1071.26416015625,1091.5625,1098.36962890625,1088.23974609375,1095.6005859375,9072401,4.0380859375,10.1298828125,2.76904296875,3.32275390625,0.39863106140942833,0.2733538995469006,0.3280150390436711
2021-12-24,1074.6837158203125,1095.046875,1103.9075927734375,1078.7789306640625,1093.754638671875,7886494,1.292236328125,25.128662109375,8.8607177734375,14.9757080078125,0.05142479621479301,0.35261398855499526,0.5959612152302117
2021-12-27,1073.528564453125,1093.8699951171875,1097.4466552734375,1083.6478271484375,1089.85498046875,4017223,4.0150146484375,13.798828125,3.57666015625,6.2071533203125,0.2909677990092003,0.2592002830856334,0.4498319179051663
2021-12-28,1086.2781982421875,1106.8612060546875,1109.837890625,1095.1622314453125,1096.3389892578125,6374613,10.522216796875,14.6756591796875,2.9766845703125,1.1767578125,0.7169842708965839,0.20283140497242624,0.08018432413098991
2021-12-29,1088.1353759765625,1108.75341796875,1116.3681640625,1099.3387451171875,1103.4461669921875,15425312,5.3072509765625,17.0294189453125,7.61474609375,4.107421875,0.31165191211784526,0.4471524318124798,0.2411956560696749
2021-12-30,1068.478759765625,1088.7242431640625,1109.884033203125,1082.4940185546875,1107.599609375,29333171,18.8753662109375,27.3900146484375,2.284423828125,6.230224609375,0.6891331185182215,0.08340352706804113,0.22746335441373747
2021-12-31,1072.5775146484375,1092.90087890625,1100.16943359375,1089.1396484375,1095.13916015625,9477290,2.23828125,11.02978515625,5.0302734375,3.76123046875,0.2029306299526318,0.4560626853778388,0.34100668466952944
2022-01-03,1088.746826171875,1109.3763427734375,1111.2685546875,1090.7779541015625,1091.4471435546875,5421611,17.92919921875,20.4906005859375,1.8922119140625,0.669189453125,0.8749962766369394,0.0923453612853645,0.03265836207769616
2022-01-04,1113.3175048828125,1134.4127197265625,1135.7510986328125,1109.445556640625,1114.9375,10847728,19.4752197265625,26.3055419921875,1.33837890625,5.491943359375,0.7403466437736375,0.050878210631337156,0.2087751455950254
2022-01-05,1118.5260009765625,1139.719970703125,1143.1351318359375,1122.8060302734375,1136.212646484375,11643813,3.50732421875,20.3291015625,3.4151611328125,13.4066162109375,0.17252726137291638,0.16799370706634,0.6594790315607436
2022-01-06,1094.47607421875,1115.21435546875,1132.5206298828125,1111.7530517578125,1131.2283935546875,14447422,16.0140380859375,20.767578125,1.292236328125,3.4613037109375,0.7711076366030283,0.06222373742123578,0.16666862597573592
2022-01-07,1103.30810546875,1124.213623046875,1134.3896484375,1112.929931640625,1121.883056640625,13112115,2.33056640625,21.459716796875,10.176025390625,8.953125,0.1086019181105587,0.4741919703295828,0.4172061115598585
2022-01-10,1104.2137451171875,1125.1365966796875,1133.9051513671875,1115.0067138671875,1131.59765625,9246731,6.4610595703125,18.8984375,2.3074951171875,10.1298828125,0.34188326787928897,0.12209978296816866,0.5360169491525424
2022-01-11,1112.16259765625,1133.2359619140625,1142.18896484375,1123.7520751953125,1124.213623046875,16205164,9.0223388671875,18.4368896484375,8.9530029296875,0.4615478515625,0.48936339259112127,0.48560267487668424,0.025033932532194523
2022-01-12,1141.8511962890625,1163.4871826171875,1165.2640380859375,1137.5970458984375,1140.5045166015625,14800442,22.982666015625,27.6669921875,1.77685546875,2.907470703125,0.8306889979174755,0.06422293600649465,0.10508806607602979
2022-01-13,1148.2828369140625,1170.04052734375,1172.671142578125,1157.626220703125,1163.5565185546875,11856712,6.4840087890625,15.044921875,2.630615234375,5.9302978515625,0.4309765675710762,0.174850707516552,0.3941727249123718
2022-01-14,1149.9586181640625,1171.748046875,1184.8084716796875,1165.6793212890625,1169.902099609375,19930176,1.845947265625,19.129150390625,13.0604248046875,4.2227783203125,0.09649917680241982,0.6827498628004033,0.22075096039717687
2022-01-17,1155.959716796875,1177.8629150390625,1183.7470703125,1170.8250732421875,1171.28662109375,8036453,6.5762939453125,12.9219970703125,5.8841552734375,0.4615478515625,0.508922414200289,0.4553595888793372,0.03571799692037371
2022-01-18,1142.168212890625,1163.810302734375,1182.5240478515625,1161.0181884765625,1179.0167236328125,6215029,15.2064208984375,21.505859375,3.50732421875,2.7921142578125,0.7070826900372355,0.1630869130869131,0.12983039687585143
2022-01-19,1142.077880859375,1163.718017578125,1173.132568359375,1157.903076171875,1167.5946044921875,9755485,3.8765869140625,15.2294921875,5.5379638671875,5.81494140625,0.25454472587367744,0.3636341776210324,0.38182109650529017
2022-01-20,1122.0814208984375,1143.3427734375,1158.341552734375,1132.9820556640625,1153.772705078125,16494486,10.429931640625,25.3594970703125,4.56884765625,10.3607177734375,0.4112830633709596,0.18016318082264315,0.40855375580639725
2022-01-21,1122.262451171875,1143.52734375,1154.7879638671875,1131.59765625,1131.59765625,13338594,11.9296875,23.1903076171875,11.2606201171875,0.0,0.5144255823134622,0.4855744176865377,0.0
2022-01-24,1076.9935302734375,1097.4005126953125,1155.9417724609375,1086.8782958984375,1142.2120361328125,21868937,44.8115234375,69.0634765625,13.729736328125,10.522216796875,0.6488454631580436,0.19879880092193267,0.15235573592002374
2022-01-25,1074.887451171875,1095.2545166015625,1102.361572265625,1063.757080078125,1084.31689453125,24510205,10.9376220703125,38.6044921875,7.1070556640625,20.559814453125,0.2833251119374668,0.18409918797905442,0.5325757000834788
2022-01-27,1058.9674072265625,1079.03271484375,1087.3397216796875,1066.5491943359375,1078.0635986328125,20020431,0.9691162109375,20.79052734375,8.3070068359375,11.514404296875,0.04661335400079852,0.39955729350149133,0.5538293524977101
2022-01-28,1057.9482421875,1077.994384765625,1096.4774169921875,1074.5562744140625,1091.4471435546875,14667727,13.4527587890625,21.921142578125,5.0302734375,3.4381103515625,0.6136887592021294,0.22947131608548932,0.15683992471238126
2022-01-31,1080.933837890625,1101.41552734375,1110.55322265625,1087.3858642578125,1089.23193359375,12143683,12.18359375,23.1673583984375,9.1376953125,1.8460693359375,0.5258948189285884,0.39442111419644127,0.07968406687497036
2022-02-01,1077.35595703125,1097.7696533203125,1117.1064453125,1083.186279296875,1111.2916259765625,13200509,13.52197265625,33.920166015625,5.8148193359375,14.5833740234375,0.39864111071924685,0.1714266178195873,0.42993227146116586
2022-02-02,1079.552490234375,1100.0079345703125,1110.830078125,1096.1082763671875,1110.830078125,10017691,10.8221435546875,14.7218017578125,0.0,3.899658203125,0.7351099907960962,0.0,0.26489000920390376
2022-02-03,1065.6025390625,1085.793701171875,1108.268798828125,1083.232421875,1103.9075927734375,9572839,18.1138916015625,25.036376953125,4.3612060546875,2.561279296875,0.7235029108036158,0.17419477518064536,0.10230231401573882
2022-02-04,1055.8875732421875,1075.89453125,1083.809326171875,1071.187255859375,1080.37109375,11061241,4.4765625,12.6220703125,3.438232421875,4.707275390625,0.3546615087040619,0.2723984526112186,0.37294003868471953
2022-02-07,1049.4561767578125,1069.34130859375,1087.662841796875,1063.757080078125,1080.8326416015625,10714467,11.4913330078125,23.90576171875,6.8302001953125,5.584228515625,0.4806930288608836,0.2857135562409363,0.2335934148981801
2022-02-08,1067.09716796875,1087.316650390625,1089.1396484375,1066.0645751953125,1075.5946044921875,12060849,11.7220458984375,23.0750732421875,1.822998046875,9.530029296875,0.5079960429770778,0.07900291486581566,0.4130010421571065
2022-02-09,1079.52978515625,1099.98486328125,1101.6923828125,1088.2166748046875,1094.2852783203125,11486225,5.6995849609375,13.4757080078125,1.70751953125,6.068603515625,0.42295254228076057,0.12671093275841766,0.45033652496082177
2022-02-10,1078.4202880859375,1098.854248046875,1105.6151123046875,1091.4932861328125,1105.6151123046875,12464491,6.7608642578125,14.121826171875,0.0,7.3609619140625,0.47875283093892085,0.0,0.5212471690610792
2022-02-11,1076.3143310546875,1096.708251953125,1100.4464111328125,1081.8017578125,1095.2545166015625,15943370,1.4537353515625,18.6446533203125,3.7381591796875,13.4527587890625,0.07797062925158933,0.2004949684752221,0.7215344022731885
2022-02-14,1059.1712646484375,1079.240478515625,1086.80908203125,1067.4490966796875,1080.0250244140625,10719633,0.7845458984375,19.3599853515625,6.7840576171875,11.7913818359375,0.04052409566385241,0.3504164643719616,0.609059439964186
2022-02-15,1095.1328125,1115.883544921875,1118.6295166015625,1077.9251708984375,1085.078369140625,11212671,30.80517578125,40.704345703125,2.7459716796875,7.1531982421875,0.756803118908382,0.06746138851402009,0.17573549257759785
2022-02-16,1092.8682861328125,1113.5760498046875,1122.8291015625,1105.7305908203125,1121.444580078125,10392840,7.8685302734375,17.0985107421875,1.384521484375,7.845458984375,0.4601880474902014,0.0809732207237758,0.4588387317860228
2022-02-17,1106.704833984375,1127.6748046875,1132.9359130859375,1112.214599609375,1116.875732421875,12853252,10.799072265625,20.7213134765625,5.2611083984375,4.6611328125,0.5211577093237663,0.2538984029360998,0.22494388774013396
2022-02-18,1098.05419921875,1118.8602294921875,1133.628173828125,1116.8988037109375,1128.0902099609375,6775458,9.22998046875,16.7293701171875,5.5379638671875,1.96142578125,0.551723131480441,0.3310324195349041,0.1172444489846549
2022-02-21,1086.9576416015625,1107.553466796875,1124.9058837890625,1100.4925537109375,1113.1375732421875,11107193,5.5841064453125,24.413330078125,11.768310546875,7.0609130859375,0.22873186195585868,0.48204446133384,0.2892236767103013
2022-02-22,1082.0208740234375,1102.5230712890625,1105.70751953125,1083.2093505859375,1085.8629150390625,13494914,16.66015625,22.4981689453125,3.1844482421875,2.653564453125,0.7405116518813922,0.14154255174846042,0.11794579637014731
2022-02-23,1075.249755859375,1095.6236572265625,1110.6224365234375,1092.8316650390625,1108.1072998046875,7310110,12.483642578125,17.790771484375,2.51513671875,2.7919921875,0.7016920311234922,0.14137311138861824,0.15693485748788955
2022-02-24,1021.6695556640624,1041.0281982421875,1079.863525390625,1035.3287353515625,1063.757080078125,24846650,22.7288818359375,44.5347900390625,16.1064453125,5.699462890625,0.5103623889548254,0.36165984611968893,0.12797776492548563
2022-02-25,1034.4420166015625,1054.0426025390625,1065.1185302734375,1050.489013671875,1052.2657470703125,14570089,1.77685546875,14.6295166015625,11.075927734375,1.7767333984375,0.12145688180566565,0.7570945804998123,0.12144853769452209
2022-02-28,1068.682373046875,1088.931884765625,1092.5316162109375,1035.1441650390625,1035.1441650390625,21297446,53.7877197265625,57.387451171875,3.5997314453125,0.0,0.9372731952403439,0.06272680475965609,0.0
2022-03-02,1086.346435546875,1106.930419921875,1108.0611572265625,1074.9254150390625,1077.3482666015625,21471786,29.5821533203125,33.1357421875,1.1307373046875,2.4228515625,0.8927566237364062,0.034124399516666175,0.07311897674692759
2022-03-03,1077.1746826171875,1097.5850830078125,1114.452880859375,1093.7777099609375,1107.599609375,10186748,10.0145263671875,20.6751708984375,6.853271484375,3.807373046875,0.4843745387344941,0.3314735108135395,0.1841519504519664
2022-03-04,1053.283203125,1073.240966796875,1091.1240234375,1070.8411865234375,1085.9090576171875,10805667,12.6680908203125,20.2828369140625,5.2149658203125,2.3997802734375,0.6245719409955645,0.2571122492582317,0.1183158097462039
2022-03-07,1014.3324584960938,1033.552001953125,1067.0338134765625,1025.45263671875,1051.61962890625,17983310,18.067626953125,41.5811767578125,15.4141845703125,8.099365234375,0.43451456552947015,0.3707010183981,0.19478441607242986
2022-03-08,1012.498046875,1031.682861328125,1036.5286865234375,1006.0696411132812,1020.6068725585938,21289374,11.07598876953125,30.45904541015625,4.8458251953125,14.5372314453125,0.3636354527984675,0.1590931406437547,0.47727140655777783
2022-03-09,1066.2139892578125,1086.416748046875,1092.3701171875,1031.059814453125,1031.9136962890625,20414228,54.5030517578125,61.310302734375,5.953369140625,0.8538818359375,0.8889705208918197,0.0971022629984032,0.013927216109777124
2022-03-10,1083.4927978515625,1104.02294921875,1109.9071044921875,1089.1396484375,1107.599609375,17980493,3.57666015625,20.7674560546875,2.3074951171875,14.88330078125,0.1722242795088375,0.1111111111111111,0.7166646093800514
2022-03-11,1086.617919921875,1107.207275390625,1112.6761474609375,1096.546630859375,1096.546630859375,12257423,10.66064453125,16.1295166015625,5.4688720703125,0.0,0.660940113370619,0.339059886629381,0.0
2022-03-14,1095.540283203125,1116.298828125,1118.8602294921875,1095.6005859375,1101.553955078125,8340678,14.744873046875,23.2596435546875,2.5614013671875,5.953369140625,0.6339251507533733,0.11012212466477383,0.2559527245818529
2022-03-15,1070.4488525390625,1090.7318115234375,1120.49853515625,1080.3018798828125,1120.49853515625,15925769,29.7667236328125,40.1966552734375,0.0,10.429931640625,0.7405273754824759,0.0,0.259472624517524
2022-03-16,1088.520263671875,1109.1456298828125,1111.2454833984375,1097.03125,1099.2926025390625,11149828,9.85302734375,14.2142333984375,2.099853515625,2.2613525390625,0.6931803543364564,0.147728931752016,0.15909071391152751
2022-03-17,1124.0064697265625,1145.30419921875,1152.5496826171875,1114.5682373046875,1122.7137451171875,21422098,22.5904541015625,37.9814453125,7.2454833984375,8.1455078125,0.5947760522459055,0.19076376211657625,0.2144601856375183
2022-03-21,1117.5296630859375,1138.7047119140625,1146.3656005859375,1125.59814453125,1127.9056396484375,11999466,10.799072265625,20.7674560546875,7.660888671875,2.3074951171875,0.5199997648815297,0.3688891240073592,0.1111111111111111
2022-03-22,1146.4031982421875,1168.1253662109375,1169.8790283203125,1132.3360595703125,1135.335693359375,22557065,32.7896728515625,37.54296875,1.753662109375,2.9996337890625,0.8733905160753304,0.046710800124856934,0.07989868379981271
2022-03-23,1150.0491943359375,1171.84033203125,1183.6778564453125,1164.3641357421875,1164.3641357421875,15462187,7.4761962890625,19.313720703125,11.8375244140625,0.0,0.3870924926367417,0.6129075073632583,0.0
2022-03-24,1167.9166259765625,1190.0465087890625,1192.5848388671875,1158.3646240234375,1158.3646240234375,13168266,31.681884765625,34.22021484375,2.538330078125,0.0,0.925823666224334,0.074176333775666,0.0
2022-03-25,1175.7069091796875,1197.984375,1207.2835693359375,1189.2850341796875,1191.8233642578125,14222488,6.1610107421875,17.99853515625,9.2991943359375,2.538330078125,0.342306231518407,0.5166639537722797,0.14102981470931336
2022-03-28,1187.5283203125,1210.029541015625,1213.629150390625,1193.6693115234375,1204.5145263671875,9891424,5.5150146484375,19.9598388671875,3.599609375,10.84521484375,0.2763055696558641,0.18034260691941215,0.5433518234247238
2022-03-29,1187.7998046875,1210.306396484375,1217.4365234375,1203.314697265625,1217.4365234375,8684065,7.130126953125,14.121826171875,0.0,6.99169921875,0.5049011980706395,0.0,0.4950988019293605
2022-03-30,1210.6270751953125,1233.5660400390625,1240.5115966796875,1207.791259765625,1218.3134765625,15811550,15.2525634765625,32.7203369140625,6.945556640625,10.522216796875,0.4661493405957955,0.2122703277434759,0.32158033166072864
2022-03-31,1193.3255615234375,1215.9366455078125,1232.066162109375,1213.0985107421875,1229.8740234375,13223718,13.9373779296875,18.9676513671875,2.192138671875,2.838134765625,0.7347972429416345,0.11557248862488174,0.1496302684334837
2022-04-01,1202.8819580078125,1225.67431640625,1229.96630859375,1210.0526123046875,1216.5135498046875,7922880,9.1607666015625,19.9136962890625,4.2919921875,6.4609375,0.4600234164761268,0.2155296598480994,0.32444692367577377
2022-04-04,1206.4375,1229.297119140625,1234.5120849609375,1219.12109375,1225.48974609375,7929162,3.807373046875,15.3909912109375,5.2149658203125,6.36865234375,0.24737672802836227,0.3388323564635994,0.41379091550803837
2022-04-05,1189.3851318359375,1211.921630859375,1232.158447265625,1209.45263671875,1223.482177734375,13149870,11.560546875,22.705810546875,8.67626953125,2.468994140625,0.5091448662946356,0.3821167059127125,0.10873842779265185
2022-04-06,1186.2147216796875,1208.691162109375,1215.8212890625,1193.9462890625,1193.9462890625,12257215,14.744873046875,21.875,7.130126953125,0.0,0.6740513392857143,0.3259486607142857,0.0
2022-04-07,1165.2899169921875,1187.369873046875,1202.6685791015625,1184.6700439453125,1197.63818359375,15496499,10.268310546875,17.99853515625,5.0303955078125,2.6998291015625,0.5705081251186891,0.27948916198692386,0.15000271289438702
2022-04-08,1184.6748046875,1207.1220703125,1211.4371337890625,1181.4395751953125,1181.4395751953125,15152495,25.6824951171875,29.99755859375,4.3150634765625,0.0,0.8561528444697648,0.14384715553023522,0.0
2022-04-11,1182.2064208984375,1204.60693359375,1217.6904296875,1192.0540771484375,1199.8995361328125,9254209,4.7073974609375,25.6363525390625,13.08349609375,7.845458984375,0.18362196625923158,0.5103493593253751,0.30602867441539333
2022-04-12,1159.9456787109375,1181.9241943359375,1201.0994873046875,1179.316650390625,1193.9000244140625,13217742,11.975830078125,21.7828369140625,7.199462890625,2.6075439453125,0.5497828462551486,0.33051080164756647,0.11970635209728488
2022-04-13,1155.6881103515625,1177.5860595703125,1196.4844970703125,1174.747802734375,1188.13134765625,10354235,10.5452880859375,21.7366943359375,8.3531494140625,2.8382568359375,0.4851376167397665,0.38428793656320376,0.13057444669702978
2022-04-18,1152.1551513671875,1173.986328125,1181.3472900390625,1163.810302734375,1168.9791259765625,9974224,5.0072021484375,17.5369873046875,7.3609619140625,5.1688232421875,0.28552236832030514,0.4197392508857535,0.2947383807939414
2022-04-19,1196.065673828125,1218.728759765625,1231.2816162109375,1177.3092041015625,1180.5166015625,26141820,38.212158203125,53.972412109375,12.5528564453125,3.2073974609375,0.7079942642861343,0.23257912616308787,0.059426609550777804
2022-04-20,1231.2347412109375,1254.564208984375,1261.7406005859375,1222.5592041015625,1226.251220703125,25072240,28.31298828125,39.181396484375,7.1763916015625,3.6920166015625,0.7226130465395951,0.1831581374192302,0.09422881604117467
2022-04-21,1260.06298828125,1283.938720703125,1287.123046875,1260.8175048828125,1269.5399169921875,21708633,14.3988037109375,26.3055419921875,3.184326171875,8.722412109375,0.5473676883454373,0.12105153251815587,0.3315807791364069
2022-04-22,1249.5101318359375,1273.185791015625,1293.12255859375,1266.4478759765625,1273.23193359375,15054154,0.046142578125,26.6746826171875,19.890625,6.7379150390625,0.0017298266969920236,0.7456742891922441,0.25259588411076384
2022-04-25,1220.6138916015625,1243.7420654296875,1273.0010986328125,1229.2740478515625,1265.6171875,17063215,21.8751220703125,43.72705078125,7.3839111328125,14.468017578125,0.5002652060790816,0.1688636896586379,0.33087110426228045
2022-04-26,1257.1414794921875,1280.9620361328125,1289.89208984375,1249.6031494140625,1250.66455078125,12227666,30.2974853515625,40.2889404296875,8.9300537109375,1.0614013671875,0.7520050174672093,0.22165024981290543,0.02634473271988535
2022-04-27,1258.3646240234375,1282.2081298828125,1305.12158203125,1271.455078125,1271.8243408203125,19338945,10.3837890625,33.66650390625,22.9134521484375,0.3692626953125,0.30843086919317175,0.680600878910499,0.01096825189632917
2022-04-28,1277.16064453125,1301.3603515625,1315.736083984375,1285.78466796875,1296.79150390625,25614076,4.56884765625,29.951416015625,14.375732421875,11.0068359375,0.15254195841246812,0.4799683732607331,0.36748966832679875
2022-04-29,1263.7542724609375,1287.699951171875,1318.11279296875,1281.7235107421875,1318.11279296875,18214862,30.412841796875,36.3892822265625,0.0,5.9764404296875,0.8357637176661601,0.0,0.16423628233383988
2022-05-02,1259.315673828125,1283.17724609375,1294.73779296875,1272.839599609375,1274.66259765625,9467006,8.5146484375,21.898193359375,11.560546875,1.822998046875,0.3888288087407325,0.5279224037014326,0.08324878755783488
2022-05-04,1220.0023193359375,1243.1190185546875,1287.5845947265625,1235.112060546875,1285.277099609375,19247660,42.1580810546875,52.4725341796875,2.3074951171875,8.0069580078125,0.803431389654651,0.04397529399448651,0.1525933163508625
2022-05-05,1196.11083984375,1218.77490234375,1259.89453125,1214.6676025390625,1256.894775390625,17210669,38.119873046875,45.2269287109375,2.999755859375,4.1072998046875,0.8428578754598528,0.06632676471461461,0.0908153598255326
2022-05-06,1186.9393310546875,1209.4295654296875,1227.1280517578125,1196.9228515625,1205.5299072265625,19649948,3.899658203125,30.2052001953125,17.698486328125,8.6070556640625,0.12910552414514975,0.5859416992333526,0.28495277662149765
2022-05-09,1140.583251953125,1162.195068359375,1198.561279296875,1156.9801025390625,1188.3389892578125,18083752,26.1439208984375,41.5811767578125,10.2222900390625,5.2149658203125,0.6287441322479032,0.24583936377274074,0.12541650397935608
2022-05-10,1120.813232421875,1142.050537109375,1166.0255126953125,1134.3665771484375,1151.442138671875,19511677,9.3916015625,31.658935546875,14.5833740234375,7.6839599609375,0.296649315596684,0.4606400616926933,0.24271062271062271
2022-05-11,1109.3319091796875,1130.3515625,1146.8040771484375,1117.7294921875,1141.1275634765625,16643899,10.7760009765625,29.0745849609375,5.676513671875,12.6220703125,0.37063301130662235,0.19523971466837967,0.434127274024998
2022-05-12,1086.7313232421875,1107.32275390625,1123.682861328125,1093.754638671875,1120.2908935546875,20490321,12.9681396484375,29.92822265625,3.3919677734375,13.568115234375,0.43330804496435155,0.11333675949945345,0.453355195536195
2022-05-13,1099.050537109375,1119.87548828125,1143.5965576171875,1114.68359375,1119.5986328125,19308778,0.27685546875,28.9129638671875,23.7210693359375,4.9150390625,0.00957547866838361,0.8204302210212999,0.16999430031031643
2022-05-16,1099.3223876953125,1120.1524658203125,1144.9810791015625,1115.2835693359375,1123.498291015625,13437911,3.3458251953125,29.697509765625,21.4827880859375,4.868896484375,0.11266349339449692,0.7233868514727765,0.16394965513272663
2022-05-17,1145.497314453125,1167.2022705078125,1172.1634521484375,1122.3675537109375,1123.7982177734375,16551828,43.404052734375,49.7958984375,4.961181640625,1.4306640625,0.871639112784609,0.09963032692043694,0.02873056029495401
2022-05-18,1149.6640625,1171.4481201171875,1186.0545654296875,1157.5570068359375,1172.048095703125,17276788,0.5999755859375,28.49755859375,14.0064697265625,13.89111328125,0.02105357846580882,0.4914971814334424,0.48744924010074875
2022-05-19,1123.16845703125,1144.4503173828125,1159.518310546875,1138.0816650390625,1146.3656005859375,14699118,1.915283203125,21.4366455078125,13.1527099609375,6.36865234375,0.08934621801843869,0.6135619472806063,0.29709183470095496
2022-05-20,1188.660400390625,1211.1832275390625,1220.39013671875,1154.672607421875,1159.518310546875,21793091,51.6649169921875,65.717529296875,9.2069091796875,4.845703125,0.7861664542924968,0.14009822460147336,0.07373532110602982
2022-05-23,1180.7117919921875,1203.083984375,1224.6129150390625,1196.6690673828125,1214.436767578125,15252755,11.352783203125,27.94384765625,10.1761474609375,6.4149169921875,0.40627129602124795,0.36416414754757204,0.22956455643117998
2022-05-24,1184.7652587890625,1207.21435546875,1217.4365234375,1198.838134765625,1203.130126953125,13527818,4.084228515625,18.598388671875,10.22216796875,4.2919921875,0.2196012024311162,0.5496265374972105,0.23077226007167329
2022-05-25,1183.0216064453125,1205.4376220703125,1226.066650390625,1200.591796875,1216.0521240234375,12714544,10.614501953125,25.474853515625,10.0145263671875,4.8458251953125,0.4166658680339259,0.3931141885092721,0.19021994345680196
2022-05-26,1171.743896484375,1193.9462890625,1216.0059814453125,1175.901611328125,1211.16015625,17882023,17.2138671875,40.1043701171875,4.8458251953125,18.044677734375,0.4292267186144551,0.1208303529304336,0.4499429284551113
2022-05-27,1166.3089599609375,1188.408203125,1202.2762451171875,1172.2557373046875,1196.692138671875,16521973,8.283935546875,30.0205078125,5.5841064453125,16.1524658203125,0.27594255229172765,0.18600972642399402,0.5380477212842784
2022-05-30,1206.935791015625,1229.8048095703125,1234.050537109375,1197.222900390625,1206.822021484375,13853398,22.9827880859375,36.82763671875,4.2457275390625,9.59912109375,0.6240636145472866,0.11528645108256103,0.2606499343701523
2022-05-31,1192.374267578125,1214.967529296875,1236.2657470703125,1207.1451416015625,1219.005615234375,70620653,4.0380859375,29.12060546875,17.2601318359375,7.8223876953125,0.13866765036301748,0.5927119837690102,0.2686203658679723
2022-06-01,1192.75927734375,1215.35986328125,1225.3743896484375,1207.3758544921875,1215.72900390625,9776989,0.369140625,17.99853515625,9.6453857421875,7.9840087890625,0.02050948156588264,0.5358983749762621,0.4435921434578552
2022-06-02,1233.88427734375,1257.2640380859375,1261.0252685546875,1215.590576171875,1215.590576171875,22126569,41.6734619140625,45.4346923828125,3.76123046875,0.0,0.9172167726577843,0.08278322734221563,0.0
2022-06-03,1258.8853759765625,1282.73876953125,1300.20654296875,1265.4324951171875,1266.3555908203125,23939791,16.3831787109375,34.7740478515625,17.4677734375,0.923095703125,0.47113234504280915,0.5023221199919963,0.026545534965194528
2022-06-06,1253.4730224609375,1277.223876953125,1298.6605224609375,1269.9552001953125,1282.9696044921875,11093152,5.7457275390625,28.705322265625,15.69091796875,7.2686767578125,0.2001624467370319,0.5466205125152028,0.2532170407477653
2022-06-07,1255.828125,1279.6236572265625,1288.0921630859375,1270.0706787109375,1278.308349609375,12358255,1.3153076171875,18.021484375,8.468505859375,8.2376708984375,0.07298553159206676,0.46991167226617536,0.45710279614175786
2022-06-08,1233.77099609375,1257.148681640625,1283.4310302734375,1253.572021484375,1279.6236572265625,12479250,22.4749755859375,29.8590087890625,3.807373046875,3.57666015625,0.7527033380347908,0.12751170254083113,0.11978495942437808
2022-06-09,1267.60400390625,1291.6226806640625,1293.583984375,1250.66455078125,1250.66455078125,17278305,40.9581298828125,42.91943359375,1.9613037109375,0.0,0.9543026655593352,0.04569733444066485,0.0
2022-06-10,1229.33251953125,1252.6259765625,1287.5384521484375,1246.7418212890625,1279.2314453125,18093057,26.60546875,40.796630859375,8.3070068359375,5.8841552734375,0.6521486747694536,0.2036199230414774,0.14423140218906902
2022-06-13,1206.0750732421875,1228.9278564453125,1233.4967041015625,1207.4219970703125,1222.974609375,17620803,5.9532470703125,26.07470703125,4.56884765625,15.5526123046875,0.22831501282747513,0.17522143780079025,0.5964635493717346
2022-06-14,1190.3135986328125,1212.86767578125,1233.058349609375,1206.106689453125,1222.9976806640625,14714312,10.1300048828125,26.95166015625,10.0606689453125,6.760986328125,0.3758582893997862,0.37328568581625815,0.25085602478395563
2022-06-15,1175.910888671875,1198.1920166015625,1217.113525390625,1192.7001953125,1207.9989013671875,11195535,9.806884765625,24.413330078125,9.1146240234375,5.4918212890625,0.40170205106153184,0.3733462003860116,0.2249517485524566
2022-06-16,1159.4697265625,1181.4395751953125,1227.151123046875,1178.6705322265625,1210.5140380859375,17111475,29.074462890625,48.4805908203125,16.6370849609375,2.76904296875,0.5997134605555038,0.3431700125644273,0.057116526880068894
2022-06-17,1173.0572509765625,1195.2845458984375,1211.3677978515625,1179.6397705078125,1181.4395751953125,24457187,13.844970703125,31.72802734375,16.083251953125,1.7998046875,0.4363640560796565,0.5069099247449176,0.056726019175425905
2022-06-20,1151.79296875,1173.6171875,1207.791259765625,1163.4871826171875,1202.20703125,12066797,28.58984375,44.3040771484375,5.584228515625,10.1300048828125,0.6453095423748895,0.12604321938397361,0.22864723824113695
2022-06-21,1170.38525390625,1192.561767578125,1196.8536376953125,1166.81005859375,1181.4395751953125,11720049,11.1221923828125,30.0435791015625,4.2918701171875,14.6295166015625,0.37020197710844843,0.14285482108103056,0.48694320181052103
2022-06-22,1134.8310546875,1156.333984375,1180.655029296875,1154.2110595703125,1180.562744140625,10617206,24.228759765625,26.4439697265625,0.09228515625,2.1229248046875,0.9162300523014001,0.0034898374640514426,0.08028011023454847
2022-06-23,1116.419921875,1137.573974609375,1165.287109375,1128.3670654296875,1160.6951904296875,19446323,23.1212158203125,36.9200439453125,4.5919189453125,9.2069091796875,0.6262510373649772,0.12437468796392119,0.24937427467110157
2022-06-24,1132.3175048828125,1153.772705078125,1158.8260498046875,1138.9815673828125,1144.5196533203125,14240234,9.2530517578125,19.844482421875,5.0533447265625,5.5380859375,0.46627831157806676,0.25464734323290233,0.2790743451890309
2022-06-27,1128.9658203125,1150.3575439453125,1174.4940185546875,1145.23486328125,1174.4940185546875,15474529,24.136474609375,29.2591552734375,0.0,5.1226806640625,0.8249204183719873,0.0,0.17507958162801274
2022-06-28,1144.840576171875,1166.5330810546875,1169.41748046875,1145.48876953125,1145.48876953125,13572847,21.0443115234375,23.9287109375,2.8843994140625,0.0,0.8794586377178305,0.12054136228216954,0.0
2022-06-29,1168.5960693359375,1190.73876953125,1198.51513671875,1154.2110595703125,1157.0723876953125,19205146,33.6663818359375,44.3040771484375,7.7763671875,2.861328125,0.7598935358283347,0.17552260848241716,0.06458385568924806
2022-06-30,1175.616455078125,1197.89208984375,1207.2374267578125,1184.2086181640625,1190.6695556640625,23112959,7.2225341796875,23.02880859375,9.3453369140625,6.4609375,0.3136303882280601,0.405810699064945,0.2805589127069949
2022-07-01,1090.943359375,1111.6146240234375,1196.20751953125,1091.4471435546875,1188.31591796875,81997149,76.7012939453125,104.7603759765625,7.8916015625,20.16748046875,0.7321593992987624,0.07533002329302013,0.19251057740821745
2022-07-04,1093.2080078125,1113.922119140625,1126.9825439453125,1091.9547119140625,1097.885009765625,41857728,16.037109375,35.02783203125,13.0604248046875,5.9302978515625,0.4578390509778775,0.3728584970099112,0.16930245201221128
2022-07-05,1102.0625,1122.9444580078125,1137.5509033203125,1115.4912109375,1118.214111328125,17647327,4.7303466796875,22.0596923828125,14.6064453125,2.722900390625,0.21443393668413452,0.6621327740671673,0.12343328924869822
2022-07-06,1092.3699951171875,1113.068359375,1126.95947265625,1102.0616455078125,1116.875732421875,23943726,3.807373046875,24.8978271484375,10.083740234375,11.0067138671875,0.1529198923334134,0.4050048293072763,0.44207527835931026
2022-07-07,1081.61328125,1102.1077880859375,1122.9444580078125,1096.0621337890625,1119.552490234375,23301033,17.4447021484375,26.88232421875,3.3919677734375,6.045654296875,0.6489283443828898,0.126178367087458,0.22489328852965215
2022-07-08,1083.10791015625,1103.6307373046875,1115.9066162109375,1099.54638671875,1115.9066162109375,19010108,12.27587890625,16.3602294921875,0.0,4.0843505859375,0.7503488207248009,0.0,0.24965117927519903
2022-07-11,1097.82763671875,1118.6295166015625,1120.8907470703125,1093.754638671875,1096.75439453125,13847467,21.8751220703125,27.1361083984375,2.26123046875,2.999755859375,0.8061259834727101,0.0833292097580286,0.11054480676926122
2022-07-12,1096.26513671875,1117.0372314453125,1125.921142578125,1109.445556640625,1109.445556640625,10778989,7.5916748046875,16.4755859375,8.8839111328125,0.0,0.4607832967814593,0.5392167032185406,0.0
2022-07-13,1076.8350830078125,1097.2388916015625,1123.2906494140625,1095.13916015625,1120.1986083984375,14224132,22.959716796875,28.1514892578125,3.092041015625,2.0997314453125,0.8155773425202826,0.10983578834170941,0.07458686913800804
2022-07-14,1085.712158203125,1106.2843017578125,1123.267578125,1096.9620361328125,1102.0616455078125,16970315,4.22265625,26.3055419921875,16.9832763671875,5.099609375,0.16052344601962923,0.6456159075616603,0.1938606464187104
2022-07-15,1087.8182373046875,1108.4302978515625,1114.5220947265625,1099.80029296875,1114.5220947265625,9603210,6.091796875,14.7218017578125,0.0,8.6300048828125,0.4137942471455461,0.0,0.586205752854454
2022-07-18,1097.08056640625,1117.8680419921875,1119.1370849609375,1104.0460205078125,1117.2911376953125,15160908,0.576904296875,15.091064453125,1.26904296875,13.2451171875,0.03822820442301781,0.08409234303463672,0.8776794525423455
2022-07-19,1103.8062744140625,1124.7213134765625,1129.2901611328125,1107.738037109375,1107.738037109375,16439888,16.9832763671875,21.5521240234375,4.56884765625,0.0,0.7880094021692957,0.2119905978307043,0.0
2022-07-20,1133.653564453125,1155.134033203125,1173.36328125,1147.4039306640625,1172.2095947265625,23924246,17.0755615234375,25.9593505859375,1.1536865234375,7.7301025390625,0.6577807663912649,0.04444204101401775,0.29777719259471735
2022-07-21,1126.089599609375,1147.427001953125,1153.7496337890625,1138.6585693359375,1150.9805908203125,16523230,3.5535888671875,15.091064453125,2.76904296875,8.7684326171875,0.23547635610632067,0.1834889100998172,0.5810347337938622
2022-07-22,1133.698974609375,1155.1802978515625,1161.2720947265625,1151.442138671875,1153.7496337890625,10969995,1.4306640625,9.8299560546875,6.091796875,2.3074951171875,0.14554124703515592,0.6197176102425274,0.23474114272231675
2022-07-25,1096.242431640625,1117.01416015625,1138.727783203125,1108.984130859375,1138.727783203125,23110452,21.713623046875,29.74365234375,0.0,8.030029296875,0.7300254452926208,0.0,0.26997455470737913
2022-07-26,1096.7408447265625,1117.5218505859375,1127.8594970703125,1112.837646484375,1117.3372802734375,11303288,0.1845703125,15.0218505859375,10.337646484375,4.4996337890625,0.012286789263686525,0.6881739653337017,0.29953924540261173
2022-07-27,1095.698974609375,1116.46044921875,1120.06005859375,1108.5225830078125,1116.8065185546875,8655086,0.3460693359375,11.5374755859375,3.2535400390625,7.9378662109375,0.029995238850976037,0.2819975665238322,0.6880071946251918
2022-07-28,1112.8646240234375,1133.9512939453125,1138.95849609375,1117.2911376953125,1124.213623046875,12496073,9.7376708984375,21.6673583984375,5.0072021484375,6.9224853515625,0.4494166164316419,0.23109425968597005,0.3194891238823881
2022-07-29,1136.57470703125,1158.1107177734375,1161.6412353515625,1137.1356201171875,1142.0736083984375,15130683,16.037109375,24.505615234375,3.530517578125,4.93798828125,0.6544259028642591,0.14406973848069737,0.2015043586550436
2022-08-01,1166.1956787109375,1188.2928466796875,1194.2462158203125,1157.2569580078125,1162.5872802734375,15700044,25.70556640625,36.9892578125,5.953369140625,5.330322265625,0.6949468014890303,0.16094859677376772,0.144104601737202
2022-08-02,1170.63427734375,1192.8155517578125,1203.499267578125,1182.1549072265625,1187.2083740234375,13917913,5.607177734375,21.3443603515625,10.6837158203125,5.053466796875,0.26270066856159174,0.5005404539813443,0.23675887745706392
2022-08-03,1180.4625244140625,1202.830078125,1204.5145263671875,1184.8778076171875,1199.8995361328125,14250977,2.9305419921875,19.63671875,1.6844482421875,15.021728515625,0.14923786552615875,0.08578053511040382,0.7649815993634375
2022-08-04,1164.859619140625,1186.931396484375,1208.0911865234375,1169.902099609375,1204.5145263671875,14467127,17.5831298828125,38.1890869140625,3.57666015625,17.029296875,0.4604228931259889,0.09365660311016638,0.44592050376384473
2022-08-05,1147.6939697265625,1169.4405517578125,1190.11572265625,1166.18701171875,1188.8236083984375,13942438,19.383056640625,23.9287109375,1.2921142578125,3.2535400390625,0.8100334652899644,0.05399848998081867,0.13596804472921684
2022-08-08,1162.7081298828125,1184.7392578125,1192.307861328125,1168.0560302734375,1168.0560302734375,10165178,16.6832275390625,24.2518310546875,7.568603515625,0.0,0.6879162031700651,0.3120837968299349,0.0
2022-08-10,1169.66064453125,1191.8233642578125,1195.2384033203125,1180.078125,1189.2388916015625,10724688,2.58447265625,15.1602783203125,3.4150390625,9.1607666015625,0.1704765969096487,0.2252622933659707,0.6042611097243806
2022-08-11,1173.5556640625,1195.792236328125,1204.4683837890625,1190.7618408203125,1201.3302001953125,8198226,5.5379638671875,13.70654296875,3.13818359375,5.0303955078125,0.4040379751344804,0.22895514944248513,0.36700687542303445
2022-08-12,1192.5328369140625,1215.1290283203125,1218.9825439453125,1191.6849365234375,1195.4229736328125,12650587,19.7060546875,27.297607421875,3.853515625,3.738037109375,0.7218967722317124,0.14116679038735008,0.13693643738093747
2022-08-16,1200.8212890625,1223.574462890625,1226.343505859375,1212.49853515625,1221.2208251953125,6607378,2.3536376953125,13.844970703125,2.76904296875,8.7222900390625,0.16999947098344179,0.2000035267770548,0.6299970022395034
2022-08-17,1207.0941162109375,1229.96630859375,1235.388916015625,1225.535888671875,1229.8970947265625,6595965,0.0692138671875,9.85302734375,5.422607421875,4.3612060546875,0.007024629565389762,0.5503493731106596,0.44262599732395064
2022-08-18,1209.2833251953125,1228.1895751953125,1231.7430419921875,1218.451904296875,1227.589599609375,7410035,0.5999755859375,13.2911376953125,3.553466796875,9.1376953125,0.04514102552327771,0.26735610437082685,0.6875028701058954
2022-08-19,1187.72216796875,1206.2913818359375,1228.3741455078125,1202.1839599609375,1222.974609375,9460724,16.6832275390625,26.190185546875,5.3995361328125,4.107421875,0.6370030295968305,0.2061663947797716,0.1568305756233978
2022-08-22,1184.427734375,1202.9454345703125,1214.344482421875,1193.4385986328125,1207.7451171875,9471680,4.7996826171875,20.9058837890625,6.599365234375,9.5068359375,0.22958525291806073,0.31567023432071517,0.4547445127612241
2022-08-23,1202.694580078125,1221.497802734375,1224.451416015625,1195.9075927734375,1197.130615234375,9678484,24.3671875,28.5438232421875,2.95361328125,1.2230224609375,0.853676373107073,0.10347644238787843,0.04284718450504852
2022-08-24,1199.4908447265625,1218.244140625,1232.20458984375,1216.213623046875,1218.40576171875,10369622,0.16162109375,15.990966796875,13.798828125,2.030517578125,0.010107024534725721,0.8629139376173682,0.12697903784790607
2022-08-25,1195.9921875,1214.690673828125,1228.9278564453125,1210.3294677734375,1222.489990234375,7871946,7.79931640625,18.598388671875,6.4378662109375,4.3612060546875,0.41935441525879835,0.3461518266188845,0.23449375812231718
2022-08-26,1189.6077880859375,1208.20654296875,1222.974609375,1203.130126953125,1215.1290283203125,10742038,6.9224853515625,19.844482421875,7.8455810546875,5.076416015625,0.34883678013852837,0.3953532719018737,0.25580994795959794
2022-08-29,1180.36083984375,1198.8150634765625,1225.2821044921875,1189.7696533203125,1192.97705078125,19838975,5.8380126953125,35.512451171875,26.467041015625,3.2073974609375,0.16439340295203458,0.7452890505228278,0.09031754652513767
2022-08-30,1198.6729736328125,1217.4134521484375,1220.782470703125,1189.1004638671875,1206.360595703125,23139054,11.0528564453125,31.6820068359375,3.3690185546875,17.2601318359375,0.34886857081209377,0.10633854642269562,0.5447928827652107
2022-09-01,1163.4346923828125,1181.6241455078125,1202.1839599609375,1177.1475830078125,1191.892578125,19909939,10.2684326171875,25.036376953125,10.2913818359375,4.4765625,0.41014051819130365,0.41105715316580366,0.17880232864289267
2022-09-02,1149.84814453125,1167.8253173828125,1188.5235595703125,1165.610107421875,1181.6241455078125,12999345,13.798828125,22.9134521484375,6.8994140625,2.2152099609375,0.6022151544694657,0.30110757723473286,0.09667726829580144
2022-09-05,1167.7060546875,1185.9622802734375,1191.36181640625,1168.0560302734375,1168.0560302734375,11327815,17.90625,23.3057861328125,5.3995361328125,0.0,0.7683177858904993,0.2316822141095008,0.0
2022-09-06,1179.997314453125,1198.44580078125,1202.6685791015625,1186.9775390625,1187.4390869140625,10899618,11.0067138671875,15.6910400390625,4.2227783203125,0.4615478515625,0.7014649022490879,0.2691203584848414,0.029414739266070748
2022-09-07,1173.1361083984375,1191.4771728515625,1197.5458984375,1186.0545654296875,1188.362060546875,7488501,3.1151123046875,11.4913330078125,6.0687255859375,2.3074951171875,0.2710836334278764,0.5281132817064491,0.2008030848656745
2022-09-08,1174.79443359375,1193.16162109375,1198.9765625,1186.51611328125,1194.4769287109375,7057077,1.3153076171875,12.46044921875,4.4996337890625,6.6455078125,0.1055586033935499,0.36111328813824994,0.5333281084682001
2022-09-09,1167.4788818359375,1185.7315673828125,1204.5145263671875,1183.2855224609375,1204.5145263671875,8314850,18.782958984375,21.22900390625,0.0,2.446044921875,0.8847781585665985,0.0,0.11522184143340157
2022-09-12,1180.542724609375,1198.9996337890625,1205.4376220703125,1186.308349609375,1186.308349609375,7435419,12.6912841796875,19.1292724609375,6.43798828125,0.0,0.6634483462768096,0.3365516537231904,0.0
2022-09-13,1190.403076171875,1209.01416015625,1213.6060791015625,1200.361083984375,1208.20654296875,8888657,0.8076171875,13.2449951171875,4.5919189453125,7.845458984375,0.06097527257310858,0.3466908749066846,0.5923338525202068
2022-09-14,1176.1348876953125,1194.5230712890625,1204.5145263671875,1187.32373046875,1188.362060546875,8678219,6.1610107421875,17.1907958984375,9.991455078125,1.038330078125,0.3583900814474497,0.5812095691877268,0.060400349364823504
2022-09-15,1164.4798583984375,1182.6856689453125,1201.537841796875,1179.939697265625,1192.0540771484375,10365600,9.368408203125,21.59814453125,9.4837646484375,2.7459716796875,0.4337598625460629,0.4391008975199512,0.12713923993398593
2022-09-16,1135.62548828125,1153.38037109375,1178.2091064453125,1149.5960693359375,1173.940185546875,20217708,20.559814453125,28.613037109375,4.2689208984375,3.7843017578125,0.718547086579237,0.14919495900135668,0.1322579544194063
2022-09-19,1137.1025390625,1154.8802490234375,1164.2255859375,1145.142578125,1153.38037109375,7580254,1.4998779296875,19.0830078125,9.3453369140625,8.23779296875,0.07859756409600327,0.4897203316104601,0.43168210429353665
2022-09-20,1137.2841796875,1155.0648193359375,1171.148193359375,1151.3035888671875,1164.1102294921875,8411448,9.04541015625,19.8446044921875,7.0379638671875,3.76123046875,0.4558120651792799,0.3546537735210713,0.18953416129964876
2022-09-21,1140.419677734375,1158.249267578125,1168.9791259765625,1151.442138671875,1152.249755859375,9207309,5.99951171875,17.5369873046875,10.7298583984375,0.8076171875,0.34210617904401275,0.611841601525793,0.046052219430194274
2022-09-22,1129.673095703125,1147.334716796875,1155.134033203125,1140.873779296875,1147.28857421875,10308170,0.046142578125,14.26025390625,7.79931640625,6.414794921875,0.0032357473035439137,0.5469268960794385,0.4498373566170176
2022-09-23,1108.498291015625,1125.828857421875,1151.8804931640625,1124.259765625,1146.8271484375,9528051,20.998291015625,27.6207275390625,5.0533447265625,1.569091796875,0.7602367094034093,0.1829548015857232,0.056808489010867595
2022-09-26,1080.257568359375,1097.1466064453125,1115.8143310546875,1096.13134765625,1104.8536376953125,12479523,7.70703125,19.6829833984375,10.960693359375,1.0152587890625,0.39155808314159374,0.5568613831298103,0.05158053372859597
2022-09-27,1088.8455810546875,1105.8690185546875,1119.5986328125,1089.185791015625,1104.83056640625,16154822,1.0384521484375,30.412841796875,13.7296142578125,15.644775390625,0.034145186279310596,0.45144134670188085,0.5144134670188085
2022-09-28,1059.855224609375,1076.42529296875,1097.4466552734375,1073.956298828125,1089.3011474609375,16997059,12.8758544921875,23.4903564453125,8.1455078125,2.468994140625,0.5481336361227025,0.3467596514111405,0.10510671246615705
2022-09-29,1056.6063232421875,1073.1256103515625,1092.600830078125,1067.4490966796875,1089.1396484375,14671827,16.0140380859375,25.1517333984375,3.461181640625,5.676513671875,0.6366971942749814,0.13761205185325392,0.22569075387176463
2022-09-30,1080.4393310546875,1097.331298828125,1108.5225830078125,1066.526123046875,1066.526123046875,18613024,30.80517578125,41.9964599609375,11.1912841796875,0.0,0.7335183920240673,0.2664816079759327,0.0
2022-10-03,1076.6905517578125,1093.52392578125,1115.4219970703125,1090.524169921875,1103.6768798828125,11852723,10.1529541015625,24.8978271484375,11.7451171875,2.999755859375,0.40778474527242686,0.47173261817094275,0.12048263655663037
2022-10-04,1096.5474853515625,1113.69140625,1115.9066162109375,1103.0538330078125,1106.5843505859375,8948850,7.1070556640625,12.852783203125,2.2152099609375,3.530517578125,0.5529584955836262,0.17235255009972458,0.27468895431664925
2022-10-06,1100.5916748046875,1117.7987060546875,1130.674560546875,1115.975830078125,1120.983154296875,13352162,3.1844482421875,14.69873046875,9.69140625,1.8228759765625,0.21664784240773344,0.6593362787762017,0.12401587881606485
2022-10-07,1105.2493896484375,1122.5291748046875,1127.8594970703125,1114.360595703125,1114.360595703125,7714340,8.1685791015625,13.4989013671875,5.330322265625,0.0,0.6051291789877287,0.39487082101227133,0.0
2022-10-10,1093.185302734375,1110.2763671875,1115.7220458984375,1102.0616455078125,1109.9071044921875,6329527,0.3692626953125,13.660400390625,5.4456787109375,7.845458984375,0.02703161582042071,0.3986470787982771,0.5743213053813022
2022-10-11,1071.4193115234375,1088.17041015625,1114.060546875,1085.0322265625,1114.060546875,9215177,25.89013671875,29.0283203125,0.0,3.13818359375,0.891892346509672,0.0,0.10810765349032801
2022-10-12,1079.3033447265625,1096.177490234375,1099.1541748046875,1081.3402099609375,1085.4476318359375,7417103,10.7298583984375,17.81396484375,2.9766845703125,4.107421875,0.6023284817586273,0.16709837458542334,0.23057314365594936
2022-10-13,1082.734130859375,1099.661865234375,1104.83056640625,1089.185791015625,1094.4007568359375,7328492,5.2611083984375,15.644775390625,5.168701171875,5.2149658203125,0.3362853263837955,0.33037873940793683,0.3333359342082677
2022-10-14,1077.2357177734375,1094.07763671875,1115.1451416015625,1093.3392333984375,1114.5220947265625,9106089,20.4444580078125,21.805908203125,0.623046875,0.7384033203125,0.9375650771969501,0.0285723882351624,0.03386253456788741
2022-10-17,1094.525634765625,1111.6376953125,1114.060546875,1081.571044921875,1086.8321533203125,16729355,24.8055419921875,32.489501953125,2.4228515625,5.2611083984375,0.7634940673444698,0.07457336729863162,0.16193256535689865
2022-10-18,1113.8375244140625,1131.25146484375,1136.674072265625,1116.8988037109375,1117.7525634765625,12415820,13.4989013671875,19.7752685546875,5.422607421875,0.853759765625,0.6826153247859554,0.27421156920721734,0.0431731060068272
2022-10-19,1133.21728515625,1150.9344482421875,1166.6024169921875,1126.8441162109375,1132.7513427734375,19247142,18.18310546875,39.75830078125,15.66796875,5.9072265625,0.4573411114522567,0.3940804421246546,0.14857844642308873
2022-10-20,1136.2618408203125,1154.0264892578125,1162.51806640625,1146.8271484375,1146.8271484375,8717053,7.1993408203125,15.69091796875,8.4915771484375,0.0,0.4588221565271511,0.5411778434728489,0.0
2022-10-21,1123.084228515625,1140.6429443359375,1161.5028076171875,1138.5201416015625,1157.3031005859375,8243452,16.66015625,22.982666015625,4.19970703125,2.122802734375,0.7249009422437511,0.18273367538799834,0.09236538236825052
2022-10-24,1126.8331298828125,1144.4503173828125,1154.9033203125,1133.12060546875,1135.28955078125,3370033,9.1607666015625,21.78271484375,10.4530029296875,2.1689453125,0.4205521059828293,0.47987603954181707,0.09957185447535362
2022-10-25,1109.4298095703125,1126.77490234375,1153.2880859375,1125.1365966796875,1153.2880859375,12233241,26.51318359375,28.1514892578125,0.0,1.6383056640625,0.9418039433346197,0.0,0.05819605666538026
2022-10-27,1113.7918701171875,1131.205322265625,1139.1893310546875,1122.73681640625,1134.3665771484375,12513059,3.1612548828125,16.4525146484375,4.82275390625,8.468505859375,0.19214417676344236,0.29313171933313054,0.514724103903427
2022-10-28,1147.8717041015625,1165.81787109375,1169.902099609375,1135.0357666015625,1137.5970458984375,17609592,28.2208251953125,34.8663330078125,4.084228515625,2.561279296875,0.8094004376367615,0.11713960612691467,0.07345995623632386
2022-10-31,1158.5272216796875,1176.6400146484375,1181.8780517578125,1168.60986328125,1172.671142578125,12419943,3.9688720703125,13.2681884765625,5.238037109375,4.061279296875,0.2991268986963282,0.3947816326718372,0.3060914686318346
2022-11-01,1149.5528564453125,1167.525390625,1199.8995361328125,1157.441650390625,1199.8995361328125,13963166,32.3741455078125,42.4578857421875,0.0,10.083740234375,0.7625001796932277,0.0,0.23749982030677227
2022-11-02,1156.7322998046875,1174.8170166015625,1176.9168701171875,1160.672119140625,1168.656005859375,8981896,6.1610107421875,16.2447509765625,2.099853515625,7.98388671875,0.37926163048460665,0.12926350909623752,0.49147486041915583
2022-11-03,1161.0491943359375,1179.2012939453125,1181.23193359375,1165.3101806640625,1167.525390625,6693449,11.6759033203125,15.9217529296875,2.0306396484375,2.2152099609375,0.7333302665777307,0.12753869862226005,0.1391310348000092
2022-11-04,1178.1343994140625,1196.5537109375,1199.8995361328125,1177.332275390625,1178.6243896484375,12575815,17.9293212890625,22.5672607421875,3.3458251953125,1.2921142578125,0.7944837210811864,0.14826013815038594,0.057256140768427714
2022-11-07,1184.427734375,1202.9454345703125,1204.653076171875,1187.900634765625,1195.74609375,11789748,7.1993408203125,16.75244140625,1.7076416015625,7.845458984375,0.42974875397126117,0.10193389489638287,0.46831735113235595
2022-11-09,1183.246337890625,1201.74560546875,1210.029541015625,1195.3076171875,1204.653076171875,11254205,2.907470703125,14.721923828125,5.37646484375,6.43798828125,0.19749257889587238,0.3652012404437737,0.43730618066035387
2022-11-10,1168.9329833984375,1187.2083740234375,1198.307373046875,1182.8240966796875,1195.2845458984375,5966242,8.076171875,15.4832763671875,3.0228271484375,4.38427734375,0.521606130606517,0.19523175048683764,0.28316211890664544
2022-11-11,1195.878662109375,1214.5753173828125,1216.5135498046875,1194.361572265625,1199.8995361328125,12310132,14.67578125,22.1519775390625,1.938232421875,5.5379638671875,0.6625043395841714,0.0874970380615973,0.24999862235423131
2022-11-14,1190.0850830078125,1208.691162109375,1219.2825927734375,1202.2762451171875,1214.0906982421875,9043112,5.3995361328125,17.00634765625,5.19189453125,6.4149169921875,0.3175012202474949,0.30529156737201757,0.37720721238048754
2022-11-15,1184.7459716796875,1203.2685546875,1212.0831298828125,1195.2845458984375,1210.1910400390625,7086433,6.9224853515625,16.798583984375,1.89208984375,7.9840087890625,0.41208743296466926,0.11263388899385236,0.47527867804147833
2022-11-16,1177.9527587890625,1196.369140625,1207.260498046875,1191.2926025390625,1204.5145263671875,9716161,8.1453857421875,15.9678955078125,2.7459716796875,5.0765380859375,0.5101101606158598,0.17196828964367894,0.3179215497404613
2022-11-17,1180.997314453125,1199.461181640625,1205.8990478515625,1190.6695556640625,1192.9539794921875,6661451,6.5072021484375,15.2294921875,6.4378662109375,2.284423828125,0.4272763706316127,0.4227236293683873,0.15
2022-11-18,1180.36083984375,1198.8150634765625,1204.0531005859375,1186.562255859375,1203.0146484375,5303197,4.1995849609375,17.4908447265625,1.0384521484375,12.2528076171875,0.24010189482499913,0.05937118330599853,0.7005269218690023
2022-11-21,1159.1180419921875,1177.239990234375,1194.361572265625,1173.6402587890625,1194.361572265625,6390268,17.12158203125,20.7213134765625,0.0,3.5997314453125,0.8262787998751098,0.0,0.17372120012489028
2022-11-22,1165.547607421875,1183.7701416015625,1185.3623046875,1170.5943603515625,1174.51708984375,6611488,9.2530517578125,14.7679443359375,1.5921630859375,3.9227294921875,0.6265632878433447,0.1078120996205953,0.26562461253605996
2022-11-23,1161.9124755859375,1180.078125,1189.700439453125,1177.8629150390625,1188.362060546875,6413408,8.283935546875,11.8375244140625,1.33837890625,2.2152099609375,0.6998030379590195,0.11306239881204047,0.18713456322894
2022-11-24,1171.9320068359375,1190.2542724609375,1197.130615234375,1175.993896484375,1184.2086181640625,9389439,6.045654296875,21.13671875,6.8763427734375,8.2147216796875,0.2860261504343005,0.32532688042875624,0.38864696913694324
2022-11-25,1189.4261474609375,1208.02197265625,1211.390869140625,1191.638671875,1194.8231201171875,7349922,13.1988525390625,19.752197265625,3.368896484375,3.1844482421875,0.6682219887522403,0.17055806192447934,0.1612199493232804
2022-11-28,1230.299072265625,1249.533935546875,1255.76416015625,1154.672607421875,1204.0069580078125,31527484,45.5269775390625,101.091552734375,6.230224609375,49.3343505859375,0.45035392480999636,0.061629527303288564,0.48801654788671506
2022-11-29,1232.4119873046875,1251.6798095703125,1260.656005859375,1243.280517578125,1247.8724365234375,11058913,3.807373046875,17.37548828125,8.9761962890625,4.5919189453125,0.21912322607840382,0.516601095967402,0.2642756779541942
2022-11-30,1241.11376953125,1260.517578125,1267.0247802734375,1245.2188720703125,1251.818359375,26164986,8.69921875,21.805908203125,6.5072021484375,6.5994873046875,0.3989386119103866,0.2984146355117167,0.3026467525778967
2022-12-01,1237.455810546875,1256.802490234375,1271.4320068359375,1253.43359375,1265.3402099609375,9485801,8.5377197265625,17.9984130859375,6.091796875,3.368896484375,0.4743595830253047,0.33846299926073126,0.18717741771396404
2022-12-02,1236.93310546875,1256.271728515625,1268.2015380859375,1246.326416015625,1259.89453125,11589592,3.622802734375,21.8751220703125,8.3070068359375,9.9453125,0.16561291510650053,0.37974676480599995,0.4546403200874995
2022-12-05,1218.8935546875,1237.9501953125,1253.7796630859375,1235.8966064453125,1251.5875244140625,14828536,13.6373291015625,17.883056640625,2.192138671875,2.0535888671875,0.7625837895397889,0.12258187825089763,0.11483433220931344
2022-12-06,1222.415283203125,1241.52685546875,1244.6650390625,1228.051025390625,1229.9432373046875,8594245,11.5836181640625,16.614013671875,3.13818359375,1.8922119140625,0.6972197322596289,0.18888774595523944,0.11389252178513173
2022-12-07,1204.3758544921875,1223.205322265625,1243.7420654296875,1219.351806640625,1239.1270751953125,8462111,15.9217529296875,24.3902587890625,4.614990234375,3.853515625,0.6527914716848928,0.18921448412201897,0.15799404419308827
2022-12-08,1203.8077392578125,1222.62841796875,1229.8970947265625,1218.40576171875,1227.589599609375,7757008,4.961181640625,11.4913330078125,2.3074951171875,4.22265625,0.4317324750098261,0.2008030848656745,0.3674644401244994
2022-12-09,1185.563720703125,1204.0992431640625,1227.589599609375,1200.7532958984375,1221.1285400390625,12655763,17.029296875,26.8363037109375,6.4610595703125,3.345947265625,0.6345619373825867,0.2407581774266181,0.12467988519079524
2022-12-12,1187.38134765625,1205.9451904296875,1210.5140380859375,1192.97705078125,1193.2078857421875,9479842,12.7373046875,17.5369873046875,4.56884765625,0.2308349609375,0.7263108803240917,0.2605263707426408,0.01316274893326744
2022-12-13,1192.7886962890625,1211.4371337890625,1215.1290283203125,1202.9915771484375,1205.9451904296875,8333348,5.491943359375,12.137451171875,3.69189453125,2.95361328125,0.45247913104696774,0.30417379060645683,0.24334707834657548
2022-12-14,1188.4718017578125,1207.0528564453125,1217.875,1204.97607421875,1217.2750244140625,7268947,10.22216796875,12.89892578125,0.5999755859375,2.0767822265625,0.7924821137903623,0.04651360866108945,0.1610042775485483
2022-12-15,1171.591064453125,1189.9080810546875,1206.822021484375,1186.51611328125,1201.0533447265625,8688551,11.145263671875,20.305908203125,5.7686767578125,3.3919677734375,0.5488680220744713,0.28408858644031115,0.16704339148521755
2022-12-16,1165.7974853515625,1184.02392578125,1208.5758056640625,1180.5858154296875,1186.51611328125,15837349,2.4921875,27.989990234375,22.0596923828125,3.4381103515625,0.08903852695665826,0.7881279056582379,0.12283356738510384
2022-12-19,1181.110595703125,1199.5765380859375,1201.74560546875,1184.5316162109375,1191.131103515625,7729933,8.4454345703125,17.2139892578125,2.1690673828125,6.5994873046875,0.4906146067495408,0.1260060843728061,0.38337930887765304
2022-12-20,1191.3345947265625,1209.9603271484375,1211.8985595703125,1184.2086181640625,1192.469482421875,7467588,17.4908447265625,27.68994140625,1.938232421875,8.2608642578125,0.6316678128692095,0.06999770759491439,0.29833447953587616
2022-12-21,1174.3857421875,1192.746337890625,1215.1290283203125,1188.8697509765625,1209.591064453125,8527550,16.8447265625,26.25927734375,5.5379638671875,3.8765869140625,0.6414771565109058,0.21089551683742724,0.147627326651667
2022-12-22,1171.3411865234375,1189.654296875,1202.0455322265625,1184.5546875,1198.9765625,7451122,9.322265625,17.4908447265625,3.0689697265625,5.099609375,0.5329797257214642,0.17546149282897722,0.29155878144955855
2022-12-23,1136.9888916015625,1154.764892578125,1195.515380859375,1150.1729736328125,1182.9625244140625,10257115,28.1976318359375,45.3424072265625,12.5528564453125,4.5919189453125,0.6218821090605607,0.27684583181897726,0.10127205912046199
2022-12-26,1146.91748046875,1164.8486328125,1173.132568359375,1150.2421875,1160.5567626953125,5990242,4.2918701171875,22.890380859375,8.283935546875,10.3145751953125,0.18749666698663595,0.3618959246578995,0.45060740835546453
2022-12-27,1156.3006591796875,1174.378662109375,1176.270751953125,1160.7874755859375,1167.5946044921875,5763271,6.7840576171875,15.4832763671875,1.89208984375,6.80712890625,0.43815388011573725,0.12220216179566222,0.4396439580886005
2022-12-28,1156.1871337890625,1174.2633056640625,1176.7322998046875,1163.671875,1171.28662109375,7459393,2.9766845703125,13.0604248046875,2.468994140625,7.61474609375,0.22791636679720725,0.18904393827518204,0.5830396949276108
2022-12-29,1155.6644287109375,1173.7325439453125,1176.31689453125,1165.517822265625,1166.2100830078125,6930648,7.5224609375,10.799072265625,2.5843505859375,0.6922607421875,0.696583998372256,0.2393122781633622,0.0641037234643818
2022-12-30,1157.4366455078125,1175.5323486328125,1189.2850341796875,1172.71728515625,1174.563232421875,7289476,0.9691162109375,16.5677490234375,13.752685546875,1.845947265625,0.05849413879740353,0.830087752260118,0.11141810894247843
2023-01-02,1170.4779052734375,1188.7774658203125,1190.2081298828125,1175.993896484375,1176.8245849609375,5316175,11.952880859375,14.2142333984375,1.4306640625,0.8306884765625,0.8409092860884725,0.1006501034841081,0.05844061042741942
2023-01-03,1161.9124755859375,1180.078125,1187.4390869140625,1175.809326171875,1183.7701416015625,7658932,3.6920166015625,11.6297607421875,3.6689453125,4.268798828125,0.31746281659686576,0.31547900200480733,0.36705818139832685
2023-01-04,1144.4183349609375,1162.3104248046875,1181.9241943359375,1160.2105712890625,1180.0550537109375,9264891,17.74462890625,21.713623046875,1.869140625,2.099853515625,0.817211796849526,0.08608147157040219,0.09670673158007173
2023-01-05,1142.37353515625,1160.233642578125,1170.5482177734375,1155.5955810546875,1164.5948486328125,13637099,4.3612060546875,14.95263671875,5.953369140625,4.6380615234375,0.291668027299742,0.3981484505110538,0.3101835221892042
2023-01-06,1152.75634765625,1170.7789306640625,1175.8785400390625,1162.195068359375,1166.048583984375,6349597,4.7303466796875,13.6834716796875,5.099609375,3.853515625,0.345697845577412,0.3726838842053615,0.28161827021722646
2023-01-09,1179.974609375,1198.4227294921875,1200.8226318359375,1173.755615234375,1174.655517578125,10722753,23.7672119140625,27.0670166015625,2.39990234375,0.89990234375,0.8780876098731357,0.08866519642994052,0.03324719369692378
2023-01-10,1162.52587890625,1180.701171875,1202.6685791015625,1174.9786376953125,1202.6685791015625,8047142,21.9674072265625,27.68994140625,0.0,5.7225341796875,0.7933352730607135,0.0,0.20666472693928653
2023-01-11,1147.8717041015625,1165.81787109375,1180.5166015625,1163.4871826171875,1177.9783935546875,11509553,12.1605224609375,17.0294189453125,2.5382080078125,2.3306884765625,0.714089100749077,0.1490484212035411,0.1368624780473818
2023-01-12,1123.084228515625,1140.6429443359375,1168.748291015625,1137.5970458984375,1165.2178955078125,17688773,24.574951171875,31.1512451171875,3.5303955078125,3.0458984375,0.7888914577708461,0.1133307992836738,0.09777774294548006
2023-01-13,1121.266845703125,1138.7969970703125,1141.242919921875,1123.5675048828125,1134.5511474609375,20618583,4.245849609375,17.6754150390625,2.4459228515625,10.983642578125,0.24021215909169388,0.13837993881088698,0.6214079020974191
2023-01-16,1110.5885009765625,1127.9517822265625,1144.3580322265625,1120.06005859375,1141.150634765625,13623855,13.1988525390625,24.2979736328125,3.2073974609375,7.8917236328125,0.5432079538204161,0.13200267270873,0.3247893734708539
2023-01-17,1126.3560791015625,1143.9658203125,1145.904052734375,1130.9515380859375,1134.3665771484375,10751000,9.5992431640625,14.9525146484375,1.938232421875,3.4150390625,0.6419818598917472,0.12962585006245356,0.22839229004579928
2023-01-18,1124.4930419921875,1142.0736083984375,1149.6422119140625,1135.451171875,1141.5198974609375,13448286,0.5537109375,14.1910400390625,7.568603515625,6.0687255859375,0.03901834791360223,0.5333367741047543,0.42764487798164347
2023-01-19,1123.288818359375,1140.8507080078125,1145.05029296875,1133.7435302734375,1141.242919921875,11940054,0.3922119140625,11.3067626953125,3.807373046875,7.107177734375,0.03468825910931174,0.33673414304993254,0.6285775978407557
2023-01-20,1109.9296875,1127.2825927734375,1142.2120361328125,1124.79052734375,1142.2120361328125,14930286,14.929443359375,17.4215087890625,0.0,2.4920654296875,0.8569546725337556,0.0,0.14304532746624438
2023-01-23,1104.3177490234375,1121.5830078125,1138.15087890625,1119.1370849609375,1130.213134765625,10954118,8.630126953125,19.0137939453125,7.937744140625,2.4459228515625,0.4538876869049377,0.4174729232606365,0.12863938983442583
2023-01-24,1097.7972412109375,1114.9605712890625,1127.7440185546875,1101.7615966796875,1126.0595703125,16488755,11.0989990234375,25.982421875,1.6844482421875,13.198974609375,0.4271733819439224,0.06483030143576637,0.5079963166203112
2023-01-25,1082.620361328125,1099.54638671875,1114.3836669921875,1098.36962890625,1113.3453369140625,12385018,13.7989501953125,16.0140380859375,1.038330078125,1.1767578125,0.8616783675211721,0.06483874164360798,0.07348289083521996
2023-01-27,1062.081787109375,1078.6866455078125,1101.7615966796875,1066.8260498046875,1100.4002685546875,25830975,21.713623046875,34.935546875,1.361328125,11.860595703125,0.6215337954939342,0.03896684743109521,0.33949935707497064
2023-01-30,1072.26025390625,1089.0242919921875,1094.6314697265625,1061.9111328125,1076.0792236328125,21772103,12.945068359375,32.7203369140625,5.607177734375,14.1680908203125,0.3956275998433099,0.1713667481206514,0.43300565203603875
2023-01-31,1069.579345703125,1086.3013916015625,1101.900146484375,1080.37109375,1099.2926025390625,22691594,12.9912109375,21.529052734375,2.6075439453125,5.9302978515625,0.6034269643808897,0.12111744894140594,0.2754555866777043
2023-02-01,1063.2406005859375,1079.863525390625,1098.3465576171875,1063.757080078125,1098.3465576171875,19347800,18.4830322265625,34.5894775390625,0.0,16.1064453125,0.5343541892383107,0.0,0.4656458107616893
2023-02-02,1057.35595703125,1073.8870849609375,1083.6015625,1066.526123046875,1069.756591796875,13662663,4.1304931640625,17.075439453125,9.7144775390625,3.23046875,0.2418967415392974,0.5689152285497777,0.18918802991092493
2023-02-03,1058.28759765625,1074.8331298828125,1084.0631103515625,1058.2191162109375,1084.0631103515625,24699575,9.22998046875,25.843994140625,0.0,16.614013671875,0.35714218237811385,0.0,0.6428578176218861
2023-02-06,1050.312744140625,1066.7337646484375,1071.14111328125,1064.1263427734375,1068.3720703125,14837879,1.6383056640625,7.0147705078125,2.76904296875,2.607421875,0.23355085704341774,0.39474462716436093,0.37170451579222136
2023-02-07,1047.7908935546875,1064.1724853515625,1074.0947265625,1058.2191162109375,1066.9876708984375,15135435,2.815185546875,15.8756103515625,7.1070556640625,5.953369140625,0.17732770485878835,0.4476713339946022,0.37500096114660947
2023-02-08,1068.7159423828125,1085.424560546875,1089.093505859375,1064.68017578125,1067.4490966796875,21160332,17.9754638671875,24.413330078125,3.6689453125,2.7689208984375,0.7362970889126674,0.15028450853525605,0.11341840255207657
2023-02-09,1070.578857421875,1087.316650390625,1094.1468505859375,1077.140625,1086.1168212890625,13172763,1.1998291015625,17.0062255859375,6.8302001953125,8.9761962890625,0.07055234540429961,0.4016294009977389,0.5278182535979614
2023-02-10,1061.763671875,1078.3636474609375,1086.7860107421875,1071.279541015625,1086.7860107421875,10790445,8.42236328125,15.5064697265625,0.0,7.0841064453125,0.5431515638161365,0.0,0.4568484361838635
2023-02-13,1055.7203369140625,1072.2257080078125,1084.524658203125,1067.7030029296875,1080.001953125,10352493,7.7762451171875,16.8216552734375,4.522705078125,4.522705078125,0.4622758575647845,0.26886207121760775,0.26886207121760775
2023-02-14,1080.598388671875,1097.4927978515625,1099.2464599609375,1072.3641357421875,1075.2716064453125,14321920,22.22119140625,26.88232421875,1.753662109375,2.907470703125,0.8266097538824811,0.06523476523476524,0.1081554808827536
2023-02-15,1105.0675048828125,1122.344482421875,1124.7674560546875,1095.13916015625,1096.5235595703125,33503591,25.8209228515625,29.6282958984375,2.4229736328125,1.3843994140625,0.8714953752343283,0.08177904126238593,0.04672558350328575
2023-02-16,1104.2042236328125,1121.4676513671875,1137.0433349609375,1119.16015625,1130.4207763671875,17264487,8.953125,17.8831787109375,6.62255859375,2.3074951171875,0.5006450555976492,0.3703233469170438,0.12903159748530707
2023-02-17,1108.8162841796875,1126.15185546875,1129.5208740234375,1112.491455078125,1116.82958984375,11809520,9.322265625,17.0294189453125,3.3690185546875,4.338134765625,0.547421239382101,0.1978352030393176,0.2547435575785814
2023-02-20,1097.093017578125,1114.2452392578125,1130.5592041015625,1112.2607421875,1128.3670654296875,8836937,14.121826171875,18.2984619140625,2.192138671875,1.9844970703125,0.7717493545740188,0.11979906738447375,0.1084515780415074
2023-02-21,1106.044677734375,1123.3367919921875,1129.19775390625,1113.299072265625,1118.6756591796875,13311592,4.6611328125,15.898681640625,5.8609619140625,5.3765869140625,0.2931773160731561,0.36864452327206276,0.3381781606547811
2023-02-22,1080.9617919921875,1097.8619384765625,1121.444580078125,1096.085205078125,1119.5755615234375,11024335,21.713623046875,25.359375,1.8690185546875,1.7767333984375,0.8562365218730745,0.07370128619839802,0.07006219192852742
2023-02-23,1075.78173828125,1092.600830078125,1105.1767578125,1089.7626953125,1097.4466552734375,9851910,4.8458251953125,15.4140625,7.7301025390625,2.838134765625,0.31437690065889506,0.5014967688798784,0.18412633046122656
2023-02-24,1083.142822265625,1100.0771484375,1105.8228759765625,1092.8316650390625,1094.6776123046875,9434053,5.3995361328125,12.9912109375,5.7457275390625,1.845947265625,0.4156299330977975,0.44227805758099675,0.14209200932120575
2023-02-27,1075.9407958984375,1092.7623291015625,1102.8231201171875,1085.3092041015625,1099.2926025390625,11199715,6.5302734375,17.513916015625,3.530517578125,7.453125,0.3728619819618886,0.20158356217851317,0.4255544558595983
2023-02-28,1055.3565673828125,1071.8564453125,1092.3701171875,1067.7491455078125,1087.3397216796875,21994038,15.4832763671875,24.6209716796875,5.0303955078125,4.1072998046875,0.6288653660229555,0.20431344356578002,0.16682119041126453
2023-03-01,1065.0579833984375,1081.70947265625,1082.4478759765625,1072.179443359375,1081.755615234375,11551145,0.046142578125,10.2684326171875,0.6922607421875,9.530029296875,0.004493634018473829,0.06741639819779123,0.928089967783735
2023-03-02,1056.9471435546875,1073.4716796875,1085.2861328125,1071.41796875,1078.525146484375,9333535,5.053466796875,13.8681640625,6.760986328125,2.0537109375,0.3643933525808042,0.4875184846137596,0.14808816280543624
2023-03-03,1083.91552734375,1100.8616943359375,1104.5767822265625,1080.625,1084.13232421875,14643807,16.7293701171875,23.9517822265625,3.715087890625,3.50732421875,0.6984603466640844,0.15510695010014627,0.1464327032357693
2023-03-06,1094.5029296875,1111.6146240234375,1118.9525146484375,1107.599609375,1107.599609375,10171916,4.0150146484375,11.3529052734375,7.337890625,0.0,0.35365525843252366,0.6463447415674763,0.0
2023-03-08,1098.4334716796875,1115.606689453125,1116.3681640625,1100.6771240234375,1111.6146240234375,15782657,3.9920654296875,15.6910400390625,0.761474609375,10.9375,0.25441687866128315,0.04852926303669646,0.6970538583020204
2023-03-09,1072.032958984375,1088.79345703125,1115.39892578125,1086.8782958984375,1114.983642578125,16235128,26.190185546875,28.5206298828125,0.415283203125,1.9151611328125,0.9182891701370907,0.014560800544424993,0.06715002931848434
2023-03-10,1055.4249267578125,1071.9256591796875,1081.755615234375,1068.3951416015625,1080.6019287109375,13334091,8.67626953125,13.3604736328125,1.1536865234375,3.530517578125,0.6493983499163994,0.08635072042686548,0.2642509296567351
2023-03-13,1038.0670166015625,1054.29638671875,1081.755615234375,1049.912109375,1074.8331298828125,12771592,20.5367431640625,31.843505859375,6.9224853515625,4.38427734375,0.6449272028888838,0.21739080433332567,0.13768199277779056
2023-03-14,1034.1817626953125,1050.3505859375,1063.7340087890625,1047.166259765625,1052.2196044921875,16027522,1.8690185546875,16.5677490234375,11.514404296875,3.184326171875,0.11281065110556059,0.6949890585972901,0.19220029029714933
2023-03-15,1016.505859375,1032.398193359375,1060.6650390625,1027.9447021484375,1054.11181640625,21728555,21.713623046875,32.7203369140625,6.55322265625,4.4534912109375,0.6636124531328694,0.2002798037642933,0.13610774310283721
2023-03-16,1011.4393310546876,1027.25244140625,1040.2205810546875,1016.31494140625,1035.1441650390625,18363159,7.8917236328125,23.9056396484375,5.076416015625,10.9375,0.33011974366175606,0.2123522353001251,0.45752802103811885
2023-03-17,1010.1670532226562,1025.9603271484375,1039.2745361328125,1021.1607055664062,1035.9517822265625,34014213,9.991455078125,18.11383056640625,3.32275390625,4.79962158203125,0.5515926099394495,0.18343739575506188,0.2649699943054886
2023-03-20,1000.238525390625,1015.8765258789062,1024.5296630859375,1006.0696411132812,1022.22216796875,19524589,6.34564208984375,18.46002197265625,2.3074951171875,9.806884765625,0.3437505166160245,0.12499958670718038,0.5312498966767951
2023-03-21,1031.341796875,1047.4661865234375,1049.45068359375,1023.1451416015624,1024.0450439453125,21400360,23.421142578125,26.305541992187614,1.9844970703125,0.8999023437501137,0.8903501241328067,0.0754402654353926,0.034209610431800735
2023-03-22,1034.4771728515625,1050.6505126953125,1057.5037841796875,1047.6046142578125,1054.527099609375,10920094,3.8765869140625,9.899169921875,2.9766845703125,3.0458984375,0.3916072705748884,0.3007004217328039,0.3076923076923077
2023-03-23,1021.390625,1037.359375,1047.5584716796875,1035.167236328125,1046.681640625,16249370,9.322265625,12.3912353515625,0.8768310546875,2.192138671875,0.7523273798382409,0.07076219842575535,0.17691042173600371
2023-03-24,1001.1700439453124,1016.8225708007812,1038.3746337890625,1014.3766479492188,1036.1824951171875,12375945,19.35992431640625,23.99798583984375,2.192138671875,2.4459228515625,0.8067312167616606,0.09134677745477297,0.10192200578356643
2023-03-27,1016.73291015625,1032.62890625,1040.2205810546875,1015.3919677734376,1023.3759155273438,14054323,9.25299072265625,24.828613281249886,7.5916748046875,7.983947753906136,0.37267448720722307,0.3057631418513652,0.32156237094141166
2023-03-28,1021.4815063476562,1037.45166015625,1041.3743896484375,1032.3751220703125,1036.067138671875,12576424,1.384521484375,8.999267578125,3.9227294921875,3.6920166015625,0.15384824068799002,0.4358943056346816,0.41025745367732835
2023-03-29,1015.4381103515624,1031.313720703125,1035.974853515625,1020.4223022460938,1033.298095703125,18804065,1.984375,15.55255126953125,2.6767578125,10.89141845703125,0.12759160639370834,0.1721105281127729,0.7002978654935188
2023-03-31,1059.2191162109375,1075.7791748046875,1081.5018310546875,1040.543701171875,1040.68212890625,28171201,35.0970458984375,40.9581298828125,5.72265625,0.138427734375,0.8569005957756259,0.13971966655639304,0.003379737667981009
2023-04-03,1059.4007568359375,1075.9637451171875,1084.0631103515625,1068.3720703125,1082.2171630859375,10293043,6.25341796875,15.6910400390625,1.845947265625,7.5916748046875,0.3985343197890167,0.11764339782637447,0.4838222823846088
2023-04-05,1056.856201171875,1073.37939453125,1083.6015625,1065.3955078125,1083.6015625,16262928,10.22216796875,18.2060546875,0.0,7.98388671875,0.5614707933272542,0.0,0.4385292066727458
2023-04-06,1063.94482421875,1080.5787353515625,1086.37060546875,1069.8258056640625,1069.8258056640625,18435046,10.7529296875,16.5447998046875,5.7918701171875,0.0,0.6499280628619913,0.35007193713800866,0.0
2023-04-10,1056.40185546875,1072.9178466796875,1084.709228515625,1071.3948974609375,1084.524658203125,12961408,11.6068115234375,13.3143310546875,0.1845703125,1.52294921875,0.8717532616369154,0.013862529911708887,0.11438420845137572
2023-04-11,1061.6273193359375,1078.22509765625,1080.37109375,1072.5487060546875,1077.140625,10542367,1.08447265625,7.8223876953125,2.14599609375,4.5919189453125,0.1386370374994148,0.2743402880729077,0.5870226744276774
2023-04-12,1066.3074951171875,1082.9786376953125,1092.7392578125,1075.3177490234375,1078.22509765625,18179087,4.7535400390625,17.4215087890625,9.7606201171875,2.9073486328125,0.2728546704316935,0.560262617627893,0.16688271194041354
2023-04-13,1070.3289794921875,1087.0628662109375,1091.8162841796875,1080.8326416015625,1085.9090576171875,12378208,1.15380859375,10.983642578125,4.75341796875,5.076416015625,0.10504790059792393,0.4327724554891196,0.4621796439129565
2023-04-17,1075.759033203125,1092.5777587890625,1119.114013671875,1084.086181640625,1119.114013671875,17929479,26.5362548828125,35.02783203125,0.0,8.4915771484375,0.7575762855987844,0.0,0.24242371440121555
2023-04-18,1063.4449462890625,1080.0711669921875,1096.985107421875,1073.4486083984375,1096.985107421875,10405576,16.9139404296875,23.5364990234375,0.0,6.62255859375,0.71862601200139,0.0,0.28137398799861
2023-04-19,1068.7386474609375,1085.4476318359375,1088.17041015625,1076.3099365234375,1079.47119140625,12273475,5.9764404296875,11.8604736328125,2.7227783203125,3.1612548828125,0.5038955959695762,0.22956741902615246,0.26653698500427125
2023-04-20,1066.034912109375,1082.70166015625,1088.6781005859375,1076.2637939453125,1086.416748046875,7007330,3.715087890625,12.414306640625,2.2613525390625,6.4378662109375,0.2992585891561289,0.18215697457177132,0.5185844362720997
2023-04-21,1067.37548828125,1084.0631103515625,1089.60107421875,1078.2481689453125,1084.8245849609375,7647317,0.761474609375,11.3529052734375,4.7764892578125,5.81494140625,0.06707310516865048,0.42072836360117416,0.5121985312301753
2023-04-24,1071.465087890625,1088.2166748046875,1098.784912109375,1083.6015625,1096.0621337890625,12936186,7.845458984375,15.183349609375,2.7227783203125,4.6151123046875,0.5167146371661494,0.17932659066424403,0.30395877216960654
2023-04-25,1079.6668701171875,1096.546630859375,1098.646484375,1084.75537109375,1091.9085693359375,9236126,4.6380615234375,13.89111328125,2.099853515625,7.1531982421875,0.33388695560476644,0.1511652430665401,0.5149478013286934
2023-04-26,1073.328125,1090.1087646484375,1101.184814453125,1086.3936767578125,1097.9080810546875,8617834,7.79931640625,14.7911376953125,3.2767333984375,3.715087890625,0.5272965857603843,0.2215335605641707,0.25116985367544503
2023-04-27,1080.1212158203125,1097.0081787109375,1100.215576171875,1090.985595703125,1096.0621337890625,9167125,0.946044921875,9.22998046875,3.2073974609375,5.0765380859375,0.10249695815479025,0.3474977516796276,0.5500052901655822
2023-04-28,1099.8646240234375,1117.060302734375,1118.6295166015625,1099.17724609375,1099.2926025390625,15565210,17.7677001953125,19.4522705078125,1.5692138671875,0.1153564453125,0.9133998104836433,0.0806699591473019,0.0059302303690548655
2023-05-02,1109.20263671875,1126.544189453125,1128.736328125,1120.5677490234375,1124.305908203125,12981805,2.23828125,8.1685791015625,2.192138671875,3.7381591796875,0.2740110883631962,0.2683622995651329,0.4576266120716709
2023-05-03,1099.6829833984375,1116.875732421875,1128.3670654296875,1113.6221923828125,1128.3670654296875,7061872,11.4913330078125,14.744873046875,0.0,3.2535400390625,0.7793443165824986,0.0,0.22065568341750144
2023-05-04,1112.360595703125,1129.7515869140625,1131.9898681640625,1114.3375244140625,1117.3603515625,8635233,12.3912353515625,17.65234375,2.23828125,3.0228271484375,0.7019597809249835,0.1267979641513609,0.17124225492365566
2023-05-05,1109.5205078125,1126.8671875,1135.91259765625,1124.213623046875,1126.5211181640625,8746585,0.3460693359375,11.698974609375,9.04541015625,2.3074951171875,0.029581168221373567,0.7731797408126213,0.19723909096600514
2023-05-08,1123.2208251953125,1140.781494140625,1146.2041015625,1127.974853515625,1130.674560546875,9153782,10.10693359375,18.229248046875,5.422607421875,2.69970703125,0.554435024843639,0.2974674220204374,0.1480975531359235
2023-05-09,1126.69677734375,1144.3118896484375,1147.6578369140625,1136.7894287109375,1142.2120361328125,6464721,2.099853515625,10.868408203125,3.345947265625,5.422607421875,0.1932070894265112,0.3078599186827504,0.49893299189073836
2023-05-10,1134.4443359375,1152.1805419921875,1153.680419921875,1145.0733642578125,1149.1346435546875,10872255,3.0458984375,8.6070556640625,1.4998779296875,4.061279296875,0.35388390134592745,0.17426144180175582,0.4718546568523167
2023-05-11,1127.03759765625,1144.6580810546875,1158.1337890625,1142.9273681640625,1153.2650146484375,10557860,8.60693359375,15.2064208984375,4.8687744140625,1.730712890625,0.5660065344261506,0.320178853826332,0.11381461174751747
2023-05-12,1128.8779296875,1146.527099609375,1147.9346923828125,1133.67431640625,1139.812255859375,6955341,6.71484375,14.2603759765625,1.4075927734375,6.137939453125,0.4708742435007405,0.09870656816839438,0.4304191883308652
2023-05-15,1131.1044921875,1148.7884521484375,1155.849365234375,1141.3582763671875,1149.0885009765625,6833343,0.300048828125,14.4910888671875,6.7608642578125,7.43017578125,0.02070574757183412,0.46655322590155923,0.5127410265266066
2023-05-16,1114.99609375,1132.4283447265625,1153.56494140625,1130.7437744140625,1150.9805908203125,8717229,18.55224609375,22.8211669921875,2.5843505859375,1.6845703125,0.81294028916668,0.1132435771940241,0.07381613363929586
2023-05-17,1108.4073486328125,1125.736572265625,1137.5970458984375,1120.983154296875,1136.674072265625,8798967,10.9375,16.6138916015625,0.9229736328125,4.75341796875,0.6583346191431364,0.05555433097479078,0.28611104988207287
2023-05-18,1106.0218505859375,1123.313720703125,1133.9051513671875,1120.1292724609375,1130.4669189453125,10525531,7.1531982421875,13.77587890625,3.438232421875,3.1844482421875,0.5192553078368128,0.2495835253252047,0.2311611668379825
2023-05-19,1109.6114501953125,1126.95947265625,1128.8055419921875,1116.298828125,1123.313720703125,8050447,3.645751953125,12.5067138671875,1.8460693359375,7.014892578125,0.2915035869406081,0.1476062661656337,0.5608901468937583
2023-05-22,1115.54150390625,1132.9820556640625,1138.05859375,1122.5291748046875,1123.7520751953125,7434906,9.22998046875,15.5294189453125,5.0765380859375,1.222900390625,0.5943545280897993,0.32689813468325774,0.07874733722694294
2023-05-23,1115.3367919921875,1132.7744140625,1138.9815673828125,1131.34375,1135.589599609375,6092034,2.815185546875,7.6378173828125,3.3919677734375,1.4306640625,0.3685850820693954,0.44410171171027185,0.18731320622033276
2023-05-24,1108.8389892578125,1126.1749267578125,1137.1356201171875,1123.0367431640625,1128.782470703125,8112254,2.6075439453125,14.098876953125,8.3531494140625,3.13818359375,0.18494692548788724,0.5924691336646521,0.22258394084746055
2023-05-25,1108.7027587890625,1126.0364990234375,1130.213134765625,1115.0067138671875,1123.2445068359375,11487863,2.7919921875,15.2064208984375,4.1766357421875,8.23779296875,0.1836061362596431,0.2746626421879892,0.5417312215523677
2023-05-26,1138.94287109375,1156.7493896484375,1157.903076171875,1131.020751953125,1134.3665771484375,12626260,22.3828125,26.88232421875,1.1536865234375,3.3458251953125,0.8326219235310144,0.04291617473435655,0.12446190173462901
2023-05-29,1145.3497314453125,1163.2564697265625,1167.5946044921875,1157.0723876953125,1163.4410400390625,10010304,0.1845703125,10.522216796875,4.153564453125,6.18408203125,0.017541010232255967,0.39474233740922066,0.5877166523585234
2023-05-30,1145.054443359375,1162.95654296875,1171.148193359375,1160.3720703125,1163.2564697265625,11342504,0.2999267578125,10.776123046875,7.8917236328125,2.58447265625,0.027832529055936927,0.7323342169056843,0.23983325403837877
2023-05-31,1122.311767578125,1139.8583984375,1158.29541015625,1135.7510986328125,1153.7496337890625,27107927,13.8912353515625,22.5443115234375,4.5457763671875,4.1072998046875,0.6161747426671648,0.20163740030213934,0.18218785703069584
2023-06-01,1119.2901611328125,1136.7894287109375,1146.781005859375,1134.3665771484375,1144.5888671875,14592692,7.7994384765625,12.4144287109375,2.192138671875,2.4228515625,0.6282559317200759,0.17657990737372048,0.1951641609062036
2023-06-02,1115.6322021484375,1133.0743408203125,1145.8348388671875,1131.1361083984375,1140.3660888671875,15800644,7.291748046875,14.69873046875,5.46875,1.938232421875,0.49608012490449455,0.37205594126831215,0.1318639338271933
2023-06-05,1125.6517333984375,1143.25048828125,1146.250244140625,1134.57421875,1138.6124267578125,10908682,4.6380615234375,11.676025390625,2.999755859375,4.0382080078125,0.39722948248823836,0.25691583899634085,0.3458546785154208
2023-06-06,1126.6058349609375,1144.2196044921875,1148.0731201171875,1136.212646484375,1146.11181640625,7493309,1.8922119140625,11.8604736328125,1.9613037109375,8.0069580078125,0.15953932133263346,0.1653647039449985,0.675095974722368
2023-06-07,1135.1485595703125,1152.8958740234375,1153.7496337890625,1141.1044921875,1147.7501220703125,10312545,5.145751953125,12.6451416015625,0.853759765625,6.6456298828125,0.40693509928660376,0.06751682128411318,0.525548079429283
2023-06-08,1135.8302001953125,1153.5880126953125,1161.52587890625,1149.5960693359375,1156.5185546875,12071109,2.9305419921875,11.9298095703125,5.00732421875,3.991943359375,0.24564868155818642,0.4197321163625945,0.3346192020792191
2023-06-09,1127.787353515625,1145.4195556640625,1157.6954345703125,1143.5965576171875,1156.9801025390625,5877018,11.560546875,14.098876953125,0.71533203125,1.822998046875,0.8199622504285788,0.05073680929539905,0.1293009402760221
2023-06-12,1128.7869873046875,1146.434814453125,1148.765380859375,1137.5970458984375,1142.44287109375,6391969,3.991943359375,11.1683349609375,2.33056640625,4.8458251953125,0.3574340645527975,0.20867626323900712,0.43388967220819535
2023-06-13,1145.46337890625,1163.371826171875,1164.57177734375,1147.4039306640625,1151.442138671875,11248016,11.9296875,17.1678466796875,1.199951171875,4.0382080078125,0.6948854869559653,0.06989526376040785,0.23521924928362686
2023-06-14,1159.549560546875,1177.6783447265625,1179.132080078125,1161.5950927734375,1163.4410400390625,13277380,14.2373046875,17.5369873046875,1.4537353515625,1.845947265625,0.8118443858195917,0.08289538712124904,0.10526022705915929
2023-06-15,1159.86767578125,1178.00146484375,1182.616455078125,1170.1328125,1177.6552734375,11813494,0.34619140625,12.483642578125,4.614990234375,7.5224609375,0.027731601900925038,0.3696829835918096,0.6025854145072653
2023-06-16,1171.159423828125,1189.4697265625,1191.7772216796875,1181.5318603515625,1181.5318603515625,24171579,7.9378662109375,10.245361328125,2.3074951171875,0.0,0.7747765995472418,0.22522340045275824,0.0
2023-06-19,1159.5269775390625,1177.6552734375,1192.515625,1173.4326171875,1192.515625,6798554,14.8603515625,19.0830078125,0.0,4.22265625,0.7787216621462566,0.0,0.2212783378537434
2023-06-20,1161.93505859375,1180.1011962890625,1183.2855224609375,1169.902099609375,1175.6939697265625,6921096,4.4072265625,13.3834228515625,3.184326171875,5.7918701171875,0.32930488794841156,0.23793062560996744,0.43276448644162097
2023-06-21,1165.206787109375,1183.424072265625,1185.9853515625,1175.901611328125,1180.0550537109375,6961603,3.3690185546875,10.083740234375,2.561279296875,4.1534423828125,0.33410406023775513,0.25400092003002206,0.41189501973222287
2023-06-22,1152.1202392578125,1170.1328125,1187.5775146484375,1168.517578125,1179.5936279296875,7619166,9.4608154296875,19.0599365234375,7.98388671875,1.615234375,0.4963718225427344,0.418883174607241,0.08474500285002466
2023-06-23,1142.691650390625,1160.5567626953125,1169.1636962890625,1159.28759765625,1167.0869140625,6628570,6.5301513671875,9.8760986328125,2.0767822265625,1.2691650390625,0.6612075891477659,0.2102836660280576,0.1285087448241765
2023-06-26,1133.967041015625,1151.6959228515625,1160.856689453125,1148.53466796875,1156.9801025390625,12641159,5.2841796875,12.322021484375,3.8765869140625,3.1612548828125,0.4288403241465396,0.3146064076400309,0.2565532682134295
2023-06-27,1134.376220703125,1152.111328125,1158.1337890625,1147.588623046875,1152.157470703125,9689466,0.046142578125,10.545166015625,5.976318359375,4.522705078125,0.004375709026925659,0.5667353506355196,0.4288889403375547
2023-06-28,1149.3939208984375,1167.3638916015625,1171.2174072265625,1152.75732421875,1159.7491455078125,11354006,7.61474609375,18.4600830078125,3.853515625,6.9918212890625,0.41249793354273434,0.20874855347991403,0.3787535129773516
2023-06-30,1158.8226318359375,1176.93994140625,1179.8935546875,1169.186767578125,1175.1632080078125,11151555,1.7767333984375,10.706787109375,2.95361328125,5.9764404296875,0.1659445901265534,0.2758636415460039,0.5581917683274427
2023-07-03,1188.5628662109375,1207.1451416015625,1210.0526123046875,1179.2935791015625,1180.5396728515625,12154387,26.60546875,30.759033203125,2.907470703125,1.24609375,0.8649644016541127,0.09452412512203447,0.04051147322385287
2023-07-04,1176.3167724609375,1194.707763671875,1211.4371337890625,1187.554443359375,1211.4371337890625,8061643,16.7293701171875,23.8826904296875,0.0,7.1533203125,0.7004809682744944,0.0,0.29951903172550565
2023-07-05,1174.3857421875,1192.746337890625,1204.0531005859375,1188.7313232421875,1204.0531005859375,10248062,11.3067626953125,15.32177734375,0.0,4.0150146484375,0.7379537270148826,0.0,0.26204627298511746
2023-07-06,1199.03662109375,1217.78271484375,1220.4132080078125,1188.8466796875,1188.8466796875,19117987,28.93603515625,31.5665283203125,2.6304931640625,0.0,0.9166682779502926,0.08333172204970746,0.0
2023-07-07,1196.696533203125,1215.406005859375,1229.8740234375,1212.821533203125,1216.0521240234375,13375267,0.6461181640625,17.052490234375,13.8218994140625,2.58447265625,0.0378899594828697,0.8105502025856515,0.1515598379314788
2023-07-10,1242.7947998046875,1262.22509765625,1271.8935546875,1234.5120849609375,1240.9268798828125,33240016,21.2982177734375,37.3814697265625,9.66845703125,6.414794921875,0.5697533545157383,0.25864304164530466,0.17160360383895712
2023-07-11,1256.267578125,1275.9085693359375,1278.3544921875,1263.4019775390625,1270.462890625,20069348,5.4456787109375,14.9525146484375,2.4459228515625,7.0609130859375,0.3641981859891747,0.1635793650145725,0.47222244899625276
2023-07-12,1257.653564453125,1277.316162109375,1293.12255859375,1274.5009765625,1276.64697265625,18733835,0.669189453125,18.62158203125,15.806396484375,2.14599609375,0.03593622990796339,0.8488213545900307,0.11524241550200592
2023-07-13,1246.407470703125,1265.89404296875,1291.738037109375,1263.240478515625,1284.7694091796875,14682934,18.8753662109375,28.49755859375,6.9686279296875,2.653564453125,0.6623502904237274,0.2445342083169131,0.09311550125935952
2023-07-14,1245.3621826171875,1264.8326416015625,1274.1549072265625,1257.6331787109375,1269.12451171875,15124144,4.2918701171875,16.521728515625,5.0303955078125,7.199462890625,0.2597712529369172,0.30447150266723805,0.43575724439584473
2023-07-17,1270.8084716796875,1290.6766357421875,1299.1451416015625,1258.9715576171875,1267.7401123046875,22220040,22.9365234375,40.173583984375,8.468505859375,8.7685546875,0.5709354546614728,0.21079786813814563,0.21826667720038165
2023-07-18,1281.60009765625,1301.63720703125,1309.482666015625,1288.968994140625,1300.0450439453125,25867313,1.5921630859375,20.513671875,7.845458984375,11.0760498046875,0.0776147291250119,0.38245025230886415,0.5399350185661239
2023-07-19,1291.3243408203125,1311.5133056640625,1318.0435791015625,1290.8150634765625,1306.0445556640625,39122156,5.46875,27.228515625,6.5302734375,15.2294921875,0.2008464242163403,0.23983214977404776,0.559321426009612
2023-07-20,1289.760498046875,1309.925048828125,1315.4749755859375,1290.0,1290.0,38717624,19.925048828125,25.4749755859375,5.5499267578125,0.0,0.7821420185824975,0.21785798141750243,0.0
2023-07-21,1249.834716796875,1269.375,1307.449951171875,1261.800048828125,1304.5,30249238,35.125,45.64990234375,2.949951171875,7.574951171875,0.7694430479939246,0.06462119348386476,0.1659357585222107
2023-07-24,1224.5548095703125,1243.699951171875,1257.4749755859375,1234.6500244140625,1240.5,23727866,3.199951171875,22.824951171875,13.7750244140625,5.8499755859375,0.14019531291782097,0.6035072894717138,0.25629739761046516
2023-07-25,1223.767333984375,1242.9000244140625,1252.5999755859375,1240.0,1247.0,12026020,4.0999755859375,12.5999755859375,5.5999755859375,2.9000244140625,0.3253955182669857,0.4444433679845765,0.23016111374843778
2023-07-26,1243.6561279296875,1263.0999755859375,1273.5,1242.5,1242.5,12911012,20.5999755859375,31.0,10.4000244140625,0.0,0.6645153414818549,0.3354846585181452,0.0
2023-07-27,1232.087158203125,1251.3499755859375,1268.824951171875,1245.175048828125,1267.0250244140625,17226898,15.675048828125,23.64990234375,1.7999267578125,6.1749267578125,0.6627954991225353,0.07610715391762156,0.2610973469598431
2023-07-28,1244.4686279296875,1263.925048828125,1271.425048828125,1250.2750244140625,1256.0250244140625,20827852,7.9000244140625,21.1500244140625,7.5,5.75,0.37352318178932364,0.3546095197418923,0.2718672984687841
2023-07-31,1255.00390625,1274.625,1276.949951171875,1258.9749755859375,1263.925048828125,8551174,10.699951171875,17.9749755859375,2.324951171875,4.9500732421875,0.595269302076047,0.12934377355671609,0.2753869243672369
2023-08-01,1237.25634765625,1256.5999755859375,1279.5,1252.6500244140625,1277.5,9536632,20.9000244140625,26.8499755859375,2.0,3.949951171875,0.7784001272987656,0.07448796344706872,0.14711190925416562
2023-08-02,1224.0379638671875,1243.175048828125,1256.0,1231.800048828125,1254.5999755859375,12748214,11.4249267578125,24.199951171875,1.4000244140625,11.375,0.4721053640426541,0.05785236524318271,0.4700422707141632
2023-08-03,1218.8934326171875,1237.949951171875,1250.449951171875,1229.0250244140625,1237.6500244140625,10168350,0.2999267578125,21.4249267578125,12.5,8.625,0.01399896303977483,0.5834325662486539,0.4025684707115712
2023-08-04,1235.45947265625,1254.7750244140625,1258.0,1235.800048828125,1249.4000244140625,22885610,5.375,22.199951171875,3.2249755859375,13.5999755859375,0.2421176496464352,0.14526949005289724,0.6126128603006675
2023-08-07,1242.49951171875,1261.925048828125,1264.199951171875,1252.5,1260.5,5982870,1.425048828125,11.699951171875,2.27490234375,8.0,0.12179955345032656,0.194436909208522,0.6837635373411515
2023-08-08,1235.0162353515625,1254.324951171875,1267.2249755859375,1249.7750244140625,1264.0,9844072,9.675048828125,17.449951171875,3.2249755859375,4.5499267578125,0.5544456103532703,0.18481287163343826,0.2607415180132914
2023-08-09,1243.1639404296875,1262.5999755859375,1264.5,1240.550048828125,1252.425048828125,11486586,10.1749267578125,23.949951171875,1.9000244140625,11.875,0.4248412318168381,0.07933312266180083,0.49582564552136105
2023-08-10,1248.702392578125,1268.2249755859375,1275.0,1254.2249755859375,1262.4749755859375,15470598,5.75,20.7750244140625,6.7750244140625,8.25,0.2767746446597606,0.3261139086544959,0.3971114466857435
2023-08-11,1253.9700927734375,1273.574951171875,1279.425048828125,1256.175048828125,1266.2249755859375,22179330,7.3499755859375,23.25,5.85009765625,10.0499267578125,0.3161279821908602,0.25161710349462363,0.4322549143145161
2023-08-14,1268.788330078125,1288.625,1291.1500244140625,1262.5,1269.5,9575812,19.125,28.6500244140625,2.5250244140625,7.0,0.6675386981734206,0.08813341229905283,0.24432788952752652
2023-08-16,1267.7545166015625,1287.574951171875,1291.4000244140625,1275.5,1275.5,10203112,12.074951171875,15.9000244140625,3.8250732421875,0.0,0.7594297252270581,0.24057027477294188,0.0
2023-08-17,1249.465576171875,1269.0,1289.050048828125,1266.425048828125,1283.550048828125,13673744,14.550048828125,22.625,5.5,2.574951171875,0.6430960808011049,0.2430939226519337,0.11380999654696132
2023-08-18,1258.7208251953125,1278.4000244140625,1288.800048828125,1254.2750244140625,1265.625,18639978,12.7750244140625,34.5250244140625,10.4000244140625,11.3499755859375,0.3700221688723575,0.3012314861630172,0.3287463449646253
2023-08-21,1244.986328125,1260.0,1277.7249755859375,1257.824951171875,1269.9749755859375,9221746,9.9749755859375,19.9000244140625,7.75,2.175048828125,0.5012544396120745,0.38944675839309045,0.10929880199483502
2023-08-22,1244.6898193359375,1259.699951171875,1268.9749755859375,1249.5,1258.449951171875,7713044,1.25,19.4749755859375,9.2750244140625,8.949951171875,0.06418493283773874,0.4762534552679909,0.45956161189427036
2023-08-23,1246.0733642578125,1261.0999755859375,1271.425048828125,1258.4749755859375,1262.0999755859375,9517952,1.0,12.9500732421875,9.3250732421875,2.625,0.0772196404837539,0.7200788032463921,0.20270155626985398
2023-08-24,1225.1258544921875,1239.9000244140625,1269.949951171875,1235.5,1269.949951171875,14140020,30.0499267578125,34.449951171875,0.0,4.4000244140625,0.8722777750217919,0.0,0.12772222497820804
2023-08-25,1219.4691162109375,1234.175048828125,1252.5,1221.300048828125,1228.0,22222400,6.175048828125,31.199951171875,18.324951171875,6.699951171875,0.19791854141398332,0.5873390977737784,0.21474236081223835
2023-08-28,1207.315673828125,1221.875,1242.0,1215.550048828125,1236.0,12580826,14.125,26.449951171875,6.0,6.324951171875,0.5340274508718006,0.22684351895439314,0.2391290301738063
2023-08-29,1195.755126953125,1210.175048828125,1226.7249755859375,1204.074951171875,1226.0250244140625,16876644,15.8499755859375,22.6500244140625,0.699951171875,6.10009765625,0.699777417286,0.030902888185870038,0.26931969452813004
2023-08-30,1194.6187744140625,1209.0250244140625,1221.5,1207.5,1216.0,12168946,6.9749755859375,14.0,5.5,1.5250244140625,0.49821254185267855,0.39285714285714285,0.10893031529017858
2023-08-31,1189.15966796875,1203.5,1212.5,1199.949951171875,1211.5,21638600,8.0,12.550048828125,1.0,3.550048828125,0.6374477190934734,0.07968096488668418,0.28287131601984244
2023-09-01,1191.950927734375,1206.324951171875,1212.824951171875,1200.824951171875,1203.2750244140625,18112842,3.0499267578125,12.0,6.5,2.4500732421875,0.2541605631510417,0.5416666666666666,0.20417277018229166
2023-09-04,1190.9874267578125,1205.3499755859375,1211.824951171875,1202.6500244140625,1206.324951171875,9347626,0.9749755859375,9.1749267578125,5.5,2.699951171875,0.1062652173334575,0.5994598262396722,0.2942749564268703
2023-09-05,1197.36083984375,1211.800048828125,1216.9749755859375,1206.2249755859375,1210.0,8675876,1.800048828125,10.75,5.1749267578125,3.7750244140625,0.16744640261627908,0.48138853561046513,0.3511650617732558
2023-09-06,1199.8802490234375,1214.3499755859375,1218.074951171875,1208.625,1210.550048828125,8200370,3.7999267578125,9.449951171875,3.7249755859375,1.925048828125,0.402110729325445,0.39417934740486216,0.2037099232696928
2023-09-07,1201.5106201171875,1216.0,1219.125,1205.5,1210.8499755859375,13652572,5.1500244140625,13.625,3.125,5.3499755859375,0.37798344323394495,0.22935779816513763,0.3926587586009174
2023-09-08,1209.51416015625,1224.0999755859375,1228.0,1211.4749755859375,1220.0,23109288,4.0999755859375,16.5250244140625,3.9000244140625,8.5250244140625,0.24810708191441425,0.23600718016147976,0.515885737924106
2023-09-11,1222.556884765625,1237.300048828125,1238.425048828125,1226.0,1226.0,13271074,11.300048828125,12.425048828125,1.125,0.0,0.9094570962607824,0.09054290373921757,0.0
2023-09-12,1204.8948974609375,1219.425048828125,1241.5,1217.9749755859375,1241.5,16255666,22.074951171875,23.5250244140625,0.0,1.4500732421875,0.9383603937379681,0.0,0.06163960626203189
2023-09-13,1210.922119140625,1225.5250244140625,1231.324951171875,1213.125,1220.0,12803338,5.5250244140625,18.199951171875,5.7999267578125,6.875,0.3035735844500785,0.3186781493554402,0.3777482661944813
2023-09-14,1212.0338134765625,1226.6500244140625,1232.9000244140625,1222.5,1230.0,9209636,3.3499755859375,10.4000244140625,2.9000244140625,4.1500244140625,0.3221122809488597,0.27884784675516744,0.3990398722959729
2023-09-15,1214.28173828125,1228.925048828125,1234.0,1224.75,1234.0,25468592,5.074951171875,9.25,0.0,4.175048828125,0.5486433699324325,0.0,0.45135663006756754
2023-09-18,1203.709228515625,1218.2249755859375,1225.5,1216.0250244140625,1220.0250244140625,7516300,1.800048828125,9.4749755859375,5.4749755859375,2.199951171875,0.1899792576559863,0.5778353238253521,0.23218541851866167
2023-09-20,1176.8826904296875,1191.074951171875,1213.800048828125,1177.5,1211.5250244140625,57081884,20.4500732421875,36.300048828125,2.2750244140625,13.574951171875,0.563362141439957,0.06267276456939166,0.37396509399065136
2023-09-21,1168.31103515625,1182.4000244140625,1195.050048828125,1180.0,1187.4749755859375,12226182,5.074951171875,15.050048828125,7.5750732421875,2.4000244140625,0.33720496390623733,0.5033254927406927,0.15946954335307
2023-09-22,1163.4447021484375,1177.4749755859375,1191.2249755859375,1175.0,1188.0,19176786,10.5250244140625,16.2249755859375,3.2249755859375,2.4749755859375,0.6486927735770981,0.19876612872888688,0.15254109769401497
2023-09-25,1156.2811279296875,1170.2249755859375,1180.3499755859375,1167.550048828125,1175.199951171875,14254884,4.9749755859375,12.7999267578125,5.1500244140625,2.6749267578125,0.38867219165148725,0.40234795960212477,0.20897984874638795
2023-09-26,1157.2939453125,1171.25,1175.0999755859375,1167.800048828125,1169.2750244140625,10087782,1.9749755859375,7.2999267578125,3.8499755859375,1.4749755859375,0.2705473152622866,0.5273992073711142,0.20205347736659923
2023-09-27,1170.336669921875,1184.449951171875,1185.9000244140625,1169.25,1171.75,11722778,12.699951171875,16.6500244140625,1.4500732421875,2.5,0.7627587117018703,0.08709135831433243,0.1501499299837973
2023-09-28,1153.14404296875,1167.050048828125,1191.5,1162.5,1191.5,14518346,24.449951171875,29.0,0.0,4.550048828125,0.8431017645474138,0.0,0.15689823545258622
2023-09-29,1158.529052734375,1172.5,1184.550048828125,1167.050048828125,1170.9000244140625,12342014,1.5999755859375,17.5,12.050048828125,3.8499755859375,0.09142717633928571,0.68857421875,0.2199986049107143
2023-10-03,1145.263916015625,1159.074951171875,1167.800048828125,1158.0,1164.9749755859375,8859056,5.9000244140625,9.800048828125,2.8250732421875,1.074951171875,0.6020403079146011,0.28827134351411277,0.10968834857128622
2023-10-04,1143.2877197265625,1157.074951171875,1159.5,1147.550048828125,1154.5,10286386,2.574951171875,11.949951171875,2.425048828125,6.949951171875,0.21547796596318466,0.20293378552311683,0.5815882485136985
2023-10-05,1143.26318359375,1157.050048828125,1164.699951171875,1154.5,1159.625,10953682,2.574951171875,10.199951171875,5.074951171875,2.550048828125,0.25244740180473446,0.4975466143277723,0.25000598386749323
2023-10-06,1145.18994140625,1159.0,1162.4000244140625,1156.0250244140625,1158.5250244140625,5431026,0.4749755859375,6.375,3.4000244140625,2.5,0.07450597426470588,0.5333371629901961,0.39215686274509803
2023-10-09,1135.4324951171875,1149.125,1155.9749755859375,1147.5,1154.050048828125,7576878,4.925048828125,8.4749755859375,1.9249267578125,1.625,0.5811283794489176,0.22713065522059142,0.191740965330491
2023-10-10,1140.447021484375,1154.199951171875,1158.949951171875,1151.875,1153.2750244140625,10236032,0.9249267578125,7.074951171875,4.75,1.4000244140625,0.1307325994685807,0.6713827254218572,0.1978846751095621
2023-10-11,1158.5537109375,1172.5250244140625,1174.8499755859375,1156.5,1157.2249755859375,9814118,15.300048828125,18.3499755859375,2.324951171875,0.7249755859375,0.8337912362047059,0.12670050491275453,0.0395082588825396
2023-10-12,1160.7027587890625,1174.699951171875,1179.675048828125,1169.074951171875,1171.925048828125,12554450,2.77490234375,10.60009765625,4.97509765625,2.85009765625,0.2617808282279239,0.4693445114929292,0.2688746602791469
2023-10-13,1160.6534423828125,1174.6500244140625,1178.75,1164.574951171875,1170.0,10150316,4.6500244140625,14.175048828125,4.0999755859375,5.425048828125,0.328042920376845,0.2892389039114035,0.38271817571175143
2023-10-16,1158.059814453125,1172.0250244140625,1177.2750244140625,1168.0,1172.5,5929036,0.4749755859375,9.2750244140625,4.7750244140625,4.0250244140625,0.05121017096379358,0.5148260749397876,0.43396375409641885
2023-10-17,1163.593017578125,1177.625,1179.8499755859375,1170.6500244140625,1178.0,7928180,0.375,9.199951171875,1.8499755859375,6.9749755859375,0.04076108590080407,0.2010853700607701,0.7581535440384258
2023-10-18,1148.1541748046875,1162.0,1183.5,1160.5,1177.625,8918320,15.625,23.0,5.875,1.5,0.6793478260869565,0.2554347826086957,0.06521739130434782
2023-10-19,1139.33544921875,1153.074951171875,1160.9000244140625,1150.5,1156.0,12032556,2.925048828125,10.4000244140625,4.9000244140625,2.574951171875,0.28125403476648236,0.4711550876204561,0.2475908776130615
2023-10-20,1135.8525390625,1149.550048828125,1157.3499755859375,1148.1500244140625,1150.0,8913312,0.449951171875,9.199951171875,7.3499755859375,1.4000244140625,0.04890799564790489,0.7989146299392299,0.15217737441286522
2023-10-23,1118.1163330078125,1131.5999755859375,1153.125,1127.625,1145.0,7853962,13.4000244140625,25.5,8.125,3.9749755859375,0.5254911534926471,0.31862745098039214,0.1558813955269608
2023-10-25,1115.5225830078125,1128.9749755859375,1140.5999755859375,1121.5,1125.0250244140625,11620688,3.949951171875,19.0999755859375,11.625,3.5250244140625,0.20680399061782995,0.6086395214326343,0.1845564879495357
2023-10-26,1099.9849853515625,1113.25,1129.0,1110.1500244140625,1125.5,15222534,12.25,18.8499755859375,3.5,3.0999755859375,0.6498682156988453,0.18567663305681295,0.1644551512443417
2023-10-27,1119.40087890625,1132.9000244140625,1136.75,1117.9749755859375,1120.0,11771084,12.9000244140625,18.7750244140625,3.8499755859375,2.0250244140625,0.6870842950489255,0.20505835310945678,0.10785735184161763
2023-10-30,1142.47265625,1156.25,1162.5,1134.9749755859375,1137.0,16813304,19.25,27.5250244140625,6.25,2.0250244140625,0.6993635940306451,0.22706610195800164,0.07357030401135331
2023-10-31,1130.3192138671875,1143.949951171875,1164.0,1141.449951171875,1164.0,12808438,20.050048828125,22.550048828125,0.0,2.5,0.8891354950468251,0.0,0.1108645049531749
2023-11-01,1135.0125732421875,1148.699951171875,1158.75,1137.5999755859375,1144.574951171875,10309190,4.125,21.1500244140625,10.050048828125,6.9749755859375,0.19503523585804075,0.47517906510986313,0.3297856990320961
2023-11-02,1146.2767333984375,1160.0999755859375,1162.1500244140625,1153.9749755859375,1156.9749755859375,10562104,3.125,8.175048828125,2.050048828125,3.0,0.3822607137524265,0.25076900104524413,0.3669702852023294
2023-11-03,1146.0296630859375,1159.8499755859375,1167.4749755859375,1157.875,1163.5999755859375,8850156,3.75,9.5999755859375,3.875,1.9749755859375,0.39062599341327264,0.40364685986038173,0.20572714672634565
2023-11-06,1155.564697265625,1169.5,1170.0,1162.800048828125,1166.1500244140625,10647304,3.3499755859375,7.199951171875,0.5,3.3499755859375,0.465277542301041,0.06944491539791801,0.465277542301041
2023-11-07,1148.0552978515625,1161.9000244140625,1169.550048828125,1159.7750244140625,1167.0250244140625,6960204,5.125,9.7750244140625,2.5250244140625,2.125,0.5242953657105036,0.2583138728973363,0.21739076139216004
2023-11-08,1154.033203125,1167.949951171875,1170.5,1160.875,1166.0,7884494,1.949951171875,9.625,2.550048828125,5.125,0.20259232954545456,0.264940137987013,0.5324675324675324
2023-11-09,1141.50927734375,1155.2750244140625,1167.949951171875,1152.0999755859375,1167.925048828125,14513610,12.6500244140625,15.8499755859375,0.02490234375,3.175048828125,0.798110025184261,0.001571128208682794,0.2003188466070562
2023-11-10,1143.6583251953125,1157.449951171875,1158.175048828125,1149.0250244140625,1152.7750244140625,7734954,4.6749267578125,9.1500244140625,0.72509765625,3.75,0.5109195939005029,0.07924543404885467,0.40983497205064234
2023-11-13,1143.51025390625,1157.300048828125,1162.300048828125,1155.8499755859375,1161.449951171875,3854810,4.14990234375,6.4500732421875,0.85009765625,1.4500732421875,0.643388406290808,0.13179658964022786,0.2248150040689642
2023-11-15,1164.185791015625,1178.2249755859375,1180.9749755859375,1163.5,1170.0,12220648,8.2249755859375,17.4749755859375,2.75,6.5,0.47067164961056196,0.1573678879536167,0.3719604624358213
2023-11-16,1166.285400390625,1180.3499755859375,1187.074951171875,1173.4749755859375,1175.550048828125,13134910,4.7999267578125,13.5999755859375,6.7249755859375,2.0750732421875,0.3529364245900315,0.4944843866404574,0.1525791887695111
2023-11-17,1163.7412109375,1177.7750244140625,1186.625,1176.0250244140625,1176.449951171875,7758634,1.3250732421875,10.5999755859375,8.8499755859375,0.4249267578125,0.12500719755858813,0.8349052801289802,0.04008752231243162
2023-11-20,1160.6781005859375,1174.675048828125,1179.199951171875,1168.199951171875,1174.2750244140625,4490186,0.4000244140625,11.0,4.52490234375,6.0750732421875,0.03636585582386364,0.4113547585227273,0.5522793856534091
2023-11-21,1175.2769775390625,1189.449951171875,1194.0,1180.0999755859375,1183.0,8214450,6.449951171875,13.9000244140625,4.550048828125,2.9000244140625,0.4640244491477048,0.3273410673668865,0.20863448348540867
2023-11-22,1179.87158203125,1194.0999755859375,1197.2249755859375,1186.0999755859375,1187.5,8534814,6.5999755859375,11.125,3.125,1.4000244140625,0.5932562324438202,0.2808988764044944,0.1258448911516854
2023-11-23,1183.4781494140625,1197.75,1200.0,1194.0999755859375,1194.0999755859375,8531542,3.6500244140625,5.9000244140625,2.25,0.0,0.6186456458320402,0.38135435416795976,0.0
2023-11-24,1182.6876220703125,1196.949951171875,1201.300048828125,1195.5250244140625,1195.800048828125,6749486,1.14990234375,5.7750244140625,4.35009765625,0.2750244140625,0.1991164471876387,0.7532604789786299,0.047623073833731426
2023-11-28,1182.9346923828125,1197.199951171875,1199.8499755859375,1187.625,1196.949951171875,13792174,0.25,12.2249755859375,2.6500244140625,9.324951171875,0.0204499385902723,0.21677134612120183,0.7627787152885259
2023-11-29,1186.047119140625,1200.3499755859375,1205.9749755859375,1199.0250244140625,1204.0,12531306,3.6500244140625,6.949951171875,1.9749755859375,1.324951171875,0.5251870586995468,0.2841711455369375,0.19064179576351564
2023-11-30,1174.5606689453125,1188.7249755859375,1200.3499755859375,1184.949951171875,1197.3499755859375,28439984,8.625,15.4000244140625,3.0,3.7750244140625,0.5600640471793084,0.1948048859754116,0.24513106684528008
2023-12-01,1182.8853759765625,1197.1500244140625,1198.199951171875,1188.800048828125,1189.0,14342842,8.1500244140625,9.39990234375,1.0499267578125,0.199951171875,0.867032881408758,0.11169549633785258,0.021271622253389435
2023-12-04,1195.6810302734375,1210.0999755859375,1225.0,1199.300048828125,1225.0,15590990,14.9000244140625,25.699951171875,0.0,10.7999267578125,0.5797685884465217,0.0,0.4202314115534783
2023-12-05,1204.3514404296875,1218.875,1220.425048828125,1210.824951171875,1219.5,12693624,0.625,9.60009765625,0.925048828125,8.050048828125,0.06510350439957276,0.0963582727226489,0.8385382228777783
2023-12-06,1215.887451171875,1230.550048828125,1236.4749755859375,1217.5,1223.550048828125,16422442,7.0,18.9749755859375,5.9249267578125,6.050048828125,0.36890693051472245,0.31224950624987935,0.3188435632353982
2023-12-07,1213.886474609375,1228.5250244140625,1230.4749755859375,1221.0,1230.0,8142096,1.4749755859375,9.4749755859375,0.4749755859375,7.5250244140625,0.15567064765070407,0.05012947860704209,0.7941998737422539
2023-12-08,1213.244140625,1227.875,1238.3499755859375,1222.5,1231.925048828125,10204894,4.050048828125,15.8499755859375,6.4249267578125,5.375,0.2555239789592046,0.40535877944902693,0.33911724159176854
2023-12-11,1215.022705078125,1229.675048828125,1233.800048828125,1226.199951171875,1228.0,7066138,1.675048828125,7.60009765625,4.125,1.800048828125,0.22039832958560873,0.542756183745583,0.23684548666880822
2023-12-12,1197.5830078125,1212.0250244140625,1232.4749755859375,1210.074951171875,1230.0,9197124,17.9749755859375,22.4000244140625,2.4749755859375,1.9500732421875,0.8024533926245634,0.11048986109067525,0.08705674628476139
2023-12-13,1202.4739990234375,1216.9749755859375,1219.175048828125,1203.1500244140625,1211.0,10031182,5.9749755859375,16.0250244140625,2.2000732421875,7.8499755859375,0.3728528226574343,0.1372898527541001,0.4898573245884656
2023-12-14,1217.39404296875,1232.074951171875,1237.4749755859375,1221.324951171875,1227.0,16972354,5.074951171875,16.1500244140625,5.4000244140625,5.675048828125,0.3142379876191412,0.334366331320247,0.3513956810606118
2023-12-15,1232.9317626953125,1247.800048828125,1250.0,1235.0250244140625,1239.0,15932152,8.800048828125,14.9749755859375,2.199951171875,3.9749755859375,0.5876502954962298,0.14690849806399023,0.2654412064397799
2023-12-18,1245.4803466796875,1260.5,1267.449951171875,1245.4749755859375,1247.800048828125,14165188,12.699951171875,21.9749755859375,6.949951171875,2.3250732421875,0.5779278853898755,0.3162666163016126,0.10580549830851188
2023-12-19,1263.8094482421875,1279.050048828125,1286.949951171875,1262.5999755859375,1277.5,16820604,1.550048828125,24.3499755859375,7.89990234375,14.9000244140625,0.06365709988720392,0.3244316330367214,0.6119112670760747
2023-12-20,1248.518798828125,1263.574951171875,1299.425048828125,1260.0,1285.5250244140625,17736722,21.9500732421875,39.425048828125,13.9000244140625,3.574951171875,0.5567544973217327,0.3525683500015481,0.0906771526767192
2023-12-21,1266.008056640625,1281.2750244140625,1286.75,1259.125,1263.5,13765454,17.7750244140625,27.625,5.4749755859375,4.375,0.6434397977941176,0.19818916148190044,0.1583710407239819
2023-12-22,1267.2430419921875,1282.5250244140625,1290.449951171875,1273.824951171875,1279.800048828125,16541784,2.7249755859375,16.625,7.9249267578125,5.97509765625,0.16390830592105263,0.4766873237781955,0.3594043703007519
2023-12-26,1273.66552734375,1289.0250244140625,1295.9749755859375,1281.3499755859375,1284.0,7465664,5.0250244140625,14.625,6.949951171875,2.6500244140625,0.3435914129273504,0.47521033653846156,0.18119825053418803
2023-12-27,1278.01318359375,1293.425048828125,1299.949951171875,1286.550048828125,1291.0,9204156,2.425048828125,13.39990234375,6.52490234375,4.449951171875,0.1809751120504318,0.4869365594140582,0.33208832853550996
2023-12-28,1287.2518310546875,1302.7750244140625,1306.0,1293.425048828125,1294.9000244140625,12302636,7.875,12.574951171875,3.2249755859375,1.4749755859375,0.6262449764109733,0.2564602869512882,0.11729473663773855
2023-12-29,1277.074462890625,1292.4749755859375,1307.0,1289.6500244140625,1305.550048828125,10864584,13.0750732421875,17.3499755859375,1.449951171875,2.824951171875,0.7536075873665844,0.08357079032723333,0.16282162230618233
2024-01-01,1279.69287109375,1295.125,1303.425048828125,1286.574951171875,1290.2750244140625,4030540,4.8499755859375,16.85009765625,8.300048828125,3.7000732421875,0.2878307108290591,0.492581645367875,0.21958764380306586
2024-01-02,1290.2900390625,1305.8499755859375,1307.5,1286.5,1292.5,7448800,13.3499755859375,21.0,1.6500244140625,6.0,0.6357131231398809,0.07857259114583333,0.2857142857142857
2024-01-03,1276.25927734375,1291.6500244140625,1317.0,1288.5999755859375,1305.0,9037536,13.3499755859375,28.4000244140625,12.0,3.050048828125,0.4700691587901295,0.4225348480354863,0.10739599317438417
2024-01-04,1282.854736328125,1298.324951171875,1304.925048828125,1289.550048828125,1294.0,9612778,4.324951171875,15.375,6.60009765625,4.449951171875,0.28129763719512196,0.4292746443089431,0.28942771849593496
2024-01-05,1288.3138427734375,1303.8499755859375,1309.925048828125,1299.0,1301.449951171875,8086406,2.4000244140625,10.925048828125,6.0750732421875,2.449951171875,0.21968088672372568,0.5560682920288722,0.22425082124740217
2024-01-08,1278.26025390625,1293.675048828125,1315.9749755859375,1284.4749755859375,1305.0,7734652,11.324951171875,31.5,10.9749755859375,9.2000732421875,0.3595222594246032,0.34841192336309523,0.29206581721230157
2024-01-09,1274.8759765625,1290.25,1303.4000244140625,1288.5999755859375,1300.0,5403074,9.75,14.800048828125,3.4000244140625,1.6500244140625,0.6587816103330529,0.22973062140182446,0.11148776826512265
2024-01-10,1309.261474609375,1325.050048828125,1329.5,1287.5250244140625,1288.5,11102740,36.550048828125,41.9749755859375,4.449951171875,0.9749755859375,0.8707580723494223,0.1060143838026633,0.023227543847914405
2024-01-11,1343.696044921875,1359.9000244140625,1362.5,1328.5,1329.5,23725852,30.4000244140625,34.0,2.5999755859375,1.0,0.8941183651194853,0.07646987017463236,0.029411764705882353
2024-01-12,1354.39208984375,1370.7249755859375,1373.324951171875,1345.75,1359.9000244140625,15012164,10.824951171875,27.574951171875,2.5999755859375,14.1500244140625,0.3925646542183502,0.09428758621300255,0.5131477595686472
2024-01-15,1377.51318359375,1394.125,1396.449951171875,1366.0,1375.0,8610594,19.125,30.449951171875,2.324951171875,9.0,0.6280798248919606,0.07635319868829325,0.29556697641974616
2024-01-16,1358.24560546875,1374.625,1396.300048828125,1370.5,1389.9749755859375,9069024,15.3499755859375,25.800048828125,6.3250732421875,4.125,0.5949591680308866,0.24515741362832025,0.15988341834079317
2024-01-17,1345.3509521484375,1361.574951171875,1386.2750244140625,1355.0250244140625,1359.5,12197382,2.074951171875,31.25,24.7000732421875,4.4749755859375,0.0663984375,0.79040234375,0.14319921875
2024-01-18,1351.650146484375,1367.949951171875,1371.0,1351.25,1351.4000244140625,10279438,16.5499267578125,19.75,3.050048828125,0.1500244140625,0.8379709750791139,0.15443285205696203,0.00759617286392405
2024-01-19,1351.1561279296875,1367.449951171875,1376.0,1359.0,1376.0,10422704,8.550048828125,17.0,0.0,8.449951171875,0.5029440487132353,0.0,0.4970559512867647
2024-01-23,1312.7442626953125,1328.574951171875,1371.75,1322.550048828125,1371.75,20055420,43.175048828125,49.199951171875,0.0,6.02490234375,0.8775425137577348,0.0,0.12245748624226516
2024-01-24,1327.8619384765625,1343.875,1349.5,1323.925048828125,1335.2249755859375,21919128,8.6500244140625,25.574951171875,5.625,11.2999267578125,0.3382225192114935,0.21994176888931316,0.44183571189919335
2024-01-25,1336.952392578125,1353.074951171875,1364.1500244140625,1335.199951171875,1342.949951171875,11808872,10.125,28.9500732421875,11.0750732421875,7.75,0.34974004781602214,0.3825576933618374,0.26770225882214044
2024-01-29,1430.795654296875,1448.050048828125,1452.5,1360.175048828125,1364.5,23893438,83.550048828125,92.324951171875,4.449951171875,4.324951171875,0.9049563283557619,0.04819879258415022,0.04684487906008784
2024-01-30,1390.852294921875,1407.625,1459.9749755859375,1404.425048828125,1459.949951171875,14093978,52.324951171875,55.5499267578125,0.0250244140625,3.199951171875,0.9419445573709251,0.00045048509553580256,0.05760495753353916
2024-01-31,1409.6259765625,1426.625,1434.25,1402.5,1404.0,15130226,22.625,31.75,7.625,1.5,0.7125984251968503,0.24015748031496062,0.047244094488188976
2024-02-01,1409.650634765625,1426.6500244140625,1443.3499755859375,1418.050048828125,1435.0,13349362,8.3499755859375,25.2999267578125,8.3499755859375,8.5999755859375,0.33003951615626975,0.33003951615626975,0.3399209676874605
2024-02-02,1440.33056640625,1457.699951171875,1474.9000244140625,1433.175048828125,1433.175048828125,19652588,24.52490234375,41.7249755859375,17.2000732421875,0.0,0.5877751154877988,0.4122248845122012,0.0
2024-02-05,1421.878173828125,1439.0250244140625,1470.5,1431.5250244140625,1460.75,8814432,21.7249755859375,38.9749755859375,9.75,7.5,0.5574083180125469,0.2501605159059518,0.19243116608150138
2024-02-06,1410.7869873046875,1427.800048828125,1441.8499755859375,1419.824951171875,1441.8499755859375,9047984,14.0499267578125,22.0250244140625,0.0,7.97509765625,0.6379074317321495,0.0,0.3620925682678505
2024-02-07,1424.966064453125,1442.1500244140625,1449.5,1429.25,1435.925048828125,9296568,6.2249755859375,20.25,7.3499755859375,6.675048828125,0.30740620177469136,0.36296175733024694,0.3296320408950617
2024-02-08,1432.845947265625,1450.125,1459.4749755859375,1427.5250244140625,1450.0,14694634,0.125,31.949951171875,9.3499755859375,22.4749755859375,0.003912369046436459,0.2926444405388677,0.7034431904146958
2024-02-09,1443.3443603515625,1460.75,1471.9749755859375,1450.949951171875,1454.0,12556798,6.75,21.0250244140625,11.2249755859375,3.050048828125,0.3210460005689834,0.5338864471629209,0.1450675522680957
2024-02-12,1435.04443359375,1452.3499755859375,1461.0,1442.3499755859375,1460.75,6674430,8.4000244140625,18.6500244140625,0.25,10.0,0.45040286423049986,0.013404808189500003,0.5361923275800001
2024-02-13,1447.6424560546875,1465.0999755859375,1479.0,1454.0,1455.5,7715594,9.5999755859375,25.0,13.9000244140625,1.5,0.3839990234375,0.5560009765625,0.06
2024-02-14,1463.7236328125,1481.375,1483.6500244140625,1457.5,1457.5,7117888,23.875,26.1500244140625,2.2750244140625,0.0,0.9130010596533487,0.08699894034665136,0.0
2024-02-15,1453.076904296875,1470.5999755859375,1484.7249755859375,1466.5250244140625,1483.3499755859375,10006782,12.75,18.199951171875,1.375,4.074951171875,0.7005513300334018,0.07554965323889627,0.223899016727702
2024-02-16,1443.1712646484375,1460.574951171875,1477.0,1458.550048828125,1476.4749755859375,9767498,15.9000244140625,18.449951171875,0.5250244140625,2.02490234375,0.861792221884056,0.028456683119185932,0.10975109499675802
2024-02-19,1456.4364013671875,1474.0,1479.5,1453.5250244140625,1462.050048828125,6729828,11.949951171875,25.9749755859375,5.5,8.5250244140625,0.4600563004318873,0.2117422586906155,0.3282014408774972
2024-02-20,1453.4969482421875,1471.0250244140625,1475.5,1461.800048828125,1475.0250244140625,7117496,4.0,13.699951171875,0.4749755859375,9.2249755859375,0.2919718435355965,0.03466987436514301,0.6733582820992604
2024-02-21,1450.2115478515625,1467.699951171875,1488.5250244140625,1457.550048828125,1474.0,12720292,6.300048828125,30.9749755859375,14.5250244140625,10.14990234375,0.20339156719094215,0.4689277114606281,0.32768072134842974
2024-02-22,1464.0941162109375,1481.75,1484.949951171875,1458.0,1468.1500244140625,18493728,13.5999755859375,26.949951171875,3.199951171875,10.1500244140625,0.5046382273274933,0.118736807776278,0.3766249648962287
2024-02-23,1475.82763671875,1493.625,1497.550048828125,1483.3499755859375,1489.5,14438584,4.125,14.2000732421875,3.925048828125,6.1500244140625,0.2904914594204269,0.27641046360690125,0.4330980769726719
2024-02-26,1469.6025390625,1487.324951171875,1494.5250244140625,1482.5,1493.550048828125,7513106,6.22509765625,12.0250244140625,0.9749755859375,4.824951171875,0.5176785877432519,0.08107888619313972,0.4012425260636084
2024-02-27,1467.9476318359375,1485.6500244140625,1499.949951171875,1478.050048828125,1483.0250244140625,10826044,2.625,21.89990234375,14.2999267578125,4.9749755859375,0.1198635481929054,0.6529676038438385,0.22716884796325612
2024-02-28,1438.2802734375,1455.625,1491.2750244140625,1450.175048828125,1483.0,8647950,27.375,41.0999755859375,8.2750244140625,5.449951171875,0.6660587898102415,0.20133891312806104,0.13260229706169752
2024-02-29,1443.393798828125,1460.800048828125,1478.9749755859375,1454.5250244140625,1465.0,23628976,4.199951171875,24.449951171875,13.9749755859375,6.2750244140625,0.17177748709397186,0.571574785065953,0.2566477278400751
2024-03-01,1474.345458984375,1492.125,1500.0,1462.5,1463.5,12132926,28.625,37.5,7.875,1.0,0.7633333333333333,0.21,0.02666666666666667
2024-03-04,1489.4384765625,1507.4000244140625,1512.449951171875,1487.2249755859375,1490.4749755859375,10024420,16.925048828125,25.2249755859375,5.0499267578125,3.25,0.6709639329665171,0.2001955062595878,0.12884056077389508
2024-03-05,1482.32421875,1500.199951171875,1507.4000244140625,1486.050048828125,1505.7750244140625,7107668,5.5750732421875,21.3499755859375,1.625,14.14990234375,0.2611278509311088,0.07611249921383198,0.6627596498550592
2024-03-06,1485.0909423828125,1503.0,1509.0,1478.5,1493.449951171875,7805676,9.550048828125,30.5,6.0,14.949951171875,0.3131163550204918,0.19672131147540983,0.4901623335040984
2024-03-07,1461.3028564453125,1478.925048828125,1503.0999755859375,1475.550048828125,1502.9749755859375,8315726,24.0499267578125,27.5499267578125,0.125,3.375,0.8729579199695156,0.004537217143945872,0.12250486288653856
2024-03-11,1449.12451171875,1466.5999755859375,1489.0,1463.5,1489.0,11277130,22.4000244140625,25.5,0.0,3.0999755859375,0.8784323299632353,0.0,0.1215676700367647
2024-03-12,1457.844482421875,1475.425048828125,1488.0,1465.0250244140625,1466.5999755859375,9432678,8.8250732421875,22.9749755859375,12.574951171875,1.574951171875,0.38411676256966915,0.5473325151027304,0.0685507223276004
2024-03-13,1415.10986328125,1432.175048828125,1483.0999755859375,1427.7750244140625,1479.7750244140625,13522134,47.5999755859375,55.324951171875,3.324951171875,4.4000244140625,0.8603708557836999,0.06009858303436285,0.07953056118193733
2024-03-14,1414.418212890625,1431.4749755859375,1448.5250244140625,1425.5,1439.699951171875,18571102,8.2249755859375,23.0250244140625,8.8250732421875,5.9749755859375,0.35721897349711856,0.38328181909755543,0.259499207405326
2024-03-15,1401.3260498046875,1418.2249755859375,1433.2249755859375,1412.9000244140625,1425.949951171875,19223818,7.7249755859375,20.324951171875,7.2750244140625,5.324951171875,0.3800735126304789,0.3579356404127278,0.2619908469567933
2024-03-18,1422.32275390625,1439.4749755859375,1441.7249755859375,1416.5250244140625,1420.0,9169392,19.4749755859375,25.199951171875,2.25,3.4749755859375,0.7728179889361455,0.08928588728819306,0.13789612377566146
2024-03-19,1408.267333984375,1425.25,1437.5999755859375,1417.25,1428.75,8275764,3.5,20.3499755859375,8.8499755859375,8.0,0.17199037832844452,0.4348887569208252,0.3931208647507303
2024-03-20,1426.546875,1443.75,1445.0,1424.0250244140625,1427.949951171875,8488806,15.800048828125,20.9749755859375,1.25,3.9249267578125,0.7532809162704348,0.05959482502749859,0.18712425870206661
2024-03-21,1433.685791015625,1450.9749755859375,1457.9000244140625,1444.675048828125,1452.5250244140625,13006936,1.550048828125,13.2249755859375,5.375,6.2999267578125,0.11720617690766945,0.4064279714599544,0.47636585163237616
2024-03-22,1437.6876220703125,1455.0250244140625,1460.0,1447.3499755859375,1449.9749755859375,19527608,5.050048828125,12.6500244140625,4.9749755859375,2.625,0.3992125756303737,0.39327794343282285,0.2075094809368034
2024-03-26,1424.397705078125,1441.574951171875,1452.4000244140625,1439.0,1445.0,11415906,3.425048828125,13.4000244140625,7.4000244140625,2.574951171875,0.25560019312581417,0.5522396217649149,0.19216018510927094
2024-03-27,1475.0618896484375,1492.8499755859375,1500.0,1447.0,1448.0,16326644,44.8499755859375,53.0,7.1500244140625,1.0,0.8462259544516509,0.13490612102004718,0.018867924528301886
2024-03-28,1468.145263671875,1485.8499755859375,1505.949951171875,1478.6500244140625,1492.875,21854364,7.0250244140625,27.2999267578125,13.074951171875,7.199951171875,0.25732759198894656,0.47893722528516686,0.2637351827258866
2024-04-01,1467.0831298828125,1484.7750244140625,1493.9749755859375,1482.5,1492.4749755859375,5013880,7.699951171875,11.4749755859375,1.5,2.2750244140625,0.6710211376232673,0.13071923236492453,0.19825963001180813
2024-04-02,1469.2320556640625,1486.949951171875,1494.0,1475.0,1484.0,8910166,2.949951171875,19.0,7.050048828125,9.0,0.15526058799342105,0.37105520148026316,0.47368421052631576
2024-04-03,1454.0650634765625,1471.5999755859375,1484.449951171875,1468.9000244140625,1482.074951171875,7008292,10.4749755859375,15.5499267578125,2.375,2.699951171875,0.6736350433724536,0.1527338383640146,0.1736311182635318
2024-04-04,1445.493408203125,1462.925048828125,1479.75,1450.0,1479.75,14490272,16.824951171875,29.75,0.0,12.925048828125,0.5655445772058824,0.0,0.43445542279411764
2024-04-05,1442.7020263671875,1460.0999755859375,1470.800048828125,1456.0,1460.875,7442298,0.7750244140625,14.800048828125,9.925048828125,4.0999755859375,0.05236634169677175,0.6706091948334736,0.2770244634697547
2024-04-08,1468.2686767578125,1485.9749755859375,1490.9749755859375,1461.0,1462.9749755859375,8357118,23.0,29.9749755859375,5.0,1.9749755859375,0.7673067133636049,0.1668058072529576,0.06588747938343752
2024-04-09,1446.2098388671875,1463.6500244140625,1489.800048828125,1462.5,1489.0,7071414,25.3499755859375,27.300048828125,0.800048828125,1.1500244140625,0.9285688734674167,0.029305765464447645,0.04212536106813568
2024-04-10,1461.945068359375,1479.574951171875,1487.0,1466.3499755859375,1466.3499755859375,9138330,13.2249755859375,20.6500244140625,7.425048828125,0.0,0.6404338959004522,0.35956610409954776,0.0
2024-04-12,1449.6680908203125,1467.1500244140625,1486.4749755859375,1463.074951171875,1475.875,15551012,8.7249755859375,23.4000244140625,10.5999755859375,4.0750732421875,0.37286181550708686,0.45298993703473783,0.1741482474581753
2024-04-15,1447.3707275390625,1464.824951171875,1482.125,1446.324951171875,1461.0,12902062,3.824951171875,35.800048828125,17.300048828125,14.675048828125,0.10684206578148762,0.48324092827867454,0.4099170059398378
2024-04-16,1448.2847900390625,1465.75,1471.175048828125,1450.925048828125,1453.3499755859375,9366184,12.4000244140625,20.25,5.425048828125,2.4249267578125,0.6123468846450617,0.2679036458333333,0.11974946952160494
2024-04-18,1446.876708984375,1464.324951171875,1486.0,1459.3499755859375,1463.5,19005692,0.824951171875,26.6500244140625,21.675048828125,4.1500244140625,0.03095498747234526,0.813321912631632,0.15572309989602276
2024-04-19,1452.6077880859375,1470.125,1474.0,1443.0250244140625,1456.7750244140625,15741778,13.3499755859375,30.9749755859375,3.875,13.75,0.4309922875935479,0.12510098641560294,0.4439067259908491
2024-04-22,1462.2166748046875,1479.8499755859375,1482.824951171875,1467.800048828125,1472.449951171875,10350362,7.4000244140625,15.02490234375,2.9749755859375,4.64990234375,0.49251730525494786,0.1980029898280849,0.3094797049169673
2024-04-23,1441.936279296875,1459.324951171875,1493.5,1455.550048828125,1479.0,14605554,19.675048828125,37.949951171875,14.5,3.77490234375,0.5184472764936343,0.3820821780331054,0.0994705454732603
2024-04-24,1432.895263671875,1450.175048828125,1468.550048828125,1449.5,1463.5,10462776,13.324951171875,19.050048828125,5.050048828125,0.675048828125,0.6994707096079663,0.26509374719655515,0.035435543195478605
2024-04-25,1442.57861328125,1459.9749755859375,1467.9749755859375,1441.5,1442.5,15943926,17.4749755859375,26.4749755859375,8.0,1.0,0.6600563437429398,0.3021721388951647,0.03777151736189559
2024-04-26,1435.2421875,1452.550048828125,1465.0,1450.0,1463.949951171875,9413848,11.39990234375,15.0,1.050048828125,2.550048828125,0.7599934895833333,0.07000325520833334,0.17000325520833334
2024-04-29,1447.568359375,1465.0250244140625,1467.9000244140625,1450.0,1450.0,7247974,15.0250244140625,17.9000244140625,2.875,0.0,0.839385693924453,0.1606143060755471,0.0
2024-04-30,1449.5198974609375,1467.0,1483.074951171875,1462.875,1468.0,11474262,1.0,20.199951171875,15.074951171875,4.125,0.04950507016038386,0.7462865154280327,0.2042084144115834
2024-05-02,1449.0753173828125,1466.550048828125,1477.324951171875,1464.125,1472.0,14512646,5.449951171875,13.199951171875,5.324951171875,2.425048828125,0.4128766160504559,0.40340688405126973,0.18371649989827438
2024-05-03,1416.9130859375,1434.0,1474.949951171875,1416.1500244140625,1471.0,17226958,37.0,58.7999267578125,3.949951171875,17.8499755859375,0.6292524844868784,0.06717612401362705,0.30357139149949447
2024-05-06,1402.610595703125,1419.5250244140625,1440.0,1418.0,1435.5,7394208,15.9749755859375,22.0,4.5,1.5250244140625,0.72613525390625,0.20454545454545456,0.06931929154829546
2024-05-07,1384.775634765625,1401.4749755859375,1420.75,1392.0,1415.9749755859375,14517472,14.5,28.75,4.7750244140625,9.4749755859375,0.5043478260869565,0.16608780570652174,0.32956436820652174
2024-05-08,1401.6473388671875,1418.550048828125,1432.949951171875,1397.5,1397.5,9439002,21.050048828125,35.449951171875,14.39990234375,0.0,0.593796271426899,0.4062037285731011,0.0
2024-05-09,1377.51318359375,1394.125,1423.75,1390.0,1413.0,11009612,18.875,33.75,10.75,4.125,0.5592592592592592,0.31851851851851853,0.12222222222222222
2024-05-10,1390.65478515625,1407.425048828125,1410.0,1388.074951171875,1396.75,10505096,10.675048828125,21.925048828125,2.574951171875,8.675048828125,0.48688825789209955,0.11744334947942765,0.3956683926284728
2024-05-13,1385.9859619140625,1402.699951171875,1406.9749755859375,1384.0,1399.9000244140625,8456620,2.7999267578125,22.9749755859375,4.2750244140625,15.9000244140625,0.12186854115859327,0.18607307755657215,0.6920583812848345
2024-05-14,1403.1539306640625,1420.074951171875,1427.074951171875,1400.0250244140625,1400.9749755859375,7188300,19.0999755859375,27.0499267578125,7.0,0.949951171875,0.7061008244845279,0.25878073765868054,0.03511843785679151
2024-05-15,1399.3992919921875,1416.2750244140625,1429.9749755859375,1413.0250244140625,1420.5,5046534,4.2249755859375,16.949951171875,9.4749755859375,3.25,0.24926181456781943,0.5589972201016895,0.191740965330491
2024-05-16,1408.3660888671875,1425.3499755859375,1427.5,1398.0250244140625,1418.550048828125,14711774,6.7999267578125,29.4749755859375,2.1500244140625,20.5250244140625,0.2307016926269056,0.07294406089646689,0.6963542464766275
2024-05-17,1418.5927734375,1435.699951171875,1437.199951171875,1413.25,1423.050048828125,10916476,12.64990234375,23.949951171875,1.5,9.800048828125,0.5281807153997492,0.06263060785532983,0.40918867674492093
2024-05-21,1419.0128173828125,1436.125,1441.824951171875,1425.5999755859375,1425.5999755859375,11176128,10.5250244140625,16.2249755859375,5.699951171875,0.0,0.6486927735770981,0.35130722642290185,0.0
2024-05-22,1443.24560546875,1460.6500244140625,1468.7750244140625,1436.2750244140625,1436.2750244140625,10281604,24.375,32.5,8.125,0.0,0.75,0.25,0.0
2024-05-23,1468.3428955078125,1486.050048828125,1492.2249755859375,1455.0,1458.550048828125,14608260,27.5,37.2249755859375,6.1749267578125,3.550048828125,0.738751324000564,0.16588128428874527,0.09536739171069071
2024-05-24,1462.6119384765625,1480.25,1488.5,1476.0999755859375,1483.625,7094776,3.375,12.4000244140625,4.875,4.1500244140625,0.2721768834723029,0.39314438723777084,0.33467872928992626
2024-05-27,1448.77880859375,1466.25,1484.9000244140625,1461.550048828125,1480.2249755859375,6629010,13.9749755859375,23.3499755859375,4.675048828125,4.699951171875,0.5985006508680855,0.20021643324289143,0.20128291588902308
2024-05-28,1438.8485107421875,1456.199951171875,1478.5,1452.75,1468.0,7820162,11.800048828125,25.75,10.5,3.449951171875,0.4582543234223301,0.4077669902912621,0.13397868628640777
2024-05-29,1423.6072998046875,1440.7750244140625,1458.0,1438.449951171875,1446.5,7383556,5.7249755859375,19.550048828125,11.5,2.3250732421875,0.2928368944890543,0.5882338249434919,0.11892928056745383
2024-05-30,1407.8720703125,1424.8499755859375,1440.4000244140625,1420.0999755859375,1435.5,13206858,10.6500244140625,20.300048828125,4.9000244140625,4.75,0.5246304826275722,0.24137993241049202,0.2339895849619358
2024-05-31,1413.35595703125,1430.4000244140625,1442.25,1422.25,1431.300048828125,31069832,0.9000244140625,20.0,10.949951171875,8.1500244140625,0.045001220703125,0.54749755859375,0.407501220703125
2024-06-03,1492.32861328125,1510.324951171875,1514.5,1459.0,1483.0,21527942,27.324951171875,55.5,4.175048828125,24.0,0.4923414625563063,0.07522610501126126,0.43243243243243246
2024-06-04,1380.625732421875,1397.2750244140625,1498.050048828125,1359.300048828125,1498.050048828125,36709098,100.7750244140625,138.75,0.0,37.9749755859375,0.7263064822635135,0.0,0.2736935177364865
2024-06-05,1403.821044921875,1420.75,1431.1500244140625,1384.0999755859375,1422.0,17464890,1.25,47.050048828125,9.1500244140625,36.6500244140625,0.026567453831265533,0.19447428094044636,0.7789582652282881
2024-06-06,1414.5416259765625,1431.5999755859375,1443.699951171875,1421.3499755859375,1435.0,17855722,3.4000244140625,22.3499755859375,8.699951171875,10.25,0.1521265381695441,0.3892599854717053,0.45861347635875055
2024-06-07,1452.4345703125,1469.949951171875,1472.0,1426.5,1428.5,18558696,41.449951171875,45.5,2.050048828125,2.0,0.9109879378434066,0.04505601820054945,0.04395604395604396
2024-06-10,1453.867431640625,1471.4000244140625,1493.3499755859375,1468.074951171875,1469.949951171875,9251760,1.4500732421875,25.2750244140625,21.949951171875,1.875,0.057371784035971464,0.8684443113598933,0.07418390460413517
2024-06-11,1439.31787109375,1456.675048828125,1473.675048828125,1454.675048828125,1469.0,11774902,12.324951171875,19.0,4.675048828125,2.0,0.648681640625,0.24605520148026316,0.10526315789473684
2024-06-12,1445.8885498046875,1463.324951171875,1476.0,1455.175048828125,1457.5,10081742,5.824951171875,20.824951171875,12.675048828125,2.324951171875,0.27971019589913126,0.6086472291586068,0.11164257494226193
2024-06-13,1447.790771484375,1465.25,1472.25,1460.0999755859375,1472.0,9181160,6.75,12.1500244140625,0.25,5.1500244140625,0.5555544392312097,0.02057609034189666,0.4238694704268936
2024-06-14,1459.9442138671875,1477.550048828125,1479.675048828125,1457.2249755859375,1470.0,8157998,7.550048828125,22.4500732421875,2.125,12.7750244140625,0.3363039731174318,0.09465447961242122,0.569041547270147
2024-06-18,1463.3778076171875,1481.0250244140625,1487.4000244140625,1471.3499755859375,1487.3499755859375,7196766,6.324951171875,16.050048828125,0.050048828125,9.675048828125,0.39407675575363926,0.0031182975616434187,0.6028049466847173
2024-06-19,1441.2694091796875,1458.6500244140625,1487.5,1456.0,1487.5,8725874,28.8499755859375,31.5,0.0,2.6500244140625,0.9158722408234127,0.0,0.0841277591765873
2024-06-20,1456.1400146484375,1473.699951171875,1482.8499755859375,1450.0999755859375,1459.0,16113776,14.699951171875,32.75,9.1500244140625,8.9000244140625,0.44885347089694655,0.2793900584446565,0.2717564706583969
2024-06-21,1436.872314453125,1454.199951171875,1474.699951171875,1440.574951171875,1473.625,31170360,19.425048828125,34.125,1.074951171875,13.625,0.569232200091575,0.03150040064102564,0.3992673992673993
2024-06-24,1424.2989501953125,1441.4749755859375,1449.5,1437.5,1445.5250244140625,8878386,4.050048828125,12.0,3.9749755859375,3.9749755859375,0.3375040690104167,0.3312479654947917,0.3312479654947917
2024-06-25,1436.822998046875,1454.1500244140625,1455.925048828125,1441.0,1443.0,7045386,11.1500244140625,14.925048828125,1.7750244140625,2.0,0.7470678684180394,0.11892921989760032,0.13400291168436032
2024-06-26,1495.9844970703125,1514.0250244140625,1518.9749755859375,1445.125,1446.050048828125,22014882,67.9749755859375,73.8499755859375,4.949951171875,0.925048828125,0.9204468254269983,0.06702711994961809,0.01252605462338362
2024-06-27,1512.3126220703125,1530.550048828125,1537.5,1506.0,1513.75,28383030,16.800048828125,31.5,6.949951171875,7.75,0.5333348834325397,0.22063337053571427,0.24603174603174602
2024-06-28,1546.7474365234375,1565.4000244140625,1581.0,1531.0250244140625,1531.0250244140625,28957336,34.375,49.9749755859375,15.5999755859375,0.0,0.6878442579904493,0.31215574200955065,0.0
2024-07-01,1541.5599365234375,1560.1500244140625,1579.4000244140625,1555.675048828125,1562.5250244140625,7724306,2.375,23.7249755859375,16.875,4.4749755859375,0.10010547709089038,0.711275758277379,0.1886187646317306
2024-07-02,1546.525146484375,1565.175048828125,1573.5,1557.0,1569.5,7749246,4.324951171875,16.5,4.0,8.175048828125,0.2621182528409091,0.24242424242424243,0.4954575047348485
2024-07-03,1533.927001953125,1552.425048828125,1575.0,1542.7750244140625,1566.324951171875,9049620,13.89990234375,32.2249755859375,8.675048828125,9.6500244140625,0.43133942201699327,0.2692026501304989,0.2994579278525079
2024-07-04,1535.5079345703125,1554.0250244140625,1567.5,1550.800048828125,1557.0,6837176,2.9749755859375,16.699951171875,10.5,3.2249755859375,0.17814277151586919,0.628744353317837,0.19311287516629388
2024-07-05,1569.6956787109375,1588.625,1598.5,1548.0,1553.824951171875,12269710,34.800048828125,50.5,9.875,5.824951171875,0.6891098777846535,0.19554455445544555,0.11534556775990099
2024-07-08,1581.824462890625,1600.9000244140625,1608.800048828125,1582.5250244140625,1589.0,9500806,11.9000244140625,26.2750244140625,7.9000244140625,6.4749755859375,0.45290250644614277,0.30066668215289555,0.2464308114009617
2024-07-09,1571.325927734375,1590.2750244140625,1600.5,1580.5,1597.5999755859375,6960002,7.324951171875,20.0,2.9000244140625,9.7750244140625,0.36624755859375,0.145001220703125,0.488751220703125
2024-07-10,1565.3480224609375,1584.2249755859375,1597.5,1563.1500244140625,1595.0,7134578,10.7750244140625,34.3499755859375,2.5,21.074951171875,0.3136836120044777,0.07278025551271344,0.6135361324828089
2024-07-11,1561.815673828125,1580.6500244140625,1604.25,1570.5,1587.5,11940946,6.8499755859375,33.75,16.75,10.1500244140625,0.20296223958333334,0.4962962962962963,0.3007414641203704
2024-07-12,1577.69921875,1596.7249755859375,1605.1500244140625,1574.5,1584.5,12924784,12.2249755859375,30.6500244140625,8.425048828125,10.0,0.39885696079017063,0.27487902503136386,0.32626401417846546
2024-07-15,1578.1932373046875,1597.2249755859375,1605.8499755859375,1585.5,1604.449951171875,5329688,7.2249755859375,20.3499755859375,1.4000244140625,11.7249755859375,0.3550360812683331,0.06879735104104806,0.5761665676906189
2024-07-16,1557.4681396484375,1576.25,1600.0,1569.125,1593.5,9386838,17.25,30.875,6.5,7.125,0.5587044534412956,0.21052631578947367,0.23076923076923078
2024-07-18,1567.7689208984375,1586.675048828125,1593.9000244140625,1557.824951171875,1576.0,12298374,10.675048828125,36.0750732421875,7.2249755859375,18.175048828125,0.29591204864530146,0.20027611690302408,0.5038118344516744
2024-07-19,1536.61962890625,1555.1500244140625,1589.9749755859375,1552.800048828125,1586.0,13140390,30.8499755859375,37.1749267578125,3.9749755859375,2.3499755859375,0.8298597543155676,0.10692625198251772,0.0632139937019147
2024-07-22,1482.793701171875,1500.675048828125,1537.5,1499.2750244140625,1537.25,19674376,36.574951171875,38.2249755859375,0.25,1.4000244140625,0.9568338661105771,0.006540226544761272,0.03662590734466164
2024-07-23,1470.1708984375,1487.9000244140625,1505.75,1463.0,1501.0,18052044,13.0999755859375,42.75,4.75,24.9000244140625,0.3064321774488304,0.1111111111111111,0.5824567114400585
2024-07-24,1477.8779296875,1495.699951171875,1509.5,1476.4000244140625,1485.0,11913362,10.699951171875,33.0999755859375,13.800048828125,8.5999755859375,0.3232616031421143,0.41692021168704246,0.25981818517084326
2024-07-25,1474.6171875,1492.4000244140625,1500.4749755859375,1477.074951171875,1481.0,12519876,11.4000244140625,23.4000244140625,8.074951171875,3.925048828125,0.4871800222230337,0.3450830233759188,0.1677369544010475
2024-07-26,1491.044189453125,1509.0250244140625,1512.425048828125,1490.3499755859375,1492.4000244140625,9859940,16.625,22.0750732421875,3.4000244140625,2.050048828125,0.7531118840515597,0.15402097998772388,0.09286713596071644
2024-07-29,1501.9871826171875,1520.0999755859375,1527.5,1511.7750244140625,1511.949951171875,7538550,8.1500244140625,15.7249755859375,7.4000244140625,0.1749267578125,0.5182853461057764,0.47059051847941685,0.011124135414806821
2024-07-30,1495.1199951171875,1513.1500244140625,1525.0,1510.0,1517.0250244140625,8228208,3.875,15.0,7.9749755859375,3.1500244140625,0.25833333333333336,0.5316650390625,0.21000162760416666
2024-07-31,1487.4869384765625,1505.425048828125,1510.449951171875,1501.1500244140625,1504.0,10057346,1.425048828125,9.2999267578125,5.02490234375,2.8499755859375,0.153232263568944,0.5403163352365952,0.30645140119446085
2024-08-01,1497.244384765625,1515.300048828125,1518.0,1504.300048828125,1512.0,10764222,3.300048828125,13.699951171875,2.699951171875,7.699951171875,0.2408803350262853,0.1970774302771095,0.5620422346966052
2024-08-02,1481.4595947265625,1499.324951171875,1509.324951171875,1493.2750244140625,1505.0,10268248,5.675048828125,16.0499267578125,4.324951171875,6.0499267578125,0.35358721031936174,0.2694685924201976,0.37694419726044065
2024-08-05,1430.0792236328125,1447.324951171875,1483.9000244140625,1433.25,1480.0,17046704,32.675048828125,50.6500244140625,3.9000244140625,14.074951171875,0.6451141772609508,0.0769994577333253,0.27788636500572395
2024-08-06,1438.700439453125,1456.050048828125,1477.5,1451.324951171875,1455.1500244140625,10236186,0.9000244140625,26.175048828125,21.449951171875,3.8250732421875,0.0343848227360488,0.8194808465391323,0.14613433072481882
2024-08-07,1447.3707275390625,1464.824951171875,1472.5,1461.5,1469.0,8174568,4.175048828125,11.0,3.5,3.324951171875,0.3795498934659091,0.3181818181818182,0.3022682883522727
2024-08-08,1431.85791015625,1449.125,1465.0,1445.925048828125,1457.5250244140625,12387192,8.4000244140625,19.074951171875,7.4749755859375,3.199951171875,0.4403693796316443,0.39187390408416634,0.16775671628418937
2024-08-09,1456.7330322265625,1474.300048828125,1476.5,1456.0,1460.0,6249776,14.300048828125,20.5,2.199951171875,4.0,0.6975633574695121,0.10731469131097561,0.1951219512195122
2024-08-12,1443.220947265625,1460.625,1473.0,1457.75,1470.0,8184584,9.375,15.25,3.0,2.875,0.6147540983606558,0.19672131147540983,0.1885245901639344
2024-08-13,1446.1851806640625,1463.625,1470.074951171875,1458.0,1460.75,6265064,2.875,12.074951171875,6.449951171875,2.75,0.2380962008936695,0.5341596069471684,0.22774419215916214
2024-08-14,1444.4312744140625,1461.8499755859375,1472.0,1453.699951171875,1463.550048828125,6267466,1.7000732421875,18.300048828125,8.449951171875,8.1500244140625,0.09289992929279453,0.46174473364729113,0.44535533705991437
2024-08-16,1460.5863037109375,1478.199951171875,1480.4000244140625,1458.050048828125,1468.6500244140625,9416902,9.5499267578125,22.3499755859375,2.2000732421875,10.5999755859375,0.4272902545728627,0.09843738905790017,0.47427235636923715
2024-08-19,1475.65625,1488.4000244140625,1498.300048828125,1480.5,1482.5,13797742,5.9000244140625,17.800048828125,9.9000244140625,2.0,0.3314611364852076,0.5561796211715975,0.11235924234319494
2024-08-20,1483.1416015625,1495.949951171875,1503.925048828125,1490.0250244140625,1497.2249755859375,8411808,1.2750244140625,13.9000244140625,6.7000732421875,5.9249267578125,0.09172821400029858,0.48201881108993666,0.4262529749097647
2024-08-21,1485.8433837890625,1498.675048828125,1507.875,1490.0,1493.25,7769996,5.425048828125,17.875,9.199951171875,3.25,0.30349923513986016,0.514682583041958,0.18181818181818182
2024-08-22,1485.2979736328125,1498.125,1506.5,1490.6500244140625,1503.0,10445782,4.875,15.8499755859375,3.5,7.4749755859375,0.30757145167625516,0.22082052940859345,0.47160801891515136
2024-08-23,1487.1322021484375,1499.9749755859375,1511.324951171875,1498.425048828125,1503.75,9249654,3.7750244140625,12.89990234375,7.574951171875,1.5499267578125,0.2926397668344752,0.5872099625269692,0.12015027063855559
2024-08-26,1499.6490478515625,1512.5999755859375,1523.0,1503.0,1506.9749755859375,8816114,5.625,20.0,10.4000244140625,3.9749755859375,0.28125,0.520001220703125,0.198748779296875
2024-08-27,1487.6031494140625,1500.449951171875,1513.4749755859375,1499.449951171875,1510.5,6251156,10.050048828125,14.0250244140625,2.9749755859375,1.0,0.7165797742247134,0.212119102121104,0.07130112365418259
2024-08-28,1485.4715576171875,1498.300048828125,1507.4749755859375,1493.0,1505.0,9610286,6.699951171875,14.4749755859375,2.4749755859375,5.300048828125,0.46286441950092344,0.1709830577083632,0.36615252279071336
2024-08-29,1507.90283203125,1520.925048828125,1537.0,1494.0,1503.0999755859375,38335358,17.8250732421875,43.0,16.074951171875,9.0999755859375,0.41453658702761625,0.37383607376453487,0.21162733920784885
2024-08-30,1496.6995849609375,1509.625,1539.7249755859375,1503.324951171875,1534.0,41620730,24.375,36.4000244140625,5.7249755859375,6.300048828125,0.669642408002978,0.15727944357437731,0.1730781484226447
2024-09-02,1503.267822265625,1516.25,1526.800048828125,1506.625,1510.875,11240852,5.375,20.175048828125,10.550048828125,4.25,0.2664181903989738,0.5229255660297445,0.21065624357128163
2024-09-03,1496.203857421875,1509.125,1523.0,1507.5,1521.25,10923800,12.125,15.5,1.75,1.625,0.782258064516129,0.11290322580645161,0.10483870967741936
2024-09-04,1501.5823974609375,1514.550048828125,1517.5,1499.5,1500.699951171875,11983304,13.85009765625,18.0,2.949951171875,1.199951171875,0.7694498697916666,0.1638861762152778,0.06666395399305555
2024-09-05,1480.192138671875,1492.9749755859375,1525.7750244140625,1487.050048828125,1519.050048828125,16264168,26.0750732421875,38.7249755859375,6.7249755859375,5.9249267578125,0.6733399530316643,0.17365990511765725,0.1530001418506785
2024-09-06,1452.2830810546875,1464.824951171875,1497.0,1461.625,1492.5,19394228,27.675048828125,35.375,4.5,3.199951171875,0.7823335357773852,0.127208480565371,0.09045798365724382
2024-09-09,1449.9283447265625,1462.449951171875,1469.925048828125,1455.5999755859375,1466.5,9010298,4.050048828125,14.3250732421875,3.425048828125,6.8499755859375,0.2827244761442169,0.23909468176666582,0.47818084208911726
2024-09-10,1449.0113525390625,1461.5250244140625,1472.050048828125,1457.574951171875,1460.5,10768260,1.0250244140625,14.47509765625,10.5250244140625,2.925048828125,0.07081295328048574,0.7271124978917187,0.20207454882779557
2024-09-11,1439.0721435546875,1451.5,1468.75,1447.550048828125,1463.050048828125,9760202,11.550048828125,21.199951171875,5.699951171875,3.949951171875,0.5448148787931134,0.26886624057119823,0.18631888063568838
2024-09-12,1467.1298828125,1479.800048828125,1486.0,1445.875,1457.0,22349376,22.800048828125,40.125,6.199951171875,11.125,0.5682255159657321,0.15451591705607476,0.2772585669781931
2024-09-13,1460.016357421875,1472.625,1483.1500244140625,1469.5,1476.4000244140625,8711328,3.7750244140625,13.6500244140625,6.75,3.125,0.27655807048765435,0.49450461004641344,0.22893731946593215
2024-09-16,1458.752197265625,1471.3499755859375,1480.9000244140625,1464.75,1477.550048828125,5481774,6.2000732421875,16.1500244140625,3.3499755859375,6.5999755859375,0.3839048835609708,0.20742851527955192,0.4086666011594772
2024-09-17,1459.6942138671875,1472.300048828125,1477.4749755859375,1466.625,1474.0,5935328,1.699951171875,10.8499755859375,3.4749755859375,5.675048828125,0.15667787990954402,0.32027496821664436,0.5230471518738117
2024-09-18,1450.919921875,1463.449951171875,1482.0,1460.550048828125,1470.0,8574714,6.550048828125,21.449951171875,12.0,2.89990234375,0.3053642768526844,0.5594418329368648,0.13519389021045083
2024-09-19,1457.0916748046875,1469.675048828125,1476.5,1455.550048828125,1466.25,16955902,3.425048828125,20.949951171875,6.824951171875,10.699951171875,0.1634871986109007,0.32577408490752935,0.51073871648157
2024-09-20,1473.2025146484375,1485.925048828125,1495.0,1471.375,1474.0,30897320,11.925048828125,23.625,9.074951171875,2.625,0.5047639715608465,0.3841249173280423,0.1111111111111111
2024-09-23,1480.5887451171875,1493.375,1501.5,1488.949951171875,1491.0,8832314,2.375,12.550048828125,8.125,2.050048828125,0.1892422916058749,0.6474078397043089,0.16334986868981616
2024-09-24,1476.6229248046875,1489.375,1500.5,1487.875,1488.5,17137444,0.875,12.625,11.125,0.625,0.06930693069306931,0.8811881188118812,0.04950495049504951
2024-09-25,1481.15869140625,1493.949951171875,1496.5,1480.199951171875,1483.9000244140625,7069002,10.0499267578125,16.300048828125,2.550048828125,3.7000732421875,0.616558076836666,0.15644424473900995,0.2269976784243241
2024-09-26,1485.12451171875,1497.949951171875,1504.0,1488.050048828125,1490.6500244140625,18818998,7.2999267578125,15.949951171875,6.050048828125,2.5999755859375,0.45767705989499624,0.3793145673569974,0.1630083727480063
2024-09-27,1513.10791015625,1526.175048828125,1533.4749755859375,1492.0,1499.0,20597478,27.175048828125,41.4749755859375,7.2999267578125,7.0,0.6552155473079765,0.17600798203453583,0.16877647065748771
2024-09-30,1463.9324951171875,1476.574951171875,1524.9749755859375,1474.4000244140625,1519.4000244140625,27008814,42.8250732421875,50.574951171875,5.574951171875,2.1749267578125,0.8467645000120683,0.11023146918973716,0.043004030798194585
2024-10-01,1452.2830810546875,1464.824951171875,1487.949951171875,1462.824951171875,1480.6500244140625,16431642,15.8250732421875,25.125,7.2999267578125,2.0,0.6298536613805971,0.2905443485696517,0.07960199004975124
2024-10-03,1394.928466796875,1406.9749755859375,1449.4000244140625,1402.074951171875,1436.574951171875,37757294,29.5999755859375,47.3250732421875,12.8250732421875,4.9000244140625,0.6254607453951254,0.27099954344613053,0.10353971115874404
2024-10-04,1374.653564453125,1386.5250244140625,1417.3499755859375,1381.7750244140625,1403.925048828125,37072876,17.4000244140625,35.574951171875,13.4249267578125,4.75,0.48910887691727,0.37737020896956386,0.1335209141131661
2024-10-07,1358.9888916015625,1370.7249755859375,1396.5,1361.375,1393.5,22181340,22.7750244140625,35.125,3.0,9.3499755859375,0.6483992715747331,0.08540925266903915,0.26619147575622776
2024-10-08,1385.3858642578125,1397.3499755859375,1401.0,1365.0999755859375,1372.9749755859375,17020808,24.375,35.9000244140625,3.6500244140625,7.875,0.6789688975936183,0.10167192010690496,0.2193591822994767
2024-10-09,1362.8306884765625,1374.5999755859375,1400.9749755859375,1372.5,1397.5250244140625,14310610,22.925048828125,28.4749755859375,3.449951171875,2.0999755859375,0.8050945911766345,0.12115730043255155,0.07374810839081396
2024-10-10,1359.31103515625,1371.050048828125,1386.0,1369.425048828125,1380.0250244140625,22358646,8.9749755859375,16.574951171875,5.9749755859375,1.625,0.541478251903787,0.360482243596353,0.09803950449986007
2024-10-11,1360.35205078125,1372.0999755859375,1383.2750244140625,1368.824951171875,1370.0,7980122,2.0999755859375,14.4500732421875,11.175048828125,1.175048828125,0.14532629355860613,0.7733558606124604,0.08131784582893348
2024-10-14,1360.7734375,1372.5250244140625,1380.074951171875,1368.25,1379.449951171875,12221432,6.9249267578125,11.824951171875,0.625,4.2750244140625,0.5856199029627336,0.05285434086920615,0.36152575616806026
2024-10-15,1332.5174560546875,1344.0250244140625,1371.699951171875,1340.699951171875,1358.5250244140625,33762794,14.5,31.0,13.1749267578125,3.3250732421875,0.46774193548387094,0.4249976373487903,0.1072604271673387
2024-10-16,1342.4813232421875,1354.074951171875,1364.0,1337.625,1340.0,20034438,14.074951171875,26.375,9.925048828125,2.375,0.5336474377962085,0.37630516883886256,0.09004739336492891
2024-10-17,1344.811279296875,1356.425048828125,1368.449951171875,1352.050048828125,1365.699951171875,15543660,9.27490234375,16.39990234375,2.75,4.375,0.5655461934677107,0.167683925328252,0.2667698812040373
2024-10-18,1347.66162109375,1359.300048828125,1368.425048828125,1341.324951171875,1352.175048828125,12082452,7.125,27.10009765625,9.125,10.85009765625,0.26291418172645536,0.3367146537900218,0.40037116448352283
2024-10-21,1357.476806640625,1369.199951171875,1374.0,1357.7249755859375,1367.125,14067408,2.074951171875,16.2750244140625,4.800048828125,9.4000244140625,0.1274929683105194,0.2949334333395837,0.5775735983498969
2024-10-22,1331.8482666015625,1343.3499755859375,1376.0,1340.2249755859375,1369.199951171875,15831960,25.8499755859375,35.7750244140625,6.800048828125,3.125,0.7225704526920281,0.1900781044736905,0.08735144283428134
2024-10-23,1327.0645751953125,1338.5250244140625,1357.4749755859375,1335.0,1337.5,17214742,1.0250244140625,22.4749755859375,18.949951171875,2.5,0.04560736496211607,0.8431578089780843,0.11123482605979958
2024-10-24,1328.3287353515625,1339.800048828125,1343.699951171875,1323.125,1335.2750244140625,22155934,4.5250244140625,20.574951171875,3.89990234375,12.1500244140625,0.21992880450904775,0.18954612874517948,0.5905250667457728
2024-10-25,1316.4808349609375,1327.8499755859375,1344.3499755859375,1322.0,1343.5,18597496,15.6500244140625,22.3499755859375,0.8499755859375,5.8499755859375,0.7002255708909777,0.038030269101157345,0.26174416000786493
2024-10-28,1322.9251708984375,1334.3499755859375,1353.0,1322.0999755859375,1337.0,10824350,2.6500244140625,30.9000244140625,16.0,12.25,0.08576124013858327,0.5177989436383246,0.3964398162230922
2024-10-29,1328.52685546875,1340.0,1343.199951171875,1320.300048828125,1328.0999755859375,12008361,11.9000244140625,22.89990234375,3.199951171875,7.7999267578125,0.5196539371841618,0.13973645493507325,0.34060960788076505
2024-10-30,1332.3935546875,1343.9000244140625,1350.0,1325.3499755859375,1335.0,11984423,8.9000244140625,24.6500244140625,6.0999755859375,9.6500244140625,0.36105539956322147,0.24746326751942477,0.39148133291735376
2024-10-31,1320.64501953125,1332.050048828125,1343.0,1326.1500244140625,1340.0,9331650,7.949951171875,16.8499755859375,3.0,5.9000244140625,0.47180787481435865,0.17804180099250191,0.3501503241931394
2024-11-01,1327.1884765625,1338.6500244140625,1341.949951171875,1333.0,1333.050048828125,2127335,5.5999755859375,8.949951171875,3.2999267578125,0.050048828125,0.6256990097929567,0.3687089118633896,0.005592078343653673
2024-11-04,1291.0009765625,1302.1500244140625,1340.0,1285.0999755859375,1337.8499755859375,19796890,35.699951171875,54.9000244140625,2.1500244140625,17.050048828125,0.6502720454661683,0.039162540217591905,0.3105654143162398
2024-11-05,1294.1240234375,1305.300048828125,1309.550048828125,1286.1500244140625,1293.0,16267479,12.300048828125,23.4000244140625,4.25,6.8499755859375,0.5256425638912219,0.18162374212934224,0.2927336939794359
2024-11-06,1314.002197265625,1325.3499755859375,1328.300048828125,1300.199951171875,1310.0,21625209,15.3499755859375,28.10009765625,2.9500732421875,9.800048828125,0.5462605779422752,0.10498444803558707,0.3487549740221377
2024-11-07,1294.470947265625,1305.6500244140625,1324.0,1302.5999755859375,1324.0,9611974,18.3499755859375,21.4000244140625,0.0,3.050048828125,0.8574745164252834,0.0,0.14252548357471664
2024-11-08,1272.758544921875,1283.75,1301.6500244140625,1275.0,1297.6500244140625,19814406,13.9000244140625,26.6500244140625,4.0,8.75,0.5215764232744129,0.15009367112959596,0.3283299055959911
2024-11-11,1261.802978515625,1272.699951171875,1286.0,1267.0,1278.949951171875,9056552,6.25,19.0,7.050048828125,5.699951171875,0.32894736842105265,0.37105520148026316,0.29999743009868424
2024-11-12,1263.33984375,1274.25,1289.300048828125,1267.5,1275.550048828125,10671091,1.300048828125,21.800048828125,13.75,6.75,0.05963513377308412,0.6307325322253704,0.3096323340015455
2024-11-13,1241.3299560546875,1252.050048828125,1275.449951171875,1249.5,1270.25,14633633,18.199951171875,25.949951171875,5.199951171875,2.550048828125,0.7013481856413055,0.20038385187833402,0.09826796248036052
2024-11-14,1256.746826171875,1267.5999755859375,1272.5999755859375,1251.0999755859375,1253.5999755859375,12612633,14.0,21.5,5.0,2.5,0.6511627906976745,0.23255813953488372,0.11627906976744186
2024-11-18,1249.9554443359375,1260.75,1272.9000244140625,1243.9000244140625,1267.5999755859375,13620611,6.8499755859375,29.0,5.300048828125,16.8499755859375,0.2362060546875,0.18276030441810345,0.5810336408943966
2024-11-19,1231.0189208984375,1241.6500244140625,1281.5,1235.1500244140625,1260.75,14183746,19.0999755859375,46.3499755859375,20.75,6.5,0.41208167522168876,0.4476809262073379,0.14023739857097334
2024-11-21,1212.528564453125,1223.0,1243.949951171875,1217.25,1241.6500244140625,19433843,18.6500244140625,26.699951171875,2.2999267578125,5.75,0.6985040644459278,0.08613973647394457,0.21535619908012765
2024-11-22,1254.565673828125,1265.4000244140625,1268.8499755859375,1222.449951171875,1229.4000244140625,20471957,36.0,46.4000244140625,3.449951171875,6.9500732421875,0.7758616607341579,0.07435235682396366,0.14978598244187852
2024-11-25,1275.9805908203125,1287.0,1304.449951171875,1282.449951171875,1290.0,28923341,3.0,22.0,14.449951171875,4.550048828125,0.13636363636363635,0.6568159623579546,0.2068204012784091
2024-11-26,1284.6060791015625,1295.699951171875,1297.8499755859375,1284.199951171875,1294.949951171875,9247557,0.75,13.6500244140625,2.1500244140625,10.75,0.05494495667182372,0.15751066436536965,0.7875443789628066
2024-11-27,1282.1275634765625,1293.199951171875,1303.8499755859375,1286.0,1293.5,9572746,0.300048828125,17.8499755859375,10.3499755859375,7.199951171875,0.01680948114917218,0.5798313580939225,0.40335916075690537
2024-11-28,1259.91943359375,1270.800048828125,1296.5999755859375,1269.050048828125,1289.949951171875,15027412,19.14990234375,27.5499267578125,6.6500244140625,1.75,0.6950981217516139,0.24138083823314385,0.06352104001524221
2024-11-29,1281.1361083984375,1292.199951171875,1299.5,1275.25,1280.0,13202307,12.199951171875,24.25,7.300048828125,4.75,0.5030907699742269,0.30103294136597936,0.1958762886597938
2024-12-02,1297.9410400390625,1309.1500244140625,1311.3499755859375,1277.050048828125,1288.0,11024152,21.1500244140625,34.2999267578125,2.199951171875,10.949951171875,0.616620104276029,0.06413865508834991,0.3192412406356211
2024-12-03,1311.969970703125,1323.300048828125,1326.800048828125,1307.0,1317.0,16869482,6.300048828125,19.800048828125,3.5,10.0,0.3181834995869348,0.1767672408478317,0.5050492595652335
2024-12-04,1297.74267578125,1308.949951171875,1328.4000244140625,1304.050048828125,1326.0,19608540,17.050048828125,24.3499755859375,2.4000244140625,4.89990234375,0.7002080461210678,0.09856372979070059,0.2012282240882316
2024-12-05,1310.7305908203125,1322.050048828125,1329.949951171875,1306.1500244140625,1314.3499755859375,16858723,7.7000732421875,23.7999267578125,7.89990234375,8.199951171875,0.3235334848104058,0.33192969138683587,0.3445368238027584
2024-12-06,1300.320556640625,1311.550048828125,1323.9000244140625,1310.0,1323.9000244140625,9037514,12.3499755859375,13.9000244140625,0.0,1.550048828125,0.8884858916825474,0.0,0.11151410831745251
2024-12-09,1284.0609130859375,1295.1500244140625,1315.0,1293.0999755859375,1303.0,14650002,7.8499755859375,21.9000244140625,12.0,2.050048828125,0.35844597419246954,0.5479445946322566,0.09360943117527382
2024-12-10,1273.8489990234375,1284.8499755859375,1294.9000244140625,1280.199951171875,1289.25,16043729,4.4000244140625,14.7000732421875,5.6500244140625,4.6500244140625,0.29931989736179965,0.38435348729063384,0.3163266153475665
2024-12-11,1267.2559814453125,1278.199951171875,1290.0,1276.050048828125,1285.0,11724373,6.800048828125,13.949951171875,5.0,2.14990234375,0.48746040357724146,0.3584241936330702,0.1541154027896883
2024-12-12,1252.0870361328125,1262.9000244140625,1278.199951171875,1260.5999755859375,1270.0,20906813,7.0999755859375,17.5999755859375,8.199951171875,2.300048828125,0.4034082633393213,0.4659069628725404,0.13068477378813836
2024-12-13,1261.9517822265625,1272.8499755859375,1275.199951171875,1239.5999755859375,1260.0,28630222,12.8499755859375,35.5999755859375,2.3499755859375,20.4000244140625,0.36095461792994665,0.06601059543607592,0.5730347866339774
2024-12-16,1257.4407958984375,1268.300048828125,1281.0,1266.550048828125,1275.0,9486781,6.699951171875,14.449951171875,6.0,1.75,0.4636660077381857,0.4152263165897917,0.12110767567202257
2024-12-17,1234.6378173828125,1245.300048828125,1263.9000244140625,1242.800048828125,1261.050048828125,17462791,15.75,21.0999755859375,2.8499755859375,2.5,0.7464463613169724,0.13507008926763514,0.11848354941539245
2024-12-18,1242.5196533203125,1253.25,1259.949951171875,1240.6500244140625,1240.6500244140625,12670179,12.5999755859375,19.2999267578125,6.699951171875,0.0,0.6528509534802821,0.3471490465197179,0.0
2024-12-19,1219.914794921875,1230.449951171875,1244.9000244140625,1229.0,1239.0,14244653,8.550048828125,15.9000244140625,5.9000244140625,1.449951171875,0.537738094324123,0.371070148096397,0.09119175757947993
2024-12-20,1194.9803466796875,1205.300048828125,1239.5,1201.5,1224.0,20312896,18.699951171875,38.0,15.5,3.800048828125,0.49210397820723684,0.40789473684210525,0.1000012849506579
2024-12-23,1211.834716796875,1222.300048828125,1227.199951171875,1213.199951171875,1215.0,10052824,7.300048828125,14.0,4.89990234375,1.800048828125,0.5214320591517857,0.34999302455357145,0.12857491629464285
2024-12-24,1212.2808837890625,1222.75,1233.550048828125,1221.0,1222.300048828125,6734917,0.449951171875,12.550048828125,10.800048828125,1.300048828125,0.03585254352689427,0.8605583114483027,0.10358914502480303
2024-12-26,1206.1339111328125,1216.550048828125,1227.699951171875,1214.25,1224.25,10016178,7.699951171875,13.449951171875,3.449951171875,2.300048828125,0.5724891543083263,0.25650287705795866,0.17100796863371512
2024-12-27,1210.595458984375,1221.050048828125,1227.9000244140625,1217.0,1218.300048828125,7000397,2.75,10.9000244140625,6.8499755859375,1.300048828125,0.25229301289014816,0.6284367195636836,0.11927026754616823
2024-12-30,1200.3338623046875,1210.699951171875,1223.199951171875,1208.0999755859375,1216.4000244140625,8818766,5.7000732421875,15.0999755859375,6.7999267578125,2.5999755859375,0.3774889045182257,0.45032700345192767,0.17218409202984664
2024-12-31,1205.043212890625,1215.449951171875,1219.0999755859375,1206.1500244140625,1208.0,6405475,7.449951171875,12.949951171875,3.6500244140625,1.8499755859375,0.5752879739079615,0.28185622985125275,0.1428557962407858
2025-01-01,1210.7935791015625,1221.25,1226.300048828125,1211.5999755859375,1214.8499755859375,5892590,6.4000244140625,14.7000732421875,5.050048828125,3.25,0.4353736412479344,0.34353902493709676,0.2210873338149689
2025-01-02,1231.167724609375,1241.800048828125,1244.449951171875,1220.0,1221.25,15486276,20.550048828125,24.449951171875,2.64990234375,1.25,0.840494473124507,0.10838068039981227,0.051124846475680746
2025-01-03,1240.4376220703125,1251.1500244140625,1262.050048828125,1235.5,1243.9000244140625,15521102,7.25,26.550048828125,10.9000244140625,8.4000244140625,0.2730691776476106,0.4105463038740586,0.3163845184783308
2025-01-06,1207.571533203125,1218.0,1262.0,1215.0,1253.949951171875,14816766,35.949951171875,47.0,8.050048828125,3.0,0.764892578125,0.17127763464095744,0.06382978723404255
2025-01-07,1230.2257080078125,1240.8499755859375,1244.5,1221.25,1222.0,10070505,18.8499755859375,23.25,3.6500244140625,0.75,0.8107516381048387,0.15699029737903225,0.03225806451612903
2025-01-08,1254.664794921875,1265.5,1271.050048828125,1245.3499755859375,1249.0,19346579,16.5,25.7000732421875,5.550048828125,3.6500244140625,0.6420215166124398,0.21595459187308524,0.14202389151447503
2025-01-09,1244.0068359375,1254.75,1269.75,1248.050048828125,1267.0,12794704,12.25,21.699951171875,2.75,6.699951171875,0.5645173992777022,0.12672839575621886,0.308754204966079
2025-01-10,1231.266845703125,1241.9000244140625,1256.75,1236.0,1253.8499755859375,8120332,11.949951171875,20.75,2.9000244140625,5.9000244140625,0.5759012612951807,0.1397602127259036,0.2843385259789157
2025-01-13,1229.234375,1239.8499755859375,1245.25,1226.4000244140625,1230.0,13764861,9.8499755859375,18.8499755859375,5.4000244140625,3.5999755859375,0.5225458007110524,0.2864738147507755,0.19098038453817212
2025-01-14,1228.143798828125,1238.75,1253.3499755859375,1227.25,1244.0999755859375,13095266,5.3499755859375,26.0999755859375,9.25,11.5,0.20498009924653082,0.35440646178166696,0.4406134389718022
2025-01-15,1241.478515625,1252.199951171875,1257.0,1241.8499755859375,1244.949951171875,9578856,7.25,15.1500244140625,4.800048828125,3.0999755859375,0.4785470836119862,0.3168343955716346,0.20461852081637916
2025-01-16,1255.6065673828125,1266.449951171875,1275.0,1251.300048828125,1258.9000244140625,14117603,7.5499267578125,23.699951171875,8.550048828125,7.5999755859375,0.31856296677826423,0.3607622971928921,0.32067473602884367
2025-01-17,1291.19921875,1302.3499755859375,1326.0,1285.0,1322.25,29366277,19.9000244140625,41.0,3.75,17.3499755859375,0.4853664491234756,0.09146341463414634,0.42317013624237804
2025-01-20,1294.272705078125,1305.449951171875,1316.0,1300.25,1316.0,14040244,10.550048828125,15.75,0.0,5.199951171875,0.6698443700396826,0.0,0.33015562996031744
2025-01-21,1262.7945556640625,1273.699951171875,1313.0,1270.199951171875,1310.5,14562976,36.800048828125,42.800048828125,2.5,3.5,0.8598132440433749,0.05841114831526048,0.08177560764136467
2025-01-22,1266.16552734375,1277.0999755859375,1282.9000244140625,1268.699951171875,1278.300048828125,10273590,1.2000732421875,14.2000732421875,4.5999755859375,8.4000244140625,0.08451176425077583,0.3239402718199558,0.5915479639292683
2025-01-23,1252.8306884765625,1263.6500244140625,1277.3499755859375,1261.5999755859375,1270.0,8720682,6.3499755859375,15.75,7.3499755859375,2.050048828125,0.4031730530753968,0.4666651165674603,0.13016183035714285
2025-01-24,1235.6292724609375,1246.300048828125,1273.0,1243.5,1266.0,14235970,19.699951171875,29.5,7.0,2.800048828125,0.6677949549788136,0.23728813559322035,0.0949169094279661
2025-01-27,1218.82421875,1229.3499755859375,1240.449951171875,1220.0,1239.0999755859375,9536019,9.75,20.449951171875,1.3499755859375,9.3499755859375,0.4767737545216862,0.06601363370461899,0.4572126117736948
2025-01-28,1223.8310546875,1234.4000244140625,1244.75,1218.5,1238.0,10568025,3.5999755859375,26.25,6.75,15.9000244140625,0.13714192708333334,0.2571428571428571,0.6057152157738095
2025-01-29,1224.921630859375,1235.5,1242.75,1228.050048828125,1236.0,5928156,0.5,14.699951171875,6.75,7.449951171875,0.03401371842354387,0.45918519871784225,0.5068010828586139
2025-01-30,1242.3214111328125,1253.050048828125,1257.0,1232.4000244140625,1235.550048828125,9269259,17.5,24.5999755859375,3.949951171875,3.1500244140625,0.7113828198270172,0.16056728016156965,0.1280499000114131
2025-01-31,1254.2681884765625,1265.0999755859375,1267.0,1249.0,1255.8499755859375,6584612,9.25,18.0,1.9000244140625,6.8499755859375,0.5138888888888888,0.1055569118923611,0.38055419921875
2025-02-01,1253.7724609375,1264.5999755859375,1270.550048828125,1241.0,1265.0999755859375,7118453,0.5,29.550048828125,5.4500732421875,23.5999755859375,0.016920445814089906,0.18443533795450978,0.7986442162314004
2025-02-03,1235.232666015625,1245.9000244140625,1256.0,1237.550048828125,1251.0,9252345,5.0999755859375,18.449951171875,5.0,8.3499755859375,0.27642217252649826,0.27100342724060816,0.4525744002328936
2025-02-04,1274.196044921875,1285.199951171875,1288.800048828125,1246.5999755859375,1248.050048828125,16691069,37.14990234375,42.2000732421875,3.60009765625,1.4500732421875,0.8803279115309962,0.08531022293702976,0.03436186553197398
2025-02-05,1267.2559814453125,1278.199951171875,1290.5,1276.699951171875,1282.6500244140625,10112028,4.4500732421875,13.800048828125,7.8499755859375,1.5,0.32246793454223793,0.5688367978770456,0.1086952675807165
2025-02-06,1270.577392578125,1281.550048828125,1288.0,1270.3499755859375,1273.699951171875,9956001,7.85009765625,17.6500244140625,6.449951171875,3.3499755859375,0.4447641245184627,0.36543582153552484,0.1898000539460125
2025-02-07,1255.8544921875,1266.699951171875,1283.699951171875,1262.0,1276.1500244140625,8764283,9.4500732421875,21.699951171875,7.5499267578125,4.699951171875,0.4354882260949788,0.347923674943465,0.2165880989615562
2025-02-10,1242.916259765625,1253.6500244140625,1266.5,1245.550048828125,1264.5,6970972,10.8499755859375,20.949951171875,2.0,8.0999755859375,0.5178998030555523,0.09546561629627903,0.38663458064816864
2025-02-11,1224.2772216796875,1234.8499755859375,1264.550048828125,1230.0999755859375,1264.550048828125,8859714,29.7000732421875,34.4500732421875,0.0,4.75,0.8621193062027178,0.0,0.1378806937972822
2025-02-12,1206.1339111328125,1216.550048828125,1226.9000244140625,1193.3499755859375,1219.449951171875,21131654,2.89990234375,33.550048828125,7.4500732421875,23.2000732421875,0.08643511544814839,0.2220584917880091,0.6915063927638425
2025-02-13,1205.6876220703125,1216.0999755859375,1228.0,1212.0,1217.050048828125,8511216,0.9500732421875,16.0,10.949951171875,4.0999755859375,0.05937957763671875,0.6843719482421875,0.25624847412109375
2025-02-14,1206.827880859375,1217.25,1224.0,1205.449951171875,1219.0,10298145,1.75,18.550048828125,5.0,11.800048828125,0.09433937431726352,0.2695410694778958,0.6361195562048407
2025-02-17,1214.4124755859375,1224.9000244140625,1227.5,1204.5,1211.0999755859375,8166683,13.800048828125,23.0,2.5999755859375,6.5999755859375,0.6000021229619565,0.11304241677989131,0.28695546025815216
2025-02-18,1214.908203125,1225.4000244140625,1229.9000244140625,1216.0999755859375,1224.8499755859375,6673250,0.550048828125,13.800048828125,4.5,8.75,0.03985846970367094,0.3260858027421495,0.6340557275541796
2025-02-19,1216.9404296875,1227.449951171875,1232.75,1217.550048828125,1219.5,6217338,7.949951171875,15.199951171875,5.300048828125,1.949951171875,0.5230247835654283,0.3486885430218924,0.1282866734126793
2025-02-20,1222.4429931640625,1233.0,1239.3499755859375,1222.0,1223.949951171875,7795582,9.050048828125,17.3499755859375,6.3499755859375,1.949951171875,0.5216173811483772,0.365993344168408,0.11238927468321479
2025-02-21,1217.634521484375,1228.1500244140625,1240.0,1222.1500244140625,1228.699951171875,6904025,0.5499267578125,17.8499755859375,11.300048828125,6.0,0.030808263863718738,0.6330568226114193,0.336134913524862
2025-02-24,1204.151123046875,1214.550048828125,1223.25,1210.5,1216.550048828125,7172498,2.0,12.75,6.699951171875,4.050048828125,0.1568627450980392,0.5254863664215687,0.31765088848039214
2025-02-25,1193.69140625,1204.0,1221.0,1201.5,1211.0,11552182,7.0,19.5,10.0,2.5,0.358974358974359,0.5128205128205128,0.1282051282051282
2025-02-27,1196.7647705078125,1207.0999755859375,1215.0,1200.6500244140625,1212.800048828125,11509215,5.7000732421875,14.3499755859375,2.199951171875,6.449951171875,0.397218323338012,0.15330696269831143,0.44947471396367655
2025-02-28,1189.82470703125,1200.0999755859375,1217.3499755859375,1193.300048828125,1202.0,23007298,1.9000244140625,24.0499267578125,15.3499755859375,6.7999267578125,0.07900333473761148,0.6382545668647883,0.28274209839760023
2025-03-03,1161.2216796875,1171.25,1206.449951171875,1156.0,1204.0,17944938,32.75,50.449951171875,2.449951171875,15.25,0.6491582100530867,0.04856201274662098,0.3022797772002923
2025-03-04,1151.9517822265625,1161.9000244140625,1174.0,1159.550048828125,1162.199951171875,11377373,0.2999267578125,14.449951171875,11.800048828125,2.3499755859375,0.02075624714886715,0.8166151350803386,0.16262861777079426
2025-03-05,1165.534423828125,1175.5999755859375,1183.0,1157.0,1161.0,8664095,14.5999755859375,26.0,7.4000244140625,4.0,0.5615375225360577,0.28461632361778844,0.15384615384615385
2025-03-06,1199.2432861328125,1209.5999755859375,1213.949951171875,1185.1500244140625,1197.0,14468014,12.5999755859375,28.7999267578125,4.3499755859375,11.8499755859375,0.43750026491020605,0.1510412030738061,0.41145853201598787
2025-03-07,1239.0992431640625,1249.800048828125,1254.800048828125,1212.0,1216.0,16474965,33.800048828125,42.800048828125,5.0,4.0,0.7897198660650623,0.11682229663052096,0.09345783730441677
2025-03-10,1227.796875,1238.4000244140625,1258.0,1235.4000244140625,1245.0,11931051,6.5999755859375,22.5999755859375,13.0,3.0,0.29203463343757935,0.5752218603319668,0.13274350623045386
2025-03-11,1236.62060546875,1247.300048828125,1249.5,1229.75,1240.0,10089838,7.300048828125,19.75,2.199951171875,10.25,0.36962272547468356,0.11138993275316456,0.5189873417721519
2025-03-12,1246.2872314453125,1257.050048828125,1263.0,1244.0,1258.0,11977555,0.949951171875,19.0,5.0,13.050048828125,0.04999743009868421,0.2631578947368421,0.6868446751644737
2025-03-13,1237.2154541015625,1247.9000244140625,1264.1500244140625,1243.8499755859375,1260.050048828125,9505270,12.1500244140625,20.300048828125,4.0999755859375,4.050048828125,0.5985219305102888,0.2019687548858074,0.19950931460390384
2025-03-17,1228.242919921875,1238.8499755859375,1257.4000244140625,1233.0999755859375,1242.1500244140625,16640917,3.300048828125,24.300048828125,15.25,5.75,0.1358042056403404,0.627570755427848,0.23662503893181155
2025-03-18,1228.242919921875,1238.8499755859375,1238.8499755859375,1238.8499755859375,1238.8499755859375,0,0.0,0.0,0.0,0.0,0.0,0.0,0.0
2025-03-19,1236.471923828125,1247.1500244140625,1253.25,1238.800048828125,1241.050048828125,16162399,6.0999755859375,14.449951171875,6.0999755859375,2.25,0.42214506563941406,0.42214506563941406,0.15570986872117187
2025-03-20,1258.283447265625,1269.1500244140625,1273.0,1250.050048828125,1251.8499755859375,15971477,17.300048828125,22.949951171875,3.8499755859375,1.7999267578125,0.7538163675627374,0.16775528440581683,0.0784283480314458
2025-03-21,1265.421875,1276.3499755859375,1281.0,1270.0999755859375,1275.0,21780769,1.3499755859375,10.9000244140625,4.6500244140625,4.9000244140625,0.12385069378338727,0.4266067888860269,0.4495425173305858
2025-03-24,1290.951416015625,1302.0999755859375,1306.0,1284.25,1291.0,20299319,11.0999755859375,21.75,3.9000244140625,6.75,0.5103437051005747,0.1793114673132184,0.3103448275862069
2025-03-25,1274.4439697265625,1285.449951171875,1307.699951171875,1282.5999755859375,1307.699951171875,13713899,22.25,25.0999755859375,0.0,2.8499755859375,0.8864550454967683,0.0,0.11354495450323171
2025-03-26,1262.150146484375,1273.050048828125,1293.800048828125,1268.75,1291.0,12074747,17.949951171875,25.050048828125,2.800048828125,4.300048828125,0.7165635202962819,0.11177817845134252,0.1716583012523756
2025-03-27,1267.2559814453125,1278.199951171875,1285.0,1271.300048828125,1278.1500244140625,15028056,0.0499267578125,13.699951171875,6.800048828125,6.8499755859375,0.003644301880067718,0.4963556981199323,0.5
2025-03-28,1264.1824951171875,1275.0999755859375,1295.75,1269.0,1280.0,18147129,4.9000244140625,26.75,15.75,6.0999755859375,0.1831784827686916,0.5887850467289719,0.22803647050233644
2025-04-01,1241.8751220703125,1252.5999755859375,1277.9000244140625,1249.300048828125,1264.5999755859375,12099648,12.0,28.5999755859375,13.300048828125,3.2999267578125,0.41958077775074587,0.465037069285632,0.11538215296362216
2025-04-02,1240.4376220703125,1251.1500244140625,1255.550048828125,1243.9000244140625,1247.550048828125,10142590,3.5999755859375,11.6500244140625,4.4000244140625,3.6500244140625,0.3090101323386108,0.37768370757672604,0.31330616008466317
2025-04-03,1238.008544921875,1248.699951171875,1251.800048828125,1233.050048828125,1233.050048828125,7434366,15.64990234375,18.75,3.10009765625,0.0,0.8346614583333334,0.16533854166666667,0.0
2025-04-04,1194.38525390625,1204.699951171875,1245.449951171875,1193.1500244140625,1241.0999755859375,17908652,36.4000244140625,52.2999267578125,4.3499755859375,11.5499267578125,0.6959861451168305,0.0831736458462192,0.22084020903695026
2025-04-07,1155.71923828125,1165.699951171875,1171.25,1114.8499755859375,1132.199951171875,22156106,33.5,56.4000244140625,5.550048828125,17.3499755859375,0.5939713740912367,0.09840507846910042,0.30762354743966286
2025-04-08,1172.0780029296875,1182.199951171875,1196.5999755859375,1163.300048828125,1172.0,19555040,10.199951171875,33.2999267578125,14.4000244140625,8.699951171875,0.3063055137045305,0.4324341167112059,0.2612603695842635
2025-04-09,1175.2010498046875,1185.3499755859375,1189.800048828125,1168.0,1169.5,10223104,15.8499755859375,21.800048828125,4.4500732421875,1.5,0.7270614717839025,0.2041313428824208,0.06880718533367677
2025-04-11,1208.5133056640625,1218.949951171875,1222.6500244140625,1195.1500244140625,1195.1500244140625,11224242,23.7999267578125,27.5,3.7000732421875,0.0,0.8654518821022728,0.13454811789772728,0.0
2025-04-15,1229.4822998046875,1240.0999755859375,1251.0,1237.0999755859375,1251.0,13378535,10.9000244140625,13.9000244140625,0.0,3.0,0.784173040950566,0.0,0.215826959049434
2025-04-16,1228.689208984375,1239.300048828125,1240.9000244140625,1229.0,1234.0999755859375,8248464,5.2000732421875,11.9000244140625,1.5999755859375,5.0999755859375,0.43698004821254555,0.1344514540698569,0.4285684977175976
2025-04-17,1263.5877685546875,1274.5,1280.199951171875,1227.5999755859375,1240.199951171875,15398401,34.300048828125,52.5999755859375,5.699951171875,12.5999755859375,0.6520924857101084,0.1083641410168044,0.2395433732730872
2025-04-21,1284.407958984375,1295.5,1300.9000244140625,1267.0,1270.0,10429964,25.5,33.9000244140625,5.4000244140625,3.0,0.752211847653479,0.15929264085787642,0.08849551148864458
2025-04-22,1280.1446533203125,1291.199951171875,1303.9000244140625,1286.300048828125,1300.0,13051707,8.800048828125,17.5999755859375,3.9000244140625,4.89990234375,0.5000034679114157,0.22159260363853267,0.2784039284500517
2025-04-23,1288.869384765625,1300.0,1306.0,1285.4000244140625,1297.0,10480888,3.0,20.5999755859375,6.0,11.5999755859375,0.14563124055583537,0.29126248111167075,0.5631062783324938
2025-04-24,1290.4556884765625,1301.5999755859375,1304.5,1290.300048828125,1292.4000244140625,10468940,9.199951171875,14.199951171875,2.9000244140625,2.0999755859375,0.6478861131647267,0.20422777367054656,0.14788611316472672
2025-04-25,1289.2659912109375,1300.4000244140625,1325.199951171875,1288.0999755859375,1303.5,14431012,3.0999755859375,37.0999755859375,21.699951171875,12.300048828125,0.08355734840732686,0.5849047291583723,0.3315379224343008
2025-04-28,1357.080322265625,1368.800048828125,1374.5999755859375,1320.199951171875,1340.0,31104496,28.800048828125,54.4000244140625,5.7999267578125,19.800048828125,0.529412424687812,0.10661625284699705,0.3639713224651909
2025-04-29,1387.7156982421875,1399.699951171875,1410.9000244140625,1370.0,1371.0,32538970,28.699951171875,40.9000244140625,11.2000732421875,1.0,0.701709878735603,0.27384025810841867,0.02444986315597831
2025-04-30,1392.9703369140625,1405.0,1412.4000244140625,1369.0,1402.0,25480745,3.0,43.4000244140625,7.4000244140625,33.0,0.06912438507817839,0.17050737906185923,0.7603682358599624
2025-05-02,1407.6436767578125,1419.800048828125,1426.699951171875,1409.0999755859375,1414.0,13007841,5.800048828125,17.5999755859375,6.89990234375,4.9000244140625,0.3295486860083646,0.3920404497187524,0.27841086427288303
2025-05-05,1419.0452880859375,1431.300048828125,1439.5,1426.9000244140625,1431.0,12685649,0.300048828125,12.5999755859375,8.199951171875,4.0999755859375,0.023813445199042813,0.6507910365339714,0.3253955182669857
2025-05-06,1408.7342529296875,1420.9000244140625,1432.0,1410.5999755859375,1431.0,14084117,10.0999755859375,21.4000244140625,1.0,10.300048828125,0.4719609375445642,0.046728918652208386,0.48131014380322745
2025-05-07,1393.9617919921875,1406.0,1424.4000244140625,1402.699951171875,1420.9000244140625,13440169,14.9000244140625,21.7000732421875,3.5,3.300048828125,0.6866347522318541,0.16128977819280294,0.15207546957534301
2025-05-08,1394.9532470703125,1407.0,1420.800048828125,1398.0,1404.0999755859375,16106175,2.9000244140625,22.800048828125,13.800048828125,6.0999755859375,0.12719378085213462,0.6052640032552014,0.267542215892664
2025-05-09,1365.408447265625,1377.199951171875,1394.800048828125,1374.5,1385.5,13668904,8.300048828125,20.300048828125,9.300048828125,2.699951171875,0.4088684169382674,0.4581293821934118,0.13300220086832074
2025-05-12,1424.20068359375,1436.5,1439.0,1400.0,1400.0,10674081,36.5,39.0,2.5,0.0,0.9358974358974359,0.0641025641025641,0.0
2025-05-13,1403.5787353515625,1415.699951171875,1447.699951171875,1412.4000244140625,1433.5,11407896,17.800048828125,35.2999267578125,14.199951171875,3.2999267578125,0.5042517212641393,0.40226574035971047,0.09348253837615025
2025-05-14,1412.2042236328125,1424.4000244140625,1429.9000244140625,1415.5,1420.0,5570160,4.4000244140625,14.4000244140625,5.5,4.5,0.30555673292925867,0.3819437968889077,0.3124994701818336
2025-05-15,1441.7491455078125,1454.199951171875,1461.4000244140625,1412.699951171875,1425.0,20177211,29.199951171875,48.7000732421875,7.2000732421875,12.300048828125,0.5995874180037147,0.1478452241002028,0.2525673578960825
2025-05-16,1443.9302978515625,1456.4000244140625,1461.0,1447.300048828125,1453.199951171875,9036695,3.2000732421875,13.699951171875,4.5999755859375,5.89990234375,0.23358282099260447,0.33576583801122695,0.4306513409961686
2025-05-19,1428.4638671875,1440.800048828125,1454.5999755859375,1438.199951171875,1452.0999755859375,6195791,11.2999267578125,16.4000244140625,2.5,2.60009765625,0.6890188985403688,0.1524387974603458,0.15854230399928546
2025-05-20,1412.402587890625,1424.5999755859375,1445.0,1421.800048828125,1438.199951171875,11270560,13.5999755859375,23.199951171875,6.800048828125,2.7999267578125,0.5862070779883612,0.29310616982541804,0.12068675218622076
2025-05-21,1416.963134765625,1429.199951171875,1436.199951171875,1418.0999755859375,1423.9000244140625,6136364,5.2999267578125,18.0999755859375,7.0,5.800048828125,0.29281402798853484,0.386740853144495,0.32044511886697014
2025-05-22,1397.332763671875,1409.4000244140625,1423.800048828125,1396.9000244140625,1421.199951171875,12134466,11.7999267578125,26.9000244140625,2.60009765625,12.5,0.4386585891588955,0.09665781771152407,0.46468359312958046
2025-05-23,1414.5838623046875,1426.800048828125,1433.800048828125,1406.5999755859375,1406.5999755859375,6474883,20.2000732421875,27.2000732421875,7.0,0.0,0.7426477518030006,0.2573522481969994,0.0
2025-05-26,1422.5152587890625,1434.800048828125,1441.0,1425.0999755859375,1432.0,4842944,2.800048828125,15.9000244140625,6.199951171875,6.9000244140625,0.17610342947955132,0.38993343723369134,0.4339631332867573
2025-05-27,1409.9239501953125,1422.0999755859375,1437.0,1413.9000244140625,1426.0999755859375,12640414,4.0,23.0999755859375,10.9000244140625,8.199951171875,0.17316035617089862,0.47186302745263825,0.3549766163764631
2025-05-28,1400.802734375,1412.9000244140625,1422.5999755859375,1410.699951171875,1420.0999755859375,5944611,7.199951171875,11.9000244140625,2.5,2.2000732421875,0.6050366723085603,0.21008360260552905,0.18487972508591066
2025-05-29,1405.660888671875,1417.800048828125,1420.0,1408.5999755859375,1412.0999755859375,13771917,5.7000732421875,11.4000244140625,2.199951171875,3.5,0.5000053539496087,0.19297775969332576,0.3070168863570656
2025-05-30,1408.7342529296875,1420.9000244140625,1430.5999755859375,1409.699951171875,1418.0,13788484,2.9000244140625,20.9000244140625,9.699951171875,8.300048828125,0.13875698691104063,0.4641119541156337,0.3971310589733256
2025-06-02,1401.5958251953125,1413.699951171875,1417.5,1395.5999755859375,1412.0999755859375,8098668,1.5999755859375,21.9000244140625,3.800048828125,16.5,0.07305816448816922,0.17351801789247792,0.7534238176193528
2025-06-03,1393.4661865234375,1405.5,1426.5,1403.4000244140625,1422.300048828125,11252626,16.800048828125,23.0999755859375,4.199951171875,2.0999755859375,0.7272756096916533,0.18181626020556452,0.09090813010278226
2025-06-04,1411.31201171875,1423.5,1425.699951171875,1406.0999755859375,1414.699951171875,8126827,8.800048828125,19.5999755859375,2.199951171875,8.5999755859375,0.4489826423273108,0.11224254653936461,0.4387748111333246
2025-06-05,1430.0501708984375,1442.4000244140625,1454.699951171875,1423.5999755859375,1428.0,13716817,14.4000244140625,31.0999755859375,12.2999267578125,4.4000244140625,0.46302365653861705,0.395496347700484,0.141479995760899
2025-06-06,1431.1407470703125,1443.5,1451.5,1437.0,1441.0,8182161,2.5,14.5,8.0,4.0,0.1724137931034483,0.5517241379310345,0.27586206896551724
2025-06-09,1436.3953857421875,1448.800048828125,1457.5,1445.300048828125,1457.0,7885125,8.199951171875,12.199951171875,0.5,3.5,0.6721298353044766,0.04098377058694042,0.28688639410858296
2025-06-10,1426.1834716796875,1438.5,1453.9000244140625,1436.0,1450.0,7913181,11.5,17.9000244140625,3.9000244140625,2.5,0.6424572243021884,0.21787816171907498,0.1396646139787366
2025-06-11,1436.4945068359375,1448.9000244140625,1468.5999755859375,1443.0999755859375,1445.800048828125,8195700,3.0999755859375,25.5,19.699951171875,2.7000732421875,0.1215676700367647,0.7725471047794118,0.10588522518382353
2025-06-12,1429.257080078125,1441.5999755859375,1457.0,1434.4000244140625,1453.5,8828114,11.9000244140625,22.5999755859375,3.5,7.199951171875,0.5265503216502195,0.15486742393552952,0.3185822544142509
2025-06-13,1415.67431640625,1427.9000244140625,1435.5,1414.300048828125,1424.0,9757276,3.9000244140625,21.199951171875,7.5999755859375,9.699951171875,0.18396383946565326,0.3584902401105545,0.4575459204237923
2025-06-16,1425.4896240234375,1437.800048828125,1442.4000244140625,1424.4000244140625,1426.9000244140625,8458093,10.9000244140625,18.0,4.5999755859375,2.5,0.6055569118923612,0.25555419921875,0.1388888888888889
2025-06-17,1418.946044921875,1431.199951171875,1448.0,1425.800048828125,1448.0,10366599,16.800048828125,22.199951171875,0.0,5.39990234375,0.7567606206904136,0.0,0.2432393793095864
2025-06-18,1417.85546875,1430.0999755859375,1442.800048828125,1425.699951171875,1430.0,6681735,0.0999755859375,17.10009765625,12.7000732421875,4.300048828125,0.005846492104737157,0.7426901002255789,0.2514634076696839
2025-06-19,1421.0281982421875,1433.300048828125,1439.9000244140625,1425.699951171875,1430.0999755859375,10007230,3.2000732421875,14.2000732421875,6.5999755859375,4.4000244140625,0.22535610821219493,0.4647846157813749,0.30985927600643015
2025-06-20,1453.6463623046875,1466.199951171875,1471.0,1428.0999755859375,1431.0,29010635,35.199951171875,42.9000244140625,4.800048828125,2.9000244140625,0.8205112153814197,0.11188918639756201,0.06759959822101827
2025-06-23,1444.326904296875,1456.800048828125,1463.800048828125,1442.0,1453.0,5989078,3.800048828125,21.800048828125,7.0,11.0,0.17431377599587874,0.32110019822382496,0.5045860257802963
2025-06-24,1438.3782958984375,1450.800048828125,1475.0,1443.0999755859375,1465.0,16402744,14.199951171875,31.9000244140625,10.0,7.7000732421875,0.4451391944896202,0.31347938390892566,0.24138142160145412
2025-06-25,1454.737060546875,1467.300048828125,1472.4000244140625,1460.5,1464.0,7525851,3.300048828125,11.9000244140625,5.0999755859375,3.5,0.27731445863466175,0.4285684977175976,0.29411704364774066
2025-06-26,1482.497314453125,1495.300048828125,1498.800048828125,1465.0999755859375,1469.0999755859375,14657893,26.2000732421875,33.7000732421875,3.5,4.0,0.7774485549007321,0.10385734104632503,0.11869410405294291
2025-06-27,1502.4251708984375,1515.4000244140625,1522.0,1496.9000244140625,1499.4000244140625,11117052,16.0,25.0999755859375,6.5999755859375,2.5,0.6374508192336311,0.262947490261114,0.09960169050525486
2025-06-30,1487.7518310546875,1500.5999755859375,1524.800048828125,1496.0,1513.800048828125,8409527,13.2000732421875,28.800048828125,11.0,4.5999755859375,0.458335099393888,0.3819437968889077,0.15972110371720424
2025-07-01,1515.3138427734375,1528.4000244140625,1531.4000244140625,1500.0999755859375,1500.5999755859375,10368523,27.800048828125,31.300048828125,3.0,0.5,0.8881790881790882,0.09584649584649585,0.015974415974415974
2025-07-02,1505.7960205078125,1518.800048828125,1530.0,1508.699951171875,1528.4000244140625,6361002,9.5999755859375,21.300048828125,1.5999755859375,10.10009765625,0.45070204596251934,0.07511605249584503,0.47418190154163564
2025-07-03,1504.8046875,1517.800048828125,1531.9000244140625,1513.0,1520.800048828125,11283291,3.0,18.9000244140625,11.0999755859375,4.800048828125,0.15872995369084603,0.5872995369084603,0.25397050940069366
2025-07-04,1514.223388671875,1527.300048828125,1530.0,1517.199951171875,1524.0,6603501,3.300048828125,12.800048828125,2.699951171875,6.800048828125,0.25781533120982664,0.2109328806576513,0.531251788132522
2025-07-07,1528.3016357421875,1541.5,1544.800048828125,1525.0,1526.5999755859375,7251074,14.9000244140625,19.800048828125,3.300048828125,1.5999755859375,0.7525246297826167,0.16666872171736477,0.0808066485000185
2025-07-08,1524.4349365234375,1537.5999755859375,1544.9000244140625,1530.199951171875,1536.0,7171261,1.5999755859375,14.7000732421875,7.300048828125,5.800048828125,0.10884133429660448,0.4965994868089983,0.39455917889439723
2025-07-09,1505.9942626953125,1519.0,1551.0,1510.0999755859375,1536.699951171875,8870660,17.699951171875,40.9000244140625,14.300048828125,8.9000244140625,0.43276138401984166,0.34963423697146423,0.21760437900869414
2025-07-10,1504.2095947265625,1517.199951171875,1524.699951171875,1507.5,1519.699951171875,10047129,2.5,17.199951171875,5.0,9.699951171875,0.14534924983321743,0.29069849966643485,0.5639522505003478
2025-07-11,1482.3980712890625,1495.199951171875,1515.0,1490.300048828125,1512.0,7234991,16.800048828125,24.699951171875,3.0,4.89990234375,0.6801652647497801,0.12145772998191182,0.19837700526830812
2025-07-14,1470.9964599609375,1483.699951171875,1500.0,1479.0999755859375,1492.199951171875,10311846,8.5,20.9000244140625,7.800048828125,4.5999755859375,0.4066980895142308,0.37320764194307676,0.22009426854269243
2025-07-15,1472.6820068359375,1485.4000244140625,1496.5,1482.4000244140625,1486.199951171875,8132454,0.7999267578125,14.0999755859375,10.300048828125,3.0,0.056732492403057826,0.7305011817465609,0.21276632585038135
2025-07-16,1472.8802490234375,1485.5999755859375,1491.0,1471.5,1473.0,10409983,12.5999755859375,19.5,5.4000244140625,1.5,0.6461525941506411,0.27692432892628205,0.07692307692307693
2025-07-17,1463.7591552734375,1476.4000244140625,1489.5999755859375,1473.9000244140625,1487.4000244140625,11854613,11.0,15.699951171875,2.199951171875,2.5,0.7006391217130328,0.14012471426127793,0.15923616402568927
2025-07-18,1463.362548828125,1476.0,1484.800048828125,1469.0999755859375,1484.800048828125,10296318,8.800048828125,15.7000732421875,0.0,6.9000244140625,0.5605100493721572,0.0,0.4394899506278428
2025-07-21,1416.3682861328125,1428.5999755859375,1476.0,1423.0999755859375,1465.0,22442744,36.4000244140625,52.9000244140625,11.0,5.5,0.688090881190335,0.20793941253977669,0.10396970626988834
2025-07-22,1400.70361328125,1412.800048828125,1431.9000244140625,1410.699951171875,1427.4000244140625,20396320,14.5999755859375,21.2000732421875,4.5,2.10009765625,0.6886757144255518,0.21226341761146075,0.09906086796298749
2025-07-23,1412.402587890625,1424.5999755859375,1426.0,1414.4000244140625,1426.0,8354596,1.4000244140625,11.5999755859375,0.0,10.199951171875,0.12069201384869563,0.0,0.8793079861513043
2025-07-24,1390.888427734375,1402.9000244140625,1423.0,1396.0,1419.199951171875,14740507,16.2999267578125,27.0,3.800048828125,6.9000244140625,0.6037009910300926,0.14074254918981483,0.2555564597800926
2025-07-25,1379.7841796875,1391.699951171875,1401.0,1384.0999755859375,1398.9000244140625,11854722,7.2000732421875,16.9000244140625,2.0999755859375,7.5999755859375,0.4260392213514392,0.12425873090396909,0.4497020477445917
2025-07-28,1375.71923828125,1387.5999755859375,1407.800048828125,1385.0,1392.300048828125,7748361,4.7000732421875,22.800048828125,15.5,2.5999755859375,0.2061431217809378,0.679823105504931,0.11403377271413122
2025-07-29,1404.9666748046875,1417.0999755859375,1420.199951171875,1383.0,1383.0,10750072,34.0999755859375,37.199951171875,3.0999755859375,0.0,0.9166672135773868,0.08333278642261323,0.0
2025-07-30,1398.026611328125,1410.0999755859375,1423.300048828125,1401.300048828125,1418.0999755859375,7209849,8.0,22.0,5.2000732421875,8.7999267578125,0.36363636363636365,0.23636696555397727,0.3999966708096591
2025-07-31,1378.2969970703125,1390.199951171875,1402.5999755859375,1382.199951171875,1388.0999755859375,17065827,2.0999755859375,20.4000244140625,12.4000244140625,5.9000244140625,0.10293985650771616,0.6078436065750342,0.2892165369172496
2025-08-01,1381.76708984375,1393.699951171875,1405.9000244140625,1384.300048828125,1386.9000244140625,10321171,6.7999267578125,21.5999755859375,12.2000732421875,2.5999755859375,0.31481177979847075,0.564818844060651,0.12036937614087834
2025-08-04,1399.4146728515625,1411.5,1416.0999755859375,1391.699951171875,1395.0999755859375,6312820,16.4000244140625,24.4000244140625,4.5999755859375,3.4000244140625,0.6721314755984691,0.18852340095554945,0.13934512344598143
2025-08-05,1379.7841796875,1391.699951171875,1411.0,1388.0999755859375,1411.0,9315972,19.300048828125,22.9000244140625,0.0,3.5999755859375,0.8427959935393423,0.0,0.15720400646065769
2025-08-06,1380.874755859375,1392.800048828125,1395.9000244140625,1383.300048828125,1391.9000244140625,5834312,0.9000244140625,12.5999755859375,3.0999755859375,8.5999755859375,0.07143064745831679,0.24603028512192524,0.682539067419758
2025-08-07,1377.5040283203125,1389.4000244140625,1393.699951171875,1366.0,1387.699951171875,9976705,1.7000732421875,27.699951171875,4.2999267578125,21.699951171875,0.06137459346548092,0.15523228655285168,0.7833931199816674
2025-08-08,1356.0888671875,1367.800048828125,1397.199951171875,1365.0,1385.0,8793606,17.199951171875,32.199951171875,12.199951171875,2.800048828125,0.534160784283992,0.37888104571198944,0.08695817000401847
2025-08-11,1374.331298828125,1386.199951171875,1388.0,1361.199951171875,1370.0,9997486,16.199951171875,26.800048828125,1.800048828125,8.800048828125,0.6044746886757217,0.06716587867690597,0.32835943264737233
2025-08-12,1368.5810546875,1380.4000244140625,1401.9000244140625,1375.199951171875,1381.9000244140625,12244664,1.5,26.7000732421875,20.0,5.2000732421875,0.05617962117159747,0.7490616156212996,0.19475876320710292
2025-08-13,1370.7620849609375,1382.5999755859375,1391.800048828125,1377.5,1388.0,7457021,5.4000244140625,14.300048828125,3.800048828125,5.0999755859375,0.37762279548597477,0.2657367729158486,0.35664043159817665
2025-08-14,1367.4774169921875,1373.800048828125,1380.699951171875,1370.0999755859375,1377.300048828125,7126128,3.5,10.5999755859375,3.39990234375,3.7000732421875,0.3301894397420395,0.320746242874417,0.3490643173835435
2025-08-18,1375.3409423828125,1381.699951171875,1394.9000244140625,1377.0,1390.0,11785109,8.300048828125,17.9000244140625,4.9000244140625,4.699951171875,0.4636892462338973,0.27374400731056964,0.2625667464555331
2025-08-19,1413.564208984375,1420.0999755859375,1421.0,1389.0999755859375,1390.0,14384719,30.0999755859375,31.9000244140625,0.9000244140625,0.9000244140625,0.9435721802353392,0.02821390988233043,0.02821390988233043
2025-08-20,1406.4969482421875,1413.0,1424.9000244140625,1410.0,1413.0,8725641,0.0,14.9000244140625,11.9000244140625,3.0,0.0,0.7986580480251677,0.20134195197483226
2025-08-21,1418.24267578125,1424.800048828125,1431.9000244140625,1420.300048828125,1425.0,11021323,0.199951171875,11.5999755859375,6.9000244140625,4.5,0.01723720626769234,0.5948309427846823,0.3879318509476254
2025-08-22,1402.71435546875,1409.199951171875,1423.4000244140625,1407.9000244140625,1420.0,5818868,10.800048828125,15.5,3.4000244140625,1.2999267578125,0.69677734375,0.21935641381048387,0.08386624243951613
2025-08-25,1406.0987548828125,1412.5999755859375,1419.5,1405.699951171875,1414.699951171875,5979407,2.0999755859375,13.800048828125,4.800048828125,6.9000244140625,0.15217160548429898,0.347828394515701,0.5
2025-08-26,1378.5262451171875,1384.9000244140625,1410.0,1381.5999755859375,1408.0,12145259,23.0999755859375,28.4000244140625,2.0,3.300048828125,0.8133787228189622,0.07042247467258106,0.1161988025084568
2025-08-28,1379.521728515625,1385.9000244140625,1392.199951171875,1366.5,1389.9000244140625,13161813,4.0,25.699951171875,2.2999267578125,19.4000244140625,0.15564231905535447,0.08949148356085003,0.7548661973837955
2025-08-29,1350.9537353515625,1357.199951171875,1403.5,1350.0,1381.0999755859375,18758842,23.9000244140625,53.5,22.4000244140625,7.199951171875,0.44672942830023366,0.41869204512266356,0.1345785265771028
2025-09-01,1347.6689453125,1353.9000244140625,1363.199951171875,1340.5999755859375,1356.0,11232238,2.0999755859375,22.5999755859375,7.199951171875,13.300048828125,0.09291937409189852,0.3185822544142509,0.5884983714938505
2025-09-02,1360.2109375,1366.5,1384.5,1354.5,1354.800048828125,11517006,11.699951171875,30.0,18.0,0.300048828125,0.38999837239583335,0.6,0.010001627604166667
2025-09-03,1366.2828369140625,1372.5999755859375,1376.5,1360.5,1369.699951171875,7847563,2.9000244140625,16.0,3.9000244140625,9.199951171875,0.18125152587890625,0.24375152587890625,0.5749969482421875
2025-09-04,1353.0440673828125,1359.300048828125,1374.0,1357.0999755859375,1371.800048828125,13223177,12.5,16.9000244140625,2.199951171875,2.2000732421875,0.739643901910506,0.1301744375022572,0.13018166058723682
2025-09-05,1368.671875,1375.0,1381.0,1359.300048828125,1363.0,5777575,12.0,21.699951171875,6.0,3.699951171875,0.5529966360271368,0.2764983180135684,0.1705050459592948
2025-09-08,1372.15576171875,1378.5,1386.0,1372.4000244140625,1380.0,6986720,1.5,13.5999755859375,6.0,6.0999755859375,0.11029431564208202,0.44117726256832807,0.4485284217895899
2025-09-09,1369.8662109375,1376.199951171875,1381.199951171875,1368.699951171875,1376.5999755859375,9754452,0.4000244140625,12.5,4.5999755859375,7.5,0.032001953125,0.367998046875,0.6
2025-09-10,1370.66259765625,1377.0,1388.5,1374.0999755859375,1383.9000244140625,7790815,6.9000244140625,14.4000244140625,4.5999755859375,2.9000244140625,0.47916754969694403,0.3194422074344085,0.20139024286864748
2025-09-11,1376.9337158203125,1383.300048828125,1385.5,1375.0,1376.0,9766072,7.300048828125,10.5,2.199951171875,1.0,0.6952427455357143,0.20951915922619047,0.09523809523809523
2025-09-12,1388.579833984375,1395.0,1396.300048828125,1380.5,1383.300048828125,7403368,11.699951171875,15.800048828125,1.300048828125,2.800048828125,0.7405009502912682,0.08228131711914953,0.17721773258958234
2025-09-15,1392.8599853515625,1399.300048828125,1400.800048828125,1388.5999755859375,1393.0,5396697,6.300048828125,12.2000732421875,1.5,4.4000244140625,0.5163943447765226,0.12295008154648149,0.3606555736769959
2025-09-16,1398.8323974609375,1405.300048828125,1408.0,1398.199951171875,1404.699951171875,8686961,0.60009765625,9.800048828125,2.699951171875,6.5,0.061234149622580406,0.2755038489325129,0.6632620014449067
2025-09-17,1407.2933349609375,1413.800048828125,1416.199951171875,1406.9000244140625,1407.0,7519417,6.800048828125,9.2999267578125,2.39990234375,0.0999755859375,0.7311938045547024,0.25805604777843405,0.010750147666863556
2025-09-18,1408.4876708984375,1415.0,1422.0,1410.699951171875,1420.4000244140625,9332642,5.4000244140625,11.300048828125,1.5999755859375,4.300048828125,0.47787620179323753,0.14159014799611105,0.3805336502106514
2025-09-19,1400.9227294921875,1407.4000244140625,1417.0,1403.5999755859375,1414.9000244140625,13461373,7.5,13.4000244140625,2.0999755859375,3.800048828125,0.5597004727938564,0.15671431044063658,0.283585216765507
2025-09-22,1384.199951171875,1390.5999755859375,1410.699951171875,1388.0,1403.9000244140625,7757970,13.300048828125,22.699951171875,6.7999267578125,2.5999755859375,0.5859064950150034,0.29955688919003215,0.11453661579496445
2025-09-23,1383.40380859375,1389.800048828125,1395.0,1376.800048828125,1391.0,14014702,1.199951171875,18.199951171875,4.0,13.0,0.06593155995546433,0.21978080942224368,0.714287630622292
2025-09-24,1376.635009765625,1383.0,1396.0,1380.4000244140625,1385.300048828125,5922759,2.300048828125,15.5999755859375,10.699951171875,2.5999755859375,0.14743925818694,0.6858953793184397,0.1666653624946203
2025-09-25,1366.0838623046875,1372.4000244140625,1384.5,1369.0,1381.300048828125,11411143,8.9000244140625,15.5,3.199951171875,3.4000244140625,0.5741951234879032,0.2064484627016129,0.21935641381048387
2025-09-26,1371.2598876953125,1377.5999755859375,1382.699951171875,1366.0,1372.0,9879109,5.5999755859375,16.699951171875,5.0999755859375,6.0,0.3353288598453284,0.30538865254447906,0.35928248761019255
2025-09-29,1366.48193359375,1372.800048828125,1389.0,1368.0,1381.5999755859375,14231999,8.7999267578125,21.0,7.4000244140625,4.800048828125,0.41904413132440477,0.35238211495535715,0.22857375372023808
2025-09-30,1357.722412109375,1364.0,1377.0999755859375,1362.800048828125,1377.0999755859375,14604684,13.0999755859375,14.2999267578125,0.0,1.199951171875,0.9160869008493747,0.0,0.0839130991506253
2025-10-01,1362.4007568359375,1368.699951171875,1378.5999755859375,1362.699951171875,1367.0,12045916,1.699951171875,15.9000244140625,9.9000244140625,4.300048828125,0.10691500387707001,0.6226420888578382,0.2704429072650918
2025-10-03,1357.125244140625,1363.4000244140625,1371.5999755859375,1356.9000244140625,1363.199951171875,12842347,0.2000732421875,14.699951171875,8.199951171875,6.2999267578125,0.013610469847702247,0.5578216604939297,0.4285678696583681
2025-10-06,1368.671875,1375.0,1377.4000244140625,1359.0,1360.0,12396580,15.0,18.4000244140625,2.4000244140625,1.0,0.8152163096335905,0.13043593639083678,0.054347753975572705
2025-10-07,1378.4267578125,1384.800048828125,1395.9000244140625,1375.9000244140625,1376.0,11244040,8.800048828125,20.0,11.0999755859375,0.0999755859375,0.44000244140625,0.554998779296875,0.004998779296875
2025-10-08,1361.1068115234375,1367.4000244140625,1389.0,1364.5,1384.800048828125,8525081,17.4000244140625,24.5,4.199951171875,2.9000244140625,0.710205078125,0.17142657844387754,0.11836834343112244
2025-10-09,1371.458984375,1377.800048828125,1380.0,1369.0999755859375,1374.0,8826633,3.800048828125,10.9000244140625,2.199951171875,4.9000244140625,0.3486275519917575,0.2018299306776567,0.4495425173305858
2025-10-10,1375.3409423828125,1381.699951171875,1388.0,1375.0999755859375,1377.800048828125,6373084,3.89990234375,12.9000244140625,6.300048828125,2.7000732421875,0.30231743898861624,0.48837495386886454,0.2093076071425192
2025-10-13,1368.671875,1375.0,1377.699951171875,1367.800048828125,1376.9000244140625,7600682,1.9000244140625,9.89990234375,0.7999267578125,7.199951171875,0.19192355117139334,0.08080147965474722,0.7272749691738595
2025-10-14,1369.5677490234375,1375.9000244140625,1388.0,1370.0999755859375,1380.0,9768174,4.0999755859375,17.9000244140625,8.0,5.800048828125,0.22904860301288216,0.44692676473195714,0.3240246322551607
2025-10-15,1367.97509765625,1374.300048828125,1384.0,1372.699951171875,1383.0,10882743,8.699951171875,11.300048828125,1.0,1.60009765625,0.769903856540996,0.0884951928270498,0.1416009506319542
2025-10-16,1391.8646240234375,1398.300048828125,1400.5,1375.0,1375.0999755859375,12315932,23.2000732421875,25.5,2.199951171875,0.0999755859375,0.9098067938112745,0.0862725949754902,0.003920611213235294
2025-10-17,1410.279541015625,1416.800048828125,1423.300048828125,1399.0999755859375,1401.0,19335561,15.800048828125,24.2000732421875,6.5,1.9000244140625,0.6528926036711779,0.26859422841203145,0.07851316791679067
2025-10-20,1460.04931640625,1466.800048828125,1473.800048828125,1433.300048828125,1440.0,24721978,26.800048828125,40.5,7.0,6.699951171875,0.6617296006944444,0.1728395061728395,0.16543089313271606
2025-10-21,1458.4566650390625,1465.199951171875,1474.0,1460.0,1468.0,2066169,2.800048828125,14.0,6.0,5.199951171875,0.20000348772321427,0.42857142857142855,0.37142508370535715
2025-10-23,1441.7340087890625,1448.4000244140625,1482.9000244140625,1444.5999755859375,1475.0,18707090,26.5999755859375,38.300048828125,7.9000244140625,3.800048828125,0.6945154484086259,0.20626669301427233,0.0992178585771018
2025-10-24,1444.9193115234375,1451.5999755859375,1459.800048828125,1441.0,1450.0,9700837,1.5999755859375,18.800048828125,8.2000732421875,9.0,0.0851048633205636,0.43617297578079345,0.47872216089864295
2025-10-27,1477.2696533203125,1484.0999755859375,1485.0,1458.0,1463.0,14113867,21.0999755859375,27.0,0.9000244140625,5.0,0.7814805772569444,0.03333423755787037,0.18518518518518517
2025-10-28,1480.056884765625,1486.9000244140625,1492.0,1477.5999755859375,1484.0999755859375,17631577,2.800048828125,14.4000244140625,5.0999755859375,6.5,0.19444750561607257,0.3541643707879456,0.45138812359598185
2025-10-29,1497.277099609375,1504.199951171875,1508.300048828125,1488.0999755859375,1490.0,11884745,14.199951171875,20.2000732421875,4.10009765625,1.9000244140625,0.7029653309483379,0.20297439554263683,0.09406027350902531
2025-10-30,1481.6494140625,1488.5,1503.0999755859375,1484.0,1500.0,9318663,11.5,19.0999755859375,3.0999755859375,4.5,0.6020950104494878,0.16230259415723444,0.23560239539327782
2025-10-31,1479.5592041015625,1486.4000244140625,1497.5,1482.300048828125,1490.4000244140625,8758053,4.0,15.199951171875,7.0999755859375,4.0999755859375,0.26315874010183266,0.46710515748727094,0.2697361024108964
2025-11-03,1477.866943359375,1484.699951171875,1495.0,1479.300048828125,1486.0,8452085,1.300048828125,15.699951171875,9.0,5.39990234375,0.08280591537468705,0.5732501904924814,0.34394389413283155
2025-11-04,1466.3203125,1473.0999755859375,1492.800048828125,1470.0999755859375,1483.9000244140625,10007806,10.800048828125,22.7000732421875,8.9000244140625,3.0,0.475771541038616,0.3920702950650412,0.13215816389634275
2025-11-06,1489.2144775390625,1496.0999755859375,1501.5999755859375,1476.199951171875,1484.0,16772678,12.0999755859375,25.4000244140625,5.5,7.800048828125,0.4763765336870485,0.21653522494076713,0.3070882413721843
2025-11-07,1471.19775390625,1478.0,1498.4000244140625,1475.9000244140625,1494.5999755859375,7821765,16.5999755859375,22.5,3.800048828125,2.0999755859375,0.7377766927083333,0.1688910590277778,0.09333224826388889
2025-11-10,1482.44580078125,1489.300048828125,1501.0,1475.5,1477.9000244140625,7068438,11.4000244140625,25.5,11.699951171875,2.4000244140625,0.44705978094362747,0.4588216145833333,0.09411860447303921
2025-11-11,1486.5269775390625,1493.4000244140625,1498.800048828125,1480.199951171875,1497.0,7127506,3.5999755859375,18.60009765625,1.800048828125,13.2000732421875,0.19354605833092695,0.09677631060824823,0.7096776310608248
2025-11-12,1504.5435791015625,1511.5,1524.699951171875,1500.0,1505.0,12384459,6.5,24.699951171875,13.199951171875,5.0,0.26315841496080894,0.5344120350693381,0.20242954996985302
2025-11-13,1503.9464111328125,1510.9000244140625,1522.0999755859375,1506.800048828125,1515.0,7196443,4.0999755859375,15.2999267578125,7.0999755859375,4.0999755859375,0.2679735433271899,0.4640529133456202,0.2679735433271899
2025-11-14,1511.9095458984375,1518.9000244140625,1520.9000244140625,1505.5,1505.5,7682823,13.4000244140625,15.4000244140625,2.0,0.0,0.8701300760163923,0.12986992398360772,0.0
2025-11-17,1511.3123779296875,1518.300048828125,1523.699951171875,1511.5,1520.9000244140625,5871416,2.5999755859375,12.199951171875,2.7999267578125,6.800048828125,0.21311360589141704,0.2295031118048468,0.5573832823037361
2025-11-18,1512.4072265625,1519.4000244140625,1527.800048828125,1510.5,1521.699951171875,11045042,2.2999267578125,17.300048828125,6.10009765625,8.9000244140625,0.13294336800214504,0.35260580573234923,0.5144508262655058
2025-11-19,1511.9095458984375,1518.9000244140625,1522.300048828125,1512.0,1517.4000244140625,5692366,1.5,10.300048828125,3.4000244140625,5.4000244140625,0.1456303775865747,0.3300978928156629,0.5242717295977625
2025-11-20,1541.9705810546875,1549.0999755859375,1550.9000244140625,1526.699951171875,1530.0,18171724,19.0999755859375,24.2000732421875,1.800048828125,3.300048828125,0.7892528007990033,0.07438195786064858,0.13636524134034816
2025-11-21,1539.4820556640625,1546.5999755859375,1557.800048828125,1540.0999755859375,1541.0,9615271,5.5999755859375,17.7000732421875,11.2000732421875,0.9000244140625,0.3163814922861537,0.6327698811715943,0.050848626542252015
2025-11-24,1528.831298828125,1535.9000244140625,1550.0,1531.800048828125,1550.0,18433951,14.0999755859375,18.199951171875,0.0,4.0999755859375,0.7747260117778046,0.0,0.22527398822219538
2025-11-25,1532.61376953125,1539.699951171875,1559.5999755859375,1525.0999755859375,1535.9000244140625,15033482,3.7999267578125,34.5,19.9000244140625,10.800048828125,0.11014280457427536,0.576812301856884,0.3130448935688406
2025-11-26,1562.6748046875,1569.9000244140625,1571.5999755859375,1540.5,1542.300048828125,14054299,27.5999755859375,31.0999755859375,1.699951171875,1.800048828125,0.8874597187277987,0.054660852294805926,0.057879428977395384
2025-11-27,1556.2047119140625,1563.4000244140625,1575.5,1556.0,1575.0,9794643,11.5999755859375,19.5,0.5,7.4000244140625,0.5948705428685898,0.02564102564102564,0.37948843149038464
2025-11-28,1560.285888671875,1567.5,1581.300048828125,1563.0,1568.0,8959508,0.5,18.300048828125,13.300048828125,4.5,0.027322331470042826,0.7267766852995717,0.24590098323038542
2025-12-01,1558.892333984375,1566.0999755859375,1577.5,1563.5999755859375,1575.0,8920233,8.9000244140625,13.9000244140625,2.5,2.5,0.6402884015842767,0.17985579920786166,0.17985579920786166
2025-12-02,1539.1834716796875,1546.300048828125,1567.5,1542.0,1561.0999755859375,11389150,14.7999267578125,25.5,6.4000244140625,4.300048828125,0.5803892846200981,0.2509813495710784,0.16862936580882354
2025-12-03,1531.718017578125,1538.800048828125,1552.4000244140625,1533.0,1545.199951171875,6090883,6.39990234375,19.4000244140625,7.2000732421875,5.800048828125,0.32989145823501653,0.37113732892873996,0.2989712128362435
2025-12-04,1528.53271484375,1535.5999755859375,1560.5,1517.5999755859375,1536.0,11867930,0.4000244140625,42.9000244140625,24.5,18.0,0.009324573109831919,0.5710952460896263,0.41958018080054177
2025-12-05,1533.5096435546875,1540.5999755859375,1545.800048828125,1520.5999755859375,1530.4000244140625,10183266,10.199951171875,25.2000732421875,5.2000732421875,9.800048828125,0.4047587907323713,0.20635151303774965,0.38888969622987907
2025-12-08,1535.898681640625,1543.0,1551.0,1535.0,1539.199951171875,11301491,3.800048828125,16.0,8.0,4.199951171875,0.2375030517578125,0.5,0.2624969482421875
2025-12-09,1522.3612060546875,1529.4000244140625,1542.5,1520.0999755859375,1540.300048828125,11503971,10.9000244140625,22.4000244140625,2.199951171875,9.300048828125,0.48660770241034107,0.09821199884469295,0.415180298744966
2025-12-10,1529.8267822265625,1536.9000244140625,1547.5,1531.4000244140625,1534.0,7991629,2.9000244140625,16.0999755859375,10.5999755859375,2.5999755859375,0.18012601314722004,0.6583845751415942,0.16148941171118575
2025-12-11,1537.889404296875,1545.0,1550.0,1524.0,1536.9000244140625,4706197,8.0999755859375,26.0,5.0,12.9000244140625,0.3115375225360577,0.19230769230769232,0.49615478515625
2025-12-12,1549.3365478515625,1556.5,1559.800048828125,1546.0999755859375,1550.800048828125,5106655,5.699951171875,13.7000732421875,3.300048828125,4.7000732421875,0.41605260578628006,0.24087818873573255,0.34306920547798736
2025-12-15,1549.037841796875,1556.199951171875,1558.5999755859375,1546.5,1551.199951171875,5774543,5.0,12.0999755859375,2.4000244140625,4.699951171875,0.4132239742542094,0.19834952533720732,0.3884265004085833
2025-12-16,1535.201904296875,1542.300048828125,1551.699951171875,1538.800048828125,1545.0,11731856,2.699951171875,12.89990234375,6.699951171875,3.5,0.20930012491010258,0.5193799916726598,0.2713198834172376
2025-12-17,1537.292236328125,1544.4000244140625,1550.0,1539.300048828125,1550.0,7116649,5.5999755859375,10.699951171875,0.0,5.0999755859375,0.5233645926027335,0.0,0.4766354073972665
2025-12-18,1537.292236328125,1544.4000244140625,1551.5,1535.199951171875,1535.199951171875,6580829,9.2000732421875,16.300048828125,7.0999755859375,0.0,0.5644199805287201,0.4355800194712799,0.0
2025-12-19,1557.8968505859375,1565.0999755859375,1574.199951171875,1551.0,1554.4000244140625,13937275,10.699951171875,23.199951171875,9.0999755859375,3.4000244140625,0.4612057625727425,0.3922411525145485,0.14655308491270902
2025-12-22,1568.1495361328125,1575.4000244140625,1577.5,1565.300048828125,1573.5,10184852,1.9000244140625,12.199951171875,2.0999755859375,8.199951171875,0.15574032939104682,0.1721298353044766,0.6721298353044766
2025-12-23,1563.4710693359375,1570.699951171875,1580.9000244140625,1568.0999755859375,1580.9000244140625,7506564,10.2000732421875,12.800048828125,0.0,2.5999755859375,0.7968776821987831,0.0,0.2031223178012169
2025-12-24,1551.0286865234375,1558.199951171875,1575.699951171875,1553.5999755859375,1572.699951171875,8815745,14.5,22.0999755859375,3.0,4.5999755859375,0.6561093220947509,0.13574675629546573,0.20814392160978332
2025-12-26,1552.0240478515625,1559.199951171875,1561.0,1554.300048828125,1554.699951171875,2311495,4.5,6.699951171875,1.800048828125,0.39990234375,0.6716466858579602,0.2686659621761469,0.05968735196589294
2025-12-29,1538.4866943359375,1545.5999755859375,1558.0999755859375,1543.5999755859375,1554.9000244140625,5972105,9.300048828125,14.5,3.199951171875,2.0,0.6413826778017241,0.22068628771551724,0.13793103448275862
2025-12-30,1532.71337890625,1539.800048828125,1553.5999755859375,1537.800048828125,1547.0,8815884,7.199951171875,15.7999267578125,6.5999755859375,2.0,0.45569522455633416,0.41772191017746635,0.1265828652661995
2025-12-31,1563.172607421875,1570.4000244140625,1577.0,1541.0,1541.0,5771830,29.4000244140625,36.0,6.5999755859375,0.0,0.8166673448350694,0.18333265516493055,0.0
2026-01-01,1568.3485107421875,1575.5999755859375,1592.5,1571.0999755859375,1573.699951171875,6408128,1.9000244140625,21.4000244140625,16.9000244140625,2.5999755859375,0.08878608628193646,0.7897198660650623,0.12149404765300127
2026-01-02,1584.9718017578125,1592.300048828125,1594.5999755859375,1578.199951171875,1580.0,6602230,12.300048828125,16.4000244140625,2.2999267578125,1.800048828125,0.7500018608251643,0.1402392276831238,0.10975891149171188
2026-01-05,1570.8370361328125,1578.0999755859375,1611.800048828125,1575.300048828125,1593.0,8704973,14.9000244140625,36.5,18.800048828125,2.7999267578125,0.4082198469606164,0.5150698309075342,0.07671032213184932
2026-01-06,1500.6614990234375,1507.5999755859375,1569.0,1496.300048828125,1569.0,27417125,61.4000244140625,72.699951171875,0.0,11.2999267578125,0.8445676155806823,0.0,0.15543238441931767
2026-01-07,1497.277099609375,1504.199951171875,1520.0,1498.0,1510.0,11199340,5.800048828125,22.0,10.0,6.199951171875,0.2636385830965909,0.45454545454545453,0.28181596235795453
2026-01-08,1463.831787109375,1470.5999755859375,1503.9000244140625,1468.800048828125,1500.0,16518684,29.4000244140625,35.0999755859375,3.9000244140625,1.7999267578125,0.8376081157686436,0.11111188395313332,0.05128000027822313
2026-01-09,1468.51025390625,1475.300048828125,1479.9000244140625,1465.0,1465.0,8335311,10.300048828125,14.9000244140625,4.5999755859375,0.0,0.6912773121635903,0.30872268783640966,0.0
2026-01-12,1476.373779296875,1483.199951171875,1485.300048828125,1451.0,1475.300048828125,8883745,7.89990234375,34.300048828125,2.10009765625,24.300048828125,0.2303175247165339,0.061227249756215615,0.7084552255272505
2026-01-13,1446.11376953125,1452.800048828125,1485.800048828125,1444.699951171875,1485.0,13499760,32.199951171875,41.10009765625,0.800048828125,8.10009765625,0.7834519382699916,0.019465861974742496,0.19708219975526595
2026-01-14,1452.086181640625,1458.800048828125,1467.0,1440.199951171875,1444.0,8321764,14.800048828125,26.800048828125,8.199951171875,3.800048828125,0.5522396217649149,0.30596776985233165,0.1417926083827535
2026-01-15,1452.086181640625,1458.800048828125,1458.800048828125,1458.800048828125,1458.800048828125,0,0.0,0.0,0.0,0.0,0.0,0.0,0.0
2026-01-16,1451.1903076171875,1457.9000244140625,1480.0,1455.0999755859375,1458.800048828125,17167161,0.9000244140625,24.9000244140625,21.199951171875,2.800048828125,0.03614552335756761,0.8514028267338625,0.11245164990856991
2026-01-19,1407.0941162109375,1413.5999755859375,1450.5999755859375,1403.300048828125,1450.5999755859375,20392765,37.0,47.2999267578125,0.0,10.2999267578125,0.7822422260704396,0.0,0.21775777392956042
2026-01-20,1387.5843505859375,1394.0,1416.0,1390.0,1410.699951171875,13189498,16.699951171875,26.0,5.300048828125,4.0,0.6423058143028846,0.20384803185096154,0.15384615384615385
2026-01-21,1398.1356201171875,1404.5999755859375,1412.9000244140625,1373.0,1389.5,17352720,15.0999755859375,39.9000244140625,8.300048828125,16.5,0.37844527184338295,0.20802114660360213,0.4135335815530149
2026-01-22,1396.0452880859375,1402.5,1419.5,1395.0,1410.0999755859375,15721693,7.5999755859375,24.5,9.4000244140625,7.5,0.31020308514030615,0.38367446588010207,0.30612244897959184
2026-01-23,1379.720703125,1386.0999755859375,1407.0,1381.0,1401.800048828125,9837802,15.7000732421875,26.0,5.199951171875,5.0999755859375,0.6038489708533654,0.19999812199519232,0.19615290715144232
2026-01-27,1374.146484375,1380.5,1391.5999755859375,1368.0,1380.0,26302396,0.5,23.5999755859375,11.0999755859375,12.0,0.02118646259523822,0.47033843511904455,0.5084751022857172
2026-01-28,1390.2718505859375,1396.699951171875,1409.9000244140625,1384.9000244140625,1385.0,11121657,11.699951171875,25.0,13.2000732421875,0.0999755859375,0.467998046875,0.5280029296875,0.0039990234375
2026-01-29,1384.59814453125,1391.0,1402.9000244140625,1384.0,1402.9000244140625,20846683,11.9000244140625,18.9000244140625,0.0,7.0,0.6296301080546925,0.0,0.3703698919453074
2026-01-30,1388.9779052734375,1395.4000244140625,1398.0,1378.5,1382.5999755859375,11239835,12.800048828125,19.5,2.5999755859375,4.0999755859375,0.6564127604166666,0.1333320813301282,0.21025515825320512
2026-02-02,1384.0009765625,1390.4000244140625,1392.9000244140625,1335.5,1340.0,15711165,50.4000244140625,57.4000244140625,2.5,4.5,0.878048832357551,0.043553988443731775,0.07839717919871719
2026-02-03,1430.4859619140625,1437.0999755859375,1489.5,1430.199951171875,1473.9000244140625,25456171,36.800048828125,59.300048828125,15.5999755859375,6.9000244140625,0.620573668240748,0.2630685116491624,0.11635782011008963
2026-02-04,1450.095458984375,1456.800048828125,1464.0,1440.300048828125,1444.0,8333387,12.800048828125,23.699951171875,7.199951171875,3.699951171875,0.5400875611640484,0.3037960339943343,0.15611640484161732
2026-02-05,1436.757080078125,1443.4000244140625,1461.5,1439.5,1457.0,11763658,13.5999755859375,22.0,4.5,3.9000244140625,0.6181807084517046,0.20454545454545456,0.1772738370028409
2026-02-06,1444.123046875,1450.800048828125,1452.800048828125,1433.5,1441.5,8277304,9.300048828125,19.300048828125,2.0,8.0,0.4818665958281153,0.10362668083437694,0.41450672333750777
2026-02-09,1454.873291015625,1461.5999755859375,1465.9000244140625,1453.0,1458.0,5775864,3.5999755859375,12.9000244140625,4.300048828125,5.0,0.27906734672634537,0.3333364875990045,0.3875961656746501
2026-02-10,1451.7874755859375,1458.5,1471.0,1452.199951171875,1471.0,10259630,12.5,18.800048828125,0.0,6.300048828125,0.6648918901370041,0.0,0.3351081098629959
2026-02-11,1461.9405517578125,1468.699951171875,1470.0,1453.5999755859375,1459.5999755859375,7106877,9.0999755859375,16.4000244140625,1.300048828125,6.0,0.5548757340955274,0.07927115199964273,0.36585311390482994
2026-02-12,1442.231689453125,1448.9000244140625,1473.0,1445.5,1470.0,11135399,21.0999755859375,27.5,3.0,3.4000244140625,0.7672718394886363,0.10909090909090909,0.12363725142045455
2026-02-13,1413.0665283203125,1419.5999755859375,1450.699951171875,1416.300048828125,1445.5,10755693,25.9000244140625,34.39990234375,5.199951171875,3.2999267578125,0.7529098238492001,0.1511618004002782,0.09592837575052164
2026-02-16,1430.4859619140625,1437.0999755859375,1439.5999755859375,1409.300048828125,1420.0999755859375,5896514,17.0,30.2999267578125,2.5,10.7999267578125,0.5610574618176837,0.08250845026730642,0.35643408791500986
2026-02-17,1416.450927734375,1423.0,1431.800048828125,1418.5999755859375,1431.0999755859375,10731630,8.0999755859375,13.2000732421875,0.7000732421875,4.4000244140625,0.6136311092615712,0.05303555740509548,0.3333333333333333
2026-02-18,1434.666748046875,1441.300048828125,1442.0999755859375,1419.199951171875,1427.0,5521096,14.300048828125,22.9000244140625,0.7999267578125,7.800048828125,0.6244556149618598,0.034931262227007896,0.3406131228111324
2026-02-19,1403.0130615234375,1409.5,1443.0,1400.0,1443.0,11884664,33.5,43.0,0.0,9.5,0.7790697674418605,0.0,0.22093023255813954
2026-02-20,1412.8675537109375,1419.4000244140625,1427.4000244140625,1406.0999755859375,1409.5,8177670,9.9000244140625,21.300048828125,8.0,3.4000244140625,0.4647888131124993,0.3755859934666743,0.1596251934208264
2026-02-23,1421.4278564453125,1428.0,1434.9000244140625,1418.300048828125,1425.0,7758856,3.0,16.5999755859375,6.9000244140625,6.699951171875,0.18072315736063005,0.4156647326582688,0.40361210998110114
2026-02-24,1422.2242431640625,1428.800048828125,1433.300048828125,1415.0,1425.300048828125,12529409,3.5,18.300048828125,4.5,10.300048828125,0.19125632029029976,0.24590098323038542,0.5628426964793148
2026-02-25,1392.063720703125,1398.5,1440.5,1393.5,1435.0,10728792,36.5,47.0,5.5,5.0,0.776595744680851,0.11702127659574468,0.10638297872340426
2026-02-26,1400.3255615234375,1406.800048828125,1412.9000244140625,1391.9000244140625,1398.5,16683858,8.300048828125,21.0,6.0999755859375,6.5999755859375,0.39524042038690477,0.2904750279017857,0.31428455171130953
2026-02-27,1387.48486328125,1393.9000244140625,1410.4000244140625,1388.0999755859375,1398.0,12031440,4.0999755859375,22.300048828125,12.4000244140625,5.800048828125,0.18385500487185383,0.5560536889239225,0.2600913062042237
2026-03-02,1351.75,1358.0,1378.5999755859375,1341.5,1375.5,23728722,17.5,37.0999755859375,3.0999755859375,16.5,0.4716984236138759,0.08355734840732686,0.44474422797879726
2026-03-04,1338.8099365234375,1345.0,1352.800048828125,1307.0,1330.0,32495007,15.0,45.800048828125,7.800048828125,23.0,0.3275105678662239,0.1703065614055662,0.5021828707282099
2026-03-05,1383.005615234375,1389.4000244140625,1399.0,1353.0999755859375,1353.0999755859375,25957532,36.300048828125,45.9000244140625,9.5999755859375,0.0,0.7908503163454456,0.2091496836545545,0.0
2026-03-06,1398.334716796875,1404.800048828125,1424.300048828125,1390.300048828125,1396.5,19311971,8.300048828125,34.0,19.5,6.199951171875,0.24411908318014705,0.5735294117647058,0.18235150505514705
2026-03-09,1417.4462890625,1424.0,1429.4000244140625,1370.0,1375.0,24870822,49.0,59.4000244140625,5.4000244140625,5.0,0.8249154858663598,0.09090946455544024,0.08417504957819998
2026-03-10,1402.3162841796875,1408.800048828125,1431.5,1400.5999755859375,1430.5999755859375,18071259,21.7999267578125,30.9000244140625,0.9000244140625,8.2000732421875,0.7054986904117598,0.02912698067814153,0.26537432891009866
2026-03-11,1383.8017578125,1390.199951171875,1434.0,1383.5999755859375,1424.9000244140625,21848087,34.7000732421875,50.4000244140625,9.0999755859375,6.5999755859375,0.6884931831998392,0.18055498368763578,0.13095183311252503
2026-03-12,1385.7926025390625,1392.199951171875,1410.9000244140625,1381.0999755859375,1390.0,20939959,2.199951171875,29.800048828125,18.7000732421875,8.9000244140625,0.07382374386577203,0.6275182081090602,0.29865804802516777
2026-03-13,1374.3455810546875,1380.699951171875,1400.800048828125,1378.4000244140625,1385.199951171875,17265090,4.5,22.4000244140625,15.60009765625,2.2999267578125,0.20089263818725783,0.69643217203176,0.10267518978098213
2026-03-16,1388.6793212890625,1395.0999755859375,1397.300048828125,1363.5,1380.0,22837802,15.0999755859375,33.800048828125,2.2000732421875,16.5,0.44674419444544766,0.06509083029361841,0.48816497526093394
2026-03-17,1391.167724609375,1397.5999755859375,1405.9000244140625,1388.199951171875,1399.0,19007744,1.4000244140625,17.7000732421875,6.9000244140625,9.4000244140625,0.07909709722136014,0.38983027469154957,0.5310726280870902
2026-03-18,1401.6195068359375,1408.0999755859375,1412.9000244140625,1397.199951171875,1397.199951171875,9559327,10.9000244140625,15.7000732421875,4.800048828125,0.0,0.6942658321346655,0.3057341678653345,0.0
2026-03-19,1378.4267578125,1384.800048828125,1415.699951171875,1376.0999755859375,1388.0,16498373,3.199951171875,39.5999755859375,27.699951171875,8.7000732421875,0.08080689759342546,0.6994941477113343,0.21969895469524017
2026-03-20,1407.8905029296875,1414.4000244140625,1430.0,1396.0999755859375,1398.0,22994918,16.4000244140625,33.9000244140625,15.5999755859375,1.9000244140625,0.4837761829829066,0.4601759395626357,0.056047877454457724
2026-03-23,1401.3209228515625,1407.800048828125,1415.5999755859375,1391.0,1400.0,18979554,7.800048828125,24.5999755859375,7.7999267578125,9.0,0.31707547029371336,0.3170705080809635,0.36585402162532316
2026-03-24,1405.302490234375,1411.800048828125,1422.4000244140625,1406.5999755859375,1420.0,18620893,8.199951171875,15.800048828125,2.4000244140625,5.2000732421875,0.5189826475269249,0.15189980994174637,0.3291175425313287
2026-03-25,1406.596435546875,1413.0999755859375,1430.5,1408.4000244140625,1420.0,19041331,6.9000244140625,22.0999755859375,10.5,4.699951171875,0.31221864418950196,0.47511364703413,0.21266770877636804
2026-03-27,1341.8956298828125,1348.0999755859375,1404.699951171875,1345.0,1401.0,23266517,52.9000244140625,59.699951171875,3.699951171875,3.0999755859375,0.886098286106874,0.06197578221166233,0.0519259316814637
2026-03-30,1337.7149658203125,1343.9000244140625,1365.0,1334.0999755859375,1335.0,24393861,8.9000244140625,30.9000244140625,21.0999755859375,0.9000244140625,0.2880264524973038,0.6828465668245547,0.02912698067814153
2026-04-01,1362.8984375,1369.199951171875,1384.4000244140625,1362.9000244140625,1384.199951171875,14404619,15.0,21.5,0.2000732421875,6.2999267578125,0.6976744186046512,0.009305732194767442,0.2930198492005814
2026-04-02,1344.2845458984375,1350.5,1358.199951171875,1328.0,1357.0,21280051,6.5,30.199951171875,1.199951171875,22.5,0.21523213607223987,0.03973354675462211,0.7450343171731381
2026-04-06,1298.6953125,1304.699951171875,1359.0,1290.0,1359.0,29274881,54.300048828125,69.0,0.0,14.699951171875,0.786957229393116,0.0,0.21304277060688406
2026-04-07,1298.5958251953125,1304.5999755859375,1308.300048828125,1291.0,1295.0,28388922,9.5999755859375,17.300048828125,3.7000732421875,4.0,0.5549103173819168,0.21387646236999194,0.23121322024809132
2026-04-08,1341.5970458984375,1347.800048828125,1350.5999755859375,1326.199951171875,1349.0,21817543,1.199951171875,24.4000244140625,1.5999755859375,21.60009765625,0.049178277509568,0.06557270430497536,0.8852490181854566
2026-04-09,1323.87890625,1330.0,1350.0,1326.300048828125,1346.0,20725390,16.0,23.699951171875,4.0,3.699951171875,0.6751068761267062,0.16877671903167654,0.15611640484161732
2026-04-10,1343.9859619140625,1350.199951171875,1352.300048828125,1331.5,1337.0,19364461,13.199951171875,20.800048828125,2.10009765625,5.5,0.6346115473549538,0.10096599645527425,0.26442245618977195
2026-04-13,1309.0474853515625,1315.0999755859375,1327.5999755859375,1310.0,1321.199951171875,28753269,6.0999755859375,17.5999755859375,6.4000244140625,5.0999755859375,0.3465900027049709,0.36363825522440857,0.28977174207062056
2026-04-15,1337.9140625,1344.0999755859375,1347.0,1334.199951171875,1337.0,15313779,7.0999755859375,12.800048828125,2.9000244140625,2.800048828125,0.5546834767018253,0.22656354307730456,0.21875298022087014
2026-04-16,1337.1177978515625,1343.300048828125,1353.800048828125,1330.0,1352.0,30211012,8.699951171875,23.800048828125,1.800048828125,13.300048828125,0.36554341693593884,0.07563214853567216,0.558824434528389
2026-04-17,1358.7178955078125,1365.0,1368.4000244140625,1340.0,1340.0,13869105,25.0,28.4000244140625,3.4000244140625,0.0,0.8802809334072632,0.11971906659273682,0.0
2026-04-20,1357.0257568359375,1363.300048828125,1373.0,1352.800048828125,1363.199951171875,13614733,0.10009765625,20.199951171875,9.699951171875,10.39990234375,0.004955341495546235,0.4801967633159695,0.5148478951884843
2026-04-21,1347.07177734375,1353.300048828125,1369.800048828125,1350.0999755859375,1359.0,27293629,5.699951171875,19.7000732421875,10.800048828125,3.2000732421875,0.28933654721996743,0.5482237906099156,0.16243966217011704
2026-04-22,1355.8311767578125,1362.0999755859375,1366.0,1349.0999755859375,1350.300048828125,9525953,11.7999267578125,16.9000244140625,3.9000244140625,1.2000732421875,0.6982195095525299,0.23077034201307378,0.07101014843439633
2026-04-23,1337.21728515625,1343.4000244140625,1355.5,1340.699951171875,1346.0,16385079,2.5999755859375,14.800048828125,9.5,2.7000732421875,0.17567344649543887,0.641889774170667,0.18243677933389418
2026-04-24,1321.6890869140625,1327.800048828125,1345.9000244140625,1325.0,1340.0,11744802,12.199951171875,20.9000244140625,5.9000244140625,2.800048828125,0.5837290392668781,0.2822974890925339,0.13397347164058804
2026-04-27,1359.51416015625,1365.800048828125,1371.5999755859375,1311.0,1313.0,24673098,52.800048828125,60.5999755859375,5.7999267578125,2.0,0.8712882854754399,0.09570840089840563,0.03300331362615448
2026-04-28,1382.5078125,1388.9000244140625,1395.199951171875,1357.0,1358.0,41027699,30.9000244140625,38.199951171875,6.2999267578125,1.0,0.8089021966293212,0.16491975943809237,0.026178043932586423
2026-04-29,1418.83984375,1425.4000244140625,1433.800048828125,1391.300048828125,1392.0,30542143,33.4000244140625,42.5,8.4000244140625,0.699951171875,0.7858829273897059,0.19764763327205884,0.016469439338235293
2026-04-30,1424.215087890625,1430.800048828125,1437.0,1393.0999755859375,1409.0,30957881,21.800048828125,43.9000244140625,6.199951171875,15.9000244140625,0.4965839796012001,0.14122887753768468,0.3621871428611152
2026-05-01,1424.215087890625,1430.800048828125,1430.800048828125,1430.800048828125,1430.800048828125,0,0.0,0.0,0.0,0.0,0.0,0.0,0.0
2026-05-04,1456.3663330078125,1463.0999755859375,1467.4000244140625,1433.4000244140625,1433.4000244140625,24035700,29.699951171875,34.0,4.300048828125,0.0,0.8735279756433824,0.12647202435661764,0.0
2026-05-05,1456.864013671875,1463.5999755859375,1473.4000244140625,1450.0,1460.0,23543341,3.5999755859375,23.4000244140625,9.800048828125,10.0,0.15384494999817416,0.41880506852102056,0.4273499814808052
2026-05-06,1431.2823486328125,1437.9000244140625,1473.300048828125,1427.5,1463.0,14221786,25.0999755859375,45.800048828125,10.300048828125,10.4000244140625,0.5480338171719163,0.22489165604993683,0.22707452677814677
2026-05-07,1429.590087890625,1436.199951171875,1449.5,1430.300048828125,1438.800048828125,19816903,2.60009765625,19.199951171875,10.699951171875,5.89990234375,0.13542209732589042,0.557290540798291,0.30728736187581857
2026-05-08,1428.5947265625,1435.199951171875,1442.800048828125,1417.5,1426.0,8663105,9.199951171875,25.300048828125,7.60009765625,8.5,0.36363373187042236,0.3003985370890388,0.33596773104053884
2026-05-11,1381.81103515625,1388.199951171875,1428.0,1382.0,1420.0,15261787,31.800048828125,46.0,8.0,6.199951171875,0.6913054093070652,0.17391304347826086,0.13478154721467392
2026-05-12,1357.722412109375,1364.0,1393.5,1360.300048828125,1392.0,24357500,28.0,33.199951171875,1.5,3.699951171875,0.843374734349607,0.04518078934015751,0.11144447631023553
2026-05-13,1352.54638671875,1358.800048828125,1372.4000244140625,1352.4000244140625,1361.4000244140625,13797989,2.5999755859375,20.0,11.0,6.4000244140625,0.129998779296875,0.55,0.320001220703125
2026-05-14,1355.5325927734375,1361.800048828125,1378.0,1358.4000244140625,1365.199951171875,17303059,3.39990234375,19.5999755859375,12.800048828125,3.4000244140625,0.1734646213635769,0.65306452918792,0.17347084944850308
2026-05-15,1330.24951171875,1336.4000244140625,1364.800048828125,1329.199951171875,1356.800048828125,19976192,20.4000244140625,35.60009765625,8.0,7.2000732421875,0.5730328217366855,0.22471848468638989,0.20224869357692465
2026-05-18,1329.7518310546875,1335.9000244140625,1342.0,1318.699951171875,1334.0,13022473,1.9000244140625,23.300048828125,6.0999755859375,15.300048828125,0.08154594130159162,0.26180097865607677,0.6566530800423316
2026-05-19,1316.6124267578125,1322.699951171875,1344.0,1318.4000244140625,1338.699951171875,21665501,16.0,25.5999755859375,5.300048828125,4.2999267578125,0.6250005960470162,0.20703335479102591,0.1679660491619579
2026-05-20,1353.442138671875,1359.699951171875,1362.9000244140625,1312.5999755859375,1318.699951171875,13248515,41.0,50.300048828125,3.2000732421875,6.0999755859375,0.8151085526794771,0.06361968460750671,0.12127176271301612
2026-05-21,1343.388671875,1349.5999755859375,1370.9000244140625,1345.199951171875,1367.199951171875,17150630,17.5999755859375,25.7000732421875,3.7000732421875,4.4000244140625,0.684822001092455,0.1439713111834137,0.1712066877241314
2026-05-22,1348.26611328125,1354.5,1367.4000244140625,1349.0999755859375,1350.0,7105813,4.5,18.300048828125,12.9000244140625,0.9000244140625,0.24590098323038542,0.7049174860253212,0.04918153074429339
2026-05-25,1360.7086181640625,1367.0,1371.0999755859375,1357.0,1366.800048828125,6750071,0.199951171875,14.0999755859375,4.0999755859375,9.800048828125,0.014180958729773954,0.2907789138320621,0.6950401274381639
2026-05-26,1350.0579833984375,1356.300048828125,1368.5,1352.4000244140625,1360.0999755859375,13769747,3.7999267578125,16.0999755859375,8.4000244140625,3.9000244140625,0.23602065341835304,0.5217414380056259,0.24223790857602112
2026-05-27,1344.2845458984375,1350.5,1361.0,1348.5999755859375,1353.0,13215138,2.5,12.4000244140625,8.0,1.9000244140625,0.20161250627577992,0.6451600200824957,0.15322747364172434
2026-05-28,1344.2845458984375,1350.5,1350.5,1350.5,1350.5,0,0.0,0.0,0.0,0.0,0.0,0.0,0.0
2026-05-29,1315.119384765625,1321.199951171875,1369.0,1317.0,1364.0,42634247,42.800048828125,52.0,5.0,4.199951171875,0.8230778620793269,0.09615384615384616,0.08076829176682693
2026-06-01,1313.9249267578125,1320.0,1335.5,1318.5,1332.5,10700603,12.5,17.0,3.0,1.5,0.7352941176470589,0.17647058823529413,0.08823529411764706
2026-06-02,1308.5498046875,1314.5999755859375,1327.800048828125,1300.300048828125,1307.699951171875,23302785,6.9000244140625,27.5,13.2000732421875,7.39990234375,0.2509099786931818,0.4800026633522727,0.26908735795454547
2026-06-03,1307.15625,1313.199951171875,1324.0,1301.0,1315.0,20012293,1.800048828125,23.0,9.0,12.199951171875,0.07826299252717392,0.391304347826087,0.5304326596467391
2026-06-04,1297.699951171875,1303.699951171875,1311.199951171875,1293.0999755859375,1301.0,23474327,2.699951171875,18.0999755859375,7.5,7.9000244140625,0.14916877423705951,0.4143651997976732,0.43646602596526723
2026-06-05,1291.0,1291.0,1306.0,1288.0,1304.5,17785223,13.5,18.0,1.5,3.0,0.75,0.08333333333333333,0.16666666666666666
2026-06-08,1263.300048828125,1263.300048828125,1282.5999755859375,1259.199951171875,1277.0,16494759,13.699951171875,23.4000244140625,5.5999755859375,4.10009765625,0.5854673879588718,0.23931494629433522,0.17521766574679304
2026-06-09,1269.199951171875,1269.199951171875,1274.199951171875,1257.5,1269.0,23620214,0.199951171875,16.699951171875,5.0,11.5,0.011973159071970527,0.29940207300849375,0.6886247679195356
2026-06-10,1258.800048828125,1258.800048828125,1300.5,1254.4000244140625,1275.0,21012796,16.199951171875,46.0999755859375,25.5,4.4000244140625,0.35140910523207936,0.5531456291655523,0.09544526560236832
2026-06-11,1263.0,1263.0,1276.0,1253.199951171875,1258.0,13117486,5.0,22.800048828125,13.0,4.800048828125,0.2192977759693326,0.5701742175202646,0.21052800651040274
2026-06-12,1293.0,1293.0,1297.0,1262.5,1277.0,11988785,16.0,34.5,4.0,14.5,0.463768115942029,0.11594202898550725,0.42028985507246375
2026-06-15,1307.0,1307.0,1325.0,1303.300048828125,1315.300048828125,18633321,8.300048828125,21.699951171875,9.699951171875,3.699951171875,0.382491590067842,0.4470033639728632,0.1705050459592948
2026-06-16,1328.800048828125,1328.800048828125,1333.4000244140625,1306.4000244140625,1313.4000244140625,18513223,15.4000244140625,27.0,4.5999755859375,7.0,0.5703712745949074,0.17036946614583334,0.25925925925925924
2026-06-17,1332.699951171875,1332.699951171875,1334.0,1317.0,1333.0,10029170,0.300048828125,17.0,1.0,15.699951171875,0.01764993106617647,0.058823529411764705,0.9235265395220589
2026-06-18,1328.0999755859375,1328.0999755859375,1333.9000244140625,1322.0,1330.0,15494549,1.9000244140625,11.9000244140625,3.9000244140625,6.0999755859375,0.15966558957788377,0.327732471662307,0.5126019387598092
2026-06-19,1309.5,1309.5,1338.199951171875,1305.300048828125,1328.0,24887034,18.5,32.89990234375,10.199951171875,4.199951171875,0.5623116994909393,0.31002983125306105,0.12765846925599963
2026-06-22,1326.5,1326.5,1344.9000244140625,1314.0999755859375,1316.699951171875,12931213,9.800048828125,30.800048828125,18.4000244140625,2.5999755859375,0.31818289908605946,0.5974024429877058,0.08441465792623477
2026-06-23,1309.5,1309.5,1333.0,1304.0,1328.9000244140625,15400184,19.4000244140625,29.0,4.0999755859375,5.5,0.6689663591056034,0.14137846848060345,0.1896551724137931
2026-06-24,1313.5999755859375,1313.5999755859375,1322.0,1297.5,1305.699951171875,11030917,7.9000244140625,24.5,8.4000244140625,8.199951171875,0.3224499760841837,0.3428581393494898,0.33469188456632654
2026-06-25,1318.0999755859375,1318.0999755859375,1328.0,1314.5999755859375,1318.0,12694362,0.0999755859375,13.4000244140625,9.9000244140625,3.4000244140625,0.007460851028941543,0.7388064460295337,0.2537327029415248
2026-06-26,1318.0999755859375,1318.0999755859375,1318.0999755859375,1318.0999755859375,1318.0999755859375,0,0.0,0.0,0.0,0.0,0.0,0.0,0.0
2026-06-29,1301.0,1301.0,1313.699951171875,1292.5999755859375,1308.0,13757656,7.0,21.0999755859375,5.699951171875,8.4000244140625,0.33175393836309885,0.2701401785352703,0.39810588310163086
2026-06-30,1293.9000244140625,1293.9000244140625,1306.9000244140625,1290.0,1306.9000244140625,15695263,13.0,16.9000244140625,0.0,3.9000244140625,0.7692296579869262,0.0,0.23077034201307378
2026-07-01,1308.0,1308.0,1312.199951171875,1296.5,1298.9000244140625,7001401,9.0999755859375,15.699951171875,4.199951171875,2.4000244140625,0.5796180820128446,0.2675136454818294,0.152868272505326
2026-07-02,1303.5,1303.5,1313.199951171875,1299.0,1310.0,17795024,6.5,14.199951171875,3.199951171875,4.5,0.4577480528858553,0.22534944896239878,0.316902498151746
2026-07-03,1304.0,1304.0,1312.0,1302.0,1312.0,7839550,8.0,10.0,0.0,2.0,0.8,0.0,0.2
2026-07-06,1321.300048828125,1321.300048828125,1325.5999755859375,1299.4000244140625,1304.0,7610709,17.300048828125,26.199951171875,4.2999267578125,4.5999755859375,0.6603084377766388,0.16411964776592275,0.1755719144574384
2026-07-07,1308.4000244140625,1308.4000244140625,1328.0,1304.0999755859375,1323.5,14335554,15.0999755859375,23.9000244140625,4.5,4.300048828125,0.6317974962842652,0.1882843264943383,0.1799181772213965
2026-07-08,1275.9000244140625,1275.9000244140625,1302.300048828125,1271.5999755859375,1297.0,19960868,21.0999755859375,30.7000732421875,5.300048828125,4.300048828125,0.6872939819877135,0.17263961510169187,0.14006640291059463
2026-07-09,1279.800048828125,1279.800048828125,1296.5,1274.199951171875,1277.0999755859375,14651963,2.7000732421875,22.300048828125,16.699951171875,2.9000244140625,0.12107925247150787,0.7488750944263802,0.13004565310211186
2026-07-10,1307.800048828125,1307.800048828125,1311.0999755859375,1287.800048828125,1291.9000244140625,8412537,15.9000244140625,23.2999267578125,3.2999267578125,4.0999755859375,0.6824066263955615,0.1416282030460044,0.17596517055843414
2026-07-13,1296.9000244140625,1296.9000244140625,1306.4000244140625,1295.0,1300.0,9488352,3.0999755859375,11.4000244140625,6.4000244140625,1.9000244140625,0.27192710062212894,0.5614044480613348,0.1666684513165362
2026-07-14,1293.0,1293.0,1308.0,1286.9000244140625,1290.0,13511284,3.0,21.0999755859375,15.0,3.0999755859375,0.14218025929847095,0.7109012964923547,0.14691844420917438
2026-07-15,1295.5,1295.5,1310.9000244140625,1294.0999755859375,1294.0999755859375,9577965,1.4000244140625,16.800048828125,15.4000244140625,0.0,0.08333454434481857,0.9166654556551814,0.0
2026-07-16,1296.5999755859375,1296.5999755859375,1309.4000244140625,1291.800048828125,1295.5,15631046,1.0999755859375,17.5999755859375,12.800048828125,3.699951171875,0.062498699533219126,0.7272765104488171,0.2102247900179638
2026-07-17,1327.199951171875,1327.199951171875,1330.300048828125,1296.0999755859375,1300.0,18302218,27.199951171875,34.2000732421875,3.10009765625,3.9000244140625,0.7953185064622171,0.09064593617378207,0.11403555736400076
2026-07-20,1323.0999755859375,1323.0999755859375,1345.9000244140625,1314.9000244140625,1317.199951171875,14305844,5.9000244140625,31.0,22.800048828125,2.2999267578125,0.19032336819556453,0.7354854460685484,0.0741911857358871
2026-07-21,1303.699951171875,1303.699951171875,1326.9000244140625,1302.699951171875,1321.0,12753410,17.300048828125,24.2000732421875,5.9000244140625,1.0,0.7148758871508775,0.24380192386265617,0.04132218898646638
2026-07-22,1288.5999755859375,1288.5999755859375,1304.5999755859375,1280.699951171875,1302.0,10840383,13.4000244140625,23.9000244140625,2.5999755859375,7.9000244140625,0.560669904846544,0.10878547824443661,0.33054461690901943
2026-07-23,1272.199951171875,1272.199951171875,1287.300048828125,1268.0,1283.0,12580741,10.800048828125,19.300048828125,4.300048828125,4.199951171875,0.559586606453898,0.22279989374217296,0.21761349980392902
2026-07-24,1278.0,1278.0,1283.4000244140625,1249.800048828125,1265.0,9817000,13.0,33.5999755859375,5.4000244140625,15.199951171875,0.38690504303344947,0.1607151291003484,0.4523798278662021
2026-07-27,1280.0,1280.0,1288.699951171875,1278.0,1288.199951171875,7163132,8.199951171875,10.699951171875,0.5,2.0,0.7663540739726653,0.04672918520546695,0.1869167408218678
2026-07-28,1267.699951171875,1267.699951171875,1279.199951171875,1265.9000244140625,1275.0,9312184,7.300048828125,13.2999267578125,4.199951171875,1.7999267578125,0.548878874377025,0.31578754141694126,0.1353335842060338
2026-07-29,1275.9000244140625,1275.9000244140625,1282.4000244140625,1268.699951171875,1275.0,9448307,0.9000244140625,13.7000732421875,6.5,6.300048828125,0.06569486149103189,0.474450018265898,0.45985512024307007
2026-07-30,1292.9000244140625,1292.9000244140625,1297.0,1275.300048828125,1279.800048828125,12158451,13.0999755859375,21.699951171875,4.0999755859375,4.5,0.6036868692550882,0.18893939223473555,0.2073737385101763
2026-07-31,1307.800048828125,1307.800048828125,1309.699951171875,1293.5999755859375,1295.0,8624996,12.800048828125,16.0999755859375,1.89990234375,1.4000244140625,0.7950352942960475,0.11800653569993404,0.08695817000401847
2026-08-03,1319.0,1319.0,1319.0,1306.0,1315.199951171875,7508023,3.800048828125,13.0,0.0,9.199951171875,0.2923114483173077,0.0,0.7076885516826923
2026-08-04,1290.9000244140625,1290.9000244140625,1315.0,1286.4000244140625,1315.0,10759546,24.0999755859375,28.5999755859375,0.0,4.5,0.8426572083434704,0.0,0.1573427916565297
2026-08-05,1280.0,1280.0,1299.0,1270.0999755859375,1293.0,24820782,13.0,28.9000244140625,6.0,9.9000244140625,0.4498266096160913,0.2076122813612729,0.3425611090226358
2026-08-06,1325.0,1325.0,1325.199951171875,1281.199951171875,1285.0,20342297,40.0,44.0,0.199951171875,3.800048828125,0.9090909090909091,0.004544344815340909,0.08636474609375
2026-08-07,1334.800048828125,1334.800048828125,1337.0,1316.5999755859375,1320.0,9885638,14.800048828125,20.4000244140625,2.199951171875,3.4000244140625,0.7254917213688613,0.10784061465919087,0.1666676639719478
2026-08-10,1327.300048828125,1327.300048828125,1332.9000244140625,1321.300048828125,1330.0999755859375,8207102,2.7999267578125,11.5999755859375,2.800048828125,6.0,0.2413735043724415,0.24138402769739126,0.5172424679301673
2026-08-11,1323.9000244140625,1323.9000244140625,1328.699951171875,1314.0999755859375,1326.5999755859375,9953124,2.699951171875,14.5999755859375,2.0999755859375,9.800048828125,0.18492847169385385,0.14383418476125182,0.6712373435448944
2026-08-12,1329.0,1329.0,1329.0,1309.199951171875,1323.9000244140625,7901012,5.0999755859375,19.800048828125,0.0,14.7000732421875,0.2575738893478502,0.0,0.7424261106521498
2026-08-13,1317.0,1317.0,1327.800048828125,1307.199951171875,1327.800048828125,9397301,10.800048828125,20.60009765625,0.0,9.800048828125,0.5242717295977625,0.0,0.47572827040223753
2026-08-14,1310.0,1310.0,1317.5,1301.5,1317.0,10497358,7.0,16.0,0.5,8.5,0.4375,0.03125,0.53125
2026-08-17,1316.0,1316.0,1320.800048828125,1298.0999755859375,1314.0,13383867,2.0,22.7000732421875,4.800048828125,15.9000244140625,0.08810544259756183,0.21145521324593056,0.7004393441565077
2026-08-18,1322.0,1322.0,1328.5999755859375,1311.199951171875,1314.0,10180567,8.0,17.4000244140625,6.5999755859375,2.800048828125,0.4597694698367487,0.3793084095102462,0.1609221206530051
2026-08-19,1311.0,1311.0,1321.5999755859375,1303.5,1320.300048828125,7489365,9.300048828125,18.0999755859375,1.2999267578125,7.5,0.5138155454392177,0.07181925476310909,0.4143651997976732
2026-08-20,1313.199951171875,1313.199951171875,1316.5,1307.0,1315.5,5546227,2.300048828125,9.5,1.0,6.199951171875,0.24211040296052633,0.10526315789473684,0.6526264391447368
2026-08-21,1316.0,1316.0,1316.0,1308.0,1314.0,5434871,2.0,8.0,0.0,6.0,0.25,0.0,0.75
2026-08-24,1309.800048828125,1309.800048828125,1320.0,1302.4000244140625,1316.5999755859375,7277167,6.7999267578125,17.5999755859375,3.4000244140625,7.4000244140625,0.38636001081988364,0.1931834733213575,0.42045651585875893
2026-08-25,1317.0,1317.0,1317.0999755859375,1300.0,1304.300048828125,7115355,12.699951171875,17.0999755859375,0.0999755859375,4.300048828125,0.7426882633867065,0.0058465338406516135,0.25146520277264195
2026-08-26,1298.0,1298.0,1315.5999755859375,1298.0,1310.0,5744474,12.0,17.5999755859375,5.5999755859375,0.0,0.6818191276122043,0.31818087238779574,0.0
2026-08-27,1282.199951171875,1282.199951171875,1308.4000244140625,1282.199951171875,1305.0,11271497,22.800048828125,26.2000732421875,3.4000244140625,0.0,0.8702284385759745,0.12977156142402543,0.0
2026-08-28,1287.0,1287.0,1291.800048828125,1280.0,1284.9000244140625,6830228,2.0999755859375,11.800048828125,4.800048828125,4.9000244140625,0.17796329629859517,0.40678211573872924,0.4152545879626756
2026-08-31,1277.0,1277.0,1297.5999755859375,1271.0,1278.699951171875,34871137,1.699951171875,26.5999755859375,18.9000244140625,6.0,0.06390799744845278,0.7105278857494252,0.22556411680212202
2026-09-01,1309.0,1309.0,1311.800048828125,1280.0,1285.0,12617528,24.0,31.800048828125,2.800048828125,5.0,0.7547158222843235,0.08805171473977566,0.15723246297590074
2026-09-02,1313.0999755859375,1313.0999755859375,1321.9000244140625,1293.0999755859375,1298.0,13497841,15.0999755859375,28.800048828125,8.800048828125,4.9000244140625,0.5243038189293434,0.30555673292925867,0.17013944814139786
2026-09-03,1302.5,1302.5,1316.800048828125,1302.5,1313.0999755859375,9721454,10.5999755859375,14.300048828125,3.7000732421875,0.0,0.7412545029279702,0.25874549707202976,0.0
2026-09-04,1322.0,1322.0,1333.0,1304.0999755859375,1304.0999755859375,13031534,17.9000244140625,28.9000244140625,11.0,0.0,0.6193774841709997,0.3806225158290003,0.0
2026-09-07,1309.5,1309.5,1324.199951171875,1301.9000244140625,1323.0999755859375,10210522,13.5999755859375,22.2999267578125,1.0999755859375,7.5999755859375,0.6098663790979905,0.04932642146692869,0.3408071994350808
2026-09-08,1294.9000244140625,1294.9000244140625,1306.800048828125,1288.0,1304.0999755859375,9799528,9.199951171875,18.800048828125,2.7000732421875,6.9000244140625,0.48935783390688914,0.14362054412051165,0.3670216219725992
2026-09-09,1279.0,1279.0,1294.699951171875,1277.199951171875,1283.5,12152819,4.5,17.5,11.199951171875,1.800048828125,0.2571428571428571,0.6399972098214286,0.10285993303571428
2026-09-10,1274.0,1274.0,1285.300048828125,1266.300048828125,1278.5,9296079,4.5,19.0,6.800048828125,7.699951171875,0.23684210526315788,0.3578973067434211,0.4052605879934211
2026-09-11,1257.5,1257.5,1267.4000244140625,1253.0,1267.0,8777736,9.5,14.4000244140625,0.4000244140625,4.5,0.6597211037172043,0.02777942610096215,0.3124994701818336
