Open,High,Low,Close,Volume,Body,Range,Upper_Wick,Lower_Wick,Body_Ratio,Upper_Wick_Ratio,Lower_Wick_Ratio,Open_1,High_1,Low_1,Close_1,Body_1,Range_1,Upper_Wick_1,Lower_Wick_1,Body_Ratio_1,Upper_Wick_Ratio_1,Lower_Wick_Ratio_1,Open_2,High_2,Low_2,Close_2,Body_2,Range_2,Upper_Wick_2,Lower_Wick_2,Body_Ratio_2,Upper_Wick_Ratio_2,Lower_Wick_Ratio_2,Trend_Encoded,Market_Control_Encoded,HTF_Bias_Encoded,Trend_Reversal_Encoded,Reversal_Confirmed_Encoded,Hammer,Inverted_Hammer,Doji,Bullish_Engulfing,Bearish_Engulfing,Shooting_Star,Morning_Star,Evening_Star
694.44,701.52,691.92,697.0,16683622,2.56,9.6,4.52,2.52,0.2667,0.4708,0.2625,694.89,698.5,684.84,686.44,8.45,13.66,3.61,1.6,0.6186,0.2643,0.1171,700.84,704.79,696.26,702.73,1.89,8.53,2.06,4.58,0.2216,0.2415,0.5369,0,0,1,0,0,0,0,0,0,0,0,0,0
692.61,701.5,690.32,691.76,16047902,0.85,11.18,8.89,1.44,0.076,0.7952,0.1288,694.44,701.52,691.92,697.0,2.56,9.6,4.52,2.52,0.2667,0.4708,0.2625,694.89,698.5,684.84,686.44,8.45,13.66,3.61,1.6,0.6186,0.2643,0.1171,0,0,1,0,0,0,0,1,0,0,0,0,0
703.4,708.61,700.04,707.69,14982742,4.29,8.57,0.92,3.36,0.5006,0.1074,0.3921,692.61,701.5,690.32,691.76,0.85,11.18,8.89,1.44,0.076,0.7952,0.1288,694.44,701.52,691.92,697.0,2.56,9.6,4.52,2.52,0.2667,0.4708,0.2625,0,0,1,0,0,0,0,0,0,0,0,0,0
709.48,712.24,703.88,707.53,12478359,1.95,8.36,2.76,3.65,0.2333,0.3301,0.4366,703.4,708.61,700.04,707.69,4.29,8.57,0.92,3.36,0.5006,0.1074,0.3921,692.61,701.5,690.32,691.76,0.85,11.18,8.89,1.44,0.076,0.7952,0.1288,0,0,1,0,0,0,0,0,0,0,0,0,0
706.34,712.59,703.3,705.73,18282382,0.61,9.29,6.25,2.43,0.0657,0.6728,0.2616,709.48,712.24,703.88,707.53,1.95,8.36,2.76,3.65,0.2333,0.3301,0.4366,703.4,708.61,700.04,707.69,4.29,8.57,0.92,3.36,0.5006,0.1074,0.3921,0,0,1,0,0,0,0,1,0,0,0,0,1
704.04,708.61,695.74,699.19,15816535,4.85,12.87,4.57,3.45,0.3768,0.3551,0.2681,706.34,712.59,703.3,705.73,0.61,9.29,6.25,2.43,0.0657,0.6728,0.2616,709.48,712.24,703.88,707.53,1.95,8.36,2.76,3.65,0.2333,0.3301,0.4366,0,0,1,0,0,0,0,0,0,0,0,0,0
702.14,703.99,694.09,696.65,15817859,5.49,9.9,1.85,2.56,0.5545,0.1869,0.2586,704.04,708.61,695.74,699.19,4.85,12.87,4.57,3.45,0.3768,0.3551,0.2681,706.34,712.59,703.3,705.73,0.61,9.29,6.25,2.43,0.0657,0.6728,0.2616,0,0,1,0,0,0,0,0,0,0,0,0,0
699.01,705.57,698.55,703.08,12847975,4.07,7.02,2.49,0.46,0.5798,0.3547,0.0655,702.14,703.99,694.09,696.65,5.49,9.9,1.85,2.56,0.5545,0.1869,0.2586,704.04,708.61,695.74,699.19,4.85,12.87,4.57,3.45,0.3768,0.3551,0.2681,0,0,1,0,0,0,0,0,0,0,0,0,0
710.21,724.59,710.07,722.78,29463471,12.57,14.52,1.81,0.14,0.8657,0.1247,0.0096,699.01,705.57,698.55,703.08,4.07,7.02,2.49,0.46,0.5798,0.3547,0.0655,702.14,703.99,694.09,696.65,5.49,9.9,1.85,2.56,0.5545,0.1869,0.2586,0,0,1,0,0,0,0,0,0,0,0,1,0
735.58,735.58,697.82,700.54,32545850,35.04,37.76,0.0,2.72,0.928,0.0,0.072,710.21,724.59,710.07,722.78,12.57,14.52,1.81,0.14,0.8657,0.1247,0.0096,699.01,705.57,698.55,703.08,4.07,7.02,2.49,0.46,0.5798,0.3547,0.0655,0,0,1,0,0,0,0,0,0,1,0,0,0
698.82,706.71,695.81,701.25,18922720,2.43,10.9,5.46,3.01,0.2229,0.5009,0.2761,735.58,735.58,697.82,700.54,35.04,37.76,0.0,2.72,0.928,0.0,0.072,710.21,724.59,710.07,722.78,12.57,14.52,1.81,0.14,0.8657,0.1247,0.0096,0,0,1,0,0,0,0,0,0,0,0,0,0
705.86,707.12,699.97,701.0,10322817,4.86,7.15,1.26,1.03,0.6797,0.1762,0.1441,698.82,706.71,695.81,701.25,2.43,10.9,5.46,3.01,0.2229,0.5009,0.2761,735.58,735.58,697.82,700.54,35.04,37.76,0.0,2.72,0.928,0.0,0.072,0,0,1,0,0,0,0,0,0,0,0,0,0
702.44,704.93,695.21,698.02,11247739,4.42,9.72,2.49,2.81,0.4547,0.2562,0.2891,705.86,707.12,699.97,701.0,4.86,7.15,1.26,1.03,0.6797,0.1762,0.1441,698.82,706.71,695.81,701.25,2.43,10.9,5.46,3.01,0.2229,0.5009,0.2761,0,0,1,0,0,0,0,0,0,0,0,0,0
698.09,702.37,694.23,695.6,14628445,2.49,8.14,4.28,1.37,0.3059,0.5258,0.1683,702.44,704.93,695.21,698.02,4.42,9.72,2.49,2.81,0.4547,0.2562,0.2891,705.86,707.12,699.97,701.0,4.86,7.15,1.26,1.03,0.6797,0.1762,0.1441,0,0,1,0,0,0,0,0,0,0,0,0,0
692.56,696.93,688.04,688.74,13387750,3.82,8.89,4.37,0.7,0.4297,0.4916,0.0787,698.09,702.37,694.23,695.6,2.49,8.14,4.28,1.37,0.3059,0.5258,0.1683,702.44,704.93,695.21,698.02,4.42,9.72,2.49,2.81,0.4547,0.2562,0.2891,0,0,1,0,0,0,0,0,0,0,0,0,0
689.68,690.32,669.11,672.83,24532236,16.85,21.21,0.64,3.72,0.7944,0.0302,0.1754,692.56,696.93,688.04,688.74,3.82,8.89,4.37,0.7,0.4297,0.4916,0.0787,698.09,702.37,694.23,695.6,2.49,8.14,4.28,1.37,0.3059,0.5258,0.1683,0,0,1,0,0,0,0,0,0,0,0,0,0
673.89,683.19,669.31,676.54,24746565,2.65,13.88,6.65,4.58,0.1909,0.4791,0.33,689.68,690.32,669.11,672.83,16.85,21.21,0.64,3.72,0.7944,0.0302,0.1754,692.56,696.93,688.04,688.74,3.82,8.89,4.37,0.7,0.4297,0.4916,0.0787,0,0,1,0,0,0,0,0,0,0,0,0,0
676.15,676.47,658.32,660.03,22402689,16.12,18.15,0.32,1.71,0.8882,0.0176,0.0942,673.89,683.19,669.31,676.54,2.65,13.88,6.65,4.58,0.1909,0.4791,0.33,689.68,690.32,669.11,672.83,16.85,21.21,0.64,3.72,0.7944,0.0302,0.1754,0,0,1,0,0,0,0,0,0,0,0,0,0
664.26,664.38,643.32,645.36,34750310,18.9,21.06,0.12,2.04,0.8974,0.0057,0.0969,676.15,676.47,658.32,660.03,16.12,18.15,0.32,1.71,0.8882,0.0176,0.0942,673.89,683.19,669.31,676.54,2.65,13.88,6.65,4.58,0.1909,0.4791,0.33,0,0,-1,0,0,0,0,0,0,0,0,0,0
626.27,640.01,623.14,633.4,30712290,7.13,16.87,6.61,3.13,0.4226,0.3918,0.1855,664.26,664.38,643.32,645.36,18.9,21.06,0.12,2.04,0.8974,0.0057,0.0969,676.15,676.47,658.32,660.03,16.12,18.15,0.32,1.71,0.8882,0.0176,0.0942,0,0,-1,0,0,0,0,0,0,0,0,0,0
640.03,654.89,639.03,652.1,25383901,12.07,15.86,2.79,1.0,0.761,0.1759,0.0631,626.27,640.01,623.14,633.4,7.13,16.87,6.61,3.13,0.4226,0.3918,0.1855,664.26,664.38,643.32,645.36,18.9,21.06,0.12,2.04,0.8974,0.0057,0.0969,0,0,-1,0,0,0,0,0,0,0,0,1,0
655.99,664.17,653.89,662.21,18472100,6.22,10.28,1.96,2.1,0.6051,0.1907,0.2043,640.03,654.89,639.03,652.1,12.07,15.86,2.79,1.0,0.761,0.1759,0.0631,626.27,640.01,623.14,633.4,7.13,16.87,6.61,3.13,0.4226,0.3918,0.1855,0,0,-1,0,0,0,0,0,0,0,0,0,0
664.77,670.66,658.37,666.46,15538577,1.69,12.29,4.2,6.4,0.1375,0.3417,0.5207,655.99,664.17,653.89,662.21,6.22,10.28,1.96,2.1,0.6051,0.1907,0.2043,640.03,654.89,639.03,652.1,12.07,15.86,2.79,1.0,0.761,0.1759,0.0631,0,0,-1,0,0,0,0,0,0,0,0,0,0
663.35,663.97,652.97,655.42,12209212,7.93,11.0,0.62,2.45,0.7209,0.0564,0.2227,664.77,670.66,658.37,666.46,1.69,12.29,4.2,6.4,0.1375,0.3417,0.5207,655.99,664.17,653.89,662.21,6.22,10.28,1.96,2.1,0.6051,0.1907,0.2043,0,0,-1,0,0,0,0,0,0,0,0,0,1
652.83,660.83,644.81,656.31,15142476,3.48,16.02,4.52,8.02,0.2172,0.2821,0.5006,663.35,663.97,652.97,655.42,7.93,11.0,0.62,2.45,0.7209,0.0564,0.2227,664.77,670.66,658.37,666.46,1.69,12.29,4.2,6.4,0.1375,0.3417,0.5207,0,0,-1,0,0,0,0,0,0,0,0,0,0
661.7,670.3,660.63,664.15,13999816,2.45,9.67,6.15,1.07,0.2534,0.636,0.1107,652.83,660.83,644.81,656.31,3.48,16.02,4.52,8.02,0.2172,0.2821,0.5006,663.35,663.97,652.97,655.42,7.93,11.0,0.62,2.45,0.7209,0.0564,0.2227,0,0,-1,0,0,0,1,0,0,0,1,1,0
665.7,674.25,665.18,672.17,13533565,6.47,9.07,2.08,0.52,0.7133,0.2293,0.0573,661.7,670.3,660.63,664.15,2.45,9.67,6.15,1.07,0.2534,0.636,0.1107,652.83,660.83,644.81,656.31,3.48,16.02,4.52,8.02,0.2172,0.2821,0.5006,0,0,-1,0,0,0,0,0,0,0,0,0,0
675.58,675.58,668.65,673.93,13565659,1.65,6.93,0.0,5.28,0.2381,0.0,0.7619,665.7,674.25,665.18,672.17,6.47,9.07,2.08,0.52,0.7133,0.2293,0.0573,661.7,670.3,660.63,664.15,2.45,9.67,6.15,1.07,0.2534,0.636,0.1107,0,0,-1,0,0,1,0,0,0,0,0,0,0
675.35,686.41,664.31,680.08,21227841,4.73,22.1,6.33,11.04,0.214,0.2864,0.4995,675.58,675.58,668.65,673.93,1.65,6.93,0.0,5.28,0.2381,0.0,0.7619,665.7,674.25,665.18,672.17,6.47,9.07,2.08,0.52,0.7133,0.2293,0.0573,0,0,-1,0,0,0,0,0,0,0,0,0,0
680.72,688.56,674.0,675.81,13149130,4.91,14.56,7.84,1.81,0.3372,0.5385,0.1243,675.35,686.41,664.31,680.08,4.73,22.1,6.33,11.04,0.214,0.2864,0.4995,675.58,675.58,668.65,673.93,1.65,6.93,0.0,5.28,0.2381,0.0,0.7619,0,0,-1,0,0,0,0,0,0,0,0,0,0
674.73,674.73,666.27,670.85,11127161,3.88,8.46,0.0,4.58,0.4586,0.0,0.5414,680.72,688.56,674.0,675.81,4.91,14.56,7.84,1.81,0.3372,0.5385,0.1243,675.35,686.41,664.31,680.08,4.73,22.1,6.33,11.04,0.214,0.2864,0.4995,0,0,-1,0,0,0,0,0,0,0,0,0,0
676.31,688.7,674.37,687.49,14084409,11.18,14.33,1.21,1.94,0.7802,0.0844,0.1354,674.73,674.73,666.27,670.85,3.88,8.46,0.0,4.58,0.4586,0.0,0.5414,680.72,688.56,674.0,675.81,4.91,14.56,7.84,1.81,0.3372,0.5385,0.1243,0,0,-1,0,0,0,0,0,0,0,0,1,0
684.38,689.41,678.34,679.33,16892268,5.05,11.07,5.03,0.99,0.4562,0.4544,0.0894,676.31,688.7,674.37,687.49,11.18,14.33,1.21,1.94,0.7802,0.0844,0.1354,674.73,674.73,666.27,670.85,3.88,8.46,0.0,4.58,0.4586,0.0,0.5414,-1,-1,-1,-2,0,0,0,0,0,0,0,0,0
671.92,675.23,658.11,660.58,21370214,11.34,17.12,3.31,2.47,0.6624,0.1933,0.1443,684.38,689.41,678.34,679.33,5.05,11.07,5.03,0.99,0.4562,0.4544,0.0894,676.31,688.7,674.37,687.49,11.18,14.33,1.21,1.94,0.7802,0.0844,0.1354,-1,-1,-1,0,0,0,0,0,0,0,0,0,1
663.53,663.53,644.6,647.53,27745062,16.0,18.93,0.0,2.93,0.8452,0.0,0.1548,671.92,675.23,658.11,660.58,11.34,17.12,3.31,2.47,0.6624,0.1933,0.1443,684.38,689.41,678.34,679.33,5.05,11.07,5.03,0.99,0.4562,0.4544,0.0894,-1,-1,-1,0,0,0,0,0,0,0,0,0,0
644.6,645.68,634.25,636.38,29362748,8.22,11.43,1.08,2.13,0.7192,0.0945,0.1864,663.53,663.53,644.6,647.53,16.0,18.93,0.0,2.93,0.8452,0.0,0.1548,671.92,675.23,658.11,660.58,11.34,17.12,3.31,2.47,0.6624,0.1933,0.1443,-1,-1,-1,0,0,0,0,0,0,0,0,0,0
634.55,637.2,625.86,633.75,25054993,0.8,11.34,2.65,7.89,0.0705,0.2337,0.6958,644.6,645.68,634.25,636.38,8.22,11.43,1.08,2.13,0.7192,0.0945,0.1864,663.53,663.53,644.6,647.53,16.0,18.93,0.0,2.93,0.8452,0.0,0.1548,-1,-1,-1,0,0,0,0,1,0,0,0,0,0
619.41,620.37,605.75,607.41,39315769,12.0,14.62,0.96,1.66,0.8208,0.0657,0.1135,634.55,637.2,625.86,633.75,0.8,11.34,2.65,7.89,0.0705,0.2337,0.6958,644.6,645.68,634.25,636.38,8.22,11.43,1.08,2.13,0.7192,0.0945,0.1864,-1,-1,-1,0,0,0,0,0,0,0,0,0,0
619.51,625.86,594.82,601.7,29500495,17.81,31.04,6.35,6.88,0.5738,0.2046,0.2216,619.41,620.37,605.75,607.41,12.0,14.62,0.96,1.66,0.8208,0.0657,0.1135,634.55,637.2,625.86,633.75,0.8,11.34,2.65,7.89,0.0705,0.2337,0.6958,-1,-1,-1,0,0,0,0,0,0,0,0,0,0
607.89,618.96,604.37,613.91,27398798,6.02,14.59,5.05,3.52,0.4126,0.3461,0.2413,619.51,625.86,594.82,601.7,17.81,31.04,6.35,6.88,0.5738,0.2046,0.2216,619.41,620.37,605.75,607.41,12.0,14.62,0.96,1.66,0.8208,0.0657,0.1135,-1,-1,-1,0,0,0,0,0,0,0,0,0,0
618.09,618.91,597.93,612.47,22105261,5.62,20.98,0.82,14.54,0.2679,0.0391,0.693,607.89,618.96,604.37,613.91,6.02,14.59,5.05,3.52,0.4126,0.3461,0.2413,619.51,625.86,594.82,601.7,17.81,31.04,6.35,6.88,0.5738,0.2046,0.2216,-1,-1,-1,0,0,1,0,0,0,0,0,0,0
618.18,620.81,597.06,599.41,30510390,18.77,23.75,2.63,2.35,0.7903,0.1107,0.0989,618.09,618.91,597.93,612.47,5.62,20.98,0.82,14.54,0.2679,0.0391,0.693,607.89,618.96,604.37,613.91,6.02,14.59,5.05,3.52,0.4126,0.3461,0.2413,-1,-1,-1,0,0,0,0,0,0,0,0,0,1
580.6,588.9,567.39,581.06,33734039,0.46,21.51,7.84,13.21,0.0214,0.3645,0.6141,618.18,620.81,597.06,599.41,18.77,23.75,2.63,2.35,0.7903,0.1107,0.0989,618.09,618.91,597.93,612.47,5.62,20.98,0.82,14.54,0.2679,0.0391,0.693,-1,-1,-1,0,0,0,0,1,0,0,0,0,0
566.91,567.34,500.6,509.35,88187018,57.56,66.74,0.43,8.75,0.8625,0.0064,0.1311,580.6,588.9,567.39,581.06,0.46,21.51,7.84,13.21,0.0214,0.3645,0.6141,618.18,620.81,597.06,599.41,18.77,23.75,2.63,2.35,0.7903,0.1107,0.0989,-1,-1,-1,0,0,0,0,0,0,0,0,0,0
506.54,538.75,506.54,527.36,59578576,20.82,32.21,11.39,0.0,0.6464,0.3536,0.0,566.91,567.34,500.6,509.35,57.56,66.74,0.43,8.75,0.8625,0.0064,0.1311,580.6,588.9,567.39,581.06,0.46,21.51,7.84,13.21,0.0214,0.3645,0.6141,-1,-1,-1,0,0,0,0,0,0,0,0,0,0
496.03,503.34,479.43,485.97,55970485,10.06,23.91,7.31,6.54,0.4207,0.3057,0.2735,506.54,538.75,506.54,527.36,20.82,32.21,11.39,0.0,0.6464,0.3536,0.0,566.91,567.34,500.6,509.35,57.56,66.74,0.43,8.75,0.8625,0.0064,0.1311,-1,-1,-1,0,0,0,0,0,0,0,0,0,0
456.25,521.17,430.83,505.31,73297403,49.06,90.34,15.86,25.42,0.5431,0.1756,0.2814,496.03,503.34,479.43,485.97,10.06,23.91,7.31,6.54,0.4207,0.3057,0.2735,506.54,538.75,506.54,527.36,20.82,32.21,11.39,0.0,0.6464,0.3536,0.0,-1,-1,-1,0,0,0,0,0,1,0,0,0,0
484.85,493.6,459.45,464.34,38482258,20.51,34.15,8.75,4.89,0.6006,0.2562,0.1432,456.25,521.17,430.83,505.31,49.06,90.34,15.86,25.42,0.5431,0.1756,0.2814,496.03,503.34,479.43,485.97,10.06,23.91,7.31,6.54,0.4207,0.3057,0.2735,-1,-1,-1,0,0,0,0,0,0,0,0,0,0
478.77,484.6,458.63,460.82,45445979,17.95,25.97,5.83,2.19,0.6912,0.2245,0.0843,484.85,493.6,459.45,464.34,20.51,34.15,8.75,4.89,0.6006,0.2562,0.1432,456.25,521.17,430.83,505.31,49.06,90.34,15.86,25.42,0.5431,0.1756,0.2814,-1,-1,-1,0,0,0,0,0,0,0,0,0,1
468.73,473.58,439.34,442.77,44730415,25.96,34.24,4.85,3.43,0.7582,0.1416,0.1002,478.77,484.6,458.63,460.82,17.95,25.97,5.83,2.19,0.6912,0.2245,0.0843,484.85,493.6,459.45,464.34,20.51,34.15,8.75,4.89,0.6006,0.2562,0.1432,-1,-1,-1,0,0,0,0,0,0,0,0,0,0
420.64,442.08,407.88,419.54,61404010,1.1,34.2,21.44,11.66,0.0322,0.6269,0.3409,468.73,473.58,439.34,442.77,25.96,34.24,4.85,3.43,0.7582,0.1416,0.1002,478.77,484.6,458.63,460.82,17.95,25.97,5.83,2.19,0.6912,0.2245,0.0843,-1,-1,-1,0,0,0,0,1,0,0,0,0,0
429.51,473.12,425.16,465.37,63360475,35.86,47.96,7.75,4.35,0.7477,0.1616,0.0907,420.64,442.08,407.88,419.54,1.1,34.2,21.44,11.66,0.0322,0.6269,0.3409,468.73,473.58,439.34,442.77,25.96,34.24,4.85,3.43,0.7582,0.1416,0.1002,-1,-1,-1,0,0,0,0,0,0,0,0,1,0
418.86,434.31,400.32,404.16,40670949,14.7,33.99,15.45,3.84,0.4325,0.4545,0.113,429.51,473.12,425.16,465.37,35.86,47.96,7.75,4.35,0.7477,0.1616,0.0907,420.64,442.08,407.88,419.54,1.1,34.2,21.44,11.66,0.0322,0.6269,0.3409,-1,-1,-1,0,0,0,0,0,0,0,0,0,0
425.16,443.45,409.53,431.29,45734887,6.13,33.92,12.16,15.63,0.1807,0.3585,0.4608,418.86,434.31,400.32,404.16,14.7,33.99,15.45,3.84,0.4325,0.4545,0.113,429.51,473.12,425.16,465.37,35.86,47.96,7.75,4.35,0.7477,0.1616,0.0907,-1,-1,-1,0,0,0,0,0,0,0,0,0,0
440.62,526.45,440.37,494.77,73130298,54.15,86.08,31.68,0.25,0.6291,0.368,0.0029,425.16,443.45,409.53,431.29,6.13,33.92,12.16,15.63,0.1807,0.3585,0.4608,418.86,434.31,400.32,404.16,14.7,33.99,15.45,3.84,0.4325,0.4545,0.113,-1,-1,-1,0,0,0,0,0,0,0,0,1,0
500.96,510.61,476.53,487.43,45744488,13.53,34.08,9.65,10.9,0.397,0.2832,0.3198,440.62,526.45,440.37,494.77,54.15,86.08,31.68,0.25,0.6291,0.368,0.0029,425.16,443.45,409.53,431.29,6.13,33.92,12.16,15.63,0.1807,0.3585,0.4608,-1,-1,-1,0,0,0,0,0,0,0,0,0,0
500.6,506.22,478.29,487.16,41657940,13.44,27.93,5.62,8.87,0.4812,0.2012,0.3176,500.96,510.61,476.53,487.43,13.53,34.08,9.65,10.9,0.397,0.2832,0.3198,440.62,526.45,440.37,494.77,54.15,86.08,31.68,0.25,0.6291,0.368,0.0029,-1,-1,-1,0,0,0,0,0,0,0,0,0,1
475.73,491.36,466.31,471.09,30229866,4.64,25.05,15.63,4.78,0.1852,0.624,0.1908,500.6,506.22,478.29,487.16,13.44,27.93,5.62,8.87,0.4812,0.2012,0.3176,500.96,510.61,476.53,487.43,13.53,34.08,9.65,10.9,0.397,0.2832,0.3198,-1,-1,-1,0,0,0,0,0,0,0,0,0,0
490.97,516.51,479.11,509.17,44292810,18.2,37.4,7.34,11.86,0.4866,0.1963,0.3171,475.73,491.36,466.31,471.09,4.64,25.05,15.63,4.78,0.1852,0.624,0.1908,500.6,506.22,478.29,487.16,13.44,27.93,5.62,8.87,0.4812,0.2012,0.3176,-1,-1,-1,0,0,0,0,0,0,0,0,1,0
513.05,514.13,477.83,493.95,41597459,19.1,36.3,1.08,16.12,0.5262,0.0298,0.4441,490.97,516.51,479.11,509.17,18.2,37.4,7.34,11.86,0.4866,0.1963,0.3171,475.73,491.36,466.31,471.09,4.64,25.05,15.63,4.78,0.1852,0.624,0.1908,-1,-1,-1,0,0,0,0,0,0,0,0,0,0
518.63,518.63,482.9,492.57,41367807,26.06,35.73,0.0,9.67,0.7294,0.0,0.2706,513.05,514.13,477.83,493.95,19.1,36.3,1.08,16.12,0.5262,0.0298,0.4441,490.97,516.51,479.11,509.17,18.2,37.4,7.34,11.86,0.4866,0.1963,0.3171,-1,-1,-1,0,0,0,0,0,0,0,0,0,0
503.84,555.0,502.88,551.39,54373624,47.55,52.12,3.61,0.96,0.9123,0.0693,0.0184,518.63,518.63,482.9,492.57,26.06,35.73,0.0,9.67,0.7294,0.0,0.2706,513.05,514.13,477.83,493.95,19.1,36.3,1.08,16.12,0.5262,0.0298,0.4441,-1,-1,-1,0,0,0,0,0,0,0,0,0,0
539.46,561.86,530.31,545.01,49880330,5.55,31.55,16.85,9.15,0.1759,0.5341,0.29,503.84,555.0,502.88,551.39,47.55,52.12,3.61,0.96,0.9123,0.0693,0.0184,518.63,518.63,482.9,492.57,26.06,35.73,0.0,9.67,0.7294,0.0,0.2706,-1,-1,-1,0,0,0,0,0,0,0,0,0,0
555.0,563.59,545.4,557.72,33032857,2.72,18.19,5.87,9.6,0.1495,0.3227,0.5278,539.46,561.86,530.31,545.01,5.55,31.55,16.85,9.15,0.1759,0.5341,0.29,503.84,555.0,502.88,551.39,47.55,52.12,3.61,0.96,0.9123,0.0693,0.0184,-1,-1,-1,0,0,0,0,0,0,0,0,0,0
550.41,555.46,539.46,543.64,23673784,6.77,16.0,5.05,4.18,0.4231,0.3156,0.2612,555.0,563.59,545.4,557.72,2.72,18.19,5.87,9.6,0.1495,0.3227,0.5278,539.46,561.86,530.31,545.01,5.55,31.55,16.85,9.15,0.1759,0.5341,0.29,-1,-1,-1,0,0,0,0,0,0,0,0,0,1
547.25,565.06,522.54,525.67,35321842,21.58,42.52,17.81,3.13,0.5075,0.4189,0.0736,550.41,555.46,539.46,543.64,6.77,16.0,5.05,4.18,0.4231,0.3156,0.2612,555.0,563.59,545.4,557.72,2.72,18.19,5.87,9.6,0.1495,0.3227,0.5278,-1,-1,-1,0,0,0,0,0,0,0,0,0,0
525.67,542.86,523.46,533.99,37455706,8.32,19.4,8.87,2.21,0.4289,0.4572,0.1139,547.25,565.06,522.54,525.67,21.58,42.52,17.81,3.13,0.5075,0.4189,0.0736,550.41,555.46,539.46,543.64,6.77,16.0,5.05,4.18,0.4231,0.3156,0.2612,-1,-1,-1,0,0,0,0,0,0,0,0,0,0
555.91,562.31,545.24,559.57,33269335,3.66,17.07,2.74,10.67,0.2144,0.1605,0.6251,525.67,542.86,523.46,533.99,8.32,19.4,8.87,2.21,0.4289,0.4572,0.1139,547.25,565.06,522.54,525.67,21.58,42.52,17.81,3.13,0.5075,0.4189,0.0736,-1,-1,-1,0,0,1,0,0,0,0,0,1,0
560.49,574.66,549.51,568.62,36030932,8.13,25.15,6.04,10.98,0.3233,0.2402,0.4366,555.91,562.31,545.24,559.57,3.66,17.07,2.74,10.67,0.2144,0.1605,0.6251,525.67,542.86,523.46,533.99,8.32,19.4,8.87,2.21,0.4289,0.4572,0.1139,-1,-1,-1,0,0,0,0,0,0,0,0,0,0
553.17,572.37,532.14,565.67,61371628,12.5,40.23,6.7,21.03,0.3107,0.1665,0.5227,560.49,574.66,549.51,568.62,8.13,25.15,6.04,10.98,0.3233,0.2402,0.4366,555.91,562.31,545.24,559.57,3.66,17.07,2.74,10.67,0.2144,0.1605,0.6251,-1,-1,-1,0,0,0,0,0,0,0,0,0,0
603.46,633.13,594.32,623.39,142683366,19.93,38.81,9.74,9.14,0.5135,0.251,0.2355,553.17,572.37,532.14,565.67,12.5,40.23,6.7,21.03,0.3107,0.1665,0.5227,560.49,574.66,549.51,568.62,8.13,25.15,6.04,10.98,0.3233,0.2402,0.4366,-1,-1,-1,0,0,0,0,0,0,0,0,0,0
625.11,633.56,618.68,626.73,65464502,1.62,14.88,6.83,6.43,0.1089,0.459,0.4321,603.46,633.13,594.32,623.39,19.93,38.81,9.74,9.14,0.5135,0.251,0.2355,553.17,572.37,532.14,565.67,12.5,40.23,6.7,21.03,0.3107,0.1665,0.5227,-1,-1,-1,0,0,0,0,0,0,0,0,0,0
617.24,683.44,615.89,647.8,134986308,30.56,67.55,35.64,1.35,0.4524,0.5276,0.02,625.11,633.56,618.68,626.73,1.62,14.88,6.83,6.43,0.1089,0.459,0.4321,603.46,633.13,594.32,623.39,19.93,38.81,9.74,9.14,0.5135,0.251,0.2355,1,1,-1,1,0,0,0,0,0,0,0,0,0
655.58,674.32,650.55,653.63,58482901,1.95,23.77,18.74,3.08,0.082,0.7884,0.1296,617.24,683.44,615.89,647.8,30.56,67.55,35.64,1.35,0.4524,0.5276,0.02,625.11,633.56,618.68,626.73,1.62,14.88,6.83,6.43,0.1089,0.459,0.4321,1,1,-1,0,0,0,0,1,0,0,0,0,0
662.89,665.38,636.44,652.9,78453401,9.99,28.94,2.49,16.46,0.3452,0.086,0.5688,655.58,674.32,650.55,653.63,1.95,23.77,18.74,3.08,0.082,0.7884,0.1296,617.24,683.44,615.89,647.8,30.56,67.55,35.64,1.35,0.4524,0.5276,0.02,1,1,-1,0,0,0,0,0,0,0,0,0,1
660.56,664.56,649.18,652.35,37494672,8.21,15.38,4.0,3.17,0.5338,0.2601,0.2061,662.89,665.38,636.44,652.9,9.99,28.94,2.49,16.46,0.3452,0.086,0.5688,655.58,674.32,650.55,653.63,1.95,23.77,18.74,3.08,0.082,0.7884,0.1296,1,1,-1,0,0,0,0,0,0,0,0,0,0
664.7,683.44,657.43,670.21,71345899,5.51,26.01,13.23,7.27,0.2118,0.5087,0.2795,660.56,664.56,649.18,652.35,8.21,15.38,4.0,3.17,0.5338,0.2601,0.2061,662.89,665.38,636.44,652.9,9.99,28.94,2.49,16.46,0.3452,0.086,0.5688,1,1,-1,0,0,0,0,0,0,0,0,1,0
658.32,669.75,648.01,656.13,53456868,2.19,21.74,11.43,8.12,0.1007,0.5258,0.3735,664.7,683.44,657.43,670.21,5.51,26.01,13.23,7.27,0.2118,0.5087,0.2795,660.56,664.56,649.18,652.35,8.21,15.38,4.0,3.17,0.5338,0.2601,0.2061,1,1,-1,0,0,0,0,0,0,0,0,0,0
664.58,676.15,661.61,667.76,44903763,3.18,14.54,8.39,2.97,0.2187,0.577,0.2043,658.32,669.75,648.01,656.13,2.19,21.74,11.43,8.12,0.1007,0.5258,0.3735,664.7,683.44,657.43,670.21,5.51,26.01,13.23,7.27,0.2118,0.5087,0.2795,1,1,-1,0,0,0,1,0,0,0,0,0,0
669.29,678.87,660.83,667.81,40489094,1.48,18.04,9.58,6.98,0.082,0.531,0.3869,664.58,676.15,661.61,667.76,3.18,14.54,8.39,2.97,0.2187,0.577,0.2043,658.32,669.75,648.01,656.13,2.19,21.74,11.43,8.12,0.1007,0.5258,0.3735,1,1,-1,0,0,0,0,1,0,0,0,0,0
665.18,691.99,660.61,688.93,50026966,23.75,31.38,3.06,4.57,0.7569,0.0975,0.1456,669.29,678.87,660.83,667.81,1.48,18.04,9.58,6.98,0.082,0.531,0.3869,664.58,676.15,661.61,667.76,3.18,14.54,8.39,2.97,0.2187,0.577,0.2043,1,1,-1,0,0,0,0,0,1,0,0,0,0
706.32,722.28,702.71,714.0,84262770,7.68,19.57,8.28,3.61,0.3924,0.4231,0.1845,665.18,691.99,660.61,688.93,23.75,31.38,3.06,4.57,0.7569,0.0975,0.1456,669.29,678.87,660.83,667.81,1.48,18.04,9.58,6.98,0.082,0.531,0.3869,1,1,-1,0,0,0,0,0,0,0,0,0,0
722.32,738.32,718.8,720.86,67085063,1.46,19.52,16.0,2.06,0.0748,0.8197,0.1055,706.32,722.28,702.71,714.0,7.68,19.57,8.28,3.61,0.3924,0.4231,0.1845,665.18,691.99,660.61,688.93,23.75,31.38,3.06,4.57,0.7569,0.0975,0.1456,1,1,-1,0,0,0,0,1,0,0,0,0,1
715.37,717.0,669.75,676.26,100683202,39.11,47.25,1.63,6.51,0.8277,0.0345,0.1378,722.32,738.32,718.8,720.86,1.46,19.52,16.0,2.06,0.0748,0.8197,0.1055,706.32,722.28,702.71,714.0,7.68,19.57,8.28,3.61,0.3924,0.4231,0.1845,1,1,-1,0,0,0,0,0,0,0,0,0,1
704.71,704.71,671.02,690.61,66430125,14.1,33.69,0.0,19.59,0.4185,0.0,0.5815,715.37,717.0,669.75,676.26,39.11,47.25,1.63,6.51,0.8277,0.0345,0.1378,722.32,738.32,718.8,720.86,1.46,19.52,16.0,2.06,0.0748,0.8197,0.1055,1,1,-1,0,0,0,0,0,0,0,0,0,0
677.94,690.73,659.97,662.69,49266771,15.25,30.76,12.79,2.72,0.4958,0.4158,0.0884,704.71,704.71,671.02,690.61,14.1,33.69,0.0,19.59,0.4185,0.0,0.5815,715.37,717.0,669.75,676.26,39.11,47.25,1.63,6.51,0.8277,0.0345,0.1378,1,1,-1,0,0,0,0,0,0,0,0,0,0
666.41,676.88,653.07,673.51,62152260,7.1,23.81,3.37,13.34,0.2982,0.1415,0.5603,677.94,690.73,659.97,662.69,15.25,30.76,12.79,2.72,0.4958,0.4158,0.0884,704.71,704.71,671.02,690.61,14.1,33.69,0.0,19.59,0.4185,0.0,0.5815,1,1,-1,0,0,0,0,0,0,0,0,0,0
678.4,683.94,659.02,664.91,62796089,13.49,24.92,5.54,5.89,0.5413,0.2223,0.2364,666.41,676.88,653.07,673.51,7.1,23.81,3.37,13.34,0.2982,0.1415,0.5603,677.94,690.73,659.97,662.69,15.25,30.76,12.79,2.72,0.4958,0.4158,0.0884,1,1,-1,0,0,0,0,0,0,1,0,0,0
672.41,674.57,647.6,650.21,42315854,22.2,26.97,2.16,2.61,0.8231,0.0801,0.0968,678.4,683.94,659.02,664.91,13.49,24.92,5.54,5.89,0.5413,0.2223,0.2364,666.41,676.88,653.07,673.51,7.1,23.81,3.37,13.34,0.2982,0.1415,0.5603,1,1,-1,0,0,0,0,0,0,0,0,0,0
650.71,667.72,642.87,661.65,55320985,10.94,24.85,6.07,7.84,0.4402,0.2443,0.3155,672.41,674.57,647.6,650.21,22.2,26.97,2.16,2.61,0.8231,0.0801,0.0968,678.4,683.94,659.02,664.91,13.49,24.92,5.54,5.89,0.5413,0.2223,0.2364,1,1,-1,0,0,0,0,0,0,0,0,0,0
662.25,674.46,657.64,665.14,39167981,2.89,16.82,9.32,4.61,0.1718,0.5541,0.2741,650.71,667.72,642.87,661.65,10.94,24.85,6.07,7.84,0.4402,0.2443,0.3155,672.41,674.57,647.6,650.21,22.2,26.97,2.16,2.61,0.8231,0.0801,0.0968,1,1,-1,0,0,0,0,0,0,0,0,1,0
670.01,672.87,658.33,660.66,37828973,9.35,14.54,2.86,2.33,0.6431,0.1967,0.1602,662.25,674.46,657.64,665.14,2.89,16.82,9.32,4.61,0.1718,0.5541,0.2741,650.71,667.72,642.87,661.65,10.94,24.85,6.07,7.84,0.4402,0.2443,0.3155,1,1,-1,0,0,0,0,0,0,1,0,0,1
668.32,669.04,653.62,657.2,33216635,11.12,15.42,0.72,3.58,0.7211,0.0467,0.2322,670.01,672.87,658.33,660.66,9.35,14.54,2.86,2.33,0.6431,0.1967,0.1602,662.25,674.46,657.64,665.14,2.89,16.82,9.32,4.61,0.1718,0.5541,0.2741,1,1,-1,0,0,0,0,0,0,0,0,0,0
660.41,671.02,651.64,667.12,35667956,6.71,19.38,3.9,8.77,0.3462,0.2012,0.4525,668.32,669.04,653.62,657.2,11.12,15.42,0.72,3.58,0.7211,0.0467,0.2322,670.01,672.87,658.33,660.66,9.35,14.54,2.86,2.33,0.6431,0.1967,0.1602,1,1,-1,0,0,0,0,0,0,0,0,0,0
671.48,682.9,668.71,679.44,40126278,7.96,14.19,3.46,2.77,0.561,0.2438,0.1952,660.41,671.02,651.64,667.12,6.71,19.38,3.9,8.77,0.3462,0.2012,0.4525,668.32,669.04,653.62,657.2,11.12,15.42,0.72,3.58,0.7211,0.0467,0.2322,1,1,-1,0,0,0,0,0,0,0,0,1,0
677.48,679.33,670.4,675.82,40022527,1.66,8.93,1.85,5.42,0.1859,0.2072,0.6069,671.48,682.9,668.71,679.44,7.96,14.19,3.46,2.77,0.561,0.2438,0.1952,660.41,671.02,651.64,667.12,6.71,19.38,3.9,8.77,0.3462,0.2012,0.4525,1,1,-1,0,0,0,0,0,0,0,0,0,0
683.02,709.95,681.15,701.64,39943702,18.62,28.8,8.31,1.87,0.6465,0.2885,0.0649,677.48,679.33,670.4,675.82,1.66,8.93,1.85,5.42,0.1859,0.2072,0.6069,671.48,682.9,668.71,679.44,7.96,14.19,3.46,2.77,0.561,0.2438,0.1952,1,1,-1,0,0,0,0,0,0,0,0,0,0
704.25,710.71,701.85,708.73,22153960,4.48,8.86,1.98,2.4,0.5056,0.2235,0.2709,683.02,709.95,681.15,701.64,18.62,28.8,8.31,1.87,0.6465,0.2885,0.0649,677.48,679.33,670.4,675.82,1.66,8.93,1.85,5.42,0.1859,0.2072,0.6069,1,1,-1,0,0,0,0,0,0,0,0,0,0
713.02,719.94,707.64,711.47,25381289,1.55,12.3,6.92,3.83,0.126,0.5626,0.3114,704.25,710.71,701.85,708.73,4.48,8.86,1.98,2.4,0.5056,0.2235,0.2709,683.02,709.95,681.15,701.64,18.62,28.8,8.31,1.87,0.6465,0.2885,0.0649,1,1,-1,0,0,0,0,0,0,0,0,0,1
712.56,733.55,711.17,729.08,34202350,16.52,22.38,4.47,1.39,0.7382,0.1997,0.0621,713.02,719.94,707.64,711.47,1.55,12.3,6.92,3.83,0.126,0.5626,0.3114,704.25,710.71,701.85,708.73,4.48,8.86,1.98,2.4,0.5056,0.2235,0.2709,1,1,-1,0,0,0,0,0,0,0,0,0,0
736.09,746.71,726.26,729.95,33076685,6.14,20.45,10.62,3.69,0.3002,0.5193,0.1804,712.56,733.55,711.17,729.08,16.52,22.38,4.47,1.39,0.7382,0.1997,0.0621,713.02,719.94,707.64,711.47,1.55,12.3,6.92,3.83,0.126,0.5626,0.3114,1,1,-1,0,0,0,0,0,0,0,0,0,0
746.89,746.89,722.25,724.32,31414953,22.57,24.64,0.0,2.07,0.916,0.0,0.084,736.09,746.71,726.26,729.95,6.14,20.45,10.62,3.69,0.3002,0.5193,0.1804,712.56,733.55,711.17,729.08,16.52,22.38,4.47,1.39,0.7382,0.1997,0.0621,1,1,-1,0,0,0,0,0,0,0,0,0,1
720.08,730.55,707.48,709.39,25857161,10.69,23.07,10.47,1.91,0.4634,0.4538,0.0828,746.89,746.89,722.25,724.32,22.57,24.64,0.0,2.07,0.916,0.0,0.084,736.09,746.71,726.26,729.95,6.14,20.45,10.62,3.69,0.3002,0.5193,0.1804,1,1,1,0,0,0,0,0,0,0,0,0,0
712.14,728.96,710.73,725.55,22132647,13.41,18.23,3.41,1.41,0.7356,0.1871,0.0773,720.08,730.55,707.48,709.39,10.69,23.07,10.47,1.91,0.4634,0.4538,0.0828,746.89,746.89,722.25,724.32,22.57,24.64,0.0,2.07,0.916,0.0,0.084,1,1,1,0,0,0,0,0,0,0,0,1,0
722.71,723.61,706.56,709.65,20385805,13.06,17.05,0.9,3.09,0.766,0.0528,0.1812,712.14,728.96,710.73,725.55,13.41,18.23,3.41,1.41,0.7356,0.1871,0.0773,720.08,730.55,707.48,709.39,10.69,23.07,10.47,1.91,0.4634,0.4538,0.0828,1,1,1,0,0,0,0,0,0,0,0,0,0
692.25,735.17,690.87,733.23,38548899,40.98,44.3,1.94,1.38,0.9251,0.0438,0.0312,722.71,723.61,706.56,709.65,13.06,17.05,0.9,3.09,0.766,0.0528,0.1812,712.14,728.96,710.73,725.55,13.41,18.23,3.41,1.41,0.7356,0.1871,0.0773,1,1,1,0,0,0,0,0,1,0,0,0,0
722.25,750.84,720.45,745.11,53107403,22.86,30.39,5.73,1.8,0.7522,0.1885,0.0592,692.25,735.17,690.87,733.23,40.98,44.3,1.94,1.38,0.9251,0.0438,0.0312,722.71,723.61,706.56,709.65,13.06,17.05,0.9,3.09,0.766,0.0528,0.1812,1,1,1,0,0,0,0,0,0,0,0,0,0
758.24,760.81,731.62,746.57,51187003,11.67,29.19,2.57,14.95,0.3998,0.088,0.5122,722.25,750.84,720.45,745.11,22.86,30.39,5.73,1.8,0.7522,0.1885,0.0592,692.25,735.17,690.87,733.23,40.98,44.3,1.94,1.38,0.9251,0.0438,0.0312,1,1,1,0,0,0,0,0,0,0,0,0,1
742.21,754.76,739.37,745.48,41782053,3.27,15.39,9.28,2.84,0.2125,0.603,0.1845,758.24,760.81,731.62,746.57,11.67,29.19,2.57,14.95,0.3998,0.088,0.5122,722.25,750.84,720.45,745.11,22.86,30.39,5.73,1.8,0.7522,0.1885,0.0592,1,1,1,0,0,0,1,0,0,0,0,0,0
741.63,768.4,740.98,764.2,40471557,22.57,27.42,4.2,0.65,0.8231,0.1532,0.0237,742.21,754.76,739.37,745.48,3.27,15.39,9.28,2.84,0.2125,0.603,0.1845,758.24,760.81,731.62,746.57,11.67,29.19,2.57,14.95,0.3998,0.088,0.5122,1,1,1,0,0,0,0,0,0,0,0,1,0
770.7,825.53,767.01,811.96,105804173,41.26,58.52,13.57,3.69,0.7051,0.2319,0.0631,741.63,768.4,740.98,764.2,22.57,27.42,4.2,0.65,0.8231,0.1532,0.0237,742.21,754.76,739.37,745.48,3.27,15.39,9.28,2.84,0.2125,0.603,0.1845,1,1,1,0,0,0,0,0,0,0,0,0,0
818.42,832.64,800.7,805.85,60198705,12.57,31.94,14.22,5.15,0.3936,0.4452,0.1612,770.7,825.53,767.01,811.96,41.26,58.52,13.57,3.69,0.7051,0.2319,0.0631,741.63,768.4,740.98,764.2,22.57,27.42,4.2,0.65,0.8231,0.1532,0.0237,1,1,1,0,0,0,0,0,0,0,0,0,0
807.62,813.97,791.98,794.2,37962078,13.42,21.99,6.35,2.22,0.6103,0.2888,0.101,818.42,832.64,800.7,805.85,12.57,31.94,14.22,5.15,0.3936,0.4452,0.1612,770.7,825.53,767.01,811.96,41.26,58.52,13.57,3.69,0.7051,0.2319,0.0631,1,1,1,0,0,0,0,0,0,0,0,0,1
801.12,818.1,789.95,797.4,51586221,3.72,28.15,16.98,7.45,0.1321,0.6032,0.2647,807.62,813.97,791.98,794.2,13.42,21.99,6.35,2.22,0.6103,0.2888,0.101,818.42,832.64,800.7,805.85,12.57,31.94,14.22,5.15,0.3936,0.4452,0.1612,1,1,1,0,0,0,0,0,0,0,0,0,0
797.01,807.16,790.57,792.81,39679374,4.2,16.59,10.15,2.24,0.2532,0.6118,0.135,801.12,818.1,789.95,797.4,3.72,28.15,16.98,7.45,0.1321,0.6032,0.2647,807.62,813.97,791.98,794.2,13.42,21.99,6.35,2.22,0.6103,0.2888,0.101,1,1,1,0,0,0,1,0,0,0,0,0,0
797.84,808.55,792.4,803.77,30921913,5.93,16.15,4.78,5.44,0.3672,0.296,0.3368,797.01,807.16,790.57,792.81,4.2,16.59,10.15,2.24,0.2532,0.6118,0.135,801.12,818.1,789.95,797.4,3.72,28.15,16.98,7.45,0.1321,0.6032,0.2647,1,1,1,0,0,0,0,0,0,0,0,0,0
797.49,802.89,791.73,795.23,25621946,2.26,11.16,5.4,3.5,0.2025,0.4839,0.3136,797.84,808.55,792.4,803.77,5.93,16.15,4.78,5.44,0.3672,0.296,0.3368,797.01,807.16,790.57,792.81,4.2,16.59,10.15,2.24,0.2532,0.6118,0.135,1,1,1,0,0,0,0,0,0,0,0,0,0
801.63,803.47,782.5,786.44,30276420,15.19,20.97,1.84,3.94,0.7244,0.0877,0.1879,797.49,802.89,791.73,795.23,2.26,11.16,5.4,3.5,0.2025,0.4839,0.3136,797.84,808.55,792.4,803.77,5.93,16.15,4.78,5.44,0.3672,0.296,0.3368,1,1,1,0,0,0,0,0,0,0,0,0,1
793.78,807.16,788.26,801.9,28464103,8.12,18.9,5.26,5.52,0.4296,0.2783,0.2921,801.63,803.47,782.5,786.44,15.19,20.97,1.84,3.94,0.7244,0.0877,0.1879,797.49,802.89,791.73,795.23,2.26,11.16,5.4,3.5,0.2025,0.4839,0.3136,1,1,1,0,0,0,0,0,0,0,0,0,0
804.39,815.75,800.73,812.4,28789533,8.01,15.02,3.35,3.66,0.5333,0.223,0.2437,793.78,807.16,788.26,801.9,8.12,18.9,5.26,5.52,0.4296,0.2783,0.2921,801.63,803.47,782.5,786.44,15.19,20.97,1.84,3.94,0.7244,0.0877,0.1879,1,1,1,0,0,0,0,0,0,0,0,1,0
821.38,827.47,815.93,825.12,29434266,3.74,11.54,2.35,5.45,0.3241,0.2036,0.4723,804.39,815.75,800.73,812.4,8.01,15.02,3.35,3.66,0.5333,0.223,0.2437,793.78,807.16,788.26,801.9,8.12,18.9,5.26,5.52,0.4296,0.2783,0.2921,1,1,1,0,0,0,0,0,0,0,0,0,0
833.01,857.47,827.05,854.61,47016185,21.6,30.42,2.86,5.96,0.7101,0.094,0.1959,821.38,827.47,815.93,825.12,3.74,11.54,2.35,5.45,0.3241,0.2036,0.4723,804.39,815.75,800.73,812.4,8.01,15.02,3.35,3.66,0.5333,0.223,0.2437,1,1,1,0,0,0,0,0,0,0,0,0,0
858.39,860.4,833.61,841.52,35189589,16.87,26.79,2.01,7.91,0.6297,0.075,0.2953,833.01,857.47,827.05,854.61,21.6,30.42,2.86,5.96,0.7101,0.094,0.1959,821.38,827.47,815.93,825.12,3.74,11.54,2.35,5.45,0.3241,0.2036,0.4723,1,1,1,0,0,0,0,0,0,0,0,0,0
841.8,846.83,826.08,829.78,26204095,12.02,20.75,5.03,3.7,0.5793,0.2424,0.1783,858.39,860.4,833.61,841.52,16.87,26.79,2.01,7.91,0.6297,0.075,0.2953,833.01,857.47,827.05,854.61,21.6,30.42,2.86,5.96,0.7101,0.094,0.1959,1,1,1,0,0,0,0,0,0,0,0,0,1
834.85,846.85,824.35,841.89,36418942,7.04,22.5,4.96,10.5,0.3129,0.2204,0.4667,841.8,846.83,826.08,829.78,12.02,20.75,5.03,3.7,0.5793,0.2424,0.1783,858.39,860.4,833.61,841.52,16.87,26.79,2.01,7.91,0.6297,0.075,0.2953,1,1,1,0,0,0,0,0,0,0,0,1,0
843.85,869.74,841.89,866.72,43759967,22.87,27.85,3.02,1.96,0.8212,0.1084,0.0704,834.85,846.85,824.35,841.89,7.04,22.5,4.96,10.5,0.3129,0.2204,0.4667,841.8,846.83,826.08,829.78,12.02,20.75,5.03,3.7,0.5793,0.2424,0.1783,1,1,1,0,0,0,0,0,0,0,0,1,0
878.4,898.86,876.85,893.0,69608392,14.6,22.01,5.86,1.55,0.6633,0.2662,0.0704,843.85,869.74,841.89,866.72,22.87,27.85,3.02,1.96,0.8212,0.1084,0.0704,834.85,846.85,824.35,841.89,7.04,22.5,4.96,10.5,0.3129,0.2204,0.4667,1,1,1,0,0,0,0,0,0,0,0,0,0
892.54,896.09,870.99,884.7,67331128,7.84,25.1,3.55,13.71,0.3124,0.1414,0.5462,878.4,898.86,876.85,893.0,14.6,22.01,5.86,1.55,0.6633,0.2662,0.0704,843.85,869.74,841.89,866.72,22.87,27.85,3.02,1.96,0.8212,0.1084,0.0704,1,1,1,0,0,0,0,0,0,0,0,0,1
894.36,913.22,829.78,851.01,139669773,43.35,83.44,18.86,21.23,0.5195,0.226,0.2544,892.54,896.09,870.99,884.7,7.84,25.1,3.55,13.71,0.3124,0.1414,0.5462,878.4,898.86,876.85,893.0,14.6,22.01,5.86,1.55,0.6633,0.2662,0.0704,1,1,1,0,0,0,0,0,0,0,0,0,1
852.39,862.54,836.45,850.73,60961724,1.66,26.09,10.15,14.28,0.0636,0.389,0.5473,894.36,913.22,829.78,851.01,43.35,83.44,18.86,21.23,0.5195,0.226,0.2544,892.54,896.09,870.99,884.7,7.84,25.1,3.55,13.71,0.3124,0.1414,0.5462,1,1,1,0,0,0,0,1,0,0,0,0,0
851.47,886.08,848.24,882.25,49726765,30.78,37.84,3.83,3.23,0.8134,0.1012,0.0854,852.39,862.54,836.45,850.73,1.66,26.09,10.15,14.28,0.0636,0.389,0.5473,894.36,913.22,829.78,851.01,43.35,83.44,18.86,21.23,0.5195,0.226,0.2544,1,1,1,0,0,0,0,0,0,0,0,1,0
885.06,891.62,876.69,886.03,36592938,0.97,14.93,5.59,8.37,0.065,0.3744,0.5606,851.47,886.08,848.24,882.25,30.78,37.84,3.83,3.23,0.8134,0.1012,0.0854,852.39,862.54,836.45,850.73,1.66,26.09,10.15,14.28,0.0636,0.389,0.5473,1,1,1,0,0,0,0,1,0,0,0,0,0
894.85,912.39,893.69,909.87,42173371,15.02,18.7,2.52,1.16,0.8032,0.1348,0.062,885.06,891.62,876.69,886.03,0.97,14.93,5.59,8.37,0.065,0.3744,0.5606,851.47,886.08,848.24,882.25,30.78,37.84,3.83,3.23,0.8134,0.1012,0.0854,1,1,1,0,0,0,0,0,0,0,0,0,0
915.15,927.61,904.86,924.85,59771457,9.7,22.75,2.76,10.29,0.4264,0.1213,0.4523,894.85,912.39,893.69,909.87,15.02,18.7,2.52,1.16,0.8032,0.1348,0.062,885.06,891.62,876.69,886.03,0.97,14.93,5.59,8.37,0.065,0.3744,0.5606,1,1,1,0,0,0,0,0,0,0,0,0,0
924.82,959.78,919.01,949.67,58333751,24.85,40.77,10.11,5.81,0.6095,0.248,0.1425,915.15,927.61,904.86,924.85,9.7,22.75,2.76,10.29,0.4264,0.1213,0.4523,894.85,912.39,893.69,909.87,15.02,18.7,2.52,1.16,0.8032,0.1348,0.062,1,1,1,0,0,0,0,0,0,0,0,0,0
949.77,998.22,949.67,990.45,120597372,40.68,48.55,7.77,0.1,0.8379,0.16,0.0021,924.82,959.78,919.01,949.67,24.85,40.77,10.11,5.81,0.6095,0.248,0.1425,915.15,927.61,904.86,924.85,9.7,22.75,2.76,10.29,0.4264,0.1213,0.4523,1,1,1,0,0,0,0,0,0,0,0,0,0
1005.52,1014.75,982.03,995.09,80304827,10.43,32.72,9.23,13.06,0.3188,0.2821,0.3991,949.77,998.22,949.67,990.45,40.68,48.55,7.77,0.1,0.8379,0.16,0.0021,924.82,959.78,919.01,949.67,24.85,40.77,10.11,5.81,0.6095,0.248,0.1425,1,1,1,0,0,0,0,0,0,0,0,0,0
995.09,1012.53,992.52,1005.01,55114422,9.92,20.01,7.52,2.57,0.4958,0.3758,0.1284,1005.52,1014.75,982.03,995.09,10.43,32.72,9.23,13.06,0.3188,0.2821,0.3991,949.77,998.22,949.67,990.45,40.68,48.55,7.77,0.1,0.8379,0.16,0.0021,1,1,1,0,0,0,0,0,0,0,0,0,0
1005.1,1007.36,955.51,967.6,72663399,37.5,51.85,2.26,12.09,0.7232,0.0436,0.2332,995.09,1012.53,992.52,1005.01,9.92,20.01,7.52,2.57,0.4958,0.3758,0.1284,1005.52,1014.75,982.03,995.09,10.43,32.72,9.23,13.06,0.3188,0.2821,0.3991,1,1,1,0,0,0,0,0,0,1,0,0,0
968.69,987.47,956.23,973.23,72857444,4.54,31.24,14.24,12.46,0.1453,0.4558,0.3988,1005.1,1007.36,955.51,967.6,37.5,51.85,2.26,12.09,0.7232,0.0436,0.2332,995.09,1012.53,992.52,1005.01,9.92,20.01,7.52,2.57,0.4958,0.3758,0.1284,1,1,1,0,0,0,0,0,0,0,0,0,0
975.84,982.53,947.37,953.97,74958061,21.87,35.16,6.69,6.6,0.622,0.1903,0.1877,968.69,987.47,956.23,973.23,4.54,31.24,14.24,12.46,0.1453,0.4558,0.3988,1005.1,1007.36,955.51,967.6,37.5,51.85,2.26,12.09,0.7232,0.0436,0.2332,1,1,1,0,0,0,0,0,0,1,0,0,0
946.67,949.31,924.43,927.15,46715383,19.52,24.88,2.64,2.72,0.7846,0.1061,0.1093,975.84,982.53,947.37,953.97,21.87,35.16,6.69,6.6,0.622,0.1903,0.1877,968.69,987.47,956.23,973.23,4.54,31.24,14.24,12.46,0.1453,0.4558,0.3988,1,1,1,0,0,0,0,0,0,0,0,0,0
932.51,1000.07,923.12,992.5,92041055,59.99,76.95,7.57,9.39,0.7796,0.0984,0.122,946.67,949.31,924.43,927.15,19.52,24.88,2.64,2.72,0.7846,0.1061,0.1093,975.84,982.53,947.37,953.97,21.87,35.16,6.69,6.6,0.622,0.1903,0.1877,1,1,1,0,0,0,0,0,0,0,0,1,0
1000.99,1013.45,977.6,981.36,74549993,19.63,35.85,12.46,3.76,0.5476,0.3476,0.1049,932.51,1000.07,923.12,992.5,59.99,76.95,7.57,9.39,0.7796,0.0984,0.122,946.67,949.31,924.43,927.15,19.52,24.88,2.64,2.72,0.7846,0.1061,0.1093,-1,-1,1,-1,0,0,0,0,0,0,0,0,0
995.46,1000.39,972.75,984.89,49322975,10.57,27.64,4.93,12.14,0.3824,0.1784,0.4392,1000.99,1013.45,977.6,981.36,19.63,35.85,12.46,3.76,0.5476,0.3476,0.1049,932.51,1000.07,923.12,992.5,59.99,76.95,7.57,9.39,0.7796,0.0984,0.122,-1,-1,1,0,0,0,0,0,0,0,0,0,1
982.9,995.82,978.47,990.59,32984416,7.69,17.35,5.23,4.43,0.4432,0.3014,0.2553,995.46,1000.39,972.75,984.89,10.57,27.64,4.93,12.14,0.3824,0.1784,0.4392,1000.99,1013.45,977.6,981.36,19.63,35.85,12.46,3.76,0.5476,0.3476,0.1049,-1,-1,1,0,0,0,0,0,0,0,0,1,0
996.42,999.15,972.89,978.31,26958997,18.11,26.26,2.73,5.42,0.6896,0.104,0.2064,982.9,995.82,978.47,990.59,7.69,17.35,5.23,4.43,0.4432,0.3014,0.2553,995.46,1000.39,972.75,984.89,10.57,27.64,4.93,12.14,0.3824,0.1784,0.4392,-1,-1,1,0,0,0,0,0,0,1,0,0,0
985.21,996.84,969.31,984.75,46828306,0.46,27.53,11.63,15.44,0.0167,0.4224,0.5608,996.42,999.15,972.89,978.31,18.11,26.26,2.73,5.42,0.6896,0.104,0.2064,982.9,995.82,978.47,990.59,7.69,17.35,5.23,4.43,0.4432,0.3014,0.2553,-1,-1,1,0,0,0,0,1,0,0,0,0,0
978.84,989.92,972.29,981.89,30264617,3.05,17.63,8.03,6.55,0.173,0.4555,0.3715,985.21,996.84,969.31,984.75,0.46,27.53,11.63,15.44,0.0167,0.4224,0.5608,996.42,999.15,972.89,978.31,18.11,26.26,2.73,5.42,0.6896,0.104,0.2064,-1,-1,1,0,0,0,0,0,0,0,0,1,0
982.07,987.1,973.76,979.33,24830322,2.74,13.34,5.03,5.57,0.2054,0.3771,0.4175,978.84,989.92,972.29,981.89,3.05,17.63,8.03,6.55,0.173,0.4555,0.3715,985.21,996.84,969.31,984.75,0.46,27.53,11.63,15.44,0.0167,0.4224,0.5608,-1,-1,1,0,0,0,0,0,0,0,0,0,0
979.56,995.46,964.19,975.52,33224635,4.04,31.27,15.9,11.33,0.1292,0.5085,0.3623,982.07,987.1,973.76,979.33,2.74,13.34,5.03,5.57,0.2054,0.3771,0.4175,978.84,989.92,972.29,981.89,3.05,17.63,8.03,6.55,0.173,0.4555,0.3715,-1,-1,1,0,0,0,0,0,0,0,0,0,1
971.46,971.46,955.35,965.16,30979066,6.3,16.11,0.0,9.81,0.3911,0.0,0.6089,979.56,995.46,964.19,975.52,4.04,31.27,15.9,11.33,0.1292,0.5085,0.3623,982.07,987.1,973.76,979.33,2.74,13.34,5.03,5.57,0.2054,0.3771,0.4175,1,1,1,1,0,0,0,0,0,0,0,0,0
962.23,984.98,961.0,977.71,30547672,15.48,23.98,7.27,1.23,0.6455,0.3032,0.0513,971.46,971.46,955.35,965.16,6.3,16.11,0.0,9.81,0.3911,0.0,0.6089,979.56,995.46,964.19,975.52,4.04,31.27,15.9,11.33,0.1292,0.5085,0.3623,1,1,1,0,0,0,0,0,1,0,0,0,0
988.07,994.07,979.0,983.71,34087543,4.36,15.07,6.0,4.71,0.2893,0.3981,0.3125,962.23,984.98,961.0,977.71,15.48,23.98,7.27,1.23,0.6455,0.3032,0.0513,971.46,971.46,955.35,965.16,6.3,16.11,0.0,9.81,0.3911,0.0,0.6089,1,1,1,0,0,0,0,0,0,0,0,0,0
978.38,980.18,963.61,967.79,22537845,10.59,16.57,1.8,4.18,0.6391,0.1086,0.2523,988.07,994.07,979.0,983.71,4.36,15.07,6.0,4.71,0.2893,0.3981,0.3125,962.23,984.98,961.0,977.71,15.48,23.98,7.27,1.23,0.6455,0.3032,0.0513,1,1,1,0,0,0,0,0,0,0,0,0,1
977.46,979.3,958.54,960.77,25280895,16.69,20.76,1.84,2.23,0.8039,0.0886,0.1074,978.38,980.18,963.61,967.79,10.59,16.57,1.8,4.18,0.6391,0.1086,0.2523,988.07,994.07,979.0,983.71,4.36,15.07,6.0,4.71,0.2893,0.3981,0.3125,1,1,1,0,0,0,0,0,0,0,0,0,0
965.18,971.23,955.54,967.19,32717218,2.01,15.69,4.04,9.64,0.1281,0.2575,0.6144,977.46,979.3,958.54,960.77,16.69,20.76,1.84,2.23,0.8039,0.0886,0.1074,978.38,980.18,963.61,967.79,10.59,16.57,1.8,4.18,0.6391,0.1086,0.2523,1,1,1,0,0,0,0,0,0,0,0,0,0
971.92,974.36,959.0,960.89,19388008,11.03,15.36,2.44,1.89,0.7181,0.1589,0.123,965.18,971.23,955.54,967.19,2.01,15.69,4.04,9.64,0.1281,0.2575,0.6144,977.46,979.3,958.54,960.77,16.69,20.76,1.84,2.23,0.8039,0.0886,0.1074,1,1,1,0,0,0,0,0,0,1,0,0,0
962.23,991.28,944.69,986.36,59870421,24.13,46.59,4.92,17.54,0.5179,0.1056,0.3765,971.92,974.36,959.0,960.89,11.03,15.36,2.44,1.89,0.7181,0.1589,0.123,965.18,971.23,955.54,967.19,2.01,15.69,4.04,9.64,0.1281,0.2575,0.6144,-1,-1,1,-1,0,0,0,0,0,0,0,0,0
991.3,992.22,970.65,974.04,28085062,17.26,21.57,0.92,3.39,0.8002,0.0427,0.1572,962.23,991.28,944.69,986.36,24.13,46.59,4.92,17.54,0.5179,0.1056,0.3765,971.92,974.36,959.0,960.89,11.03,15.36,2.44,1.89,0.7181,0.1589,0.123,-1,-1,1,0,0,0,0,0,0,0,0,0,0
978.38,984.33,972.03,976.6,27166900,1.78,12.3,5.95,4.57,0.1447,0.4837,0.3715,991.3,992.22,970.65,974.04,17.26,21.57,0.92,3.39,0.8002,0.0427,0.1572,962.23,991.28,944.69,986.36,24.13,46.59,4.92,17.54,0.5179,0.1056,0.3765,-1,-1,1,0,0,0,0,0,0,0,0,0,1
1003.3,1003.3,950.85,960.24,62076132,43.06,52.45,0.0,9.39,0.821,0.0,0.179,978.38,984.33,972.03,976.6,1.78,12.3,5.95,4.57,0.1447,0.4837,0.3715,991.3,992.22,970.65,974.04,17.26,21.57,0.92,3.39,0.8002,0.0427,0.1572,-1,-1,1,0,0,0,0,0,0,0,0,0,0
969.15,979.49,951.8,963.27,38616258,5.88,27.69,10.34,11.47,0.2124,0.3734,0.4142,1003.3,1003.3,950.85,960.24,43.06,52.45,0.0,9.39,0.821,0.0,0.179,978.38,984.33,972.03,976.6,1.78,12.3,5.95,4.57,0.1447,0.4837,0.3715,-1,-1,1,0,0,0,0,0,0,0,0,0,0
965.46,986.69,962.23,982.16,26949439,16.7,24.46,4.53,3.23,0.6827,0.1852,0.1321,969.15,979.49,951.8,963.27,5.88,27.69,10.34,11.47,0.2124,0.3734,0.4142,1003.3,1003.3,950.85,960.24,43.06,52.45,0.0,9.39,0.821,0.0,0.179,-1,-1,1,0,0,0,0,0,0,0,0,1,0
982.07,987.03,970.53,974.73,18586429,7.34,16.5,4.96,4.2,0.4448,0.3006,0.2545,965.46,986.69,962.23,982.16,16.7,24.46,4.53,3.23,0.6827,0.1852,0.1321,969.15,979.49,951.8,963.27,5.88,27.69,10.34,11.47,0.2124,0.3734,0.4142,-1,-1,1,0,0,0,0,0,0,0,0,0,0
961.56,967.74,956.32,958.65,28475945,2.91,11.42,6.18,2.33,0.2548,0.5412,0.204,982.07,987.03,970.53,974.73,7.34,16.5,4.96,4.2,0.4448,0.3006,0.2545,965.46,986.69,962.23,982.16,16.7,24.46,4.53,3.23,0.6827,0.1852,0.1321,-1,-1,1,0,0,0,1,0,0,0,0,0,1
961.77,971.8,943.42,961.14,21926473,0.63,28.38,10.03,17.72,0.0222,0.3534,0.6244,961.56,967.74,956.32,958.65,2.91,11.42,6.18,2.33,0.2548,0.5412,0.204,982.07,987.03,970.53,974.73,7.34,16.5,4.96,4.2,0.4448,0.3006,0.2545,-1,-1,1,0,0,0,0,1,0,0,0,0,0
965.46,978.84,960.15,972.43,27397082,6.97,18.69,6.41,5.31,0.3729,0.343,0.2841,961.77,971.8,943.42,961.14,0.63,28.38,10.03,17.72,0.0222,0.3534,0.6244,961.56,967.74,956.32,958.65,2.91,11.42,6.18,2.33,0.2548,0.5412,0.204,-1,-1,1,0,0,0,0,0,0,0,0,1,0
962.23,1000.44,960.59,997.46,55310877,35.23,39.85,2.98,1.64,0.8841,0.0748,0.0412,965.46,978.84,960.15,972.43,6.97,18.69,6.41,5.31,0.3729,0.343,0.2841,961.77,971.8,943.42,961.14,0.63,28.38,10.03,17.72,0.0222,0.3534,0.6244,-1,-1,1,0,0,0,0,0,0,0,0,0,0
1007.5,1082.19,1003.92,1067.91,140304404,60.41,78.27,14.28,3.58,0.7718,0.1824,0.0457,962.23,1000.44,960.59,997.46,35.23,39.85,2.98,1.64,0.8841,0.0748,0.0412,965.46,978.84,960.15,972.43,6.97,18.69,6.41,5.31,0.3729,0.343,0.2841,-1,-1,1,0,0,0,0,0,0,0,0,0,0
1066.99,1078.92,1055.5,1070.56,59470807,3.57,23.42,8.36,11.49,0.1524,0.357,0.4906,1007.5,1082.19,1003.92,1067.91,60.41,78.27,14.28,3.58,0.7718,0.1824,0.0457,962.23,1000.44,960.59,997.46,35.23,39.85,2.98,1.64,0.8841,0.0748,0.0412,-1,-1,1,0,0,0,0,0,0,0,0,0,0
1072.99,1089.14,1053.14,1062.63,44063445,10.36,36.0,16.15,9.49,0.2878,0.4486,0.2636,1066.99,1078.92,1055.5,1070.56,3.57,23.42,8.36,11.49,0.1524,0.357,0.4906,1007.5,1082.19,1003.92,1067.91,60.41,78.27,14.28,3.58,0.7718,0.1824,0.0457,-1,-1,1,0,0,0,0,0,0,1,0,0,1
1066.96,1073.33,1055.98,1070.15,27178393,3.19,17.35,3.18,10.98,0.1839,0.1833,0.6329,1072.99,1089.14,1053.14,1062.63,10.36,36.0,16.15,9.49,0.2878,0.4486,0.2636,1066.99,1078.92,1055.5,1070.56,3.57,23.42,8.36,11.49,0.1524,0.357,0.4906,-1,-1,1,0,0,1,0,0,0,0,0,0,0
1070.68,1093.45,1066.32,1072.78,33952295,2.1,27.13,20.67,4.36,0.0774,0.7619,0.1607,1066.96,1073.33,1055.98,1070.15,3.19,17.35,3.18,10.98,0.1839,0.1833,0.6329,1072.99,1089.14,1053.14,1062.63,10.36,36.0,16.15,9.49,0.2878,0.4486,0.2636,1,1,1,1,0,0,0,1,0,0,0,1,0
1070.68,1077.0,1057.69,1060.87,25828669,9.81,19.31,6.32,3.18,0.508,0.3273,0.1647,1070.68,1093.45,1066.32,1072.78,2.1,27.13,20.67,4.36,0.0774,0.7619,0.1607,1066.96,1073.33,1055.98,1070.15,3.19,17.35,3.18,10.98,0.1839,0.1833,0.6329,1,1,1,0,0,0,0,0,0,0,0,0,1
1068.03,1070.43,1050.63,1064.08,33074915,3.95,19.8,2.4,13.45,0.1995,0.1212,0.6793,1070.68,1077.0,1057.69,1060.87,9.81,19.31,6.32,3.18,0.508,0.3273,0.1647,1070.68,1093.45,1066.32,1072.78,2.1,27.13,20.67,4.36,0.0774,0.7619,0.1607,1,1,1,0,0,1,0,0,0,0,0,0,0
1061.45,1078.06,1037.15,1041.07,33627381,20.38,40.91,16.61,3.92,0.4982,0.406,0.0958,1068.03,1070.43,1050.63,1064.08,3.95,19.8,2.4,13.45,0.1995,0.1212,0.6793,1070.68,1077.0,1057.69,1060.87,9.81,19.31,6.32,3.18,0.508,0.3273,0.1647,1,1,1,0,0,0,0,0,0,0,0,0,0
1050.84,1050.84,1016.01,1020.45,34792254,30.39,34.83,0.0,4.44,0.8725,0.0,0.1275,1061.45,1078.06,1037.15,1041.07,20.38,40.91,16.61,3.92,0.4982,0.406,0.0958,1068.03,1070.43,1050.63,1064.08,3.95,19.8,2.4,13.45,0.1995,0.1212,0.6793,1,1,1,0,0,0,0,0,0,0,0,0,0
1042.99,1050.72,1017.75,1029.51,42988708,13.48,32.97,7.73,11.76,0.4089,0.2345,0.3567,1050.84,1050.84,1016.01,1020.45,30.39,34.83,0.0,4.44,0.8725,0.0,0.1275,1061.45,1078.06,1037.15,1041.07,20.38,40.91,16.61,3.92,0.4982,0.406,0.0958,1,1,1,0,0,0,0,0,0,0,0,0,0
1018.95,1027.3,1004.25,1006.62,29826318,12.33,23.05,8.35,2.37,0.5349,0.3623,0.1028,1042.99,1050.72,1017.75,1029.51,13.48,32.97,7.73,11.76,0.4089,0.2345,0.3567,1050.84,1050.84,1016.01,1020.45,30.39,34.83,0.0,4.44,0.8725,0.0,0.1275,1,1,1,0,0,0,0,0,0,0,0,0,0
1010.22,1021.21,1000.21,1016.08,28374935,5.86,21.0,5.13,10.01,0.279,0.2443,0.4767,1018.95,1027.3,1004.25,1006.62,12.33,23.05,8.35,2.37,0.5349,0.3623,0.1028,1042.99,1050.72,1017.75,1029.51,13.48,32.97,7.73,11.76,0.4089,0.2345,0.3567,1,1,1,0,0,0,0,0,0,0,0,1,0
1027.76,1032.84,1018.55,1022.8,19666849,4.96,14.29,5.08,4.25,0.3471,0.3555,0.2974,1010.22,1021.21,1000.21,1016.08,5.86,21.0,5.13,10.01,0.279,0.2443,0.4767,1018.95,1027.3,1004.25,1006.62,12.33,23.05,8.35,2.37,0.5349,0.3623,0.1028,1,1,1,0,0,0,0,0,0,0,0,0,0
1026.84,1044.84,1022.8,1036.09,25842539,9.25,22.04,8.75,4.04,0.4197,0.397,0.1833,1027.76,1032.84,1018.55,1022.8,4.96,14.29,5.08,4.25,0.3471,0.3555,0.2974,1010.22,1021.21,1000.21,1016.08,5.86,21.0,5.13,10.01,0.279,0.2443,0.4767,1,1,1,0,0,0,0,0,0,0,0,0,0
1042.99,1046.22,1026.84,1031.15,24465159,11.84,19.38,3.23,4.31,0.6109,0.1667,0.2224,1026.84,1044.84,1022.8,1036.09,9.25,22.04,8.75,4.04,0.4197,0.397,0.1833,1027.76,1032.84,1018.55,1022.8,4.96,14.29,5.08,4.25,0.3471,0.3555,0.2974,1,1,1,0,0,0,0,0,0,0,0,0,0
1044.74,1044.74,1021.76,1026.95,20783227,17.79,22.98,0.0,5.19,0.7742,0.0,0.2258,1042.99,1046.22,1026.84,1031.15,11.84,19.38,3.23,4.31,0.6109,0.1667,0.2224,1026.84,1044.84,1022.8,1036.09,9.25,22.04,8.75,4.04,0.4197,0.397,0.1833,1,1,1,0,0,0,0,0,0,0,0,0,0
1035.61,1037.98,1018.07,1020.93,18922799,14.68,19.91,2.37,2.86,0.7373,0.119,0.1436,1044.74,1044.74,1021.76,1026.95,17.79,22.98,0.0,5.19,0.7742,0.0,0.2258,1042.99,1046.22,1026.84,1031.15,11.84,19.38,3.23,4.31,0.6109,0.1667,0.2224,1,1,1,0,0,0,0,0,0,0,0,0,0
1026.95,1030.94,1016.06,1020.08,18412175,6.87,14.88,3.99,4.02,0.4617,0.2681,0.2702,1035.61,1037.98,1018.07,1020.93,14.68,19.91,2.37,2.86,0.7373,0.119,0.1436,1044.74,1044.74,1021.76,1026.95,17.79,22.98,0.0,5.19,0.7742,0.0,0.2258,1,1,1,0,0,0,0,0,0,0,0,0,0
1031.45,1065.6,1024.53,1041.84,53170865,10.39,41.07,23.76,6.92,0.253,0.5785,0.1685,1026.95,1030.94,1016.06,1020.08,6.87,14.88,3.99,4.02,0.4617,0.2681,0.2702,1035.61,1037.98,1018.07,1020.93,14.68,19.91,2.37,2.86,0.7373,0.119,0.1436,-1,-1,1,-1,0,0,1,0,0,0,0,1,0
1042.53,1046.68,1025.5,1033.41,21077808,9.12,21.18,4.15,7.91,0.4306,0.1959,0.3735,1031.45,1065.6,1024.53,1041.84,10.39,41.07,23.76,6.92,0.253,0.5785,0.1685,1026.95,1030.94,1016.06,1020.08,6.87,14.88,3.99,4.02,0.4617,0.2681,0.2702,-1,-1,1,0,0,0,0,0,0,0,0,0,0
1031.45,1039.76,1023.19,1030.74,18545499,0.71,16.57,8.31,7.55,0.0428,0.5015,0.4556,1042.53,1046.68,1025.5,1033.41,9.12,21.18,4.15,7.91,0.4306,0.1959,0.3735,1031.45,1065.6,1024.53,1041.84,10.39,41.07,23.76,6.92,0.253,0.5785,0.1685,-1,-1,1,0,0,0,0,1,0,0,0,0,1
1031.45,1041.03,1027.41,1032.4,14226473,0.95,13.62,8.63,4.04,0.0698,0.6336,0.2966,1031.45,1039.76,1023.19,1030.74,0.71,16.57,8.31,7.55,0.0428,0.5015,0.4556,1042.53,1046.68,1025.5,1033.41,9.12,21.18,4.15,7.91,0.4306,0.1959,0.3735,-1,-1,1,0,0,0,0,1,0,0,0,1,0
1029.42,1054.87,1027.23,1052.54,23112012,23.12,27.64,2.33,2.19,0.8365,0.0843,0.0792,1031.45,1041.03,1027.41,1032.4,0.95,13.62,8.63,4.04,0.0698,0.6336,0.2966,1031.45,1039.76,1023.19,1030.74,0.71,16.57,8.31,7.55,0.0428,0.5015,0.4556,-1,-1,1,0,0,0,0,0,0,0,0,0,0
1051.71,1063.3,1046.91,1055.68,26742011,3.97,16.39,7.62,4.8,0.2422,0.4649,0.2929,1029.42,1054.87,1027.23,1052.54,23.12,27.64,2.33,2.19,0.8365,0.0843,0.0792,1031.45,1041.03,1027.41,1032.4,0.95,13.62,8.63,4.04,0.0698,0.6336,0.2966,-1,-1,1,0,0,0,0,0,0,0,0,0,0
1056.83,1056.83,1012.99,1018.3,20036197,38.53,43.84,0.0,5.31,0.8789,0.0,0.1211,1051.71,1063.3,1046.91,1055.68,3.97,16.39,7.62,4.8,0.2422,0.4649,0.2929,1029.42,1054.87,1027.23,1052.54,23.12,27.64,2.33,2.19,0.8365,0.0843,0.0792,-1,-1,1,0,0,0,0,0,0,1,0,0,1
1022.22,1030.3,1002.68,1004.13,21583600,18.09,27.62,8.08,1.45,0.655,0.2925,0.0525,1056.83,1056.83,1012.99,1018.3,38.53,43.84,0.0,5.31,0.8789,0.0,0.1211,1051.71,1063.3,1046.91,1055.68,3.97,16.39,7.62,4.8,0.2422,0.4649,0.2929,-1,-1,1,0,0,0,0,0,0,0,0,0,0
1010.71,1028.54,994.6,1004.32,31200385,6.39,33.94,17.83,9.72,0.1883,0.5253,0.2864,1022.22,1030.3,1002.68,1004.13,18.09,27.62,8.08,1.45,0.655,0.2925,0.0525,1056.83,1056.83,1012.99,1018.3,38.53,43.84,0.0,5.31,0.8789,0.0,0.1211,-1,-1,1,0,0,0,0,0,0,0,0,0,0
1005.61,1012.07,993.26,994.95,18482288,10.66,18.81,6.46,1.69,0.5667,0.3434,0.0898,1010.71,1028.54,994.6,1004.32,6.39,33.94,17.83,9.72,0.1883,0.5253,0.2864,1022.22,1030.3,1002.68,1004.13,18.09,27.62,8.08,1.45,0.655,0.2925,0.0525,-1,-1,1,0,0,0,0,0,0,0,0,0,0
1000.53,1011.61,968.11,980.5,34082321,20.03,43.5,11.08,12.39,0.4605,0.2547,0.2848,1005.61,1012.07,993.26,994.95,10.66,18.81,6.46,1.69,0.5667,0.3434,0.0898,1010.71,1028.54,994.6,1004.32,6.39,33.94,17.83,9.72,0.1883,0.5253,0.2864,-1,-1,1,0,0,0,0,0,0,0,0,0,0
981.79,984.15,965.0,972.36,30802210,9.43,19.15,2.36,7.36,0.4924,0.1232,0.3843,1000.53,1011.61,968.11,980.5,20.03,43.5,11.08,12.39,0.4605,0.2547,0.2848,1005.61,1012.07,993.26,994.95,10.66,18.81,6.46,1.69,0.5667,0.3434,0.0898,-1,-1,1,0,0,0,0,0,0,0,0,0,0
971.92,985.3,967.49,975.17,23422125,3.25,17.81,10.13,4.43,0.1825,0.5688,0.2487,981.79,984.15,965.0,972.36,9.43,19.15,2.36,7.36,0.4924,0.1232,0.3843,1000.53,1011.61,968.11,980.5,20.03,43.5,11.08,12.39,0.4605,0.2547,0.2848,-1,-1,1,0,0,0,0,0,0,0,0,1,0
970.05,970.05,931.54,936.43,37324416,33.62,38.51,0.0,4.89,0.873,0.0,0.127,971.92,985.3,967.49,975.17,3.25,17.81,10.13,4.43,0.1825,0.5688,0.2487,981.79,984.15,965.0,972.36,9.43,19.15,2.36,7.36,0.4924,0.1232,0.3843,-1,-1,1,0,0,0,0,0,0,0,0,0,0
939.11,950.62,925.31,938.92,36478896,0.19,25.31,11.51,13.61,0.0075,0.4548,0.5377,970.05,970.05,931.54,936.43,33.62,38.51,0.0,4.89,0.873,0.0,0.127,971.92,985.3,967.49,975.17,3.25,17.81,10.13,4.43,0.1825,0.5688,0.2487,-1,-1,1,0,0,0,0,1,0,0,0,0,0
942.29,949.63,926.41,928.28,29924017,14.01,23.22,7.34,1.87,0.6034,0.3161,0.0805,939.11,950.62,925.31,938.92,0.19,25.31,11.51,13.61,0.0075,0.4548,0.5377,970.05,970.05,931.54,936.43,33.62,38.51,0.0,4.89,0.873,0.0,0.127,-1,-1,1,0,0,0,0,0,0,0,0,0,0
921.62,942.38,918.85,935.41,30655304,13.79,23.53,6.97,2.77,0.5861,0.2962,0.1177,942.29,949.63,926.41,928.28,14.01,23.22,7.34,1.87,0.6034,0.3161,0.0805,939.11,950.62,925.31,938.92,0.19,25.31,11.51,13.61,0.0075,0.4548,0.5377,-1,-1,1,0,0,0,0,0,0,0,0,0,0
938.46,953.04,933.06,948.15,34021563,9.69,19.98,4.89,5.4,0.485,0.2447,0.2703,921.62,942.38,918.85,935.41,13.79,23.53,6.97,2.77,0.5861,0.2962,0.1177,942.29,949.63,926.41,928.28,14.01,23.22,7.34,1.87,0.6034,0.3161,0.0805,-1,-1,1,0,0,0,0,0,0,0,0,1,0
935.46,935.46,858.0,866.44,99366895,69.02,77.46,0.0,8.44,0.891,0.0,0.109,938.46,953.04,933.06,948.15,9.69,19.98,4.89,5.4,0.485,0.2447,0.2703,921.62,942.38,918.85,935.41,13.79,23.53,6.97,2.77,0.5861,0.2962,0.1177,-1,-1,1,0,0,0,0,0,0,0,0,0,1
872.23,881.0,846.9,853.96,88691623,18.27,34.1,8.77,7.06,0.5358,0.2572,0.207,935.46,935.46,858.0,866.44,69.02,77.46,0.0,8.44,0.891,0.0,0.109,938.46,953.04,933.06,948.15,9.69,19.98,4.89,5.4,0.485,0.2447,0.2703,-1,-1,1,0,0,0,0,0,0,0,0,0,0
847.78,890.23,847.78,882.94,80180117,35.16,42.45,7.29,0.0,0.8283,0.1717,0.0,872.23,881.0,846.9,853.96,18.27,34.1,8.77,7.06,0.5358,0.2572,0.207,935.46,935.46,858.0,866.44,69.02,77.46,0.0,8.44,0.891,0.0,0.109,-1,-1,1,0,0,0,0,0,1,0,0,1,0
902.21,904.98,891.62,902.23,37205373,0.02,13.36,2.75,10.59,0.0015,0.2058,0.7927,847.78,890.23,847.78,882.94,35.16,42.45,7.29,0.0,0.8283,0.1717,0.0,872.23,881.0,846.9,853.96,18.27,34.1,8.77,7.06,0.5358,0.2572,0.207,-1,-1,1,0,0,0,0,1,0,0,0,0,0
918.38,941.46,912.92,936.45,66674086,18.07,28.54,5.01,5.46,0.6331,0.1755,0.1913,902.21,904.98,891.62,902.23,0.02,13.36,2.75,10.59,0.0015,0.2058,0.7927,847.78,890.23,847.78,882.94,35.16,42.45,7.29,0.0,0.8283,0.1717,0.0,-1,-1,1,0,0,0,0,0,0,0,0,0,0
951.66,954.84,939.61,946.4,35838510,5.26,15.23,3.18,6.79,0.3454,0.2088,0.4458,918.38,941.46,912.92,936.45,18.07,28.54,5.01,5.46,0.6331,0.1755,0.1913,902.21,904.98,891.62,902.23,0.02,13.36,2.75,10.59,0.0015,0.2058,0.7927,-1,-1,1,0,0,0,0,0,0,0,0,0,0
958.54,964.53,942.01,962.02,36934242,3.48,22.52,2.51,16.53,0.1545,0.1115,0.734,951.66,954.84,939.61,946.4,5.26,15.23,3.18,6.79,0.3454,0.2088,0.4458,918.38,941.46,912.92,936.45,18.07,28.54,5.01,5.46,0.6331,0.1755,0.1913,-1,-1,1,0,0,1,0,0,0,0,0,0,0
964.07,966.84,912.89,921.71,56724780,42.36,53.95,2.77,8.82,0.7852,0.0513,0.1635,958.54,964.53,942.01,962.02,3.48,22.52,2.51,16.53,0.1545,0.1115,0.734,951.66,954.84,939.61,946.4,5.26,15.23,3.18,6.79,0.3454,0.2088,0.4458,-1,-1,1,0,0,0,0,0,0,1,0,0,0
914.23,926.9,906.85,913.77,40046527,0.46,20.05,12.67,6.92,0.0229,0.6319,0.3451,964.07,966.84,912.89,921.71,42.36,53.95,2.77,8.82,0.7852,0.0513,0.1635,958.54,964.53,942.01,962.02,3.48,22.52,2.51,16.53,0.1545,0.1115,0.734,-1,-1,1,0,0,0,0,1,0,0,0,0,0
914.69,939.91,914.58,921.34,45388670,6.65,25.33,18.57,0.11,0.2625,0.7331,0.0043,914.23,926.9,906.85,913.77,0.46,20.05,12.67,6.92,0.0229,0.6319,0.3451,964.07,966.84,912.89,921.71,42.36,53.95,2.77,8.82,0.7852,0.0513,0.1635,-1,-1,1,0,0,0,1,0,0,0,1,1,0
929.88,930.06,920.85,924.06,5226220,5.82,9.21,0.18,3.21,0.6319,0.0195,0.3485,914.69,939.91,914.58,921.34,6.65,25.33,18.57,0.11,0.2625,0.7331,0.0043,914.23,926.9,906.85,913.77,0.46,20.05,12.67,6.92,0.0229,0.6319,0.3451,-1,-1,1,0,0,0,0,0,0,0,0,0,0
962.23,962.23,916.08,919.88,46542562,42.35,46.15,0.0,3.8,0.9177,0.0,0.0823,929.88,930.06,920.85,924.06,5.82,9.21,0.18,3.21,0.6319,0.0195,0.3485,914.69,939.91,914.58,921.34,6.65,25.33,18.57,0.11,0.2625,0.7331,0.0043,-1,-1,1,0,0,0,0,0,0,0,0,0,1
919.88,926.0,904.59,917.09,30402290,2.79,21.41,6.12,12.5,0.1303,0.2858,0.5838,962.23,962.23,916.08,919.88,42.35,46.15,0.0,3.8,0.9177,0.0,0.0823,929.88,930.06,920.85,924.06,5.82,9.21,0.18,3.21,0.6319,0.0195,0.3485,-1,-1,1,0,0,0,0,0,0,0,0,0,0
917.09,927.82,908.32,910.61,27796343,6.48,19.5,10.73,2.29,0.3323,0.5503,0.1174,919.88,926.0,904.59,917.09,2.79,21.41,6.12,12.5,0.1303,0.2858,0.5838,962.23,962.23,916.08,919.88,42.35,46.15,0.0,3.8,0.9177,0.0,0.0823,-1,-1,1,0,0,0,0,0,0,0,0,0,0
911.46,915.52,874.54,876.62,57471248,34.84,40.98,4.06,2.08,0.8502,0.0991,0.0508,917.09,927.82,908.32,910.61,6.48,19.5,10.73,2.29,0.3323,0.5503,0.1174,919.88,926.0,904.59,917.09,2.79,21.41,6.12,12.5,0.1303,0.2858,0.5838,1,1,1,1,0,0,0,0,0,0,0,0,0
900.39,909.15,888.96,900.25,45327567,0.14,20.19,8.76,11.29,0.0069,0.4339,0.5592,911.46,915.52,874.54,876.62,34.84,40.98,4.06,2.08,0.8502,0.0991,0.0508,917.09,927.82,908.32,910.61,6.48,19.5,10.73,2.29,0.3323,0.5503,0.1174,1,1,1,0,0,0,0,1,0,0,0,0,0
906.39,911.0,891.62,906.41,30936268,0.02,19.38,4.59,14.77,0.001,0.2368,0.7621,900.39,909.15,888.96,900.25,0.14,20.19,8.76,11.29,0.0069,0.4339,0.5592,911.46,915.52,874.54,876.62,34.84,40.98,4.06,2.08,0.8502,0.0991,0.0508,1,1,1,0,0,0,0,1,0,0,0,1,0
913.77,919.75,896.33,898.91,32637879,14.86,23.42,5.98,2.58,0.6345,0.2553,0.1102,906.39,911.0,891.62,906.41,0.02,19.38,4.59,14.77,0.001,0.2368,0.7621,900.39,909.15,888.96,900.25,0.14,20.19,8.76,11.29,0.0069,0.4339,0.5592,1,1,1,0,0,0,0,0,0,1,0,0,0
901.33,906.85,890.72,901.12,25838637,0.21,16.13,5.52,10.4,0.013,0.3422,0.6448,913.77,919.75,896.33,898.91,14.86,23.42,5.98,2.58,0.6345,0.2553,0.1102,906.39,911.0,891.62,906.41,0.02,19.38,4.59,14.77,0.001,0.2368,0.7621,1,1,1,0,0,0,0,1,0,0,0,0,0
895.54,902.74,886.73,890.6,47336811,4.94,16.01,7.2,3.87,0.3086,0.4497,0.2417,901.33,906.85,890.72,901.12,0.21,16.13,5.52,10.4,0.013,0.3422,0.6448,913.77,919.75,896.33,898.91,14.86,23.42,5.98,2.58,0.6345,0.2553,0.1102,1,1,1,0,0,0,0,0,0,0,0,0,0
895.47,907.42,890.72,902.19,19750687,6.72,16.7,5.23,4.75,0.4024,0.3132,0.2844,895.54,902.74,886.73,890.6,4.94,16.01,7.2,3.87,0.3086,0.4497,0.2417,901.33,906.85,890.72,901.12,0.21,16.13,5.52,10.4,0.013,0.3422,0.6448,1,1,1,0,0,0,0,0,0,0,0,0,0
903.85,905.46,893.0,903.69,22188887,0.16,12.46,1.61,10.69,0.0128,0.1292,0.8579,895.47,907.42,890.72,902.19,6.72,16.7,5.23,4.75,0.4024,0.3132,0.2844,895.54,902.74,886.73,890.6,4.94,16.01,7.2,3.87,0.3086,0.4497,0.2417,1,1,1,0,0,0,0,1,0,0,0,0,0
910.08,914.28,903.92,906.41,27785372,3.67,10.36,4.2,2.49,0.3542,0.4054,0.2403,903.85,905.46,893.0,903.69,0.16,12.46,1.61,10.69,0.0128,0.1292,0.8579,895.47,907.42,890.72,902.19,6.72,16.7,5.23,4.75,0.4024,0.3132,0.2844,1,1,1,0,0,0,0,0,0,0,0,0,1
908.69,908.69,895.31,898.42,18464552,10.27,13.38,0.0,3.11,0.7676,0.0,0.2324,910.08,914.28,903.92,906.41,3.67,10.36,4.2,2.49,0.3542,0.4054,0.2403,903.85,905.46,893.0,903.69,0.16,12.46,1.61,10.69,0.0128,0.1292,0.8579,1,1,1,0,0,0,0,0,0,0,0,0,0
895.59,906.85,895.59,903.71,18242188,8.12,11.26,3.14,0.0,0.7211,0.2789,0.0,908.69,908.69,895.31,898.42,10.27,13.38,0.0,3.11,0.7676,0.0,0.2324,910.08,914.28,903.92,906.41,3.67,10.36,4.2,2.49,0.3542,0.4054,0.2403,1,1,1,0,0,0,0,0,0,0,0,0,0
905.07,929.58,899.92,920.12,43403061,15.05,29.66,9.46,5.15,0.5074,0.3189,0.1736,895.59,906.85,895.59,903.71,8.12,11.26,3.14,0.0,0.7211,0.2789,0.0,908.69,908.69,895.31,898.42,10.27,13.38,0.0,3.11,0.7676,0.0,0.2324,1,1,1,0,0,0,0,0,0,0,0,1,0
927.59,938.6,922.65,935.44,29175254,7.85,15.95,3.16,4.94,0.4922,0.1981,0.3097,905.07,929.58,899.92,920.12,15.05,29.66,9.46,5.15,0.5074,0.3189,0.1736,895.59,906.85,895.59,903.71,8.12,11.26,3.14,0.0,0.7211,0.2789,0.0,1,1,1,0,0,0,0,0,0,0,0,0,0
932.97,936.15,923.46,926.23,16065507,6.74,12.69,3.18,2.77,0.5311,0.2506,0.2183,927.59,938.6,922.65,935.44,7.85,15.95,3.16,4.94,0.4922,0.1981,0.3097,905.07,929.58,899.92,920.12,15.05,29.66,9.46,5.15,0.5074,0.3189,0.1736,1,1,1,0,0,0,0,0,0,0,0,0,1
929.0,940.54,911.12,925.68,26944202,3.32,29.42,11.54,14.56,0.1128,0.3923,0.4949,932.97,936.15,923.46,926.23,6.74,12.69,3.18,2.77,0.5311,0.2506,0.2183,927.59,938.6,922.65,935.44,7.85,15.95,3.16,4.94,0.4922,0.1981,0.3097,-1,-1,1,-1,1,0,0,0,0,0,0,0,1
926.67,929.92,916.7,918.98,17312747,7.69,13.22,3.25,2.28,0.5817,0.2458,0.1725,929.0,940.54,911.12,925.68,3.32,29.42,11.54,14.56,0.1128,0.3923,0.4949,932.97,936.15,923.46,926.23,6.74,12.69,3.18,2.77,0.5311,0.2506,0.2183,-1,-1,1,0,0,0,0,0,0,0,0,0,0
918.25,918.25,905.05,911.16,18551265,7.09,13.2,0.0,6.11,0.5371,0.0,0.4629,926.67,929.92,916.7,918.98,7.69,13.22,3.25,2.28,0.5817,0.2458,0.1725,929.0,940.54,911.12,925.68,3.32,29.42,11.54,14.56,0.1128,0.3923,0.4949,-1,-1,1,0,0,0,0,0,0,0,0,0,0
917.46,920.67,907.17,912.18,18561011,5.28,13.5,3.21,5.01,0.3911,0.2378,0.3711,918.25,918.25,905.05,911.16,7.09,13.2,0.0,6.11,0.5371,0.0,0.4629,926.67,929.92,916.7,918.98,7.69,13.22,3.25,2.28,0.5817,0.2458,0.1725,-1,-1,1,0,0,0,0,0,0,0,0,0,0
915.85,925.31,912.45,916.35,20252358,0.5,12.86,8.96,3.4,0.0389,0.6967,0.2644,917.46,920.67,907.17,912.18,5.28,13.5,3.21,5.01,0.3911,0.2378,0.3711,918.25,918.25,905.05,911.16,7.09,13.2,0.0,6.11,0.5371,0.0,0.4629,-1,-1,1,0,0,0,0,1,0,0,0,1,0
913.82,925.26,906.85,919.1,18466344,5.28,18.41,6.16,6.97,0.2868,0.3346,0.3786,915.85,925.31,912.45,916.35,0.5,12.86,8.96,3.4,0.0389,0.6967,0.2644,917.46,920.67,907.17,912.18,5.28,13.5,3.21,5.01,0.3911,0.2378,0.3711,-1,-1,1,0,0,0,0,0,0,0,0,1,0
927.61,933.15,856.2,895.17,44135540,32.44,76.95,5.54,38.97,0.4216,0.072,0.5064,913.82,925.26,906.85,919.1,5.28,18.41,6.16,6.97,0.2868,0.3346,0.3786,915.85,925.31,912.45,916.35,0.5,12.86,8.96,3.4,0.0389,0.6967,0.2644,-1,-1,1,0,0,0,0,0,0,1,0,0,0
899.46,904.03,871.52,893.79,28140001,5.67,32.51,4.57,22.27,0.1744,0.1406,0.685,927.61,933.15,856.2,895.17,32.44,76.95,5.54,38.97,0.4216,0.072,0.5064,913.82,925.26,906.85,919.1,5.28,18.41,6.16,6.97,0.2868,0.3346,0.3786,-1,-1,1,0,0,1,0,0,0,0,0,0,0
890.69,900.59,886.38,897.09,19501410,6.4,14.21,3.5,4.31,0.4504,0.2463,0.3033,899.46,904.03,871.52,893.79,5.67,32.51,4.57,22.27,0.1744,0.1406,0.685,927.61,933.15,856.2,895.17,32.44,76.95,5.54,38.97,0.4216,0.072,0.5064,-1,-1,1,0,0,0,0,0,0,0,0,1,0
898.54,922.45,898.03,920.3,20776988,21.76,24.42,2.15,0.51,0.8911,0.088,0.0209,890.69,900.59,886.38,897.09,6.4,14.21,3.5,4.31,0.4504,0.2463,0.3033,899.46,904.03,871.52,893.79,5.67,32.51,4.57,22.27,0.1744,0.1406,0.685,-1,-1,1,0,0,0,0,0,0,0,0,0,0
926.09,931.31,920.83,924.52,17221499,1.57,10.48,5.22,3.69,0.1498,0.4981,0.3521,898.54,922.45,898.03,920.3,21.76,24.42,2.15,0.51,0.8911,0.088,0.0209,890.69,900.59,886.38,897.09,6.4,14.21,3.5,4.31,0.4504,0.2463,0.3033,-1,-1,1,0,0,0,0,0,0,0,0,0,0
927.15,928.68,914.95,918.41,18611939,8.74,13.73,1.53,3.46,0.6366,0.1114,0.252,926.09,931.31,920.83,924.52,1.57,10.48,5.22,3.69,0.1498,0.4981,0.3521,898.54,922.45,898.03,920.3,21.76,24.42,2.15,0.51,0.8911,0.088,0.0209,-1,-1,1,0,0,0,0,0,0,0,0,0,1
920.81,926.32,911.72,920.92,22043630,0.11,14.6,5.4,9.09,0.0075,0.3699,0.6226,927.15,928.68,914.95,918.41,8.74,13.73,1.53,3.46,0.6366,0.1114,0.252,926.09,931.31,920.83,924.52,1.57,10.48,5.22,3.69,0.1498,0.4981,0.3521,-1,-1,1,0,0,0,0,1,0,0,0,0,0
920.0,928.49,913.12,916.22,18781189,3.78,15.37,8.49,3.1,0.2459,0.5524,0.2017,920.81,926.32,911.72,920.92,0.11,14.6,5.4,9.09,0.0075,0.3699,0.6226,927.15,928.68,914.95,918.41,8.74,13.73,1.53,3.46,0.6366,0.1114,0.252,-1,-1,1,0,0,0,1,0,0,0,0,0,0
917.46,921.62,914.69,917.23,10015175,0.23,6.93,4.16,2.54,0.0332,0.6003,0.3665,920.0,928.49,913.12,916.22,3.78,15.37,8.49,3.1,0.2459,0.5524,0.2017,920.81,926.32,911.72,920.92,0.11,14.6,5.4,9.09,0.0075,0.3699,0.6226,-1,-1,1,0,0,0,0,1,0,0,0,0,0
920.74,922.49,908.23,918.78,24513534,1.96,14.26,1.75,10.55,0.1374,0.1227,0.7398,917.46,921.62,914.69,917.23,0.23,6.93,4.16,2.54,0.0332,0.6003,0.3665,920.0,928.49,913.12,916.22,3.78,15.37,8.49,3.1,0.2459,0.5524,0.2017,-1,-1,1,0,0,1,0,0,0,0,0,0,0
908.69,915.43,902.69,907.35,24123091,1.34,12.74,6.74,4.66,0.1052,0.529,0.3658,920.74,922.49,908.23,918.78,1.96,14.26,1.75,10.55,0.1374,0.1227,0.7398,917.46,921.62,914.69,917.23,0.23,6.93,4.16,2.54,0.0332,0.6003,0.3665,-1,-1,1,0,0,0,0,0,0,0,0,0,0
907.26,907.31,879.23,883.43,46401468,23.83,28.08,0.05,4.2,0.8486,0.0018,0.1496,908.69,915.43,902.69,907.35,1.34,12.74,6.74,4.66,0.1052,0.529,0.3658,920.74,922.49,908.23,918.78,1.96,14.26,1.75,10.55,0.1374,0.1227,0.7398,-1,-1,1,0,0,0,0,0,0,0,0,0,0
886.31,897.62,879.23,882.0,32325918,4.31,18.39,11.31,2.77,0.2344,0.615,0.1506,907.26,907.31,879.23,883.43,23.83,28.08,0.05,4.2,0.8486,0.0018,0.1496,908.69,915.43,902.69,907.35,1.34,12.74,6.74,4.66,0.1052,0.529,0.3658,-1,-1,1,0,0,0,1,0,0,0,0,0,0
885.16,894.57,882.43,892.4,27540187,7.24,12.14,2.17,2.73,0.5964,0.1787,0.2249,886.31,897.62,879.23,882.0,4.31,18.39,11.31,2.77,0.2344,0.615,0.1506,907.26,907.31,879.23,883.43,23.83,28.08,0.05,4.2,0.8486,0.0018,0.1496,-1,-1,1,0,0,0,0,0,0,0,0,1,0
894.76,894.76,873.39,875.58,33307825,19.18,21.37,0.0,2.19,0.8975,0.0,0.1025,885.16,894.57,882.43,892.4,7.24,12.14,2.17,2.73,0.5964,0.1787,0.2249,886.31,897.62,879.23,882.0,4.31,18.39,11.31,2.77,0.2344,0.615,0.1506,1,1,1,1,0,0,0,0,0,1,0,0,0
878.23,904.54,876.8,903.18,41161546,24.95,27.74,1.36,1.43,0.8994,0.049,0.0516,894.76,894.76,873.39,875.58,19.18,21.37,0.0,2.19,0.8975,0.0,0.1025,885.16,894.57,882.43,892.4,7.24,12.14,2.17,2.73,0.5964,0.1787,0.2249,1,1,1,0,0,0,0,0,0,0,0,0,0
906.18,911.44,885.36,894.76,26619458,11.42,26.08,5.26,9.4,0.4379,0.2017,0.3604,878.23,904.54,876.8,903.18,24.95,27.74,1.36,1.43,0.8994,0.049,0.0516,894.76,894.76,873.39,875.58,19.18,21.37,0.0,2.19,0.8975,0.0,0.1025,1,1,1,0,0,0,0,0,0,0,0,0,0
897.62,907.72,894.87,904.82,21553242,7.2,12.85,2.9,2.75,0.5603,0.2257,0.214,906.18,911.44,885.36,894.76,11.42,26.08,5.26,9.4,0.4379,0.2017,0.3604,878.23,904.54,876.8,903.18,24.95,27.74,1.36,1.43,0.8994,0.049,0.0516,1,1,1,0,0,0,0,0,0,0,0,0,0
904.82,910.91,886.1,894.13,20593268,10.69,24.81,6.09,8.03,0.4309,0.2455,0.3237,897.62,907.72,894.87,904.82,7.2,12.85,2.9,2.75,0.5603,0.2257,0.214,906.18,911.44,885.36,894.76,11.42,26.08,5.26,9.4,0.4379,0.2017,0.3604,1,1,1,0,0,0,0,0,0,0,0,0,0
899.51,921.62,887.63,915.59,35100458,16.08,33.99,6.03,11.88,0.4731,0.1774,0.3495,904.82,910.91,886.1,894.13,10.69,24.81,6.09,8.03,0.4309,0.2455,0.3237,897.62,907.72,894.87,904.82,7.2,12.85,2.9,2.75,0.5603,0.2257,0.214,1,1,1,0,0,0,0,0,0,0,0,0,0
920.53,937.31,920.53,930.57,32006615,10.04,16.78,6.74,0.0,0.5983,0.4017,0.0,899.51,921.62,887.63,915.59,16.08,33.99,6.03,11.88,0.4731,0.1774,0.3495,904.82,910.91,886.1,894.13,10.69,24.81,6.09,8.03,0.4309,0.2455,0.3237,1,1,1,0,0,0,0,0,0,0,0,0,0
932.88,949.77,923.65,948.24,30924537,15.36,26.12,1.53,9.23,0.5881,0.0586,0.3534,920.53,937.31,920.53,930.57,10.04,16.78,6.74,0.0,0.5983,0.4017,0.0,899.51,921.62,887.63,915.59,16.08,33.99,6.03,11.88,0.4731,0.1774,0.3495,1,1,1,0,0,0,0,0,0,0,0,0,0
960.84,978.38,957.61,968.87,39087742,8.03,20.77,9.51,3.23,0.3866,0.4579,0.1555,932.88,949.77,923.65,948.24,15.36,26.12,1.53,9.23,0.5881,0.0586,0.3534,920.53,937.31,920.53,930.57,10.04,16.78,6.74,0.0,0.5983,0.4017,0.0,1,1,1,0,0,0,0,0,0,0,0,0,0
974.23,976.23,939.22,945.89,30532660,28.34,37.01,2.0,6.67,0.7657,0.054,0.1802,960.84,978.38,957.61,968.87,8.03,20.77,9.51,3.23,0.3866,0.4579,0.1555,932.88,949.77,923.65,948.24,15.36,26.12,1.53,9.23,0.5881,0.0586,0.3534,1,1,1,0,0,0,0,0,0,1,0,0,1
939.13,939.13,891.62,895.77,54207104,43.36,47.51,0.0,4.15,0.9126,0.0,0.0874,974.23,976.23,939.22,945.89,28.34,37.01,2.0,6.67,0.7657,0.054,0.1802,960.84,978.38,957.61,968.87,8.03,20.77,9.51,3.23,0.3866,0.4579,0.1555,1,1,1,0,0,0,0,0,0,0,0,0,0
888.39,888.39,871.31,874.54,42370131,13.85,17.08,0.0,3.23,0.8109,0.0,0.1891,939.13,939.13,891.62,895.77,43.36,47.51,0.0,4.15,0.9126,0.0,0.0874,974.23,976.23,939.22,945.89,28.34,37.01,2.0,6.67,0.7657,0.054,0.1802,1,1,1,0,0,0,0,0,0,0,0,0,0
867.69,887.6,863.0,866.03,34067814,1.66,24.6,19.91,3.03,0.0675,0.8093,0.1232,888.39,888.39,871.31,874.54,13.85,17.08,0.0,3.23,0.8109,0.0,0.1891,939.13,939.13,891.62,895.77,43.36,47.51,0.0,4.15,0.9126,0.0,0.0874,1,1,1,0,0,0,0,1,0,0,0,0,0
874.22,882.9,844.54,850.06,43712383,24.16,38.36,8.68,5.52,0.6298,0.2263,0.1439,867.69,887.6,863.0,866.03,1.66,24.6,19.91,3.03,0.0675,0.8093,0.1232,888.39,888.39,871.31,874.54,13.85,17.08,0.0,3.23,0.8109,0.0,0.1891,-1,-1,1,-1,0,0,0,0,0,0,0,0,0
858.11,879.16,852.85,874.68,34180952,16.57,26.31,4.48,5.26,0.6298,0.1703,0.1999,874.22,882.9,844.54,850.06,24.16,38.36,8.68,5.52,0.6298,0.2263,0.1439,867.69,887.6,863.0,866.03,1.66,24.6,19.91,3.03,0.0675,0.8093,0.1232,-1,-1,1,0,0,0,0,0,0,0,0,0,0
883.43,895.31,856.06,888.76,41470034,5.33,39.25,6.55,27.37,0.1358,0.1669,0.6973,858.11,879.16,852.85,874.68,16.57,26.31,4.48,5.26,0.6298,0.1703,0.1999,874.22,882.9,844.54,850.06,24.16,38.36,8.68,5.52,0.6298,0.2263,0.1439,-1,-1,1,0,0,0,0,0,0,0,0,1,0
889.91,900.85,876.85,890.99,30301696,1.08,24.0,9.86,13.06,0.045,0.4108,0.5442,883.43,895.31,856.06,888.76,5.33,39.25,6.55,27.37,0.1358,0.1669,0.6973,858.11,879.16,852.85,874.68,16.57,26.31,4.48,5.26,0.6298,0.1703,0.1999,-1,-1,1,0,0,0,0,1,0,0,0,0,0
887.93,895.31,879.16,888.06,25626981,0.13,16.15,7.25,8.77,0.008,0.4489,0.543,889.91,900.85,876.85,890.99,1.08,24.0,9.86,13.06,0.045,0.4108,0.5442,883.43,895.31,856.06,888.76,5.33,39.25,6.55,27.37,0.1358,0.1669,0.6973,-1,-1,1,0,0,0,0,1,0,0,0,0,0
890.72,897.46,886.08,887.81,20248046,2.91,11.38,6.74,1.73,0.2557,0.5923,0.152,887.93,895.31,879.16,888.06,0.13,16.15,7.25,8.77,0.008,0.4489,0.543,889.91,900.85,876.85,890.99,1.08,24.0,9.86,13.06,0.045,0.4108,0.5442,-1,-1,1,0,0,0,1,0,0,1,0,0,1
892.1,908.69,890.26,900.59,21183400,8.49,18.43,8.1,1.84,0.4607,0.4395,0.0998,890.72,897.46,886.08,887.81,2.91,11.38,6.74,1.73,0.2557,0.5923,0.152,887.93,895.31,879.16,888.06,0.13,16.15,7.25,8.77,0.008,0.4489,0.543,-1,-1,1,0,0,0,0,0,0,0,0,0,0
905.44,918.2,900.99,902.76,19604141,2.68,17.21,12.76,1.77,0.1557,0.7414,0.1028,892.1,908.69,890.26,900.59,8.49,18.43,8.1,1.84,0.4607,0.4395,0.0998,890.72,897.46,886.08,887.81,2.91,11.38,6.74,1.73,0.2557,0.5923,0.152,-1,-1,1,0,0,0,1,0,0,0,0,0,0
901.66,915.96,889.45,911.14,21234156,9.48,26.51,4.82,12.21,0.3576,0.1818,0.4606,905.44,918.2,900.99,902.76,2.68,17.21,12.76,1.77,0.1557,0.7414,0.1028,892.1,908.69,890.26,900.59,8.49,18.43,8.1,1.84,0.4607,0.4395,0.0998,-1,-1,1,0,0,0,0,0,1,0,0,0,0
913.77,952.63,910.19,948.71,42539278,34.94,42.44,3.92,3.58,0.8233,0.0924,0.0844,901.66,915.96,889.45,911.14,9.48,26.51,4.82,12.21,0.3576,0.1818,0.4606,905.44,918.2,900.99,902.76,2.68,17.21,12.76,1.77,0.1557,0.7414,0.1028,-1,-1,1,0,0,0,0,0,0,0,0,0,0
948.61,959.0,930.11,942.2,30497029,6.41,28.89,10.39,12.09,0.2219,0.3596,0.4185,913.77,952.63,910.19,948.71,34.94,42.44,3.92,3.58,0.8233,0.0924,0.0844,901.66,915.96,889.45,911.14,9.48,26.51,4.82,12.21,0.3576,0.1818,0.4606,-1,-1,1,0,0,0,0,0,0,0,0,0,0
945.17,951.29,934.54,938.04,15791099,7.13,16.75,6.12,3.5,0.4257,0.3654,0.209,948.61,959.0,930.11,942.2,6.41,28.89,10.39,12.09,0.2219,0.3596,0.4185,913.77,952.63,910.19,948.71,34.94,42.44,3.92,3.58,0.8233,0.0924,0.0844,-1,-1,1,0,0,0,0,0,0,0,0,0,1
941.34,959.64,939.15,950.46,21421660,9.12,20.49,9.18,2.19,0.4451,0.448,0.1069,945.17,951.29,934.54,938.04,7.13,16.75,6.12,3.5,0.4257,0.3654,0.209,948.61,959.0,930.11,942.2,6.41,28.89,10.39,12.09,0.2219,0.3596,0.4185,-1,-1,1,0,0,0,0,0,0,0,0,0,0
950.69,967.28,946.35,961.42,23742994,10.73,20.93,5.86,4.34,0.5127,0.28,0.2074,941.34,959.64,939.15,950.46,9.12,20.49,9.18,2.19,0.4451,0.448,0.1069,945.17,951.29,934.54,938.04,7.13,16.75,6.12,3.5,0.4257,0.3654,0.209,-1,-1,1,0,0,0,0,0,0,0,0,0,0
962.23,973.03,950.27,954.24,18646877,7.99,22.76,10.8,3.97,0.3511,0.4745,0.1744,950.69,967.28,946.35,961.42,10.73,20.93,5.86,4.34,0.5127,0.28,0.2074,941.34,959.64,939.15,950.46,9.12,20.49,9.18,2.19,0.4451,0.448,0.1069,-1,-1,1,0,0,0,0,0,0,0,0,0,0
949.31,971.43,947.6,960.06,23403483,10.75,23.83,11.37,1.71,0.4511,0.4771,0.0718,962.23,973.03,950.27,954.24,7.99,22.76,10.8,3.97,0.3511,0.4745,0.1744,950.69,967.28,946.35,961.42,10.73,20.93,5.86,4.34,0.5127,0.28,0.2074,-1,-1,1,0,0,0,0,0,0,0,0,0,0
959.92,964.49,920.67,926.74,23804335,33.18,43.82,4.57,6.07,0.7572,0.1043,0.1385,949.31,971.43,947.6,960.06,10.75,23.83,11.37,1.71,0.4511,0.4771,0.0718,962.23,973.03,950.27,954.24,7.99,22.76,10.8,3.97,0.3511,0.4745,0.1744,1,1,1,1,0,0,0,0,0,0,0,0,0
945.15,947.41,929.28,933.82,25644108,11.33,18.13,2.26,4.54,0.6249,0.1247,0.2504,959.92,964.49,920.67,926.74,33.18,43.82,4.57,6.07,0.7572,0.1043,0.1385,949.31,971.43,947.6,960.06,10.75,23.83,11.37,1.71,0.4511,0.4771,0.0718,1,1,1,0,0,0,0,0,0,0,0,0,0
936.84,953.11,935.07,951.15,10807663,14.31,18.04,1.96,1.77,0.7932,0.1086,0.0981,945.15,947.41,929.28,933.82,11.33,18.13,2.26,4.54,0.6249,0.1247,0.2504,959.92,964.49,920.67,926.74,33.18,43.82,4.57,6.07,0.7572,0.1043,0.1385,1,1,1,0,0,0,0,0,0,0,0,1,0
958.07,993.15,956.69,989.62,34855693,31.55,36.46,3.53,1.38,0.8653,0.0968,0.0378,936.84,953.11,935.07,951.15,14.31,18.04,1.96,1.77,0.7932,0.1086,0.0981,945.15,947.41,929.28,933.82,11.33,18.13,2.26,4.54,0.6249,0.1247,0.2504,1,1,1,0,0,0,0,0,0,0,0,0,0
977.0,984.79,955.63,962.6,37481215,14.4,29.16,7.79,6.97,0.4938,0.2671,0.239,958.07,993.15,956.69,989.62,31.55,36.46,3.53,1.38,0.8653,0.0968,0.0378,936.84,953.11,935.07,951.15,14.31,18.04,1.96,1.77,0.7932,0.1086,0.0981,1,1,1,0,0,0,0,0,0,0,0,0,0
973.86,974.69,951.84,969.93,17680764,3.93,22.85,0.83,18.09,0.172,0.0363,0.7917,977.0,984.79,955.63,962.6,14.4,29.16,7.79,6.97,0.4938,0.2671,0.239,958.07,993.15,956.69,989.62,31.55,36.46,3.53,1.38,0.8653,0.0968,0.0378,1,1,1,0,0,1,0,0,0,0,0,0,1
979.3,982.99,964.12,971.92,17150760,7.38,18.87,3.69,7.8,0.3911,0.1955,0.4134,973.86,974.69,951.84,969.93,3.93,22.85,0.83,18.09,0.172,0.0363,0.7917,977.0,984.79,955.63,962.6,14.4,29.16,7.79,6.97,0.4938,0.2671,0.239,1,1,1,0,0,0,0,0,0,0,0,0,0
978.86,1024.48,972.47,1016.27,31924461,37.41,52.01,8.21,6.39,0.7193,0.1579,0.1229,979.3,982.99,964.12,971.92,7.38,18.87,3.69,7.8,0.3911,0.1955,0.4134,973.86,974.69,951.84,969.93,3.93,22.85,0.83,18.09,0.172,0.0363,0.7917,1,1,1,0,0,0,0,0,0,0,0,0,0
1006.07,1010.66,995.78,1004.15,21435754,1.92,14.88,4.59,8.37,0.129,0.3085,0.5625,978.86,1024.48,972.47,1016.27,37.41,52.01,8.21,6.39,0.7193,0.1579,0.1229,979.3,982.99,964.12,971.92,7.38,18.87,3.69,7.8,0.3911,0.1955,0.4134,1,1,1,0,0,0,0,0,0,0,0,0,0
994.99,1020.81,993.63,1005.47,25511666,10.48,27.18,15.34,1.36,0.3856,0.5644,0.05,1006.07,1010.66,995.78,1004.15,1.92,14.88,4.59,8.37,0.129,0.3085,0.5625,978.86,1024.48,972.47,1016.27,37.41,52.01,8.21,6.39,0.7193,0.1579,0.1229,1,1,1,0,0,0,0,0,0,0,0,0,0
1000.76,1030.02,1000.53,1011.19,19506841,10.43,29.49,18.83,0.23,0.3537,0.6385,0.0078,994.99,1020.81,993.63,1005.47,10.48,27.18,15.34,1.36,0.3856,0.5644,0.05,1006.07,1010.66,995.78,1004.15,1.92,14.88,4.59,8.37,0.129,0.3085,0.5625,1,1,1,0,0,0,0,0,0,0,0,0,0
1015.3,1021.67,990.66,1011.17,15154484,4.13,31.01,6.37,20.51,0.1332,0.2054,0.6614,1000.76,1030.02,1000.53,1011.19,10.43,29.49,18.83,0.23,0.3537,0.6385,0.0078,994.99,1020.81,993.63,1005.47,10.48,27.18,15.34,1.36,0.3856,0.5644,0.05,1,1,1,0,0,0,0,0,0,0,0,0,1
1018.53,1022.27,1001.57,1006.97,11519358,11.56,20.7,3.74,5.4,0.5585,0.1807,0.2609,1015.3,1021.67,990.66,1011.17,4.13,31.01,6.37,20.51,0.1332,0.2054,0.6614,1000.76,1030.02,1000.53,1011.19,10.43,29.49,18.83,0.23,0.3537,0.6385,0.0078,1,1,1,0,0,0,0,0,0,0,0,0,1
1012.99,1018.25,980.18,986.5,16864952,26.49,38.07,5.26,6.32,0.6958,0.1382,0.166,1018.53,1022.27,1001.57,1006.97,11.56,20.7,3.74,5.4,0.5585,0.1807,0.2609,1015.3,1021.67,990.66,1011.17,4.13,31.01,6.37,20.51,0.1332,0.2054,0.6614,1,1,1,0,0,0,0,0,0,0,0,0,0
987.63,991.72,960.15,973.26,16698099,14.37,31.57,4.09,13.11,0.4552,0.1296,0.4153,1012.99,1018.25,980.18,986.5,26.49,38.07,5.26,6.32,0.6958,0.1382,0.166,1018.53,1022.27,1001.57,1006.97,11.56,20.7,3.74,5.4,0.5585,0.1807,0.2609,1,1,1,0,0,0,0,0,0,0,0,0,0
975.61,981.15,967.07,969.43,13873801,6.18,14.08,5.54,2.36,0.4389,0.3935,0.1676,987.63,991.72,960.15,973.26,14.37,31.57,4.09,13.11,0.4552,0.1296,0.4153,1012.99,1018.25,980.18,986.5,26.49,38.07,5.26,6.32,0.6958,0.1382,0.166,1,1,1,0,0,0,0,0,0,0,0,0,0
968.25,970.53,939.2,948.54,19210236,19.71,31.33,2.28,9.34,0.6291,0.0728,0.2981,975.61,981.15,967.07,969.43,6.18,14.08,5.54,2.36,0.4389,0.3935,0.1676,987.63,991.72,960.15,973.26,14.37,31.57,4.09,13.11,0.4552,0.1296,0.4153,1,1,1,0,0,0,0,0,0,0,0,0,0
956.64,962.13,923.46,927.2,20647480,29.44,38.67,5.49,3.74,0.7613,0.142,0.0967,968.25,970.53,939.2,948.54,19.71,31.33,2.28,9.34,0.6291,0.0728,0.2981,975.61,981.15,967.07,969.43,6.18,14.08,5.54,2.36,0.4389,0.3935,0.1676,1,1,1,0,0,0,0,0,0,0,0,0,0
918.85,967.23,915.06,960.84,41787429,41.99,52.17,6.39,3.79,0.8049,0.1225,0.0726,956.64,962.13,923.46,927.2,29.44,38.67,5.49,3.74,0.7613,0.142,0.0967,968.25,970.53,939.2,948.54,19.71,31.33,2.28,9.34,0.6291,0.0728,0.2981,1,1,1,0,0,0,0,0,1,0,0,0,0
955.77,957.15,938.32,951.8,18572478,3.97,18.83,1.38,13.48,0.2108,0.0733,0.7159,918.85,967.23,915.06,960.84,41.99,52.17,6.39,3.79,0.8049,0.1225,0.0726,956.64,962.13,923.46,927.2,29.44,38.67,5.49,3.74,0.7613,0.142,0.0967,1,1,1,0,0,1,0,0,0,0,0,0,0
951.59,973.63,948.84,963.38,17421165,11.79,24.79,10.25,2.75,0.4756,0.4135,0.1109,955.77,957.15,938.32,951.8,3.97,18.83,1.38,13.48,0.2108,0.0733,0.7159,918.85,967.23,915.06,960.84,41.99,52.17,6.39,3.79,0.8049,0.1225,0.0726,1,1,1,0,0,0,0,0,1,0,0,0,0
959.8,959.8,941.64,944.83,16822814,14.97,18.16,0.0,3.19,0.8243,0.0,0.1757,951.59,973.63,948.84,963.38,11.79,24.79,10.25,2.75,0.4756,0.4135,0.1109,955.77,957.15,938.32,951.8,3.97,18.83,1.38,13.48,0.2108,0.0733,0.7159,1,1,1,0,0,0,0,0,0,0,0,0,0
947.92,947.92,916.08,919.05,22001648,28.87,31.84,0.0,2.97,0.9067,0.0,0.0933,959.8,959.8,941.64,944.83,14.97,18.16,0.0,3.19,0.8243,0.0,0.1757,951.59,973.63,948.84,963.38,11.79,24.79,10.25,2.75,0.4756,0.4135,0.1109,1,1,1,0,0,0,0,0,0,0,0,0,0
928.54,929.32,910.86,920.53,20180202,8.01,18.46,0.78,9.67,0.4339,0.0423,0.5238,947.92,947.92,916.08,919.05,28.87,31.84,0.0,2.97,0.9067,0.0,0.0933,959.8,959.8,941.64,944.83,14.97,18.16,0.0,3.19,0.8243,0.0,0.1757,1,1,1,0,0,0,0,0,0,0,0,0,0
926.69,945.57,919.1,936.52,20441701,9.83,26.47,9.05,7.59,0.3714,0.3419,0.2867,928.54,929.32,910.86,920.53,8.01,18.46,0.78,9.67,0.4339,0.0423,0.5238,947.92,947.92,916.08,919.05,28.87,31.84,0.0,2.97,0.9067,0.0,0.0933,1,1,1,0,0,0,0,0,0,0,0,1,0
931.31,946.03,922.54,924.43,16250796,6.88,23.49,14.72,1.89,0.2929,0.6266,0.0805,926.69,945.57,919.1,936.52,9.83,26.47,9.05,7.59,0.3714,0.3419,0.2867,928.54,929.32,910.86,920.53,8.01,18.46,0.78,9.67,0.4339,0.0423,0.5238,1,1,1,0,0,0,1,0,0,0,1,0,0
931.31,936.84,924.45,933.08,11723312,1.77,12.39,3.76,6.86,0.1429,0.3035,0.5537,931.31,946.03,922.54,924.43,6.88,23.49,14.72,1.89,0.2929,0.6266,0.0805,926.69,945.57,919.1,936.52,9.83,26.47,9.05,7.59,0.3714,0.3419,0.2867,1,1,1,0,0,0,0,0,0,0,0,0,0
934.51,934.54,905.51,919.58,14875099,14.93,29.03,0.03,14.07,0.5143,0.001,0.4847,931.31,936.84,924.45,933.08,1.77,12.39,3.76,6.86,0.1429,0.3035,0.5537,931.31,946.03,922.54,924.43,6.88,23.49,14.72,1.89,0.2929,0.6266,0.0805,1,1,1,0,0,0,0,0,0,1,0,0,0
924.85,925.28,908.69,915.75,14009194,9.1,16.59,0.43,7.06,0.5485,0.0259,0.4256,934.51,934.54,905.51,919.58,14.93,29.03,0.03,14.07,0.5143,0.001,0.4847,931.31,936.84,924.45,933.08,1.77,12.39,3.76,6.86,0.1429,0.3035,0.5537,1,1,1,0,0,0,0,0,0,0,0,0,0
923.0,944.64,919.91,924.31,24266353,1.31,24.73,20.33,3.09,0.053,0.8221,0.1249,924.85,925.28,908.69,915.75,9.1,16.59,0.43,7.06,0.5485,0.0259,0.4256,934.51,934.54,905.51,919.58,14.93,29.03,0.03,14.07,0.5143,0.001,0.4847,1,1,1,0,0,0,0,1,0,0,0,1,0
928.08,933.15,919.77,925.47,15369188,2.61,13.38,5.07,5.7,0.1951,0.3789,0.426,923.0,944.64,919.91,924.31,1.31,24.73,20.33,3.09,0.053,0.8221,0.1249,924.85,925.28,908.69,915.75,9.1,16.59,0.43,7.06,0.5485,0.0259,0.4256,1,1,1,0,0,0,0,0,0,0,0,0,0
922.28,925.93,913.77,914.72,14037885,7.56,12.16,3.65,0.95,0.6217,0.3002,0.0781,928.08,933.15,919.77,925.47,2.61,13.38,5.07,5.7,0.1951,0.3789,0.426,923.0,944.64,919.91,924.31,1.31,24.73,20.33,3.09,0.053,0.8221,0.1249,1,1,1,0,0,0,0,0,0,0,0,0,0
904.08,905.19,876.97,882.0,20901482,22.08,28.22,1.11,5.03,0.7824,0.0393,0.1782,922.28,925.93,913.77,914.72,7.56,12.16,3.65,0.95,0.6217,0.3002,0.0781,928.08,933.15,919.77,925.47,2.61,13.38,5.07,5.7,0.1951,0.3789,0.426,1,1,1,0,0,0,0,0,0,0,0,0,0
887.93,895.59,885.09,891.53,19411189,3.6,10.5,4.06,2.84,0.3429,0.3867,0.2705,904.08,905.19,876.97,882.0,22.08,28.22,1.11,5.03,0.7824,0.0393,0.1782,922.28,925.93,913.77,914.72,7.56,12.16,3.65,0.95,0.6217,0.3002,0.0781,1,1,1,0,0,0,0,0,0,0,0,0,0
888.99,905.0,882.85,897.29,19723716,8.3,22.15,7.71,6.14,0.3747,0.3481,0.2772,887.93,895.59,885.09,891.53,3.6,10.5,4.06,2.84,0.3429,0.3867,0.2705,904.08,905.19,876.97,882.0,22.08,28.22,1.11,5.03,0.7824,0.0393,0.1782,1,1,1,0,0,0,0,0,0,0,0,1,0
893.74,899.88,889.06,891.66,15656948,2.08,10.82,6.14,2.6,0.1922,0.5675,0.2403,888.99,905.0,882.85,897.29,8.3,22.15,7.71,6.14,0.3747,0.3481,0.2772,887.93,895.59,885.09,891.53,3.6,10.5,4.06,2.84,0.3429,0.3867,0.2705,1,1,1,0,0,0,0,0,0,0,0,0,0
878.7,884.42,872.23,877.63,18478808,1.07,12.19,5.72,5.4,0.0878,0.4692,0.443,893.74,899.88,889.06,891.66,2.08,10.82,6.14,2.6,0.1922,0.5675,0.2403,888.99,905.0,882.85,897.29,8.3,22.15,7.71,6.14,0.3747,0.3481,0.2772,1,1,1,0,0,0,0,1,0,0,0,0,1
881.7,885.62,872.44,877.38,17203668,4.32,13.18,3.92,4.94,0.3278,0.2974,0.3748,878.7,884.42,872.23,877.63,1.07,12.19,5.72,5.4,0.0878,0.4692,0.443,893.74,899.88,889.06,891.66,2.08,10.82,6.14,2.6,0.1922,0.5675,0.2403,1,1,1,0,0,0,0,0,0,0,0,0,0
873.27,883.52,866.1,879.8,14490954,6.53,17.42,3.72,7.17,0.3749,0.2135,0.4116,881.7,885.62,872.44,877.38,4.32,13.18,3.92,4.94,0.3278,0.2974,0.3748,878.7,884.42,872.23,877.63,1.07,12.19,5.72,5.4,0.0878,0.4692,0.443,-1,-1,1,-1,0,0,0,0,0,0,0,0,0
879.62,885.57,874.7,878.86,11828857,0.76,10.87,5.95,4.16,0.0699,0.5474,0.3827,873.27,883.52,866.1,879.8,6.53,17.42,3.72,7.17,0.3749,0.2135,0.4116,881.7,885.62,872.44,877.38,4.32,13.18,3.92,4.94,0.3278,0.2974,0.3748,-1,-1,1,0,0,0,0,1,0,0,0,0,0
886.08,905.46,882.16,894.32,20846778,8.24,23.3,11.14,3.92,0.3536,0.4781,0.1682,879.62,885.57,874.7,878.86,0.76,10.87,5.95,4.16,0.0699,0.5474,0.3827,873.27,883.52,866.1,879.8,6.53,17.42,3.72,7.17,0.3749,0.2135,0.4116,-1,-1,1,0,0,0,0,0,0,0,0,0,0
895.31,921.71,894.5,917.76,19992524,22.45,27.21,3.95,0.81,0.8251,0.1452,0.0298,886.08,905.46,882.16,894.32,8.24,23.3,11.14,3.92,0.3536,0.4781,0.1682,879.62,885.57,874.7,878.86,0.76,10.87,5.95,4.16,0.0699,0.5474,0.3827,-1,-1,1,0,0,0,0,0,0,0,0,0,0
922.01,926.69,913.84,921.75,17122437,0.26,12.85,4.68,7.91,0.0202,0.3642,0.6156,895.31,921.71,894.5,917.76,22.45,27.21,3.95,0.81,0.8251,0.1452,0.0298,886.08,905.46,882.16,894.32,8.24,23.3,11.14,3.92,0.3536,0.4781,0.1682,-1,-1,1,0,0,0,0,1,0,0,0,0,0
933.57,943.54,926.37,934.1,17412606,0.53,17.17,9.44,7.2,0.0309,0.5498,0.4193,922.01,926.69,913.84,921.75,0.26,12.85,4.68,7.91,0.0202,0.3642,0.6156,895.31,921.71,894.5,917.76,22.45,27.21,3.95,0.81,0.8251,0.1452,0.0298,-1,-1,1,0,0,0,0,1,0,0,0,0,0
926.92,939.61,917.25,920.46,19828769,6.46,22.36,12.69,3.21,0.2889,0.5675,0.1436,933.57,943.54,926.37,934.1,0.53,17.17,9.44,7.2,0.0309,0.5498,0.4193,922.01,926.69,913.84,921.75,0.26,12.85,4.68,7.91,0.0202,0.3642,0.6156,-1,-1,1,0,0,0,0,0,0,0,0,0,0
907.31,913.31,896.74,904.1,23640186,3.21,16.57,6.0,7.36,0.1937,0.3621,0.4442,926.92,939.61,917.25,920.46,6.46,22.36,12.69,3.21,0.2889,0.5675,0.1436,933.57,943.54,926.37,934.1,0.53,17.17,9.44,7.2,0.0309,0.5498,0.4193,-1,-1,1,0,0,0,0,0,0,0,0,0,0
899.92,908.14,881.93,884.51,21849830,15.41,26.21,8.22,2.58,0.5879,0.3136,0.0984,907.31,913.31,896.74,904.1,3.21,16.57,6.0,7.36,0.1937,0.3621,0.4442,926.92,939.61,917.25,920.46,6.46,22.36,12.69,3.21,0.2889,0.5675,0.1436,-1,-1,1,0,0,0,0,0,0,0,0,0,0
887.63,894.62,880.56,886.13,12393609,1.5,14.06,6.99,5.57,0.1067,0.4972,0.3962,899.92,908.14,881.93,884.51,15.41,26.21,8.22,2.58,0.5879,0.3136,0.0984,907.31,913.31,896.74,904.1,3.21,16.57,6.0,7.36,0.1937,0.3621,0.4442,-1,-1,1,0,0,0,0,0,0,0,0,0,0
886.93,893.0,879.9,891.16,14624666,4.23,13.1,1.84,7.03,0.3229,0.1405,0.5366,887.63,894.62,880.56,886.13,1.5,14.06,6.99,5.57,0.1067,0.4972,0.3962,899.92,908.14,881.93,884.51,15.41,26.21,8.22,2.58,0.5879,0.3136,0.0984,-1,-1,1,0,0,0,0,0,0,0,0,1,0
894.27,902.53,888.85,891.5,12288548,2.77,13.68,8.26,2.65,0.2025,0.6038,0.1937,886.93,893.0,879.9,891.16,4.23,13.1,1.84,7.03,0.3229,0.1405,0.5366,887.63,894.62,880.56,886.13,1.5,14.06,6.99,5.57,0.1067,0.4972,0.3962,-1,-1,1,0,0,0,1,0,0,0,0,0,0
894.85,898.45,886.52,888.94,13941237,5.91,11.93,3.6,2.42,0.4954,0.3018,0.2028,894.27,902.53,888.85,891.5,2.77,13.68,8.26,2.65,0.2025,0.6038,0.1937,886.93,893.0,879.9,891.16,4.23,13.1,1.84,7.03,0.3229,0.1405,0.5366,-1,-1,1,0,0,0,0,0,0,0,0,0,1
883.77,894.64,881.46,892.15,13478264,8.38,13.18,2.49,2.31,0.6358,0.1889,0.1753,894.85,898.45,886.52,888.94,5.91,11.93,3.6,2.42,0.4954,0.3018,0.2028,894.27,902.53,888.85,891.5,2.77,13.68,8.26,2.65,0.2025,0.6038,0.1937,-1,-1,1,0,0,0,0,0,0,0,0,0,0
890.74,892.03,880.08,882.92,13177961,7.82,11.95,1.29,2.84,0.6544,0.1079,0.2377,883.77,894.64,881.46,892.15,8.38,13.18,2.49,2.31,0.6358,0.1889,0.1753,894.85,898.45,886.52,888.94,5.91,11.93,3.6,2.42,0.4954,0.3018,0.2028,-1,-1,1,0,0,0,0,0,0,0,0,0,0
889.79,896.23,879.62,894.06,13291616,4.27,16.61,2.17,10.17,0.2571,0.1306,0.6123,890.74,892.03,880.08,882.92,7.82,11.95,1.29,2.84,0.6544,0.1079,0.2377,883.77,894.64,881.46,892.15,8.38,13.18,2.49,2.31,0.6358,0.1889,0.1753,1,1,1,1,1,1,0,0,0,0,0,0,0
894.06,906.13,890.88,904.7,11873078,10.64,15.25,1.43,3.18,0.6977,0.0938,0.2085,889.79,896.23,879.62,894.06,4.27,16.61,2.17,10.17,0.2571,0.1306,0.6123,890.74,892.03,880.08,882.92,7.82,11.95,1.29,2.84,0.6544,0.1079,0.2377,1,1,1,0,0,0,0,0,0,0,0,1,0
914.23,924.2,910.31,917.44,12064918,3.21,13.89,6.76,3.92,0.2311,0.4867,0.2822,894.06,906.13,890.88,904.7,10.64,15.25,1.43,3.18,0.6977,0.0938,0.2085,889.79,896.23,879.62,894.06,4.27,16.61,2.17,10.17,0.2571,0.1306,0.6123,1,1,1,0,0,0,0,0,0,0,0,0,0
913.77,930.59,910.08,921.64,16317002,7.87,20.51,8.95,3.69,0.3837,0.4364,0.1799,914.23,924.2,910.31,917.44,3.21,13.89,6.76,3.92,0.2311,0.4867,0.2822,894.06,906.13,890.88,904.7,10.64,15.25,1.43,3.18,0.6977,0.0938,0.2085,-1,-1,1,-1,0,0,0,0,0,0,0,0,0
922.03,928.03,914.23,916.26,11422532,5.77,13.8,6.0,2.03,0.4181,0.4348,0.1471,913.77,930.59,910.08,921.64,7.87,20.51,8.95,3.69,0.3837,0.4364,0.1799,914.23,924.2,910.31,917.44,3.21,13.89,6.76,3.92,0.2311,0.4867,0.2822,-1,-1,1,0,0,0,0,0,0,0,0,0,0
919.31,927.43,916.54,924.18,10785605,4.87,10.89,3.25,2.77,0.4472,0.2984,0.2544,922.03,928.03,914.23,916.26,5.77,13.8,6.0,2.03,0.4181,0.4348,0.1471,913.77,930.59,910.08,921.64,7.87,20.51,8.95,3.69,0.3837,0.4364,0.1799,-1,-1,1,0,0,0,0,0,0,0,0,0,0
926.69,927.52,914.69,916.38,8551760,10.31,12.83,0.83,1.69,0.8036,0.0647,0.1317,919.31,927.43,916.54,924.18,4.87,10.89,3.25,2.77,0.4472,0.2984,0.2544,922.03,928.03,914.23,916.26,5.77,13.8,6.0,2.03,0.4181,0.4348,0.1471,-1,-1,1,0,0,0,0,0,0,1,0,0,0
921.34,921.62,904.54,905.99,14780102,15.35,17.08,0.28,1.45,0.8987,0.0164,0.0849,926.69,927.52,914.69,916.38,10.31,12.83,0.83,1.69,0.8036,0.0647,0.1317,919.31,927.43,916.54,924.18,4.87,10.89,3.25,2.77,0.4472,0.2984,0.2544,1,1,1,1,0,0,0,0,0,0,0,0,0
911.46,913.54,906.99,909.18,7480204,2.28,6.55,2.08,2.19,0.3481,0.3176,0.3344,921.34,921.62,904.54,905.99,15.35,17.08,0.28,1.45,0.8987,0.0164,0.0849,926.69,927.52,914.69,916.38,10.31,12.83,0.83,1.69,0.8036,0.0647,0.1317,1,1,1,0,0,0,0,0,0,0,0,0,0
909.29,919.77,905.58,911.97,26819294,2.68,14.19,7.8,3.71,0.1889,0.5497,0.2615,911.46,913.54,906.99,909.18,2.28,6.55,2.08,2.19,0.3481,0.3176,0.3344,921.34,921.62,904.54,905.99,15.35,17.08,0.28,1.45,0.8987,0.0164,0.0849,1,1,1,0,0,0,0,0,0,0,0,1,0
918.38,971.46,918.38,966.75,56469931,48.37,53.08,4.71,0.0,0.9113,0.0887,0.0,909.29,919.77,905.58,911.97,2.68,14.19,7.8,3.71,0.1889,0.5497,0.2615,911.46,913.54,906.99,909.18,2.28,6.55,2.08,2.19,0.3481,0.3176,0.3344,1,1,1,0,0,0,0,0,0,0,0,0,0
970.07,1011.47,962.25,996.98,59124142,26.91,49.22,14.49,7.82,0.5467,0.2944,0.1589,918.38,971.46,918.38,966.75,48.37,53.08,4.71,0.0,0.9113,0.0887,0.0,909.29,919.77,905.58,911.97,2.68,14.19,7.8,3.71,0.1889,0.5497,0.2615,1,1,1,0,0,0,0,0,0,0,0,0,0
999.61,1016.22,990.61,1000.95,28013832,1.34,25.61,15.27,9.0,0.0523,0.5963,0.3514,970.07,1011.47,962.25,996.98,26.91,49.22,14.49,7.82,0.5467,0.2944,0.1589,918.38,971.46,918.38,966.75,48.37,53.08,4.71,0.0,0.9113,0.0887,0.0,1,1,1,0,0,0,0,1,0,0,0,0,0
995.46,1019.68,995.46,1015.88,24630162,20.42,24.22,3.8,0.0,0.8431,0.1569,0.0,999.61,1016.22,990.61,1000.95,1.34,25.61,15.27,9.0,0.0523,0.5963,0.3514,970.07,1011.47,962.25,996.98,26.91,49.22,14.49,7.82,0.5467,0.2944,0.1589,1,1,1,0,0,0,0,0,0,0,0,0,0
1024.99,1038.37,1013.5,1019.75,23974257,5.24,24.87,13.38,6.25,0.2107,0.538,0.2513,995.46,1019.68,995.46,1015.88,20.42,24.22,3.8,0.0,0.8431,0.1569,0.0,999.61,1016.22,990.61,1000.95,1.34,25.61,15.27,9.0,0.0523,0.5963,0.3514,1,1,1,0,0,0,0,0,0,0,0,0,0
1022.13,1022.89,1008.03,1010.92,14468646,11.21,14.86,0.76,2.89,0.7544,0.0511,0.1945,1024.99,1038.37,1013.5,1019.75,5.24,24.87,13.38,6.25,0.2107,0.538,0.2513,995.46,1019.68,995.46,1015.88,20.42,24.22,3.8,0.0,0.8431,0.1569,0.0,1,1,1,0,0,0,0,0,0,0,0,0,1
1016.22,1034.68,1008.38,1027.94,16336573,11.72,26.3,6.74,7.84,0.4456,0.2563,0.2981,1022.13,1022.89,1008.03,1010.92,11.21,14.86,0.76,2.89,0.7544,0.0511,0.1945,1024.99,1038.37,1013.5,1019.75,5.24,24.87,13.38,6.25,0.2107,0.538,0.2513,1,1,1,0,0,0,0,0,0,0,0,0,0
1027.58,1027.83,1014.45,1022.04,9674735,5.54,13.38,0.25,7.59,0.4141,0.0187,0.5673,1016.22,1034.68,1008.38,1027.94,11.72,26.3,6.74,7.84,0.4456,0.2563,0.2981,1022.13,1022.89,1008.03,1010.92,11.21,14.86,0.76,2.89,0.7544,0.0511,0.1945,1,1,1,0,0,0,0,0,0,0,0,0,0
1024.07,1024.99,995.89,1003.76,11409161,20.31,29.1,0.92,7.87,0.6979,0.0316,0.2704,1027.58,1027.83,1014.45,1022.04,5.54,13.38,0.25,7.59,0.4141,0.0187,0.5673,1016.22,1034.68,1008.38,1027.94,11.72,26.3,6.74,7.84,0.4456,0.2563,0.2981,1,1,1,0,0,0,0,0,0,0,0,0,1
1012.25,1029.14,1004.94,1007.45,14155653,4.8,24.2,16.89,2.51,0.1983,0.6979,0.1037,1024.07,1024.99,995.89,1003.76,20.31,29.1,0.92,7.87,0.6979,0.0316,0.2704,1027.58,1027.83,1014.45,1022.04,5.54,13.38,0.25,7.59,0.4141,0.0187,0.5673,1,1,1,0,0,0,1,0,0,0,0,0,0
1007.41,1028.22,1006.12,1021.37,13762778,13.96,22.1,6.85,1.29,0.6317,0.31,0.0584,1012.25,1029.14,1004.94,1007.45,4.8,24.2,16.89,2.51,0.1983,0.6979,0.1037,1024.07,1024.99,995.89,1003.76,20.31,29.1,0.92,7.87,0.6979,0.0316,0.2704,1,1,1,0,0,0,0,0,1,0,0,1,0
1022.22,1042.18,1013.02,1036.02,20332436,13.8,29.16,6.16,9.2,0.4733,0.2112,0.3155,1007.41,1028.22,1006.12,1021.37,13.96,22.1,6.85,1.29,0.6317,0.31,0.0584,1012.25,1029.14,1004.94,1007.45,4.8,24.2,16.89,2.51,0.1983,0.6979,0.1037,1,1,1,0,0,0,0,0,0,0,0,0,0
1043.45,1049.87,1033.9,1038.37,15174215,5.08,15.97,6.42,4.47,0.3181,0.402,0.2799,1022.22,1042.18,1013.02,1036.02,13.8,29.16,6.16,9.2,0.4733,0.2112,0.3155,1007.41,1028.22,1006.12,1021.37,13.96,22.1,6.85,1.29,0.6317,0.31,0.0584,1,1,1,0,0,0,0,0,0,0,0,0,1
1036.02,1037.01,1018.0,1020.65,10797349,15.37,19.01,0.99,2.65,0.8085,0.0521,0.1394,1043.45,1049.87,1033.9,1038.37,5.08,15.97,6.42,4.47,0.3181,0.402,0.2799,1022.22,1042.18,1013.02,1036.02,13.8,29.16,6.16,9.2,0.4733,0.2112,0.3155,1,1,1,0,0,0,0,0,0,0,0,0,1
1015.3,1031.45,1006.02,1022.52,15745975,7.22,25.43,8.93,9.28,0.2839,0.3512,0.3649,1036.02,1037.01,1018.0,1020.65,15.37,19.01,0.99,2.65,0.8085,0.0521,0.1394,1043.45,1049.87,1033.9,1038.37,5.08,15.97,6.42,4.47,0.3181,0.402,0.2799,1,1,1,0,0,0,0,0,0,0,0,0,0
1027.07,1031.45,1008.08,1027.14,29369026,0.07,23.37,4.31,18.99,0.003,0.1844,0.8126,1015.3,1031.45,1006.02,1022.52,7.22,25.43,8.93,9.28,0.2839,0.3512,0.3649,1036.02,1037.01,1018.0,1020.65,15.37,19.01,0.99,2.65,0.8085,0.0521,0.1394,1,1,1,0,0,0,0,1,0,0,0,1,0
1016.91,1037.22,1015.37,1032.49,12186448,15.58,21.85,4.73,1.54,0.713,0.2165,0.0705,1027.07,1031.45,1008.08,1027.14,0.07,23.37,4.31,18.99,0.003,0.1844,0.8126,1015.3,1031.45,1006.02,1022.52,7.22,25.43,8.93,9.28,0.2839,0.3512,0.3649,1,1,1,0,0,0,0,0,0,0,0,0,0
1040.22,1043.45,1024.23,1027.18,12871913,13.04,19.22,3.23,2.95,0.6785,0.1681,0.1535,1016.91,1037.22,1015.37,1032.49,15.58,21.85,4.73,1.54,0.713,0.2165,0.0705,1027.07,1031.45,1008.08,1027.14,0.07,23.37,4.31,18.99,0.003,0.1844,0.8126,1,1,1,0,0,0,0,0,0,0,0,0,0
1038.37,1038.65,1016.08,1017.77,16653951,20.6,22.57,0.28,1.69,0.9127,0.0124,0.0749,1040.22,1043.45,1024.23,1027.18,13.04,19.22,3.23,2.95,0.6785,0.1681,0.1535,1016.91,1037.22,1015.37,1032.49,15.58,21.85,4.73,1.54,0.713,0.2165,0.0705,1,1,1,0,0,0,0,0,0,0,0,0,1
1018.46,1022.04,987.61,993.84,91461975,24.62,34.43,3.58,6.23,0.7151,0.104,0.1809,1038.37,1038.65,1016.08,1017.77,20.6,22.57,0.28,1.69,0.9127,0.0124,0.0749,1040.22,1043.45,1024.23,1027.18,13.04,19.22,3.23,2.95,0.6785,0.1681,0.1535,1,1,1,0,0,0,0,0,0,0,0,0,0
993.84,993.84,960.43,971.2,55355022,22.64,33.41,0.0,10.77,0.6776,0.0,0.3224,1018.46,1022.04,987.61,993.84,24.62,34.43,3.58,6.23,0.7151,0.104,0.1809,1038.37,1038.65,1016.08,1017.77,20.6,22.57,0.28,1.69,0.9127,0.0124,0.0749,1,1,1,0,0,0,0,0,0,0,0,0,0
979.3,981.38,960.38,962.69,20277042,16.61,21.0,2.08,2.31,0.791,0.099,0.11,993.84,993.84,960.43,971.2,22.64,33.41,0.0,10.77,0.6776,0.0,0.3224,1018.46,1022.04,987.61,993.84,24.62,34.43,3.58,6.23,0.7151,0.104,0.1809,1,1,1,0,0,0,0,0,0,0,0,0,0
964.3,973.3,961.81,963.52,27144063,0.78,11.49,9.0,1.71,0.0679,0.7833,0.1488,979.3,981.38,960.38,962.69,16.61,21.0,2.08,2.31,0.791,0.099,0.11,993.84,993.84,960.43,971.2,22.64,33.41,0.0,10.77,0.6776,0.0,0.3224,1,1,1,0,0,0,0,1,0,0,0,0,0
967.42,979.6,965.02,974.06,19762858,6.64,14.58,5.54,2.4,0.4554,0.38,0.1646,964.3,973.3,961.81,963.52,0.78,11.49,9.0,1.71,0.0679,0.7833,0.1488,979.3,981.38,960.38,962.69,16.61,21.0,2.08,2.31,0.791,0.099,0.11,1,1,1,0,0,0,0,0,0,0,0,1,0
977.46,979.83,966.84,968.2,12534407,9.26,12.99,2.37,1.36,0.7129,0.1824,0.1047,967.42,979.6,965.02,974.06,6.64,14.58,5.54,2.4,0.4554,0.38,0.1646,964.3,973.3,961.81,963.52,0.78,11.49,9.0,1.71,0.0679,0.7833,0.1488,1,1,1,0,0,0,0,0,0,0,0,0,0
967.77,984.33,965.9,982.56,14086620,14.79,18.43,1.77,1.87,0.8025,0.096,0.1015,977.46,979.83,966.84,968.2,9.26,12.99,2.37,1.36,0.7129,0.1824,0.1047,967.42,979.6,965.02,974.06,6.64,14.58,5.54,2.4,0.4554,0.38,0.1646,1,1,1,0,0,0,0,0,1,0,0,0,0
985.97,993.86,983.69,992.32,11702287,6.35,10.17,1.54,2.28,0.6244,0.1514,0.2242,967.77,984.33,965.9,982.56,14.79,18.43,1.77,1.87,0.8025,0.096,0.1015,977.46,979.83,966.84,968.2,9.26,12.99,2.37,1.36,0.7129,0.1824,0.1047,-1,-1,1,-1,0,0,0,0,0,0,0,0,0
989.89,991.72,978.47,980.59,10070124,9.3,13.25,1.83,2.12,0.7019,0.1381,0.16,985.97,993.86,983.69,992.32,6.35,10.17,1.54,2.28,0.6244,0.1514,0.2242,967.77,984.33,965.9,982.56,14.79,18.43,1.77,1.87,0.8025,0.096,0.1015,-1,-1,1,0,0,0,0,0,0,0,0,0,1
981.96,981.96,968.23,973.79,10454892,8.17,13.73,0.0,5.56,0.595,0.0,0.405,989.89,991.72,978.47,980.59,9.3,13.25,1.83,2.12,0.7019,0.1381,0.16,985.97,993.86,983.69,992.32,6.35,10.17,1.54,2.28,0.6244,0.1514,0.2242,-1,-1,1,0,0,0,0,0,0,0,0,0,0
976.97,976.97,960.38,965.73,11185460,11.24,16.59,0.0,5.35,0.6775,0.0,0.3225,981.96,981.96,968.23,973.79,8.17,13.73,0.0,5.56,0.595,0.0,0.405,989.89,991.72,978.47,980.59,9.3,13.25,1.83,2.12,0.7019,0.1381,0.16,-1,-1,1,0,0,0,0,0,0,0,0,0,0
963.61,965.32,953.5,955.86,9037675,7.75,11.82,1.71,2.36,0.6557,0.1447,0.1997,976.97,976.97,960.38,965.73,11.24,16.59,0.0,5.35,0.6775,0.0,0.3225,981.96,981.96,968.23,973.79,8.17,13.73,0.0,5.56,0.595,0.0,0.405,-1,-1,1,0,0,0,0,0,0,0,0,0,0
959.8,969.84,957.38,961.81,8585292,2.01,12.46,8.03,2.42,0.1613,0.6445,0.1942,963.61,965.32,953.5,955.86,7.75,11.82,1.71,2.36,0.6557,0.1447,0.1997,976.97,976.97,960.38,965.73,11.24,16.59,0.0,5.35,0.6775,0.0,0.3225,-1,-1,1,0,0,0,0,0,0,0,0,1,0
969.15,970.56,963.63,969.01,6717133,0.14,6.93,1.41,5.38,0.0202,0.2035,0.7763,959.8,969.84,957.38,961.81,2.01,12.46,8.03,2.42,0.1613,0.6445,0.1942,963.61,965.32,953.5,955.86,7.75,11.82,1.71,2.36,0.6557,0.1447,0.1997,-1,-1,1,0,0,0,0,1,0,0,0,0,0
969.31,972.31,960.5,962.69,8532544,6.62,11.81,3.0,2.19,0.5605,0.254,0.1854,969.15,970.56,963.63,969.01,0.14,6.93,1.41,5.38,0.0202,0.2035,0.7763,959.8,969.84,957.38,961.81,2.01,12.46,8.03,2.42,0.1613,0.6445,0.1942,-1,-1,1,0,0,0,0,0,0,0,0,0,1
966.84,966.84,959.23,961.0,9448356,5.84,7.61,0.0,1.77,0.7674,0.0,0.2326,969.31,972.31,960.5,962.69,6.62,11.81,3.0,2.19,0.5605,0.254,0.1854,969.15,970.56,963.63,969.01,0.14,6.93,1.41,5.38,0.0202,0.2035,0.7763,-1,-1,1,0,0,0,0,0,0,0,0,0,0
963.5,975.96,963.43,974.87,8828185,11.37,12.53,1.09,0.07,0.9074,0.087,0.0056,966.84,966.84,959.23,961.0,5.84,7.61,0.0,1.77,0.7674,0.0,0.2326,969.31,972.31,960.5,962.69,6.62,11.81,3.0,2.19,0.5605,0.254,0.1854,-1,-1,1,0,0,0,0,0,0,0,0,1,0
969.15,980.23,965.57,968.67,8354449,0.48,14.66,11.08,3.1,0.0327,0.7558,0.2115,963.5,975.96,963.43,974.87,11.37,12.53,1.09,0.07,0.9074,0.087,0.0056,966.84,966.84,959.23,961.0,5.84,7.61,0.0,1.77,0.7674,0.0,0.2326,-1,-1,1,0,0,0,0,1,0,0,0,0,0
968.92,972.84,961.77,966.29,6741464,2.63,11.07,3.92,4.52,0.2376,0.3541,0.4083,969.15,980.23,965.57,968.67,0.48,14.66,11.08,3.1,0.0327,0.7558,0.2115,963.5,975.96,963.43,974.87,11.37,12.53,1.09,0.07,0.9074,0.087,0.0056,-1,-1,1,0,0,0,0,0,0,0,0,0,1
977.92,980.18,968.3,978.7,7972397,0.78,11.88,1.48,9.62,0.0657,0.1246,0.8098,968.92,972.84,961.77,966.29,2.63,11.07,3.92,4.52,0.2376,0.3541,0.4083,969.15,980.23,965.57,968.67,0.48,14.66,11.08,3.1,0.0327,0.7558,0.2115,-1,-1,1,0,0,0,0,1,0,0,0,0,0
985.05,985.05,970.1,971.78,9937030,13.27,14.95,0.0,1.68,0.8876,0.0,0.1124,977.92,980.18,968.3,978.7,0.78,11.88,1.48,9.62,0.0657,0.1246,0.8098,968.92,972.84,961.77,966.29,2.63,11.07,3.92,4.52,0.2376,0.3541,0.4083,-1,-1,1,0,0,0,0,0,0,1,0,0,0
972.84,978.84,955.81,958.47,12389668,14.37,23.03,6.0,2.66,0.624,0.2605,0.1155,985.05,985.05,970.1,971.78,13.27,14.95,0.0,1.68,0.8876,0.0,0.1124,977.92,980.18,968.3,978.7,0.78,11.88,1.48,9.62,0.0657,0.1246,0.8098,-1,-1,1,0,0,0,0,0,0,0,0,0,0
958.44,961.63,942.38,948.38,10824523,10.06,19.25,3.19,6.0,0.5226,0.1657,0.3117,972.84,978.84,955.81,958.47,14.37,23.03,6.0,2.66,0.624,0.2605,0.1155,985.05,985.05,970.1,971.78,13.27,14.95,0.0,1.68,0.8876,0.0,0.1124,-1,-1,1,0,0,0,0,0,0,0,0,0,0
949.77,949.77,930.5,940.24,12897848,9.53,19.27,0.0,9.74,0.4946,0.0,0.5054,958.44,961.63,942.38,948.38,10.06,19.25,3.19,6.0,0.5226,0.1657,0.3117,972.84,978.84,955.81,958.47,14.37,23.03,6.0,2.66,0.624,0.2605,0.1155,-1,-1,1,0,0,0,0,0,0,0,0,0,0
947.92,957.34,943.03,947.57,13765738,0.35,14.31,9.42,4.54,0.0245,0.6583,0.3173,949.77,949.77,930.5,940.24,9.53,19.27,0.0,9.74,0.4946,0.0,0.5054,958.44,961.63,942.38,948.38,10.06,19.25,3.19,6.0,0.5226,0.1657,0.3117,-1,-1,1,0,0,0,0,1,0,0,0,0,0
949.77,954.36,937.35,939.29,11350608,10.48,17.01,4.59,1.94,0.6161,0.2698,0.1141,947.92,957.34,943.03,947.57,0.35,14.31,9.42,4.54,0.0245,0.6583,0.3173,949.77,949.77,930.5,940.24,9.53,19.27,0.0,9.74,0.4946,0.0,0.5054,-1,-1,1,0,0,0,0,0,0,0,0,0,0
948.06,959.64,941.99,956.46,10925104,8.4,17.65,3.18,6.07,0.4759,0.1802,0.3439,949.77,954.36,937.35,939.29,10.48,17.01,4.59,1.94,0.6161,0.2698,0.1141,947.92,957.34,943.03,947.57,0.35,14.31,9.42,4.54,0.0245,0.6583,0.3173,-1,-1,1,0,0,0,0,0,0,0,0,0,0
964.53,965.0,952.63,963.5,11817299,1.03,12.37,0.47,10.87,0.0833,0.038,0.8787,948.06,959.64,941.99,956.46,8.4,17.65,3.18,6.07,0.4759,0.1802,0.3439,949.77,954.36,937.35,939.29,10.48,17.01,4.59,1.94,0.6161,0.2698,0.1141,-1,-1,1,0,0,1,0,1,0,0,0,0,0
966.57,975.61,963.15,970.88,13169800,4.31,12.46,4.73,3.42,0.3459,0.3796,0.2745,964.53,965.0,952.63,963.5,1.03,12.37,0.47,10.87,0.0833,0.038,0.8787,948.06,959.64,941.99,956.46,8.4,17.65,3.18,6.07,0.4759,0.1802,0.3439,-1,-1,1,0,0,0,0,0,0,0,0,0,0
975.75,994.44,971.11,984.96,21252078,9.21,23.33,9.48,4.64,0.3948,0.4063,0.1989,966.57,975.61,963.15,970.88,4.31,12.46,4.73,3.42,0.3459,0.3796,0.2745,964.53,965.0,952.63,963.5,1.03,12.37,0.47,10.87,0.0833,0.038,0.8787,1,1,1,1,0,0,0,0,0,0,0,0,0
982.97,990.82,959.34,964.1,16620987,18.87,31.48,7.85,4.76,0.5994,0.2494,0.1512,975.75,994.44,971.11,984.96,9.21,23.33,9.48,4.64,0.3948,0.4063,0.1989,966.57,975.61,963.15,970.88,4.31,12.46,4.73,3.42,0.3459,0.3796,0.2745,1,1,1,0,0,0,0,0,0,0,0,0,0
960.38,964.44,953.69,958.6,7494143,1.78,10.75,4.06,4.91,0.1656,0.3777,0.4567,982.97,990.82,959.34,964.1,18.87,31.48,7.85,4.76,0.5994,0.2494,0.1512,975.75,994.44,971.11,984.96,9.21,23.33,9.48,4.64,0.3948,0.4063,0.1989,1,1,1,0,0,0,0,0,0,0,0,0,0
960.84,975.15,957.04,963.63,11919198,2.79,18.11,11.52,3.8,0.1541,0.6361,0.2098,960.38,964.44,953.69,958.6,1.78,10.75,4.06,4.91,0.1656,0.3777,0.4567,982.97,990.82,959.34,964.1,18.87,31.48,7.85,4.76,0.5994,0.2494,0.1512,1,1,1,0,0,0,0,0,0,0,0,1,0
967.74,978.38,961.49,977.13,9184963,9.39,16.89,1.25,6.25,0.556,0.074,0.37,960.84,975.15,957.04,963.63,2.79,18.11,11.52,3.8,0.1541,0.6361,0.2098,960.38,964.44,953.69,958.6,1.78,10.75,4.06,4.91,0.1656,0.3777,0.4567,1,1,1,0,0,0,0,0,0,0,0,0,0
980.64,981.24,971.46,974.0,8137612,6.64,9.78,0.6,2.54,0.6789,0.0613,0.2597,967.74,978.38,961.49,977.13,9.39,16.89,1.25,6.25,0.556,0.074,0.37,960.84,975.15,957.04,963.63,2.79,18.11,11.52,3.8,0.1541,0.6361,0.2098,1,1,1,0,0,0,0,0,0,0,0,0,0
977.13,992.18,973.28,990.22,12780901,13.09,18.9,1.96,3.85,0.6926,0.1037,0.2037,980.64,981.24,971.46,974.0,6.64,9.78,0.6,2.54,0.6789,0.0613,0.2597,967.74,978.38,961.49,977.13,9.39,16.89,1.25,6.25,0.556,0.074,0.37,1,1,1,0,0,0,0,0,0,0,0,0,0
991.92,1016.68,982.14,1003.07,21935444,11.15,34.54,13.61,9.78,0.3228,0.394,0.2831,977.13,992.18,973.28,990.22,13.09,18.9,1.96,3.85,0.6926,0.1037,0.2037,980.64,981.24,971.46,974.0,6.64,9.78,0.6,2.54,0.6789,0.0613,0.2597,1,1,1,0,0,0,0,0,0,0,0,0,0
1000.92,1008.47,991.23,998.8,12658169,2.12,17.24,7.55,7.57,0.123,0.4379,0.4391,991.92,1016.68,982.14,1003.07,11.15,34.54,13.61,9.78,0.3228,0.394,0.2831,977.13,992.18,973.28,990.22,13.09,18.9,1.96,3.85,0.6926,0.1037,0.2037,1,1,1,0,0,0,0,0,0,0,0,0,1
1003.3,1009.21,993.42,1002.68,10075860,0.62,15.79,5.91,9.26,0.0393,0.3743,0.5864,1000.92,1008.47,991.23,998.8,2.12,17.24,7.55,7.57,0.123,0.4379,0.4391,991.92,1016.68,982.14,1003.07,11.15,34.54,13.61,9.78,0.3228,0.394,0.2831,1,1,1,0,0,0,0,1,0,0,0,0,1
988.99,1002.38,986.23,991.42,9426282,2.43,16.15,10.96,2.76,0.1505,0.6786,0.1709,1003.3,1009.21,993.42,1002.68,0.62,15.79,5.91,9.26,0.0393,0.3743,0.5864,1000.92,1008.47,991.23,998.8,2.12,17.24,7.55,7.57,0.123,0.4379,0.4391,1,1,1,0,0,0,0,0,0,0,0,1,0
1003.3,1003.3,984.06,997.92,9854395,5.38,19.24,0.0,13.86,0.2796,0.0,0.7204,988.99,1002.38,986.23,991.42,2.43,16.15,10.96,2.76,0.1505,0.6786,0.1709,1003.3,1009.21,993.42,1002.68,0.62,15.79,5.91,9.26,0.0393,0.3743,0.5864,1,1,1,0,0,1,0,0,0,0,0,0,0
999.17,1011.61,994.81,1007.78,11864472,8.61,16.8,3.83,4.36,0.5125,0.228,0.2595,1003.3,1003.3,984.06,997.92,5.38,19.24,0.0,13.86,0.2796,0.0,0.7204,988.99,1002.38,986.23,991.42,2.43,16.15,10.96,2.76,0.1505,0.6786,0.1709,1,1,1,0,0,0,0,0,0,0,0,0,0
1008.56,1024.53,1006.12,1016.5,13380559,7.94,18.41,8.03,2.44,0.4313,0.4362,0.1325,999.17,1011.61,994.81,1007.78,8.61,16.8,3.83,4.36,0.5125,0.228,0.2595,1003.3,1003.3,984.06,997.92,5.38,19.24,0.0,13.86,0.2796,0.0,0.7204,1,1,1,0,0,0,0,0,0,0,0,0,0
1018.99,1036.02,1017.61,1029.35,18589616,10.36,18.41,6.67,1.38,0.5627,0.3623,0.075,1008.56,1024.53,1006.12,1016.5,7.94,18.41,8.03,2.44,0.4313,0.4362,0.1325,999.17,1011.61,994.81,1007.78,8.61,16.8,3.83,4.36,0.5125,0.228,0.2595,1,1,1,0,0,0,0,0,0,0,0,0,0
1032.38,1035.03,1022.71,1027.94,10480636,4.44,12.32,2.65,5.23,0.3604,0.2151,0.4245,1018.99,1036.02,1017.61,1029.35,10.36,18.41,6.67,1.38,0.5627,0.3623,0.075,1008.56,1024.53,1006.12,1016.5,7.94,18.41,8.03,2.44,0.4313,0.4362,0.1325,1,1,1,0,0,0,0,0,0,0,0,0,0
1038.37,1050.3,1032.28,1047.72,14027062,9.35,18.02,2.58,6.09,0.5189,0.1432,0.338,1032.38,1035.03,1022.71,1027.94,4.44,12.32,2.65,5.23,0.3604,0.2151,0.4245,1018.99,1036.02,1017.61,1029.35,10.36,18.41,6.67,1.38,0.5627,0.3623,0.075,1,1,1,0,0,0,0,0,0,0,0,0,0
1050.79,1053.95,1034.8,1042.14,26485463,8.65,19.15,3.16,7.34,0.4517,0.165,0.3833,1038.37,1050.3,1032.28,1047.72,9.35,18.02,2.58,6.09,0.5189,0.1432,0.338,1032.38,1035.03,1022.71,1027.94,4.44,12.32,2.65,5.23,0.3604,0.2151,0.4245,1,1,1,0,0,0,0,0,0,0,0,0,0
1048.99,1058.17,1044.37,1046.27,11145486,2.72,13.8,9.18,1.9,0.1971,0.6652,0.1377,1050.79,1053.95,1034.8,1042.14,8.65,19.15,3.16,7.34,0.4517,0.165,0.3833,1038.37,1050.3,1032.28,1047.72,9.35,18.02,2.58,6.09,0.5189,0.1432,0.338,1,1,1,0,0,0,1,0,0,0,0,0,1
1040.68,1065.05,1040.68,1058.87,9956770,18.19,24.37,6.18,0.0,0.7464,0.2536,0.0,1048.99,1058.17,1044.37,1046.27,2.72,13.8,9.18,1.9,0.1971,0.6652,0.1377,1050.79,1053.95,1034.8,1042.14,8.65,19.15,3.16,7.34,0.4517,0.165,0.3833,1,1,1,0,0,0,0,0,1,0,0,1,0
1066.06,1105.29,1062.6,1102.29,30664428,36.23,42.69,3.0,3.46,0.8487,0.0703,0.081,1040.68,1065.05,1040.68,1058.87,18.19,24.37,6.18,0.0,0.7464,0.2536,0.0,1048.99,1058.17,1044.37,1046.27,2.72,13.8,9.18,1.9,0.1971,0.6652,0.1377,1,1,1,0,0,0,0,0,0,0,0,0,0
1113.6,1144.52,1113.14,1119.41,33641710,5.81,31.38,25.11,0.46,0.1851,0.8002,0.0147,1066.06,1105.29,1062.6,1102.29,36.23,42.69,3.0,3.46,0.8487,0.0703,0.081,1040.68,1065.05,1040.68,1058.87,18.19,24.37,6.18,0.0,0.7464,0.2536,0.0,1,1,1,0,0,0,1,0,0,0,1,0,0
1121.44,1134.37,1113.14,1126.47,17349882,5.03,21.23,7.9,8.3,0.2369,0.3721,0.391,1113.6,1144.52,1113.14,1119.41,5.81,31.38,25.11,0.46,0.1851,0.8002,0.0147,1066.06,1105.29,1062.6,1102.29,36.23,42.69,3.0,3.46,0.8487,0.0703,0.081,1,1,1,0,0,0,0,0,0,0,0,0,0
1131.6,1132.52,1110.67,1122.07,14301651,9.53,21.85,0.92,11.4,0.4362,0.0421,0.5217,1121.44,1134.37,1113.14,1126.47,5.03,21.23,7.9,8.3,0.2369,0.3721,0.391,1113.6,1144.52,1113.14,1119.41,5.81,31.38,25.11,0.46,0.1851,0.8002,0.0147,1,1,1,0,0,0,0,0,0,0,0,0,1
1120.48,1125.07,1115.03,1119.41,8963249,1.07,10.04,4.59,4.38,0.1066,0.4572,0.4363,1131.6,1132.52,1110.67,1122.07,9.53,21.85,0.92,11.4,0.4362,0.0421,0.5217,1121.44,1134.37,1113.14,1126.47,5.03,21.23,7.9,8.3,0.2369,0.3721,0.391,1,1,1,0,0,0,0,0,0,0,0,0,0
1122.83,1122.83,1092.85,1094.47,16311160,28.36,29.98,0.0,1.62,0.946,0.0,0.054,1120.48,1125.07,1115.03,1119.41,1.07,10.04,4.59,4.38,0.1066,0.4572,0.4363,1131.6,1132.52,1110.67,1122.07,9.53,21.85,0.92,11.4,0.4362,0.0421,0.5217,1,1,1,0,0,0,0,0,0,0,0,0,0
1096.06,1104.83,1091.91,1093.04,8908356,3.02,12.92,8.77,1.13,0.2337,0.6788,0.0875,1122.83,1122.83,1092.85,1094.47,28.36,29.98,0.0,1.62,0.946,0.0,0.054,1120.48,1125.07,1115.03,1119.41,1.07,10.04,4.59,4.38,0.1066,0.4572,0.4363,1,1,1,0,0,0,1,0,0,0,1,0,0
1093.06,1105.64,1093.06,1097.59,9071075,4.53,12.58,8.05,0.0,0.3601,0.6399,0.0,1096.06,1104.83,1091.91,1093.04,3.02,12.92,8.77,1.13,0.2337,0.6788,0.0875,1122.83,1122.83,1092.85,1094.47,28.36,29.98,0.0,1.62,0.946,0.0,0.054,1,1,1,0,0,0,0,0,0,0,0,1,0
1099.08,1124.56,1092.37,1120.61,13448882,21.53,32.19,3.95,6.71,0.6688,0.1227,0.2084,1093.06,1105.64,1093.06,1097.59,4.53,12.58,8.05,0.0,0.3601,0.6399,0.0,1096.06,1104.83,1091.91,1093.04,3.02,12.92,8.77,1.13,0.2337,0.6788,0.0875,1,1,1,0,0,0,0,0,0,0,0,0,0
1128.83,1133.37,1096.34,1103.24,34882133,25.59,37.03,4.54,6.9,0.6911,0.1226,0.1863,1099.08,1124.56,1092.37,1120.61,21.53,32.19,3.95,6.71,0.6688,0.1227,0.2084,1093.06,1105.64,1093.06,1097.59,4.53,12.58,8.05,0.0,0.3601,0.6399,0.0,1,1,1,0,0,0,0,0,0,0,0,0,0
1094.72,1116.07,1093.75,1104.99,11779819,10.27,22.32,11.08,0.97,0.4601,0.4964,0.0435,1128.83,1133.37,1096.34,1103.24,25.59,37.03,4.54,6.9,0.6911,0.1226,0.1863,1099.08,1124.56,1092.37,1120.61,21.53,32.19,3.95,6.71,0.6688,0.1227,0.2084,1,1,1,0,0,0,0,0,0,0,0,0,0
1109.91,1115.26,1100.22,1109.77,9915736,0.14,15.04,5.35,9.55,0.0093,0.3557,0.635,1094.72,1116.07,1093.75,1104.99,10.27,22.32,11.08,0.97,0.4601,0.4964,0.0435,1128.83,1133.37,1096.34,1103.24,25.59,37.03,4.54,6.9,0.6911,0.1226,0.1863,1,1,1,0,0,0,0,1,0,0,0,0,0
1111.29,1126.98,1106.79,1121.68,10995912,10.39,20.19,5.3,4.5,0.5146,0.2625,0.2229,1109.91,1115.26,1100.22,1109.77,0.14,15.04,5.35,9.55,0.0093,0.3557,0.635,1094.72,1116.07,1093.75,1104.99,10.27,22.32,11.08,0.97,0.4601,0.4964,0.0435,1,1,1,0,0,0,0,0,0,0,0,0,0
1129.47,1152.37,1128.6,1149.09,15748397,19.62,23.77,3.28,0.87,0.8254,0.138,0.0366,1111.29,1126.98,1106.79,1121.68,10.39,20.19,5.3,4.5,0.5146,0.2625,0.2229,1109.91,1115.26,1100.22,1109.77,0.14,15.04,5.35,9.55,0.0093,0.3557,0.635,1,1,1,0,0,0,0,0,0,0,0,0,0
1155.39,1156.26,1140.83,1145.77,15192163,9.62,15.43,0.87,4.94,0.6235,0.0564,0.3202,1129.47,1152.37,1128.6,1149.09,19.62,23.77,3.28,0.87,0.8254,0.138,0.0366,1111.29,1126.98,1106.79,1121.68,10.39,20.19,5.3,4.5,0.5146,0.2625,0.2229,1,1,1,0,0,0,0,0,0,0,0,0,0
1147.75,1167.55,1142.35,1165.03,15373834,17.28,25.2,2.52,5.4,0.6857,0.1,0.2143,1155.39,1156.26,1140.83,1145.77,9.62,15.43,0.87,4.94,0.6235,0.0564,0.3202,1129.47,1152.37,1128.6,1149.09,19.62,23.77,3.28,0.87,0.8254,0.138,0.0366,1,1,1,0,0,0,0,0,0,0,0,0,0
1169.44,1183.7,1159.66,1175.92,18035258,6.48,24.04,7.78,9.78,0.2696,0.3236,0.4068,1147.75,1167.55,1142.35,1165.03,17.28,25.2,2.52,5.4,0.6857,0.1,0.2143,1155.39,1156.26,1140.83,1145.77,9.62,15.43,0.87,4.94,0.6235,0.0564,0.3202,1,1,1,0,0,0,0,0,0,0,0,0,0
1186.05,1186.05,1163.0,1166.6,9719875,19.45,23.05,0.0,3.6,0.8438,0.0,0.1562,1169.44,1183.7,1159.66,1175.92,6.48,24.04,7.78,9.78,0.2696,0.3236,0.4068,1147.75,1167.55,1142.35,1165.03,17.28,25.2,2.52,5.4,0.6857,0.1,0.2143,1,1,1,0,0,0,0,0,0,1,0,0,1
1165.29,1169.72,1153.91,1162.63,13590654,2.66,15.81,4.43,8.72,0.1682,0.2802,0.5515,1186.05,1186.05,1163.0,1166.6,19.45,23.05,0.0,3.6,0.8438,0.0,0.1562,1169.44,1183.7,1159.66,1175.92,6.48,24.04,7.78,9.78,0.2696,0.3236,0.4068,1,1,1,0,0,0,0,0,0,0,0,0,0
1154.65,1172.12,1151.44,1164.69,8958928,10.04,20.68,7.43,3.21,0.4855,0.3593,0.1552,1165.29,1169.72,1153.91,1162.63,2.66,15.81,4.43,8.72,0.1682,0.2802,0.5515,1186.05,1186.05,1163.0,1166.6,19.45,23.05,0.0,3.6,0.8438,0.0,0.1562,1,1,1,0,0,0,0,0,0,0,0,1,0
1178.21,1188.29,1170.85,1179.66,10918552,1.45,17.44,8.63,7.36,0.0831,0.4948,0.422,1154.65,1172.12,1151.44,1164.69,10.04,20.68,7.43,3.21,0.4855,0.3593,0.1552,1165.29,1169.72,1153.91,1162.63,2.66,15.81,4.43,8.72,0.1682,0.2802,0.5515,1,1,1,0,0,0,0,1,0,0,0,0,0
1179.18,1205.44,1175.6,1204.15,13533634,24.97,29.84,1.29,3.58,0.8368,0.0432,0.12,1178.21,1188.29,1170.85,1179.66,1.45,17.44,8.63,7.36,0.0831,0.4948,0.422,1154.65,1172.12,1151.44,1164.69,10.04,20.68,7.43,3.21,0.4855,0.3593,0.1552,1,1,1,0,0,0,0,0,0,0,0,0,0
1209.11,1209.11,1177.33,1181.37,10258881,27.74,31.78,0.0,4.04,0.8729,0.0,0.1271,1179.18,1205.44,1175.6,1204.15,24.97,29.84,1.29,3.58,0.8368,0.0432,0.12,1178.21,1188.29,1170.85,1179.66,1.45,17.44,8.63,7.36,0.0831,0.4948,0.422,1,1,1,0,0,0,0,0,0,0,0,0,0
1197.59,1199.32,1184.99,1187.16,6336665,10.43,14.33,1.73,2.17,0.7278,0.1207,0.1514,1209.11,1209.11,1177.33,1181.37,27.74,31.78,0.0,4.04,0.8729,0.0,0.1271,1179.18,1205.44,1175.6,1204.15,24.97,29.84,1.29,3.58,0.8368,0.0432,0.12,1,1,1,0,0,0,0,0,0,0,0,0,0
1193.09,1238.85,1191.36,1232.78,15772493,39.69,47.49,6.07,1.73,0.8358,0.1278,0.0364,1197.59,1199.32,1184.99,1187.16,10.43,14.33,1.73,2.17,0.7278,0.1207,0.1514,1209.11,1209.11,1177.33,1181.37,27.74,31.78,0.0,4.04,0.8729,0.0,0.1271,1,1,1,0,0,0,0,0,0,0,0,1,0
1246.7,1255.28,1220.83,1224.2,14768666,22.5,34.45,8.58,3.37,0.6531,0.2491,0.0978,1193.09,1238.85,1191.36,1232.78,39.69,47.49,6.07,1.73,0.8358,0.1278,0.0364,1197.59,1199.32,1184.99,1187.16,10.43,14.33,1.73,2.17,0.7278,0.1207,0.1514,1,1,1,0,0,0,0,0,0,0,0,0,0
1220.67,1238.2,1218.94,1231.19,6682011,10.52,19.26,7.01,1.73,0.5462,0.364,0.0898,1246.7,1255.28,1220.83,1224.2,22.5,34.45,8.58,3.37,0.6531,0.2491,0.0978,1193.09,1238.85,1191.36,1232.78,39.69,47.49,6.07,1.73,0.8358,0.1278,0.0364,1,1,1,0,0,0,0,0,0,0,0,0,0
1236.36,1255.05,1231.88,1243.72,9959762,7.36,23.17,11.33,4.48,0.3177,0.489,0.1934,1220.67,1238.2,1218.94,1231.19,10.52,19.26,7.01,1.73,0.5462,0.364,0.0898,1246.7,1255.28,1220.83,1224.2,22.5,34.45,8.58,3.37,0.6531,0.2491,0.0978,1,1,1,0,0,0,0,0,0,0,0,1,0
1246.21,1254.1,1240.14,1246.23,8623469,0.02,13.96,7.87,6.07,0.0014,0.5638,0.4348,1236.36,1255.05,1231.88,1243.72,7.36,23.17,11.33,4.48,0.3177,0.489,0.1934,1220.67,1238.2,1218.94,1231.19,10.52,19.26,7.01,1.73,0.5462,0.364,0.0898,1,1,1,0,0,0,0,1,0,0,0,0,0
1231.56,1266.82,1228.65,1249.56,13594479,18.0,38.17,17.26,2.91,0.4716,0.4522,0.0762,1246.21,1254.1,1240.14,1246.23,0.02,13.96,7.87,6.07,0.0014,0.5638,0.4348,1236.36,1255.05,1231.88,1243.72,7.36,23.17,11.33,4.48,0.3177,0.489,0.1934,1,1,1,0,0,0,0,0,0,0,0,0,0
1257.03,1269.75,1249.74,1260.75,8833409,3.72,20.01,9.0,7.29,0.1859,0.4498,0.3643,1231.56,1266.82,1228.65,1249.56,18.0,38.17,17.26,2.91,0.4716,0.4522,0.0762,1246.21,1254.1,1240.14,1246.23,0.02,13.96,7.87,6.07,0.0014,0.5638,0.4348,1,1,1,0,0,0,0,0,0,0,0,0,0
1265.78,1265.78,1242.13,1246.23,12710570,19.55,23.65,0.0,4.1,0.8266,0.0,0.1734,1257.03,1269.75,1249.74,1260.75,3.72,20.01,9.0,7.29,0.1859,0.4498,0.3643,1231.56,1266.82,1228.65,1249.56,18.0,38.17,17.26,2.91,0.4716,0.4522,0.0762,1,1,1,0,0,0,0,0,0,1,0,0,1
1258.69,1258.97,1201.38,1210.28,20831669,48.41,57.59,0.28,8.9,0.8406,0.0049,0.1545,1265.78,1265.78,1242.13,1246.23,19.55,23.65,0.0,4.1,0.8266,0.0,0.1734,1257.03,1269.75,1249.74,1260.75,3.72,20.01,9.0,7.29,0.1859,0.4498,0.3643,1,1,1,0,0,0,0,0,0,0,0,0,0
1209.13,1229.85,1205.21,1212.54,11027475,3.41,24.64,17.31,3.92,0.1384,0.7025,0.1591,1258.69,1258.97,1201.38,1210.28,48.41,57.59,0.28,8.9,0.8406,0.0049,0.1545,1265.78,1265.78,1242.13,1246.23,19.55,23.65,0.0,4.1,0.8266,0.0,0.1734,1,1,1,0,0,0,0,0,0,0,0,0,0
1236.82,1236.82,1186.05,1200.73,17198417,36.09,50.77,0.0,14.68,0.7109,0.0,0.2891,1209.13,1229.85,1205.21,1212.54,3.41,24.64,17.31,3.92,0.1384,0.7025,0.1591,1258.69,1258.97,1201.38,1210.28,48.41,57.59,0.28,8.9,0.8406,0.0049,0.1545,1,1,1,0,0,0,0,0,0,1,0,0,0
1207.79,1231.7,1201.35,1228.07,9750178,20.28,30.35,3.63,6.44,0.6682,0.1196,0.2122,1236.82,1236.82,1186.05,1200.73,36.09,50.77,0.0,14.68,0.7109,0.0,0.2891,1209.13,1229.85,1205.21,1212.54,3.41,24.64,17.31,3.92,0.1384,0.7025,0.1591,1,1,1,0,0,0,0,0,0,0,0,0,0
1223.9,1235.34,1209.11,1212.54,9896298,11.36,26.23,11.44,3.43,0.4331,0.4361,0.1308,1207.79,1231.7,1201.35,1228.07,20.28,30.35,3.63,6.44,0.6682,0.1196,0.2122,1236.82,1236.82,1186.05,1200.73,36.09,50.77,0.0,14.68,0.7109,0.0,0.2891,1,1,1,0,0,0,0,0,0,0,0,0,0
1209.13,1217.41,1195.52,1199.25,9886181,9.88,21.89,8.28,3.73,0.4513,0.3783,0.1704,1223.9,1235.34,1209.11,1212.54,11.36,26.23,11.44,3.43,0.4331,0.4361,0.1308,1207.79,1231.7,1201.35,1228.07,20.28,30.35,3.63,6.44,0.6682,0.1196,0.2122,1,1,1,0,0,0,0,0,0,0,0,0,1
1198.12,1198.12,1154.53,1170.48,14233025,27.64,43.59,0.0,15.95,0.6341,0.0,0.3659,1209.13,1217.41,1195.52,1199.25,9.88,21.89,8.28,3.73,0.4513,0.3783,0.1704,1223.9,1235.34,1209.11,1212.54,11.36,26.23,11.44,3.43,0.4331,0.4361,0.1308,1,1,1,0,0,0,0,0,0,0,0,0,0
1170.48,1179.59,1151.03,1171.19,15481114,0.71,28.56,8.4,19.45,0.0249,0.2941,0.681,1198.12,1198.12,1154.53,1170.48,27.64,43.59,0.0,15.95,0.6341,0.0,0.3659,1209.13,1217.41,1195.52,1199.25,9.88,21.89,8.28,3.73,0.4513,0.3783,0.1704,1,1,1,0,0,0,0,1,0,0,0,0,0
1174.52,1175.9,1151.56,1154.12,10569130,20.4,24.34,1.38,2.56,0.8381,0.0567,0.1052,1170.48,1179.59,1151.03,1171.19,0.71,28.56,8.4,19.45,0.0249,0.2941,0.681,1198.12,1198.12,1154.53,1170.48,27.64,43.59,0.0,15.95,0.6341,0.0,0.3659,1,1,1,0,0,0,0,0,0,1,0,0,0
1156.54,1162.98,1135.75,1146.18,11989430,10.36,27.23,6.44,10.43,0.3805,0.2365,0.383,1174.52,1175.9,1151.56,1154.12,20.4,24.34,1.38,2.56,0.8381,0.0567,0.1052,1170.48,1179.59,1151.03,1171.19,0.71,28.56,8.4,19.45,0.0249,0.2941,0.681,1,1,1,0,0,0,0,0,0,0,0,0,0
1150.5,1156.01,1149.13,1153.22,1705656,2.72,6.88,2.79,1.37,0.3953,0.4055,0.1991,1156.54,1162.98,1135.75,1146.18,10.36,27.23,6.44,10.43,0.3805,0.2365,0.383,1174.52,1175.9,1151.56,1154.12,20.4,24.34,1.38,2.56,0.8381,0.0567,0.1052,1,1,1,0,0,0,0,0,0,0,0,1,0
1162.7,1162.98,1133.63,1154.65,20337183,8.05,29.35,0.28,21.02,0.2743,0.0095,0.7162,1150.5,1156.01,1149.13,1153.22,2.72,6.88,2.79,1.37,0.3953,0.4055,0.1991,1156.54,1162.98,1135.75,1146.18,10.36,27.23,6.44,10.43,0.3805,0.2365,0.383,1,1,1,0,0,1,0,0,0,0,0,0,0
1156.06,1167.09,1147.77,1163.76,15682497,7.7,19.32,3.33,8.29,0.3986,0.1724,0.4291,1162.7,1162.98,1133.63,1154.65,8.05,29.35,0.28,21.02,0.2743,0.0095,0.7162,1150.5,1156.01,1149.13,1153.22,2.72,6.88,2.79,1.37,0.3953,0.4055,0.1991,1,1,1,0,0,0,0,0,0,0,0,0,0
1161.46,1180.52,1155.43,1176.78,10253470,15.32,25.09,3.74,6.03,0.6106,0.1491,0.2403,1156.06,1167.09,1147.77,1163.76,7.7,19.32,3.33,8.29,0.3986,0.1724,0.4291,1162.7,1162.98,1133.63,1154.65,8.05,29.35,0.28,21.02,0.2743,0.0095,0.7162,1,1,1,0,0,0,0,0,0,0,0,1,0
1172.23,1186.29,1170.16,1178.92,10722478,6.69,16.13,7.37,2.07,0.4148,0.4569,0.1283,1161.46,1180.52,1155.43,1176.78,15.32,25.09,3.74,6.03,0.6106,0.1491,0.2403,1156.06,1167.09,1147.77,1163.76,7.7,19.32,3.33,8.29,0.3986,0.1724,0.4291,1,1,1,0,0,0,0,0,0,0,0,0,0
1182.78,1199.32,1180.06,1196.72,8712341,13.94,19.26,2.6,2.72,0.7238,0.135,0.1412,1172.23,1186.29,1170.16,1178.92,6.69,16.13,7.37,2.07,0.4148,0.4569,0.1283,1161.46,1180.52,1155.43,1176.78,15.32,25.09,3.74,6.03,0.6106,0.1491,0.2403,1,1,1,0,0,0,0,0,0,0,0,0,0
1199.9,1200.91,1186.05,1189.65,4803269,10.25,14.86,1.01,3.6,0.6898,0.068,0.2423,1182.78,1199.32,1180.06,1196.72,13.94,19.26,2.6,2.72,0.7238,0.135,0.1412,1172.23,1186.29,1170.16,1178.92,6.69,16.13,7.37,2.07,0.4148,0.4569,0.1283,-1,-1,1,-1,0,0,0,0,0,0,0,0,0
1187.0,1188.36,1151.44,1162.01,11337581,24.99,36.92,1.36,10.57,0.6769,0.0368,0.2863,1199.9,1200.91,1186.05,1189.65,10.25,14.86,1.01,3.6,0.6898,0.068,0.2423,1182.78,1199.32,1180.06,1196.72,13.94,19.26,2.6,2.72,0.7238,0.135,0.1412,-1,-1,1,0,0,0,0,0,0,0,0,0,1
1153.27,1153.27,1135.75,1137.14,10202029,16.13,17.52,0.0,1.39,0.9207,0.0,0.0793,1187.0,1188.36,1151.44,1162.01,24.99,36.92,1.36,10.57,0.6769,0.0368,0.2863,1199.9,1200.91,1186.05,1189.65,10.25,14.86,1.01,3.6,0.6898,0.068,0.2423,-1,-1,1,0,0,0,0,0,0,0,0,0,0
1135.29,1148.67,1130.7,1141.43,8505625,6.14,17.97,7.24,4.59,0.3417,0.4029,0.2554,1153.27,1153.27,1135.75,1137.14,16.13,17.52,0.0,1.39,0.9207,0.0,0.0793,1187.0,1188.36,1151.44,1162.01,24.99,36.92,1.36,10.57,0.6769,0.0368,0.2863,-1,-1,1,0,0,0,0,0,0,0,0,1,0
1124.26,1130.21,1084.99,1090.87,24124307,33.39,45.22,5.95,5.88,0.7384,0.1316,0.13,1135.29,1148.67,1130.7,1141.43,6.14,17.97,7.24,4.59,0.3417,0.4029,0.2554,1153.27,1153.27,1135.75,1137.14,16.13,17.52,0.0,1.39,0.9207,0.0,0.0793,-1,-1,1,0,0,0,0,0,0,0,0,0,0
1076.7,1108.18,1065.6,1101.07,25326999,24.37,42.58,7.11,11.1,0.5723,0.167,0.2607,1124.26,1130.21,1084.99,1090.87,33.39,45.22,5.95,5.88,0.7384,0.1316,0.13,1135.29,1148.67,1130.7,1141.43,6.14,17.97,7.24,4.59,0.3417,0.4029,0.2554,-1,-1,1,0,0,0,0,0,0,0,0,0,0
1098.37,1112.17,1081.55,1085.17,16820296,13.2,30.62,13.8,3.62,0.4311,0.4507,0.1182,1076.7,1108.18,1065.6,1101.07,24.37,42.58,7.11,11.1,0.5723,0.167,0.2607,1124.26,1130.21,1084.99,1090.87,33.39,45.22,5.95,5.88,0.7384,0.1316,0.13,-1,-1,1,0,0,0,0,0,0,0,0,0,0
1095.14,1154.67,1087.82,1150.5,42401936,55.36,66.85,4.17,7.32,0.8281,0.0624,0.1095,1098.37,1112.17,1081.55,1085.17,13.2,30.62,13.8,3.62,0.4311,0.4507,0.1182,1076.7,1108.18,1065.6,1101.07,24.37,42.58,7.11,11.1,0.5723,0.167,0.2607,-1,-1,1,0,0,0,0,0,0,0,0,0,0
1138.89,1143.41,1108.29,1113.41,15763138,25.48,35.12,4.52,5.12,0.7255,0.1287,0.1458,1095.14,1154.67,1087.82,1150.5,55.36,66.85,4.17,7.32,0.8281,0.0624,0.1095,1098.37,1112.17,1081.55,1085.17,13.2,30.62,13.8,3.62,0.4311,0.4507,0.1182,-1,-1,1,0,0,0,0,0,0,0,0,0,0
1125.64,1153.75,1107.18,1126.75,24325354,1.11,46.57,27.0,18.46,0.0238,0.5798,0.3964,1138.89,1143.41,1108.29,1113.41,25.48,35.12,4.52,5.12,0.7255,0.1287,0.1458,1095.14,1154.67,1087.82,1150.5,55.36,66.85,4.17,7.32,0.8281,0.0624,0.1095,-1,-1,1,0,0,0,0,1,0,0,0,0,0
1138.98,1142.63,1102.45,1110.09,32172299,28.89,40.18,3.65,7.64,0.719,0.0908,0.1901,1125.64,1153.75,1107.18,1126.75,1.11,46.57,27.0,18.46,0.0238,0.5798,0.3964,1138.89,1143.41,1108.29,1113.41,25.48,35.12,4.52,5.12,0.7255,0.1287,0.1458,-1,-1,1,0,0,0,0,0,0,1,0,0,0
1122.83,1141.75,1119.18,1138.52,10104610,15.69,22.57,3.23,3.65,0.6952,0.1431,0.1617,1138.98,1142.63,1102.45,1110.09,28.89,40.18,3.65,7.64,0.719,0.0908,0.1901,1125.64,1153.75,1107.18,1126.75,1.11,46.57,27.0,18.46,0.0238,0.5798,0.3964,-1,-1,1,0,0,0,0,0,0,0,0,0,0
1139.77,1152.0,1136.03,1145.83,12720411,6.06,15.97,6.17,3.74,0.3795,0.3863,0.2342,1122.83,1141.75,1119.18,1138.52,15.69,22.57,3.23,3.65,0.6952,0.1431,0.1617,1138.98,1142.63,1102.45,1110.09,28.89,40.18,3.65,7.64,0.719,0.0908,0.1901,-1,-1,1,0,0,0,0,0,0,0,0,1,0
1153.01,1153.06,1107.6,1111.41,19222481,41.6,45.46,0.05,3.81,0.9151,0.0011,0.0838,1139.77,1152.0,1136.03,1145.83,6.06,15.97,6.17,3.74,0.3795,0.3863,0.2342,1122.83,1141.75,1119.18,1138.52,15.69,22.57,3.23,3.65,0.6952,0.1431,0.1617,-1,-1,1,0,0,0,0,0,0,1,0,0,1
1114.98,1119.14,1087.82,1090.34,10332254,24.64,31.32,4.16,2.52,0.7867,0.1328,0.0805,1153.01,1153.06,1107.6,1111.41,41.6,45.46,0.05,3.81,0.9151,0.0011,0.0838,1139.77,1152.0,1136.03,1145.83,6.06,15.97,6.17,3.74,0.3795,0.3863,0.2342,1,1,1,1,0,0,0,0,0,0,0,0,0
1096.59,1109.45,1089.14,1099.22,11235122,2.63,20.31,10.23,7.45,0.1295,0.5037,0.3668,1114.98,1119.14,1087.82,1090.34,24.64,31.32,4.16,2.52,0.7867,0.1328,0.0805,1153.01,1153.06,1107.6,1111.41,41.6,45.46,0.05,3.81,0.9151,0.0011,0.0838,1,1,1,0,0,0,0,0,0,0,0,1,0
1118.72,1122.28,1110.51,1115.95,8744178,2.77,11.77,3.56,5.44,0.2353,0.3025,0.4622,1096.59,1109.45,1089.14,1099.22,2.63,20.31,10.23,7.45,0.1295,0.5037,0.3668,1114.98,1119.14,1087.82,1090.34,24.64,31.32,4.16,2.52,0.7867,0.1328,0.0805,1,1,1,0,0,0,0,0,0,0,0,0,0
1123.75,1142.17,1119.14,1133.65,13213547,9.9,23.03,8.52,4.61,0.4299,0.37,0.2002,1118.72,1122.28,1110.51,1115.95,2.77,11.77,3.56,5.44,0.2353,0.3025,0.4622,1096.59,1109.45,1089.14,1099.22,2.63,20.31,10.23,7.45,0.1295,0.5037,0.3668,1,1,1,0,0,0,0,0,0,0,0,0,0
1126.17,1138.06,1121.61,1134.81,8364414,8.64,16.45,3.25,4.56,0.5252,0.1976,0.2772,1123.75,1142.17,1119.14,1133.65,9.9,23.03,8.52,4.61,0.4299,0.37,0.2002,1118.72,1122.28,1110.51,1115.95,2.77,11.77,3.56,5.44,0.2353,0.3025,0.4622,1,1,1,0,0,0,0,0,0,0,0,0,0
1141.52,1141.8,1109.45,1112.05,12901733,29.47,32.35,0.28,2.6,0.911,0.0087,0.0804,1126.17,1138.06,1121.61,1134.81,8.64,16.45,3.25,4.56,0.5252,0.1976,0.2772,1123.75,1142.17,1119.14,1133.65,9.9,23.03,8.52,4.61,0.4299,0.37,0.2002,1,1,1,0,0,0,0,0,0,1,0,0,1
1098.37,1110.37,1095.32,1098.44,12991523,0.07,15.05,11.93,3.05,0.0047,0.7927,0.2027,1141.52,1141.8,1109.45,1112.05,29.47,32.35,0.28,2.6,0.911,0.0087,0.0804,1126.17,1138.06,1121.61,1134.81,8.64,16.45,3.25,4.56,0.5252,0.1976,0.2772,1,1,1,0,0,0,0,1,0,0,0,0,0
1100.22,1109.91,1089.65,1095.23,9366969,4.99,20.26,9.69,5.58,0.2463,0.4783,0.2754,1098.37,1110.37,1095.32,1098.44,0.07,15.05,11.93,3.05,0.0047,0.7927,0.2027,1141.52,1141.8,1109.45,1112.05,29.47,32.35,0.28,2.6,0.911,0.0087,0.0804,1,1,1,0,0,0,0,0,0,1,0,0,0
1110.23,1114.75,1093.13,1109.4,9761279,0.83,21.62,4.52,16.27,0.0384,0.2091,0.7525,1100.22,1109.91,1089.65,1095.23,4.99,20.26,9.69,5.58,0.2463,0.4783,0.2754,1098.37,1110.37,1095.32,1098.44,0.07,15.05,11.93,3.05,0.0047,0.7927,0.2027,1,1,1,0,0,0,0,1,0,0,0,0,0
1106.7,1111.29,1070.68,1080.12,21049821,26.58,40.61,4.59,9.44,0.6545,0.113,0.2325,1110.23,1114.75,1093.13,1109.4,0.83,21.62,4.52,16.27,0.0384,0.2091,0.7525,1100.22,1109.91,1089.65,1095.23,4.99,20.26,9.69,5.58,0.2463,0.4783,0.2754,1,1,1,0,0,0,0,0,0,0,0,0,0
1069.69,1069.69,1037.04,1051.0,14325846,18.69,32.65,0.0,13.96,0.5724,0.0,0.4276,1106.7,1111.29,1070.68,1080.12,26.58,40.61,4.59,9.44,0.6545,0.113,0.2325,1110.23,1114.75,1093.13,1109.4,0.83,21.62,4.52,16.27,0.0384,0.2091,0.7525,-1,-1,1,-1,0,0,0,0,0,0,0,0,0
1066.69,1082.68,1057.85,1066.64,12836561,0.05,24.83,15.99,8.79,0.002,0.644,0.354,1069.69,1069.69,1037.04,1051.0,18.69,32.65,0.0,13.96,0.5724,0.0,0.4276,1106.7,1111.29,1070.68,1080.12,26.58,40.61,4.59,9.44,0.6545,0.113,0.2325,-1,-1,1,0,0,0,0,1,0,0,0,0,0
1072.94,1094.63,1071.6,1091.95,17658543,19.01,23.03,2.68,1.34,0.8254,0.1164,0.0582,1066.69,1082.68,1057.85,1066.64,0.05,24.83,15.99,8.79,0.002,0.644,0.354,1069.69,1069.69,1037.04,1051.0,18.69,32.65,0.0,13.96,0.5724,0.0,0.4276,-1,-1,1,0,0,0,0,0,0,0,0,1,0
1095.6,1098.37,1088.24,1091.56,9072401,4.04,10.13,2.77,3.32,0.3988,0.2734,0.3277,1072.94,1094.63,1071.6,1091.95,19.01,23.03,2.68,1.34,0.8254,0.1164,0.0582,1066.69,1082.68,1057.85,1066.64,0.05,24.83,15.99,8.79,0.002,0.644,0.354,-1,-1,1,0,0,0,0,0,0,0,0,0,0
1093.75,1103.91,1078.78,1095.05,7886494,1.3,25.13,8.86,14.97,0.0517,0.3526,0.5957,1095.6,1098.37,1088.24,1091.56,4.04,10.13,2.77,3.32,0.3988,0.2734,0.3277,1072.94,1094.63,1071.6,1091.95,19.01,23.03,2.68,1.34,0.8254,0.1164,0.0582,-1,-1,1,0,0,0,0,1,0,0,0,0,0
1089.85,1097.45,1083.65,1093.87,4017223,4.02,13.8,3.58,6.2,0.2913,0.2594,0.4493,1093.75,1103.91,1078.78,1095.05,1.3,25.13,8.86,14.97,0.0517,0.3526,0.5957,1095.6,1098.37,1088.24,1091.56,4.04,10.13,2.77,3.32,0.3988,0.2734,0.3277,-1,-1,1,0,0,0,0,0,0,0,0,1,0
1096.34,1109.84,1095.16,1106.86,6374613,10.52,14.68,2.98,1.18,0.7166,0.203,0.0804,1089.85,1097.45,1083.65,1093.87,4.02,13.8,3.58,6.2,0.2913,0.2594,0.4493,1093.75,1103.91,1078.78,1095.05,1.3,25.13,8.86,14.97,0.0517,0.3526,0.5957,-1,-1,1,0,0,0,0,0,0,0,0,0,0
1103.45,1116.37,1099.34,1108.75,15425312,5.3,17.03,7.62,4.11,0.3112,0.4474,0.2413,1096.34,1109.84,1095.16,1106.86,10.52,14.68,2.98,1.18,0.7166,0.203,0.0804,1089.85,1097.45,1083.65,1093.87,4.02,13.8,3.58,6.2,0.2913,0.2594,0.4493,-1,-1,1,0,0,0,0,0,0,0,0,0,0
1107.6,1109.88,1082.49,1088.72,29333171,18.88,27.39,2.28,6.23,0.6893,0.0832,0.2275,1103.45,1116.37,1099.34,1108.75,5.3,17.03,7.62,4.11,0.3112,0.4474,0.2413,1096.34,1109.84,1095.16,1106.86,10.52,14.68,2.98,1.18,0.7166,0.203,0.0804,-1,-1,1,0,0,0,0,0,0,0,0,0,1
1095.14,1100.17,1089.14,1092.9,9477290,2.24,11.03,5.03,3.76,0.2031,0.456,0.3409,1107.6,1109.88,1082.49,1088.72,18.88,27.39,2.28,6.23,0.6893,0.0832,0.2275,1103.45,1116.37,1099.34,1108.75,5.3,17.03,7.62,4.11,0.3112,0.4474,0.2413,-1,-1,1,0,0,0,0,0,0,0,0,0,0
1091.45,1111.27,1090.78,1109.38,5421611,17.93,20.49,1.89,0.67,0.8751,0.0922,0.0327,1095.14,1100.17,1089.14,1092.9,2.24,11.03,5.03,3.76,0.2031,0.456,0.3409,1107.6,1109.88,1082.49,1088.72,18.88,27.39,2.28,6.23,0.6893,0.0832,0.2275,-1,-1,1,0,0,0,0,0,1,0,0,1,0
1114.94,1135.75,1109.45,1134.41,10847728,19.47,26.3,1.34,5.49,0.7403,0.051,0.2087,1091.45,1111.27,1090.78,1109.38,17.93,20.49,1.89,0.67,0.8751,0.0922,0.0327,1095.14,1100.17,1089.14,1092.9,2.24,11.03,5.03,3.76,0.2031,0.456,0.3409,-1,-1,1,0,0,0,0,0,0,0,0,0,0
1136.21,1143.14,1122.81,1139.72,11643813,3.51,20.33,3.42,13.4,0.1727,0.1682,0.6591,1114.94,1135.75,1109.45,1134.41,19.47,26.3,1.34,5.49,0.7403,0.051,0.2087,1091.45,1111.27,1090.78,1109.38,17.93,20.49,1.89,0.67,0.8751,0.0922,0.0327,-1,-1,1,0,0,1,0,0,0,0,0,0,0
1131.23,1132.52,1111.75,1115.21,14447422,16.02,20.77,1.29,3.46,0.7713,0.0621,0.1666,1136.21,1143.14,1122.81,1139.72,3.51,20.33,3.42,13.4,0.1727,0.1682,0.6591,1114.94,1135.75,1109.45,1134.41,19.47,26.3,1.34,5.49,0.7403,0.051,0.2087,-1,-1,1,0,0,0,0,0,0,0,0,0,1
1121.88,1134.39,1112.93,1124.21,13112115,2.33,21.46,10.18,8.95,0.1086,0.4744,0.4171,1131.23,1132.52,1111.75,1115.21,16.02,20.77,1.29,3.46,0.7713,0.0621,0.1666,1136.21,1143.14,1122.81,1139.72,3.51,20.33,3.42,13.4,0.1727,0.1682,0.6591,-1,-1,1,0,0,0,0,0,0,0,0,0,0
1131.6,1133.91,1115.01,1125.14,9246731,6.46,18.9,2.31,10.13,0.3418,0.1222,0.536,1121.88,1134.39,1112.93,1124.21,2.33,21.46,10.18,8.95,0.1086,0.4744,0.4171,1131.23,1132.52,1111.75,1115.21,16.02,20.77,1.29,3.46,0.7713,0.0621,0.1666,-1,-1,1,0,0,0,0,0,0,0,0,0,0
1124.21,1142.19,1123.75,1133.24,16205164,9.03,18.44,8.95,0.46,0.4897,0.4854,0.0249,1131.6,1133.91,1115.01,1125.14,6.46,18.9,2.31,10.13,0.3418,0.1222,0.536,1121.88,1134.39,1112.93,1124.21,2.33,21.46,10.18,8.95,0.1086,0.4744,0.4171,-1,-1,1,0,0,0,0,0,1,0,0,0,0
1140.5,1165.26,1137.6,1163.49,14800442,22.99,27.66,1.77,2.9,0.8312,0.064,0.1048,1124.21,1142.19,1123.75,1133.24,9.03,18.44,8.95,0.46,0.4897,0.4854,0.0249,1131.6,1133.91,1115.01,1125.14,6.46,18.9,2.31,10.13,0.3418,0.1222,0.536,-1,-1,1,0,0,0,0,0,0,0,0,0,0
1163.56,1172.67,1157.63,1170.04,11856712,6.48,15.04,2.63,5.93,0.4309,0.1749,0.3943,1140.5,1165.26,1137.6,1163.49,22.99,27.66,1.77,2.9,0.8312,0.064,0.1048,1124.21,1142.19,1123.75,1133.24,9.03,18.44,8.95,0.46,0.4897,0.4854,0.0249,-1,-1,1,0,0,0,0,0,0,0,0,0,0
1169.9,1184.81,1165.68,1171.75,19930176,1.85,19.13,13.06,4.22,0.0967,0.6827,0.2206,1163.56,1172.67,1157.63,1170.04,6.48,15.04,2.63,5.93,0.4309,0.1749,0.3943,1140.5,1165.26,1137.6,1163.49,22.99,27.66,1.77,2.9,0.8312,0.064,0.1048,1,1,1,1,0,0,0,1,0,0,0,0,0
1171.29,1183.75,1170.83,1177.86,8036453,6.57,12.92,5.89,0.46,0.5085,0.4559,0.0356,1169.9,1184.81,1165.68,1171.75,1.85,19.13,13.06,4.22,0.0967,0.6827,0.2206,1163.56,1172.67,1157.63,1170.04,6.48,15.04,2.63,5.93,0.4309,0.1749,0.3943,1,1,1,0,0,0,0,0,0,0,0,0,0
1179.02,1182.52,1161.02,1163.81,6215029,15.21,21.5,3.5,2.79,0.7074,0.1628,0.1298,1171.29,1183.75,1170.83,1177.86,6.57,12.92,5.89,0.46,0.5085,0.4559,0.0356,1169.9,1184.81,1165.68,1171.75,1.85,19.13,13.06,4.22,0.0967,0.6827,0.2206,1,1,1,0,0,0,0,0,0,1,0,0,0
1167.59,1173.13,1157.9,1163.72,9755485,3.87,15.23,5.54,5.82,0.2541,0.3638,0.3821,1179.02,1182.52,1161.02,1163.81,15.21,21.5,3.5,2.79,0.7074,0.1628,0.1298,1171.29,1183.75,1170.83,1177.86,6.57,12.92,5.89,0.46,0.5085,0.4559,0.0356,1,1,1,0,0,0,0,0,0,0,0,0,0
1153.77,1158.34,1132.98,1143.34,16494486,10.43,25.36,4.57,10.36,0.4113,0.1802,0.4085,1167.59,1173.13,1157.9,1163.72,3.87,15.23,5.54,5.82,0.2541,0.3638,0.3821,1179.02,1182.52,1161.02,1163.81,15.21,21.5,3.5,2.79,0.7074,0.1628,0.1298,1,1,1,0,0,0,0,0,0,0,0,0,0
1131.6,1154.79,1131.6,1143.53,13338594,11.93,23.19,11.26,0.0,0.5144,0.4856,0.0,1153.77,1158.34,1132.98,1143.34,10.43,25.36,4.57,10.36,0.4113,0.1802,0.4085,1167.59,1173.13,1157.9,1163.72,3.87,15.23,5.54,5.82,0.2541,0.3638,0.3821,1,1,1,0,0,0,0,0,0,0,0,0,0
1142.21,1155.94,1086.88,1097.4,21868937,44.81,69.06,13.73,10.52,0.6489,0.1988,0.1523,1131.6,1154.79,1131.6,1143.53,11.93,23.19,11.26,0.0,0.5144,0.4856,0.0,1153.77,1158.34,1132.98,1143.34,10.43,25.36,4.57,10.36,0.4113,0.1802,0.4085,1,1,1,0,0,0,0,0,0,0,0,0,0
1084.32,1102.36,1063.76,1095.25,24510205,10.93,38.6,7.11,20.56,0.2832,0.1842,0.5326,1142.21,1155.94,1086.88,1097.4,44.81,69.06,13.73,10.52,0.6489,0.1988,0.1523,1131.6,1154.79,1131.6,1143.53,11.93,23.19,11.26,0.0,0.5144,0.4856,0.0,1,1,1,0,0,0,0,0,0,0,0,0,0
1078.06,1087.34,1066.55,1079.03,20020431,0.97,20.79,8.31,11.51,0.0467,0.3997,0.5536,1084.32,1102.36,1063.76,1095.25,10.93,38.6,7.11,20.56,0.2832,0.1842,0.5326,1142.21,1155.94,1086.88,1097.4,44.81,69.06,13.73,10.52,0.6489,0.1988,0.1523,1,1,1,0,0,0,0,1,0,0,0,1,0
1091.45,1096.48,1074.56,1077.99,14667727,13.46,21.92,5.03,3.43,0.6141,0.2295,0.1565,1078.06,1087.34,1066.55,1079.03,0.97,20.79,8.31,11.51,0.0467,0.3997,0.5536,1084.32,1102.36,1063.76,1095.25,10.93,38.6,7.11,20.56,0.2832,0.1842,0.5326,1,1,1,0,0,0,0,0,0,1,0,0,1
1089.23,1110.55,1087.39,1101.42,12143683,12.19,23.16,9.13,1.84,0.5263,0.3942,0.0794,1091.45,1096.48,1074.56,1077.99,13.46,21.92,5.03,3.43,0.6141,0.2295,0.1565,1078.06,1087.34,1066.55,1079.03,0.97,20.79,8.31,11.51,0.0467,0.3997,0.5536,1,1,1,0,0,0,0,0,0,0,0,0,0
1111.29,1117.11,1083.19,1097.77,13200509,13.52,33.92,5.82,14.58,0.3986,0.1716,0.4298,1089.23,1110.55,1087.39,1101.42,12.19,23.16,9.13,1.84,0.5263,0.3942,0.0794,1091.45,1096.48,1074.56,1077.99,13.46,21.92,5.03,3.43,0.6141,0.2295,0.1565,1,1,1,0,0,0,0,0,0,0,0,0,0
1110.83,1110.83,1096.11,1100.01,10017691,10.82,14.72,0.0,3.9,0.7351,0.0,0.2649,1111.29,1117.11,1083.19,1097.77,13.52,33.92,5.82,14.58,0.3986,0.1716,0.4298,1089.23,1110.55,1087.39,1101.42,12.19,23.16,9.13,1.84,0.5263,0.3942,0.0794,1,1,1,0,0,0,0,0,0,0,0,0,0
1103.91,1108.27,1083.23,1085.79,9572839,18.12,25.04,4.36,2.56,0.7236,0.1741,0.1022,1110.83,1110.83,1096.11,1100.01,10.82,14.72,0.0,3.9,0.7351,0.0,0.2649,1111.29,1117.11,1083.19,1097.77,13.52,33.92,5.82,14.58,0.3986,0.1716,0.4298,1,1,1,0,0,0,0,0,0,0,0,0,0
1080.37,1083.81,1071.19,1075.89,11061241,4.48,12.62,3.44,4.7,0.355,0.2726,0.3724,1103.91,1108.27,1083.23,1085.79,18.12,25.04,4.36,2.56,0.7236,0.1741,0.1022,1110.83,1110.83,1096.11,1100.01,10.82,14.72,0.0,3.9,0.7351,0.0,0.2649,1,1,1,0,0,0,0,0,0,0,0,0,0
1080.83,1087.66,1063.76,1069.34,10714467,11.49,23.9,6.83,5.58,0.4808,0.2858,0.2335,1080.37,1083.81,1071.19,1075.89,4.48,12.62,3.44,4.7,0.355,0.2726,0.3724,1103.91,1108.27,1083.23,1085.79,18.12,25.04,4.36,2.56,0.7236,0.1741,0.1022,1,1,1,0,0,0,0,0,0,0,0,0,0
1075.59,1089.14,1066.06,1087.32,12060849,11.73,23.08,1.82,9.53,0.5082,0.0789,0.4129,1080.83,1087.66,1063.76,1069.34,11.49,23.9,6.83,5.58,0.4808,0.2858,0.2335,1080.37,1083.81,1071.19,1075.89,4.48,12.62,3.44,4.7,0.355,0.2726,0.3724,1,1,1,0,0,0,0,0,0,0,0,0,0
1094.29,1101.69,1088.22,1099.98,11486225,5.69,13.47,1.71,6.07,0.4224,0.1269,0.4506,1075.59,1089.14,1066.06,1087.32,11.73,23.08,1.82,9.53,0.5082,0.0789,0.4129,1080.83,1087.66,1063.76,1069.34,11.49,23.9,6.83,5.58,0.4808,0.2858,0.2335,1,1,1,0,0,0,0,0,0,0,0,0,0
1105.62,1105.62,1091.49,1098.85,12464491,6.77,14.13,0.0,7.36,0.4791,0.0,0.5209,1094.29,1101.69,1088.22,1099.98,5.69,13.47,1.71,6.07,0.4224,0.1269,0.4506,1075.59,1089.14,1066.06,1087.32,11.73,23.08,1.82,9.53,0.5082,0.0789,0.4129,1,1,1,0,0,0,0,0,0,0,0,0,1
1095.25,1100.45,1081.8,1096.71,15943370,1.46,18.65,3.74,13.45,0.0783,0.2005,0.7212,1105.62,1105.62,1091.49,1098.85,6.77,14.13,0.0,7.36,0.4791,0.0,0.5209,1094.29,1101.69,1088.22,1099.98,5.69,13.47,1.71,6.07,0.4224,0.1269,0.4506,1,1,1,0,0,0,0,1,0,0,0,0,0
1080.03,1086.81,1067.45,1079.24,10719633,0.79,19.36,6.78,11.79,0.0408,0.3502,0.609,1095.25,1100.45,1081.8,1096.71,1.46,18.65,3.74,13.45,0.0783,0.2005,0.7212,1105.62,1105.62,1091.49,1098.85,6.77,14.13,0.0,7.36,0.4791,0.0,0.5209,1,1,1,0,0,0,0,1,0,0,0,0,0
1085.08,1118.63,1077.93,1115.88,11212671,30.8,40.7,2.75,7.15,0.7568,0.0676,0.1757,1080.03,1086.81,1067.45,1079.24,0.79,19.36,6.78,11.79,0.0408,0.3502,0.609,1095.25,1100.45,1081.8,1096.71,1.46,18.65,3.74,13.45,0.0783,0.2005,0.7212,1,1,1,0,0,0,0,0,0,0,0,0,0
1121.44,1122.83,1105.73,1113.58,10392840,7.86,17.1,1.39,7.85,0.4596,0.0813,0.4591,1085.08,1118.63,1077.93,1115.88,30.8,40.7,2.75,7.15,0.7568,0.0676,0.1757,1080.03,1086.81,1067.45,1079.24,0.79,19.36,6.78,11.79,0.0408,0.3502,0.609,1,1,1,0,0,0,0,0,0,0,0,0,0
1116.88,1132.94,1112.21,1127.67,12853252,10.79,20.73,5.27,4.67,0.5205,0.2542,0.2253,1121.44,1122.83,1105.73,1113.58,7.86,17.1,1.39,7.85,0.4596,0.0813,0.4591,1085.08,1118.63,1077.93,1115.88,30.8,40.7,2.75,7.15,0.7568,0.0676,0.1757,1,1,1,0,0,0,0,0,0,0,0,0,0
1128.09,1133.63,1116.9,1118.86,6775458,9.23,16.73,5.54,1.96,0.5517,0.3311,0.1172,1116.88,1132.94,1112.21,1127.67,10.79,20.73,5.27,4.67,0.5205,0.2542,0.2253,1121.44,1122.83,1105.73,1113.58,7.86,17.1,1.39,7.85,0.4596,0.0813,0.4591,-1,-1,1,-1,0,0,0,0,0,0,0,0,0
1113.14,1124.91,1100.49,1107.55,11107193,5.59,24.42,11.77,7.06,0.2289,0.482,0.2891,1128.09,1133.63,1116.9,1118.86,9.23,16.73,5.54,1.96,0.5517,0.3311,0.1172,1116.88,1132.94,1112.21,1127.67,10.79,20.73,5.27,4.67,0.5205,0.2542,0.2253,-1,-1,1,0,0,0,0,0,0,0,0,0,1
1085.86,1105.71,1083.21,1102.52,13494914,16.66,22.5,3.19,2.65,0.7404,0.1418,0.1178,1113.14,1124.91,1100.49,1107.55,5.59,24.42,11.77,7.06,0.2289,0.482,0.2891,1128.09,1133.63,1116.9,1118.86,9.23,16.73,5.54,1.96,0.5517,0.3311,0.1172,-1,-1,1,0,0,0,0,0,0,0,0,1,0
1108.11,1110.62,1092.83,1095.62,7310110,12.49,17.79,2.51,2.79,0.7021,0.1411,0.1568,1085.86,1105.71,1083.21,1102.52,16.66,22.5,3.19,2.65,0.7404,0.1418,0.1178,1113.14,1124.91,1100.49,1107.55,5.59,24.42,11.77,7.06,0.2289,0.482,0.2891,-1,-1,1,0,0,0,0,0,0,0,0,0,0
1063.76,1079.86,1035.33,1041.03,24846650,22.73,44.53,16.1,5.7,0.5104,0.3616,0.128,1108.11,1110.62,1092.83,1095.62,12.49,17.79,2.51,2.79,0.7021,0.1411,0.1568,1085.86,1105.71,1083.21,1102.52,16.66,22.5,3.19,2.65,0.7404,0.1418,0.1178,-1,-1,1,0,0,0,0,0,0,0,0,0,1
1052.27,1065.12,1050.49,1054.04,14570089,1.77,14.63,11.08,1.78,0.121,0.7573,0.1217,1063.76,1079.86,1035.33,1041.03,22.73,44.53,16.1,5.7,0.5104,0.3616,0.128,1108.11,1110.62,1092.83,1095.62,12.49,17.79,2.51,2.79,0.7021,0.1411,0.1568,-1,-1,1,0,0,0,0,0,0,0,0,0,0
1035.14,1092.53,1035.14,1088.93,21297446,53.79,57.39,3.6,0.0,0.9373,0.0627,0.0,1052.27,1065.12,1050.49,1054.04,1.77,14.63,11.08,1.78,0.121,0.7573,0.1217,1063.76,1079.86,1035.33,1041.03,22.73,44.53,16.1,5.7,0.5104,0.3616,0.128,-1,-1,1,0,0,0,0,0,0,0,0,1,0
1077.35,1108.06,1074.93,1106.93,21471786,29.58,33.13,1.13,2.42,0.8928,0.0341,0.073,1035.14,1092.53,1035.14,1088.93,53.79,57.39,3.6,0.0,0.9373,0.0627,0.0,1052.27,1065.12,1050.49,1054.04,1.77,14.63,11.08,1.78,0.121,0.7573,0.1217,-1,-1,1,0,0,0,0,0,0,0,0,0,0
1107.6,1114.45,1093.78,1097.59,10186748,10.01,20.67,6.85,3.81,0.4843,0.3314,0.1843,1077.35,1108.06,1074.93,1106.93,29.58,33.13,1.13,2.42,0.8928,0.0341,0.073,1035.14,1092.53,1035.14,1088.93,53.79,57.39,3.6,0.0,0.9373,0.0627,0.0,-1,-1,1,0,0,0,0,0,0,0,0,0,1
1085.91,1091.12,1070.84,1073.24,10805667,12.67,20.28,5.21,2.4,0.6248,0.2569,0.1183,1107.6,1114.45,1093.78,1097.59,10.01,20.67,6.85,3.81,0.4843,0.3314,0.1843,1077.35,1108.06,1074.93,1106.93,29.58,33.13,1.13,2.42,0.8928,0.0341,0.073,-1,-1,1,0,0,0,0,0,0,0,0,0,1
1051.62,1067.03,1025.45,1033.55,17983310,18.07,41.58,15.41,8.1,0.4346,0.3706,0.1948,1085.91,1091.12,1070.84,1073.24,12.67,20.28,5.21,2.4,0.6248,0.2569,0.1183,1107.6,1114.45,1093.78,1097.59,10.01,20.67,6.85,3.81,0.4843,0.3314,0.1843,-1,-1,1,0,0,0,0,0,0,0,0,0,0
1020.61,1036.53,1006.07,1031.68,21289374,11.07,30.46,4.85,14.54,0.3634,0.1592,0.4773,1051.62,1067.03,1025.45,1033.55,18.07,41.58,15.41,8.1,0.4346,0.3706,0.1948,1085.91,1091.12,1070.84,1073.24,12.67,20.28,5.21,2.4,0.6248,0.2569,0.1183,-1,-1,1,0,0,0,0,0,0,0,0,0,0
1031.91,1092.37,1031.06,1086.42,20414228,54.51,61.31,5.95,0.85,0.8891,0.097,0.0139,1020.61,1036.53,1006.07,1031.68,11.07,30.46,4.85,14.54,0.3634,0.1592,0.4773,1051.62,1067.03,1025.45,1033.55,18.07,41.58,15.41,8.1,0.4346,0.3706,0.1948,-1,-1,1,0,0,0,0,0,0,0,0,1,0
1107.6,1109.91,1089.14,1104.02,17980493,3.58,20.77,2.31,14.88,0.1724,0.1112,0.7164,1031.91,1092.37,1031.06,1086.42,54.51,61.31,5.95,0.85,0.8891,0.097,0.0139,1020.61,1036.53,1006.07,1031.68,11.07,30.46,4.85,14.54,0.3634,0.1592,0.4773,-1,-1,1,0,0,1,0,0,0,0,0,0,0
1096.55,1112.68,1096.55,1107.21,12257423,10.66,16.13,5.47,0.0,0.6609,0.3391,0.0,1107.6,1109.91,1089.14,1104.02,3.58,20.77,2.31,14.88,0.1724,0.1112,0.7164,1031.91,1092.37,1031.06,1086.42,54.51,61.31,5.95,0.85,0.8891,0.097,0.0139,-1,-1,1,0,0,0,0,0,0,0,0,0,0
1101.55,1118.86,1095.6,1116.3,8340678,14.75,23.26,2.56,5.95,0.6341,0.1101,0.2558,1096.55,1112.68,1096.55,1107.21,10.66,16.13,5.47,0.0,0.6609,0.3391,0.0,1107.6,1109.91,1089.14,1104.02,3.58,20.77,2.31,14.88,0.1724,0.1112,0.7164,-1,-1,1,0,0,0,0,0,0,0,0,0,0
1120.5,1120.5,1080.3,1090.73,15925769,29.77,40.2,0.0,10.43,0.7405,0.0,0.2595,1101.55,1118.86,1095.6,1116.3,14.75,23.26,2.56,5.95,0.6341,0.1101,0.2558,1096.55,1112.68,1096.55,1107.21,10.66,16.13,5.47,0.0,0.6609,0.3391,0.0,-1,-1,1,0,0,0,0,0,0,1,0,0,0
1099.29,1111.25,1097.03,1109.15,11149828,9.86,14.22,2.1,2.26,0.6934,0.1477,0.1589,1120.5,1120.5,1080.3,1090.73,29.77,40.2,0.0,10.43,0.7405,0.0,0.2595,1101.55,1118.86,1095.6,1116.3,14.75,23.26,2.56,5.95,0.6341,0.1101,0.2558,-1,-1,1,0,0,0,0,0,0,0,0,0,0
1122.71,1152.55,1114.57,1145.3,21422098,22.59,37.98,7.25,8.14,0.5948,0.1909,0.2143,1099.29,1111.25,1097.03,1109.15,9.86,14.22,2.1,2.26,0.6934,0.1477,0.1589,1120.5,1120.5,1080.3,1090.73,29.77,40.2,0.0,10.43,0.7405,0.0,0.2595,-1,-1,1,0,0,0,0,0,0,0,0,1,0
1127.91,1146.37,1125.6,1138.7,11999466,10.79,20.77,7.67,2.31,0.5195,0.3693,0.1112,1122.71,1152.55,1114.57,1145.3,22.59,37.98,7.25,8.14,0.5948,0.1909,0.2143,1099.29,1111.25,1097.03,1109.15,9.86,14.22,2.1,2.26,0.6934,0.1477,0.1589,-1,-1,1,0,0,0,0,0,0,0,0,0,0
1135.34,1169.88,1132.34,1168.13,22557065,32.79,37.54,1.75,3.0,0.8735,0.0466,0.0799,1127.91,1146.37,1125.6,1138.7,10.79,20.77,7.67,2.31,0.5195,0.3693,0.1112,1122.71,1152.55,1114.57,1145.3,22.59,37.98,7.25,8.14,0.5948,0.1909,0.2143,-1,-1,1,0,0,0,0,0,0,0,0,0,0
1164.36,1183.68,1164.36,1171.84,15462187,7.48,19.32,11.84,0.0,0.3872,0.6128,0.0,1135.34,1169.88,1132.34,1168.13,32.79,37.54,1.75,3.0,0.8735,0.0466,0.0799,1127.91,1146.37,1125.6,1138.7,10.79,20.77,7.67,2.31,0.5195,0.3693,0.1112,-1,-1,1,0,0,0,0,0,0,0,0,0,0
1158.36,1192.58,1158.36,1190.05,13168266,31.69,34.22,2.53,0.0,0.9261,0.0739,0.0,1164.36,1183.68,1164.36,1171.84,7.48,19.32,11.84,0.0,0.3872,0.6128,0.0,1135.34,1169.88,1132.34,1168.13,32.79,37.54,1.75,3.0,0.8735,0.0466,0.0799,-1,-1,1,0,0,0,0,0,0,0,0,0,0
1191.82,1207.28,1189.29,1197.98,14222488,6.16,17.99,9.3,2.53,0.3424,0.517,0.1406,1158.36,1192.58,1158.36,1190.05,31.69,34.22,2.53,0.0,0.9261,0.0739,0.0,1164.36,1183.68,1164.36,1171.84,7.48,19.32,11.84,0.0,0.3872,0.6128,0.0,-1,-1,1,0,0,0,0,0,0,0,0,0,0
1204.51,1213.63,1193.67,1210.03,9891424,5.52,19.96,3.6,10.84,0.2766,0.1804,0.5431,1191.82,1207.28,1189.29,1197.98,6.16,17.99,9.3,2.53,0.3424,0.517,0.1406,1158.36,1192.58,1158.36,1190.05,31.69,34.22,2.53,0.0,0.9261,0.0739,0.0,-1,-1,1,0,0,0,0,0,0,0,0,0,0
1217.44,1217.44,1203.31,1210.31,8684065,7.13,14.13,0.0,7.0,0.5046,0.0,0.4954,1204.51,1213.63,1193.67,1210.03,5.52,19.96,3.6,10.84,0.2766,0.1804,0.5431,1191.82,1207.28,1189.29,1197.98,6.16,17.99,9.3,2.53,0.3424,0.517,0.1406,-1,-1,1,0,0,0,0,0,0,0,0,0,1
1218.31,1240.51,1207.79,1233.57,15811550,15.26,32.72,6.94,10.52,0.4664,0.2121,0.3215,1217.44,1217.44,1203.31,1210.31,7.13,14.13,0.0,7.0,0.5046,0.0,0.4954,1204.51,1213.63,1193.67,1210.03,5.52,19.96,3.6,10.84,0.2766,0.1804,0.5431,1,1,1,1,0,0,0,0,0,0,0,0,0
1229.87,1232.07,1213.1,1215.94,13223718,13.93,18.97,2.2,2.84,0.7343,0.116,0.1497,1218.31,1240.51,1207.79,1233.57,15.26,32.72,6.94,10.52,0.4664,0.2121,0.3215,1217.44,1217.44,1203.31,1210.31,7.13,14.13,0.0,7.0,0.5046,0.0,0.4954,1,1,1,0,0,0,0,0,0,0,0,0,0
1216.51,1229.97,1210.05,1225.67,7922880,9.16,19.92,4.3,6.46,0.4598,0.2159,0.3243,1229.87,1232.07,1213.1,1215.94,13.93,18.97,2.2,2.84,0.7343,0.116,0.1497,1218.31,1240.51,1207.79,1233.57,15.26,32.72,6.94,10.52,0.4664,0.2121,0.3215,1,1,1,0,0,0,0,0,0,0,0,0,0
1225.49,1234.51,1219.12,1229.3,7929162,3.81,15.39,5.21,6.37,0.2476,0.3385,0.4139,1216.51,1229.97,1210.05,1225.67,9.16,19.92,4.3,6.46,0.4598,0.2159,0.3243,1229.87,1232.07,1213.1,1215.94,13.93,18.97,2.2,2.84,0.7343,0.116,0.1497,1,1,1,0,0,0,0,0,0,0,0,1,0
1223.48,1232.16,1209.45,1211.92,13149870,11.56,22.71,8.68,2.47,0.509,0.3822,0.1088,1225.49,1234.51,1219.12,1229.3,3.81,15.39,5.21,6.37,0.2476,0.3385,0.4139,1216.51,1229.97,1210.05,1225.67,9.16,19.92,4.3,6.46,0.4598,0.2159,0.3243,1,1,1,0,0,0,0,0,0,0,0,0,1
1193.95,1215.82,1193.95,1208.69,12257215,14.74,21.87,7.13,0.0,0.674,0.326,0.0,1223.48,1232.16,1209.45,1211.92,11.56,22.71,8.68,2.47,0.509,0.3822,0.1088,1225.49,1234.51,1219.12,1229.3,3.81,15.39,5.21,6.37,0.2476,0.3385,0.4139,1,1,1,0,0,0,0,0,0,0,0,0,0
1197.64,1202.67,1184.67,1187.37,15496499,10.27,18.0,5.03,2.7,0.5706,0.2794,0.15,1193.95,1215.82,1193.95,1208.69,14.74,21.87,7.13,0.0,0.674,0.326,0.0,1223.48,1232.16,1209.45,1211.92,11.56,22.71,8.68,2.47,0.509,0.3822,0.1088,1,1,1,0,0,0,0,0,0,0,0,0,0
1181.44,1211.44,1181.44,1207.12,15152495,25.68,30.0,4.32,0.0,0.856,0.144,0.0,1197.64,1202.67,1184.67,1187.37,10.27,18.0,5.03,2.7,0.5706,0.2794,0.15,1193.95,1215.82,1193.95,1208.69,14.74,21.87,7.13,0.0,0.674,0.326,0.0,1,1,1,0,0,0,0,0,1,0,0,0,0
1199.9,1217.69,1192.05,1204.61,9254209,4.71,25.64,13.08,7.85,0.1837,0.5101,0.3062,1181.44,1211.44,1181.44,1207.12,25.68,30.0,4.32,0.0,0.856,0.144,0.0,1197.64,1202.67,1184.67,1187.37,10.27,18.0,5.03,2.7,0.5706,0.2794,0.15,1,1,1,0,0,0,0,0,0,0,0,0,0
1193.9,1201.1,1179.32,1181.92,13217742,11.98,21.78,7.2,2.6,0.55,0.3306,0.1194,1199.9,1217.69,1192.05,1204.61,4.71,25.64,13.08,7.85,0.1837,0.5101,0.3062,1181.44,1211.44,1181.44,1207.12,25.68,30.0,4.32,0.0,0.856,0.144,0.0,1,1,1,0,0,0,0,0,0,0,0,0,1
1188.13,1196.48,1174.75,1177.59,10354235,10.54,21.73,8.35,2.84,0.485,0.3843,0.1307,1193.9,1201.1,1179.32,1181.92,11.98,21.78,7.2,2.6,0.55,0.3306,0.1194,1199.9,1217.69,1192.05,1204.61,4.71,25.64,13.08,7.85,0.1837,0.5101,0.3062,1,1,1,0,0,0,0,0,0,0,0,0,0
1168.98,1181.35,1163.81,1173.99,9974224,5.01,17.54,7.36,5.17,0.2856,0.4196,0.2948,1188.13,1196.48,1174.75,1177.59,10.54,21.73,8.35,2.84,0.485,0.3843,0.1307,1193.9,1201.1,1179.32,1181.92,11.98,21.78,7.2,2.6,0.55,0.3306,0.1194,1,1,1,0,0,0,0,0,0,0,0,1,0
1180.52,1231.28,1177.31,1218.73,26141820,38.21,53.97,12.55,3.21,0.708,0.2325,0.0595,1168.98,1181.35,1163.81,1173.99,5.01,17.54,7.36,5.17,0.2856,0.4196,0.2948,1188.13,1196.48,1174.75,1177.59,10.54,21.73,8.35,2.84,0.485,0.3843,0.1307,1,1,1,0,0,0,0,0,0,0,0,1,0
1226.25,1261.74,1222.56,1254.56,25072240,28.31,39.18,7.18,3.69,0.7226,0.1833,0.0942,1180.52,1231.28,1177.31,1218.73,38.21,53.97,12.55,3.21,0.708,0.2325,0.0595,1168.98,1181.35,1163.81,1173.99,5.01,17.54,7.36,5.17,0.2856,0.4196,0.2948,1,1,1,0,0,0,0,0,0,0,0,0,0
1269.54,1287.12,1260.82,1283.94,21708633,14.4,26.3,3.18,8.72,0.5475,0.1209,0.3316,1226.25,1261.74,1222.56,1254.56,28.31,39.18,7.18,3.69,0.7226,0.1833,0.0942,1180.52,1231.28,1177.31,1218.73,38.21,53.97,12.55,3.21,0.708,0.2325,0.0595,1,1,1,0,0,0,0,0,0,0,0,0,0
1273.23,1293.12,1266.45,1273.19,15054154,0.04,26.67,19.89,6.74,0.0015,0.7458,0.2527,1269.54,1287.12,1260.82,1283.94,14.4,26.3,3.18,8.72,0.5475,0.1209,0.3316,1226.25,1261.74,1222.56,1254.56,28.31,39.18,7.18,3.69,0.7226,0.1833,0.0942,1,1,1,0,0,0,0,1,0,0,0,0,1
1265.62,1273.0,1229.27,1243.74,17063215,21.88,43.73,7.38,14.47,0.5003,0.1688,0.3309,1273.23,1293.12,1266.45,1273.19,0.04,26.67,19.89,6.74,0.0015,0.7458,0.2527,1269.54,1287.12,1260.82,1283.94,14.4,26.3,3.18,8.72,0.5475,0.1209,0.3316,1,1,1,0,0,0,0,0,0,0,0,0,1
1250.66,1289.89,1249.6,1280.96,12227666,30.3,40.29,8.93,1.06,0.752,0.2216,0.0263,1265.62,1273.0,1229.27,1243.74,21.88,43.73,7.38,14.47,0.5003,0.1688,0.3309,1273.23,1293.12,1266.45,1273.19,0.04,26.67,19.89,6.74,0.0015,0.7458,0.2527,1,1,1,0,0,0,0,0,0,0,0,0,0
1271.82,1305.12,1271.46,1282.21,19338945,10.39,33.66,22.91,0.36,0.3087,0.6806,0.0107,1250.66,1289.89,1249.6,1280.96,30.3,40.29,8.93,1.06,0.752,0.2216,0.0263,1265.62,1273.0,1229.27,1243.74,21.88,43.73,7.38,14.47,0.5003,0.1688,0.3309,1,1,1,0,0,0,1,0,0,0,1,0,0
1296.79,1315.74,1285.78,1301.36,25614076,4.57,29.96,14.38,11.01,0.1525,0.48,0.3675,1271.82,1305.12,1271.46,1282.21,10.39,33.66,22.91,0.36,0.3087,0.6806,0.0107,1250.66,1289.89,1249.6,1280.96,30.3,40.29,8.93,1.06,0.752,0.2216,0.0263,1,1,1,0,0,0,0,0,0,0,0,0,0
1318.11,1318.11,1281.72,1287.7,18214862,30.41,36.39,0.0,5.98,0.8357,0.0,0.1643,1296.79,1315.74,1285.78,1301.36,4.57,29.96,14.38,11.01,0.1525,0.48,0.3675,1271.82,1305.12,1271.46,1282.21,10.39,33.66,22.91,0.36,0.3087,0.6806,0.0107,1,1,1,0,0,0,0,0,0,1,0,0,1
1274.66,1294.74,1272.84,1283.18,9467006,8.52,21.9,11.56,1.82,0.389,0.5279,0.0831,1318.11,1318.11,1281.72,1287.7,30.41,36.39,0.0,5.98,0.8357,0.0,0.1643,1296.79,1315.74,1285.78,1301.36,4.57,29.96,14.38,11.01,0.1525,0.48,0.3675,1,1,1,0,0,0,0,0,0,0,0,0,0
1285.28,1287.58,1235.11,1243.12,19247660,42.16,52.47,2.3,8.01,0.8035,0.0438,0.1527,1274.66,1294.74,1272.84,1283.18,8.52,21.9,11.56,1.82,0.389,0.5279,0.0831,1318.11,1318.11,1281.72,1287.7,30.41,36.39,0.0,5.98,0.8357,0.0,0.1643,1,1,1,0,0,0,0,0,0,1,0,0,0
1256.89,1259.89,1214.67,1218.77,17210669,38.12,45.22,3.0,4.1,0.843,0.0663,0.0907,1285.28,1287.58,1235.11,1243.12,42.16,52.47,2.3,8.01,0.8035,0.0438,0.1527,1274.66,1294.74,1272.84,1283.18,8.52,21.9,11.56,1.82,0.389,0.5279,0.0831,1,1,1,0,0,0,0,0,0,0,0,0,0
1205.53,1227.13,1196.92,1209.43,19649948,3.9,30.21,17.7,8.61,0.1291,0.5859,0.285,1256.89,1259.89,1214.67,1218.77,38.12,45.22,3.0,4.1,0.843,0.0663,0.0907,1285.28,1287.58,1235.11,1243.12,42.16,52.47,2.3,8.01,0.8035,0.0438,0.1527,1,1,1,0,0,0,0,0,0,0,0,1,0
1188.34,1198.56,1156.98,1162.2,18083752,26.14,41.58,10.22,5.22,0.6287,0.2458,0.1255,1205.53,1227.13,1196.92,1209.43,3.9,30.21,17.7,8.61,0.1291,0.5859,0.285,1256.89,1259.89,1214.67,1218.77,38.12,45.22,3.0,4.1,0.843,0.0663,0.0907,1,1,1,0,0,0,0,0,0,0,0,0,0
1151.44,1166.03,1134.37,1142.05,19511677,9.39,31.66,14.59,7.68,0.2966,0.4608,0.2426,1188.34,1198.56,1156.98,1162.2,26.14,41.58,10.22,5.22,0.6287,0.2458,0.1255,1205.53,1227.13,1196.92,1209.43,3.9,30.21,17.7,8.61,0.1291,0.5859,0.285,1,1,1,0,0,0,0,0,0,0,0,0,0
1141.13,1146.8,1117.73,1130.35,16643899,10.78,29.07,5.67,12.62,0.3708,0.195,0.4341,1151.44,1166.03,1134.37,1142.05,9.39,31.66,14.59,7.68,0.2966,0.4608,0.2426,1188.34,1198.56,1156.98,1162.2,26.14,41.58,10.22,5.22,0.6287,0.2458,0.1255,1,1,1,0,0,0,0,0,0,0,0,0,0
1120.29,1123.68,1093.75,1107.32,20490321,12.97,29.93,3.39,13.57,0.4333,0.1133,0.4534,1141.13,1146.8,1117.73,1130.35,10.78,29.07,5.67,12.62,0.3708,0.195,0.4341,1151.44,1166.03,1134.37,1142.05,9.39,31.66,14.59,7.68,0.2966,0.4608,0.2426,-1,-1,1,-1,0,0,0,0,0,0,0,0,0
1119.6,1143.6,1114.68,1119.88,19308778,0.28,28.92,23.72,4.92,0.0097,0.8202,0.1701,1120.29,1123.68,1093.75,1107.32,12.97,29.93,3.39,13.57,0.4333,0.1133,0.4534,1141.13,1146.8,1117.73,1130.35,10.78,29.07,5.67,12.62,0.3708,0.195,0.4341,-1,-1,1,0,0,0,0,1,0,0,0,0,0
1123.5,1144.98,1115.28,1120.15,13437911,3.35,29.7,21.48,4.87,0.1128,0.7232,0.164,1119.6,1143.6,1114.68,1119.88,0.28,28.92,23.72,4.92,0.0097,0.8202,0.1701,1120.29,1123.68,1093.75,1107.32,12.97,29.93,3.39,13.57,0.4333,0.1133,0.4534,-1,-1,1,0,0,0,0,0,0,0,0,0,0
1123.8,1172.16,1122.37,1167.2,16551828,43.4,49.79,4.96,1.43,0.8717,0.0996,0.0287,1123.5,1144.98,1115.28,1120.15,3.35,29.7,21.48,4.87,0.1128,0.7232,0.164,1119.6,1143.6,1114.68,1119.88,0.28,28.92,23.72,4.92,0.0097,0.8202,0.1701,-1,-1,1,0,0,0,0,0,0,0,0,0,0
1172.05,1186.05,1157.56,1171.45,17276788,0.6,28.49,14.0,13.89,0.0211,0.4914,0.4875,1123.8,1172.16,1122.37,1167.2,43.4,49.79,4.96,1.43,0.8717,0.0996,0.0287,1123.5,1144.98,1115.28,1120.15,3.35,29.7,21.48,4.87,0.1128,0.7232,0.164,-1,-1,1,0,0,0,0,1,0,0,0,0,0
1146.37,1159.52,1138.08,1144.45,14699118,1.92,21.44,13.15,6.37,0.0896,0.6133,0.2971,1172.05,1186.05,1157.56,1171.45,0.6,28.49,14.0,13.89,0.0211,0.4914,0.4875,1123.8,1172.16,1122.37,1167.2,43.4,49.79,4.96,1.43,0.8717,0.0996,0.0287,-1,-1,1,0,0,0,0,1,0,0,0,0,1
1159.52,1220.39,1154.67,1211.18,21793091,51.66,65.72,9.21,4.85,0.7861,0.1401,0.0738,1146.37,1159.52,1138.08,1144.45,1.92,21.44,13.15,6.37,0.0896,0.6133,0.2971,1172.05,1186.05,1157.56,1171.45,0.6,28.49,14.0,13.89,0.0211,0.4914,0.4875,-1,-1,1,0,0,0,0,0,0,0,0,0,0
1214.44,1224.61,1196.67,1203.08,15252755,11.36,27.94,10.17,6.41,0.4066,0.364,0.2294,1159.52,1220.39,1154.67,1211.18,51.66,65.72,9.21,4.85,0.7861,0.1401,0.0738,1146.37,1159.52,1138.08,1144.45,1.92,21.44,13.15,6.37,0.0896,0.6133,0.2971,-1,-1,1,0,0,0,0,0,0,0,0,0,0
1203.13,1217.44,1198.84,1207.21,13527818,4.08,18.6,10.23,4.29,0.2194,0.55,0.2306,1214.44,1224.61,1196.67,1203.08,11.36,27.94,10.17,6.41,0.4066,0.364,0.2294,1159.52,1220.39,1154.67,1211.18,51.66,65.72,9.21,4.85,0.7861,0.1401,0.0738,-1,-1,1,0,0,0,0,0,0,0,0,0,0
1216.05,1226.07,1200.59,1205.44,12714544,10.61,25.48,10.02,4.85,0.4164,0.3932,0.1903,1203.13,1217.44,1198.84,1207.21,4.08,18.6,10.23,4.29,0.2194,0.55,0.2306,1214.44,1224.61,1196.67,1203.08,11.36,27.94,10.17,6.41,0.4066,0.364,0.2294,-1,-1,1,0,0,0,0,0,0,0,0,0,0
1211.16,1216.01,1175.9,1193.95,17882023,17.21,40.11,4.85,18.05,0.4291,0.1209,0.45,1216.05,1226.07,1200.59,1205.44,10.61,25.48,10.02,4.85,0.4164,0.3932,0.1903,1203.13,1217.44,1198.84,1207.21,4.08,18.6,10.23,4.29,0.2194,0.55,0.2306,-1,-1,1,0,0,0,0,0,0,0,0,0,0
1196.69,1202.28,1172.26,1188.41,16521973,8.28,30.02,5.59,16.15,0.2758,0.1862,0.538,1211.16,1216.01,1175.9,1193.95,17.21,40.11,4.85,18.05,0.4291,0.1209,0.45,1216.05,1226.07,1200.59,1205.44,10.61,25.48,10.02,4.85,0.4164,0.3932,0.1903,-1,-1,1,0,0,0,0,0,0,0,0,0,0
1206.82,1234.05,1197.22,1229.8,13853398,22.98,36.83,4.25,9.6,0.6239,0.1154,0.2607,1196.69,1202.28,1172.26,1188.41,8.28,30.02,5.59,16.15,0.2758,0.1862,0.538,1211.16,1216.01,1175.9,1193.95,17.21,40.11,4.85,18.05,0.4291,0.1209,0.45,-1,-1,1,0,0,0,0,0,0,0,0,1,0
1219.01,1236.27,1207.15,1214.97,70620653,4.04,29.12,17.26,7.82,0.1387,0.5927,0.2685,1206.82,1234.05,1197.22,1229.8,22.98,36.83,4.25,9.6,0.6239,0.1154,0.2607,1196.69,1202.28,1172.26,1188.41,8.28,30.02,5.59,16.15,0.2758,0.1862,0.538,-1,-1,1,0,0,0,0,0,0,0,0,0,0
1215.73,1225.37,1207.38,1215.36,9776989,0.37,17.99,9.64,7.98,0.0206,0.5359,0.4436,1219.01,1236.27,1207.15,1214.97,4.04,29.12,17.26,7.82,0.1387,0.5927,0.2685,1206.82,1234.05,1197.22,1229.8,22.98,36.83,4.25,9.6,0.6239,0.1154,0.2607,-1,-1,1,0,0,0,0,1,0,0,0,0,1
1215.59,1261.03,1215.59,1257.26,22126569,41.67,45.44,3.77,0.0,0.917,0.083,0.0,1215.73,1225.37,1207.38,1215.36,0.37,17.99,9.64,7.98,0.0206,0.5359,0.4436,1219.01,1236.27,1207.15,1214.97,4.04,29.12,17.26,7.82,0.1387,0.5927,0.2685,-1,-1,1,0,0,0,0,0,0,0,0,1,0
1266.36,1300.21,1265.43,1282.74,23939791,16.38,34.78,17.47,0.93,0.471,0.5023,0.0267,1215.59,1261.03,1215.59,1257.26,41.67,45.44,3.77,0.0,0.917,0.083,0.0,1215.73,1225.37,1207.38,1215.36,0.37,17.99,9.64,7.98,0.0206,0.5359,0.4436,-1,-1,1,0,0,0,0,0,0,0,0,0,0
1282.97,1298.66,1269.96,1277.22,11093152,5.75,28.7,15.69,7.26,0.2003,0.5467,0.253,1266.36,1300.21,1265.43,1282.74,16.38,34.78,17.47,0.93,0.471,0.5023,0.0267,1215.59,1261.03,1215.59,1257.26,41.67,45.44,3.77,0.0,0.917,0.083,0.0,-1,-1,1,0,0,0,0,0,0,0,0,0,1
1278.31,1288.09,1270.07,1279.62,12358255,1.31,18.02,8.47,8.24,0.0727,0.47,0.4573,1282.97,1298.66,1269.96,1277.22,5.75,28.7,15.69,7.26,0.2003,0.5467,0.253,1266.36,1300.21,1265.43,1282.74,16.38,34.78,17.47,0.93,0.471,0.5023,0.0267,-1,-1,1,0,0,0,0,1,0,0,0,0,0
1279.62,1283.43,1253.57,1257.15,12479250,22.47,29.86,3.81,3.58,0.7525,0.1276,0.1199,1278.31,1288.09,1270.07,1279.62,1.31,18.02,8.47,8.24,0.0727,0.47,0.4573,1282.97,1298.66,1269.96,1277.22,5.75,28.7,15.69,7.26,0.2003,0.5467,0.253,-1,-1,1,0,0,0,0,0,0,0,0,0,0
1250.66,1293.58,1250.66,1291.62,17278305,40.96,42.92,1.96,0.0,0.9543,0.0457,0.0,1279.62,1283.43,1253.57,1257.15,22.47,29.86,3.81,3.58,0.7525,0.1276,0.1199,1278.31,1288.09,1270.07,1279.62,1.31,18.02,8.47,8.24,0.0727,0.47,0.4573,-1,-1,1,0,0,0,0,0,1,0,0,0,0
1279.23,1287.54,1246.74,1252.63,18093057,26.6,40.8,8.31,5.89,0.652,0.2037,0.1444,1250.66,1293.58,1250.66,1291.62,40.96,42.92,1.96,0.0,0.9543,0.0457,0.0,1279.62,1283.43,1253.57,1257.15,22.47,29.86,3.81,3.58,0.7525,0.1276,0.1199,-1,-1,1,0,0,0,0,0,0,0,0,0,0
1222.97,1233.5,1207.42,1228.93,17620803,5.96,26.08,4.57,15.55,0.2285,0.1752,0.5962,1279.23,1287.54,1246.74,1252.63,26.6,40.8,8.31,5.89,0.652,0.2037,0.1444,1250.66,1293.58,1250.66,1291.62,40.96,42.92,1.96,0.0,0.9543,0.0457,0.0,-1,-1,1,0,0,1,0,0,0,0,0,0,0
1223.0,1233.06,1206.11,1212.87,14714312,10.13,26.95,10.06,6.76,0.3759,0.3733,0.2508,1222.97,1233.5,1207.42,1228.93,5.96,26.08,4.57,15.55,0.2285,0.1752,0.5962,1279.23,1287.54,1246.74,1252.63,26.6,40.8,8.31,5.89,0.652,0.2037,0.1444,-1,-1,1,0,0,0,0,0,0,0,0,0,0
1208.0,1217.11,1192.7,1198.19,11195535,9.81,24.41,9.11,5.49,0.4019,0.3732,0.2249,1223.0,1233.06,1206.11,1212.87,10.13,26.95,10.06,6.76,0.3759,0.3733,0.2508,1222.97,1233.5,1207.42,1228.93,5.96,26.08,4.57,15.55,0.2285,0.1752,0.5962,-1,-1,1,0,0,0,0,0,0,0,0,0,0
1210.51,1227.15,1178.67,1181.44,17111475,29.07,48.48,16.64,2.77,0.5996,0.3432,0.0571,1208.0,1217.11,1192.7,1198.19,9.81,24.41,9.11,5.49,0.4019,0.3732,0.2249,1223.0,1233.06,1206.11,1212.87,10.13,26.95,10.06,6.76,0.3759,0.3733,0.2508,-1,-1,1,0,0,0,0,0,0,0,0,0,0
1181.44,1211.37,1179.64,1195.28,24457187,13.84,31.73,16.09,1.8,0.4362,0.5071,0.0567,1210.51,1227.15,1178.67,1181.44,29.07,48.48,16.64,2.77,0.5996,0.3432,0.0571,1208.0,1217.11,1192.7,1198.19,9.81,24.41,9.11,5.49,0.4019,0.3732,0.2249,-1,-1,1,0,0,0,0,0,0,0,0,0,0
1202.21,1207.79,1163.49,1173.62,12066797,28.59,44.3,5.58,10.13,0.6454,0.126,0.2287,1181.44,1211.37,1179.64,1195.28,13.84,31.73,16.09,1.8,0.4362,0.5071,0.0567,1210.51,1227.15,1178.67,1181.44,29.07,48.48,16.64,2.77,0.5996,0.3432,0.0571,-1,-1,1,0,0,0,0,0,0,1,0,0,0
1181.44,1196.85,1166.81,1192.56,11720049,11.12,30.04,4.29,14.63,0.3702,0.1428,0.487,1202.21,1207.79,1163.49,1173.62,28.59,44.3,5.58,10.13,0.6454,0.126,0.2287,1181.44,1211.37,1179.64,1195.28,13.84,31.73,16.09,1.8,0.4362,0.5071,0.0567,-1,-1,1,0,0,0,0,0,0,0,0,0,0
1180.56,1180.66,1154.21,1156.33,10617206,24.23,26.45,0.1,2.12,0.9161,0.0038,0.0802,1181.44,1196.85,1166.81,1192.56,11.12,30.04,4.29,14.63,0.3702,0.1428,0.487,1202.21,1207.79,1163.49,1173.62,28.59,44.3,5.58,10.13,0.6454,0.126,0.2287,-1,-1,1,0,0,0,0,0,0,0,0,0,0
1160.7,1165.29,1128.37,1137.57,19446323,23.13,36.92,4.59,9.2,0.6265,0.1243,0.2492,1180.56,1180.66,1154.21,1156.33,24.23,26.45,0.1,2.12,0.9161,0.0038,0.0802,1181.44,1196.85,1166.81,1192.56,11.12,30.04,4.29,14.63,0.3702,0.1428,0.487,1,1,1,1,0,0,0,0,0,0,0,0,0
1144.52,1158.83,1138.98,1153.77,14240234,9.25,19.85,5.06,5.54,0.466,0.2549,0.2791,1160.7,1165.29,1128.37,1137.57,23.13,36.92,4.59,9.2,0.6265,0.1243,0.2492,1180.56,1180.66,1154.21,1156.33,24.23,26.45,0.1,2.12,0.9161,0.0038,0.0802,1,1,1,0,0,0,0,0,0,0,0,1,0
1174.49,1174.49,1145.23,1150.36,15474529,24.13,29.26,0.0,5.13,0.8247,0.0,0.1753,1144.52,1158.83,1138.98,1153.77,9.25,19.85,5.06,5.54,0.466,0.2549,0.2791,1160.7,1165.29,1128.37,1137.57,23.13,36.92,4.59,9.2,0.6265,0.1243,0.2492,1,1,1,0,0,0,0,0,0,0,0,0,0
1145.49,1169.42,1145.49,1166.53,13572847,21.04,23.93,2.89,0.0,0.8792,0.1208,0.0,1174.49,1174.49,1145.23,1150.36,24.13,29.26,0.0,5.13,0.8247,0.0,0.1753,1144.52,1158.83,1138.98,1153.77,9.25,19.85,5.06,5.54,0.466,0.2549,0.2791,1,1,1,0,0,0,0,0,0,0,0,0,0
1157.07,1198.52,1154.21,1190.74,19205146,33.67,44.31,7.78,2.86,0.7599,0.1756,0.0645,1145.49,1169.42,1145.49,1166.53,21.04,23.93,2.89,0.0,0.8792,0.1208,0.0,1174.49,1174.49,1145.23,1150.36,24.13,29.26,0.0,5.13,0.8247,0.0,0.1753,1,1,1,0,0,0,0,0,0,0,0,1,0
1190.67,1207.24,1184.21,1197.89,23112959,7.22,23.03,9.35,6.46,0.3135,0.406,0.2805,1157.07,1198.52,1154.21,1190.74,33.67,44.31,7.78,2.86,0.7599,0.1756,0.0645,1145.49,1169.42,1145.49,1166.53,21.04,23.93,2.89,0.0,0.8792,0.1208,0.0,-1,-1,1,-1,0,0,0,0,0,0,0,0,0
1188.32,1196.21,1091.45,1111.61,81997149,76.71,104.76,7.89,20.16,0.7322,0.0753,0.1924,1190.67,1207.24,1184.21,1197.89,7.22,23.03,9.35,6.46,0.3135,0.406,0.2805,1157.07,1198.52,1154.21,1190.74,33.67,44.31,7.78,2.86,0.7599,0.1756,0.0645,-1,-1,1,0,0,0,0,0,0,0,0,0,1
1097.89,1126.98,1091.95,1113.92,41857728,16.03,35.03,13.06,5.94,0.4576,0.3728,0.1696,1188.32,1196.21,1091.45,1111.61,76.71,104.76,7.89,20.16,0.7322,0.0753,0.1924,1190.67,1207.24,1184.21,1197.89,7.22,23.03,9.35,6.46,0.3135,0.406,0.2805,-1,-1,1,0,0,0,0,0,0,0,0,0,0
1118.21,1137.55,1115.49,1122.94,17647327,4.73,22.06,14.61,2.72,0.2144,0.6623,0.1233,1097.89,1126.98,1091.95,1113.92,16.03,35.03,13.06,5.94,0.4576,0.3728,0.1696,1188.32,1196.21,1091.45,1111.61,76.71,104.76,7.89,20.16,0.7322,0.0753,0.1924,-1,-1,1,0,0,0,1,0,0,0,0,1,0
1116.88,1126.96,1102.06,1113.07,23943726,3.81,24.9,10.08,11.01,0.153,0.4048,0.4422,1118.21,1137.55,1115.49,1122.94,4.73,22.06,14.61,2.72,0.2144,0.6623,0.1233,1097.89,1126.98,1091.95,1113.92,16.03,35.03,13.06,5.94,0.4576,0.3728,0.1696,-1,-1,1,0,0,0,0,0,0,0,0,0,1
1119.55,1122.94,1096.06,1102.11,23301033,17.44,26.88,3.39,6.05,0.6488,0.1261,0.2251,1116.88,1126.96,1102.06,1113.07,3.81,24.9,10.08,11.01,0.153,0.4048,0.4422,1118.21,1137.55,1115.49,1122.94,4.73,22.06,14.61,2.72,0.2144,0.6623,0.1233,-1,-1,1,0,0,0,0,0,0,0,0,0,1
1115.91,1115.91,1099.55,1103.63,19010108,12.28,16.36,0.0,4.08,0.7506,0.0,0.2494,1119.55,1122.94,1096.06,1102.11,17.44,26.88,3.39,6.05,0.6488,0.1261,0.2251,1116.88,1126.96,1102.06,1113.07,3.81,24.9,10.08,11.01,0.153,0.4048,0.4422,-1,-1,1,0,0,0,0,0,0,0,0,0,0
1096.75,1120.89,1093.75,1118.63,13847467,21.88,27.14,2.26,3.0,0.8062,0.0833,0.1105,1115.91,1115.91,1099.55,1103.63,12.28,16.36,0.0,4.08,0.7506,0.0,0.2494,1119.55,1122.94,1096.06,1102.11,17.44,26.88,3.39,6.05,0.6488,0.1261,0.2251,-1,-1,1,0,0,0,0,0,1,0,0,1,0
1109.45,1125.92,1109.45,1117.04,10778989,7.59,16.47,8.88,0.0,0.4608,0.5392,0.0,1096.75,1120.89,1093.75,1118.63,21.88,27.14,2.26,3.0,0.8062,0.0833,0.1105,1115.91,1115.91,1099.55,1103.63,12.28,16.36,0.0,4.08,0.7506,0.0,0.2494,-1,-1,1,0,0,0,0,0,0,0,0,0,0
1120.2,1123.29,1095.14,1097.24,14224132,22.96,28.15,3.09,2.1,0.8156,0.1098,0.0746,1109.45,1125.92,1109.45,1117.04,7.59,16.47,8.88,0.0,0.4608,0.5392,0.0,1096.75,1120.89,1093.75,1118.63,21.88,27.14,2.26,3.0,0.8062,0.0833,0.1105,-1,-1,1,0,0,0,0,0,0,1,0,0,1
1102.06,1123.27,1096.96,1106.28,16970315,4.22,26.31,16.99,5.1,0.1604,0.6458,0.1938,1120.2,1123.29,1095.14,1097.24,22.96,28.15,3.09,2.1,0.8156,0.1098,0.0746,1109.45,1125.92,1109.45,1117.04,7.59,16.47,8.88,0.0,0.4608,0.5392,0.0,-1,-1,1,0,0,0,0,0,0,0,0,0,0
1114.52,1114.52,1099.8,1108.43,9603210,6.09,14.72,0.0,8.63,0.4137,0.0,0.5863,1102.06,1123.27,1096.96,1106.28,4.22,26.31,16.99,5.1,0.1604,0.6458,0.1938,1120.2,1123.29,1095.14,1097.24,22.96,28.15,3.09,2.1,0.8156,0.1098,0.0746,-1,-1,1,0,0,0,0,0,0,0,0,0,0
1117.29,1119.14,1104.05,1117.87,15160908,0.58,15.09,1.27,13.24,0.0384,0.0842,0.8774,1114.52,1114.52,1099.8,1108.43,6.09,14.72,0.0,8.63,0.4137,0.0,0.5863,1102.06,1123.27,1096.96,1106.28,4.22,26.31,16.99,5.1,0.1604,0.6458,0.1938,-1,-1,1,0,0,0,0,1,0,0,0,0,0
1107.74,1129.29,1107.74,1124.72,16439888,16.98,21.55,4.57,0.0,0.7879,0.2121,0.0,1117.29,1119.14,1104.05,1117.87,0.58,15.09,1.27,13.24,0.0384,0.0842,0.8774,1114.52,1114.52,1099.8,1108.43,6.09,14.72,0.0,8.63,0.4137,0.0,0.5863,-1,-1,1,0,0,0,0,0,0,0,0,1,0
1172.21,1173.36,1147.4,1155.13,23924246,17.08,25.96,1.15,7.73,0.6579,0.0443,0.2978,1107.74,1129.29,1107.74,1124.72,16.98,21.55,4.57,0.0,0.7879,0.2121,0.0,1117.29,1119.14,1104.05,1117.87,0.58,15.09,1.27,13.24,0.0384,0.0842,0.8774,-1,-1,1,0,0,0,0,0,0,0,0,0,0
1150.98,1153.75,1138.66,1147.43,16523230,3.55,15.09,2.77,8.77,0.2353,0.1836,0.5812,1172.21,1173.36,1147.4,1155.13,17.08,25.96,1.15,7.73,0.6579,0.0443,0.2978,1107.74,1129.29,1107.74,1124.72,16.98,21.55,4.57,0.0,0.7879,0.2121,0.0,-1,-1,1,0,0,1,0,0,0,0,0,0,0
1153.75,1161.27,1151.44,1155.18,10969995,1.43,9.83,6.09,2.31,0.1455,0.6195,0.235,1150.98,1153.75,1138.66,1147.43,3.55,15.09,2.77,8.77,0.2353,0.1836,0.5812,1172.21,1173.36,1147.4,1155.13,17.08,25.96,1.15,7.73,0.6579,0.0443,0.2978,-1,-1,1,0,0,0,0,0,0,0,0,1,0
1138.73,1138.73,1108.98,1117.01,23110452,21.72,29.75,0.0,8.03,0.7301,0.0,0.2699,1153.75,1161.27,1151.44,1155.18,1.43,9.83,6.09,2.31,0.1455,0.6195,0.235,1150.98,1153.75,1138.66,1147.43,3.55,15.09,2.77,8.77,0.2353,0.1836,0.5812,-1,-1,1,0,0,0,0,0,0,0,0,0,0
1117.34,1127.86,1112.84,1117.52,11303288,0.18,15.02,10.34,4.5,0.012,0.6884,0.2996,1138.73,1138.73,1108.98,1117.01,21.72,29.75,0.0,8.03,0.7301,0.0,0.2699,1153.75,1161.27,1151.44,1155.18,1.43,9.83,6.09,2.31,0.1455,0.6195,0.235,-1,-1,1,0,0,0,0,1,0,0,0,0,0
1116.81,1120.06,1108.52,1116.46,8655086,0.35,11.54,3.25,7.94,0.0303,0.2816,0.688,1117.34,1127.86,1112.84,1117.52,0.18,15.02,10.34,4.5,0.012,0.6884,0.2996,1138.73,1138.73,1108.98,1117.01,21.72,29.75,0.0,8.03,0.7301,0.0,0.2699,1,1,1,1,0,0,0,1,0,0,0,0,0
1124.21,1138.96,1117.29,1133.95,12496073,9.74,21.67,5.01,6.92,0.4495,0.2312,0.3193,1116.81,1120.06,1108.52,1116.46,0.35,11.54,3.25,7.94,0.0303,0.2816,0.688,1117.34,1127.86,1112.84,1117.52,0.18,15.02,10.34,4.5,0.012,0.6884,0.2996,1,1,1,0,0,0,0,0,0,0,0,0,0
1142.07,1161.64,1137.14,1158.11,15130683,16.04,24.5,3.53,4.93,0.6547,0.1441,0.2012,1124.21,1138.96,1117.29,1133.95,9.74,21.67,5.01,6.92,0.4495,0.2312,0.3193,1116.81,1120.06,1108.52,1116.46,0.35,11.54,3.25,7.94,0.0303,0.2816,0.688,1,1,1,0,0,0,0,0,0,0,0,0,0
1162.59,1194.25,1157.26,1188.29,15700044,25.7,36.99,5.96,5.33,0.6948,0.1611,0.1441,1142.07,1161.64,1137.14,1158.11,16.04,24.5,3.53,4.93,0.6547,0.1441,0.2012,1124.21,1138.96,1117.29,1133.95,9.74,21.67,5.01,6.92,0.4495,0.2312,0.3193,1,1,1,0,0,0,0,0,0,0,0,0,0
1187.21,1203.5,1182.15,1192.82,13917913,5.61,21.35,10.68,5.06,0.2628,0.5002,0.237,1162.59,1194.25,1157.26,1188.29,25.7,36.99,5.96,5.33,0.6948,0.1611,0.1441,1142.07,1161.64,1137.14,1158.11,16.04,24.5,3.53,4.93,0.6547,0.1441,0.2012,1,1,1,0,0,0,0,0,0,0,0,0,0
1199.9,1204.51,1184.88,1202.83,14250977,2.93,19.63,1.68,15.02,0.1493,0.0856,0.7652,1187.21,1203.5,1182.15,1192.82,5.61,21.35,10.68,5.06,0.2628,0.5002,0.237,1162.59,1194.25,1157.26,1188.29,25.7,36.99,5.96,5.33,0.6948,0.1611,0.1441,1,1,1,0,0,1,0,0,0,0,0,0,0
1204.51,1208.09,1169.9,1186.93,14467127,17.58,38.19,3.58,17.03,0.4603,0.0937,0.4459,1199.9,1204.51,1184.88,1202.83,2.93,19.63,1.68,15.02,0.1493,0.0856,0.7652,1187.21,1203.5,1182.15,1192.82,5.61,21.35,10.68,5.06,0.2628,0.5002,0.237,1,1,1,0,0,0,0,0,0,1,0,0,1
1188.82,1190.12,1166.19,1169.44,13942438,19.38,23.93,1.3,3.25,0.8099,0.0543,0.1358,1204.51,1208.09,1169.9,1186.93,17.58,38.19,3.58,17.03,0.4603,0.0937,0.4459,1199.9,1204.51,1184.88,1202.83,2.93,19.63,1.68,15.02,0.1493,0.0856,0.7652,1,1,1,0,0,0,0,0,0,0,0,0,0
1168.06,1192.31,1168.06,1184.74,10165178,16.68,24.25,7.57,0.0,0.6878,0.3122,0.0,1188.82,1190.12,1166.19,1169.44,19.38,23.93,1.3,3.25,0.8099,0.0543,0.1358,1204.51,1208.09,1169.9,1186.93,17.58,38.19,3.58,17.03,0.4603,0.0937,0.4459,1,1,1,0,0,0,0,0,0,0,0,0,0
1189.24,1195.24,1180.08,1191.82,10724688,2.58,15.16,3.42,9.16,0.1702,0.2256,0.6042,1168.06,1192.31,1168.06,1184.74,16.68,24.25,7.57,0.0,0.6878,0.3122,0.0,1188.82,1190.12,1166.19,1169.44,19.38,23.93,1.3,3.25,0.8099,0.0543,0.1358,1,1,1,0,0,0,0,0,0,0,0,1,0
1201.33,1204.47,1190.76,1195.79,8198226,5.54,13.71,3.14,5.03,0.4041,0.229,0.3669,1189.24,1195.24,1180.08,1191.82,2.58,15.16,3.42,9.16,0.1702,0.2256,0.6042,1168.06,1192.31,1168.06,1184.74,16.68,24.25,7.57,0.0,0.6878,0.3122,0.0,1,1,1,0,0,0,0,0,0,0,0,0,1
1195.42,1218.98,1191.68,1215.13,12650587,19.71,27.3,3.85,3.74,0.722,0.141,0.137,1201.33,1204.47,1190.76,1195.79,5.54,13.71,3.14,5.03,0.4041,0.229,0.3669,1189.24,1195.24,1180.08,1191.82,2.58,15.16,3.42,9.16,0.1702,0.2256,0.6042,1,1,1,0,0,0,0,0,1,0,0,0,0
1221.22,1226.34,1212.5,1223.57,6607378,2.35,13.84,2.77,8.72,0.1698,0.2001,0.6301,1195.42,1218.98,1191.68,1215.13,19.71,27.3,3.85,3.74,0.722,0.141,0.137,1201.33,1204.47,1190.76,1195.79,5.54,13.71,3.14,5.03,0.4041,0.229,0.3669,1,1,1,0,0,0,0,0,0,0,0,0,0
1229.9,1235.39,1225.54,1229.97,6595965,0.07,9.85,5.42,4.36,0.0071,0.5503,0.4426,1221.22,1226.34,1212.5,1223.57,2.35,13.84,2.77,8.72,0.1698,0.2001,0.6301,1195.42,1218.98,1191.68,1215.13,19.71,27.3,3.85,3.74,0.722,0.141,0.137,1,1,1,0,0,0,0,1,0,0,0,0,0
1227.59,1231.74,1218.45,1228.19,7410035,0.6,13.29,3.55,9.14,0.0451,0.2671,0.6877,1229.9,1235.39,1225.54,1229.97,0.07,9.85,5.42,4.36,0.0071,0.5503,0.4426,1221.22,1226.34,1212.5,1223.57,2.35,13.84,2.77,8.72,0.1698,0.2001,0.6301,1,1,1,0,0,0,0,1,0,0,0,0,0
1222.97,1228.37,1202.18,1206.29,9460724,16.68,26.19,5.4,4.11,0.6369,0.2062,0.1569,1227.59,1231.74,1218.45,1228.19,0.6,13.29,3.55,9.14,0.0451,0.2671,0.6877,1229.9,1235.39,1225.54,1229.97,0.07,9.85,5.42,4.36,0.0071,0.5503,0.4426,1,1,1,0,0,0,0,0,0,0,0,0,0
1207.75,1214.34,1193.44,1202.95,9471680,4.8,20.9,6.59,9.51,0.2297,0.3153,0.455,1222.97,1228.37,1202.18,1206.29,16.68,26.19,5.4,4.11,0.6369,0.2062,0.1569,1227.59,1231.74,1218.45,1228.19,0.6,13.29,3.55,9.14,0.0451,0.2671,0.6877,1,1,1,0,0,0,0,0,0,0,0,0,0
1197.13,1224.45,1195.91,1221.5,9678484,24.37,28.54,2.95,1.22,0.8539,0.1034,0.0427,1207.75,1214.34,1193.44,1202.95,4.8,20.9,6.59,9.51,0.2297,0.3153,0.455,1222.97,1228.37,1202.18,1206.29,16.68,26.19,5.4,4.11,0.6369,0.2062,0.1569,1,1,1,0,0,0,0,0,1,0,0,1,0
1218.41,1232.2,1216.21,1218.24,10369622,0.17,15.99,13.79,2.03,0.0106,0.8624,0.127,1197.13,1224.45,1195.91,1221.5,24.37,28.54,2.95,1.22,0.8539,0.1034,0.0427,1207.75,1214.34,1193.44,1202.95,4.8,20.9,6.59,9.51,0.2297,0.3153,0.455,1,1,1,0,0,0,0,1,0,0,0,0,0
1222.49,1228.93,1210.33,1214.69,7871946,7.8,18.6,6.44,4.36,0.4194,0.3462,0.2344,1218.41,1232.2,1216.21,1218.24,0.17,15.99,13.79,2.03,0.0106,0.8624,0.127,1197.13,1224.45,1195.91,1221.5,24.37,28.54,2.95,1.22,0.8539,0.1034,0.0427,1,1,1,0,0,0,0,0,0,0,0,0,1
1215.13,1222.97,1203.13,1208.21,10742038,6.92,19.84,7.84,5.08,0.3488,0.3952,0.256,1222.49,1228.93,1210.33,1214.69,7.8,18.6,6.44,4.36,0.4194,0.3462,0.2344,1218.41,1232.2,1216.21,1218.24,0.17,15.99,13.79,2.03,0.0106,0.8624,0.127,1,1,1,0,0,0,0,0,0,0,0,0,0
1192.98,1225.28,1189.77,1198.82,19838975,5.84,35.51,26.46,3.21,0.1645,0.7451,0.0904,1215.13,1222.97,1203.13,1208.21,6.92,19.84,7.84,5.08,0.3488,0.3952,0.256,1222.49,1228.93,1210.33,1214.69,7.8,18.6,6.44,4.36,0.4194,0.3462,0.2344,1,1,1,0,0,0,1,0,0,0,0,1,0
1206.36,1220.78,1189.1,1217.41,23139054,11.05,31.68,3.37,17.26,0.3488,0.1064,0.5448,1192.98,1225.28,1189.77,1198.82,5.84,35.51,26.46,3.21,0.1645,0.7451,0.0904,1215.13,1222.97,1203.13,1208.21,6.92,19.84,7.84,5.08,0.3488,0.3952,0.256,1,1,1,0,0,0,0,0,0,0,0,1,0
1191.89,1202.18,1177.15,1181.62,19909939,10.27,25.03,10.29,4.47,0.4103,0.4111,0.1786,1206.36,1220.78,1189.1,1217.41,11.05,31.68,3.37,17.26,0.3488,0.1064,0.5448,1192.98,1225.28,1189.77,1198.82,5.84,35.51,26.46,3.21,0.1645,0.7451,0.0904,1,1,1,0,0,0,0,0,0,0,0,0,0
1181.62,1188.52,1165.61,1167.83,12999345,13.79,22.91,6.9,2.22,0.6019,0.3012,0.0969,1191.89,1202.18,1177.15,1181.62,10.27,25.03,10.29,4.47,0.4103,0.4111,0.1786,1206.36,1220.78,1189.1,1217.41,11.05,31.68,3.37,17.26,0.3488,0.1064,0.5448,1,1,1,0,0,0,0,0,0,0,0,0,1
1168.06,1191.36,1168.06,1185.96,11327815,17.9,23.3,5.4,0.0,0.7682,0.2318,0.0,1181.62,1188.52,1165.61,1167.83,13.79,22.91,6.9,2.22,0.6019,0.3012,0.0969,1191.89,1202.18,1177.15,1181.62,10.27,25.03,10.29,4.47,0.4103,0.4111,0.1786,1,1,1,0,0,0,0,0,0,0,0,0,0
1187.44,1202.67,1186.98,1198.45,10899618,11.01,15.69,4.22,0.46,0.7017,0.269,0.0293,1168.06,1191.36,1168.06,1185.96,17.9,23.3,5.4,0.0,0.7682,0.2318,0.0,1181.62,1188.52,1165.61,1167.83,13.79,22.91,6.9,2.22,0.6019,0.3012,0.0969,1,1,1,0,0,0,0,0,0,0,0,0,0
1188.36,1197.55,1186.05,1191.48,7488501,3.12,11.5,6.07,2.31,0.2713,0.5278,0.2009,1187.44,1202.67,1186.98,1198.45,11.01,15.69,4.22,0.46,0.7017,0.269,0.0293,1168.06,1191.36,1168.06,1185.96,17.9,23.3,5.4,0.0,0.7682,0.2318,0.0,1,1,1,0,0,0,0,0,0,0,0,0,0
1194.48,1198.98,1186.52,1193.16,7057077,1.32,12.46,4.5,6.64,0.1059,0.3612,0.5329,1188.36,1197.55,1186.05,1191.48,3.12,11.5,6.07,2.31,0.2713,0.5278,0.2009,1187.44,1202.67,1186.98,1198.45,11.01,15.69,4.22,0.46,0.7017,0.269,0.0293,1,1,1,0,0,0,0,0,0,0,0,0,1
1204.51,1204.51,1183.29,1185.73,8314850,18.78,21.22,0.0,2.44,0.885,0.0,0.115,1194.48,1198.98,1186.52,1193.16,1.32,12.46,4.5,6.64,0.1059,0.3612,0.5329,1188.36,1197.55,1186.05,1191.48,3.12,11.5,6.07,2.31,0.2713,0.5278,0.2009,1,1,1,0,0,0,0,0,0,0,0,0,1
1186.31,1205.44,1186.31,1199.0,7435419,12.69,19.13,6.44,0.0,0.6634,0.3366,0.0,1204.51,1204.51,1183.29,1185.73,18.78,21.22,0.0,2.44,0.885,0.0,0.115,1194.48,1198.98,1186.52,1193.16,1.32,12.46,4.5,6.64,0.1059,0.3612,0.5329,1,1,1,0,0,0,0,0,0,0,0,0,0
1208.21,1213.61,1200.36,1209.01,8888657,0.8,13.25,4.6,7.85,0.0604,0.3472,0.5925,1186.31,1205.44,1186.31,1199.0,12.69,19.13,6.44,0.0,0.6634,0.3366,0.0,1204.51,1204.51,1183.29,1185.73,18.78,21.22,0.0,2.44,0.885,0.0,0.115,-1,-1,1,-1,0,0,0,1,0,0,0,1,0
1188.36,1204.51,1187.32,1194.52,8678219,6.16,17.19,9.99,1.04,0.3583,0.5812,0.0605,1208.21,1213.61,1200.36,1209.01,0.8,13.25,4.6,7.85,0.0604,0.3472,0.5925,1186.31,1205.44,1186.31,1199.0,12.69,19.13,6.44,0.0,0.6634,0.3366,0.0,-1,-1,1,0,0,0,0,0,0,0,0,0,0
1192.05,1201.54,1179.94,1182.69,10365600,9.36,21.6,9.49,2.75,0.4333,0.4394,0.1273,1188.36,1204.51,1187.32,1194.52,6.16,17.19,9.99,1.04,0.3583,0.5812,0.0605,1208.21,1213.61,1200.36,1209.01,0.8,13.25,4.6,7.85,0.0604,0.3472,0.5925,-1,-1,1,0,0,0,0,0,0,0,0,0,0
1173.94,1178.21,1149.6,1153.38,20217708,20.56,28.61,4.27,3.78,0.7186,0.1492,0.1321,1192.05,1201.54,1179.94,1182.69,9.36,21.6,9.49,2.75,0.4333,0.4394,0.1273,1188.36,1204.51,1187.32,1194.52,6.16,17.19,9.99,1.04,0.3583,0.5812,0.0605,-1,-1,1,0,0,0,0,0,0,0,0,0,0
1153.38,1164.23,1145.14,1154.88,7580254,1.5,19.09,9.35,8.24,0.0786,0.4898,0.4316,1173.94,1178.21,1149.6,1153.38,20.56,28.61,4.27,3.78,0.7186,0.1492,0.1321,1192.05,1201.54,1179.94,1182.69,9.36,21.6,9.49,2.75,0.4333,0.4394,0.1273,-1,-1,1,0,0,0,0,1,0,0,0,0,0
1164.11,1171.15,1151.3,1155.06,8411448,9.05,19.85,7.04,3.76,0.4559,0.3547,0.1894,1153.38,1164.23,1145.14,1154.88,1.5,19.09,9.35,8.24,0.0786,0.4898,0.4316,1173.94,1178.21,1149.6,1153.38,20.56,28.61,4.27,3.78,0.7186,0.1492,0.1321,-1,-1,1,0,0,0,0,0,0,0,0,0,0
1152.25,1168.98,1151.44,1158.25,9207309,6.0,17.54,10.73,0.81,0.3421,0.6117,0.0462,1164.11,1171.15,1151.3,1155.06,9.05,19.85,7.04,3.76,0.4559,0.3547,0.1894,1153.38,1164.23,1145.14,1154.88,1.5,19.09,9.35,8.24,0.0786,0.4898,0.4316,-1,-1,1,0,0,0,0,0,0,0,0,0,0
1147.29,1155.13,1140.87,1147.33,10308170,0.04,14.26,7.8,6.42,0.0028,0.547,0.4502,1152.25,1168.98,1151.44,1158.25,6.0,17.54,10.73,0.81,0.3421,0.6117,0.0462,1164.11,1171.15,1151.3,1155.06,9.05,19.85,7.04,3.76,0.4559,0.3547,0.1894,-1,-1,1,0,0,0,0,1,0,0,0,1,0
1146.83,1151.88,1124.26,1125.83,9528051,21.0,27.62,5.05,1.57,0.7603,0.1828,0.0568,1147.29,1155.13,1140.87,1147.33,0.04,14.26,7.8,6.42,0.0028,0.547,0.4502,1152.25,1168.98,1151.44,1158.25,6.0,17.54,10.73,0.81,0.3421,0.6117,0.0462,-1,-1,1,0,0,0,0,0,0,0,0,0,1
1104.85,1115.81,1096.13,1097.15,12479523,7.7,19.68,10.96,1.02,0.3913,0.5569,0.0518,1146.83,1151.88,1124.26,1125.83,21.0,27.62,5.05,1.57,0.7603,0.1828,0.0568,1147.29,1155.13,1140.87,1147.33,0.04,14.26,7.8,6.42,0.0028,0.547,0.4502,-1,-1,1,0,0,0,0,0,0,0,0,0,0
1104.83,1119.6,1089.19,1105.87,16154822,1.04,30.41,13.73,15.64,0.0342,0.4515,0.5143,1104.85,1115.81,1096.13,1097.15,7.7,19.68,10.96,1.02,0.3913,0.5569,0.0518,1146.83,1151.88,1124.26,1125.83,21.0,27.62,5.05,1.57,0.7603,0.1828,0.0568,-1,-1,1,0,0,0,0,1,0,0,0,1,0
1089.3,1097.45,1073.96,1076.43,16997059,12.87,23.49,8.15,2.47,0.5479,0.347,0.1052,1104.83,1119.6,1089.19,1105.87,1.04,30.41,13.73,15.64,0.0342,0.4515,0.5143,1104.85,1115.81,1096.13,1097.15,7.7,19.68,10.96,1.02,0.3913,0.5569,0.0518,-1,-1,1,0,0,0,0,0,0,0,0,0,0
1089.14,1092.6,1067.45,1073.13,14671827,16.01,25.15,3.46,5.68,0.6366,0.1376,0.2258,1089.3,1097.45,1073.96,1076.43,12.87,23.49,8.15,2.47,0.5479,0.347,0.1052,1104.83,1119.6,1089.19,1105.87,1.04,30.41,13.73,15.64,0.0342,0.4515,0.5143,-1,-1,1,0,0,0,0,0,0,0,0,0,0
1066.53,1108.52,1066.53,1097.33,18613024,30.8,41.99,11.19,0.0,0.7335,0.2665,0.0,1089.14,1092.6,1067.45,1073.13,16.01,25.15,3.46,5.68,0.6366,0.1376,0.2258,1089.3,1097.45,1073.96,1076.43,12.87,23.49,8.15,2.47,0.5479,0.347,0.1052,-1,-1,1,0,0,0,0,0,1,0,0,0,0
1103.68,1115.42,1090.52,1093.52,11852723,10.16,24.9,11.74,3.0,0.408,0.4715,0.1205,1066.53,1108.52,1066.53,1097.33,30.8,41.99,11.19,0.0,0.7335,0.2665,0.0,1089.14,1092.6,1067.45,1073.13,16.01,25.15,3.46,5.68,0.6366,0.1376,0.2258,-1,-1,1,0,0,0,0,0,0,0,0,0,0
1106.58,1115.91,1103.05,1113.69,8948850,7.11,12.86,2.22,3.53,0.5529,0.1726,0.2745,1103.68,1115.42,1090.52,1093.52,10.16,24.9,11.74,3.0,0.408,0.4715,0.1205,1066.53,1108.52,1066.53,1097.33,30.8,41.99,11.19,0.0,0.7335,0.2665,0.0,-1,-1,1,0,0,0,0,0,0,0,0,0,0
1120.98,1130.67,1115.98,1117.8,13352162,3.18,14.69,9.69,1.82,0.2165,0.6596,0.1239,1106.58,1115.91,1103.05,1113.69,7.11,12.86,2.22,3.53,0.5529,0.1726,0.2745,1103.68,1115.42,1090.52,1093.52,10.16,24.9,11.74,3.0,0.408,0.4715,0.1205,-1,-1,1,0,0,0,1,0,0,0,0,0,0
1114.36,1127.86,1114.36,1122.53,7714340,8.17,13.5,5.33,0.0,0.6052,0.3948,0.0,1120.98,1130.67,1115.98,1117.8,3.18,14.69,9.69,1.82,0.2165,0.6596,0.1239,1106.58,1115.91,1103.05,1113.69,7.11,12.86,2.22,3.53,0.5529,0.1726,0.2745,-1,-1,1,0,0,0,0,0,1,0,0,0,0
1109.91,1115.72,1102.06,1110.28,6329527,0.37,13.66,5.44,7.85,0.0271,0.3982,0.5747,1114.36,1127.86,1114.36,1122.53,8.17,13.5,5.33,0.0,0.6052,0.3948,0.0,1120.98,1130.67,1115.98,1117.8,3.18,14.69,9.69,1.82,0.2165,0.6596,0.1239,-1,-1,1,0,0,0,0,1,0,0,0,0,0
1114.06,1114.06,1085.03,1088.17,9215177,25.89,29.03,0.0,3.14,0.8918,0.0,0.1082,1109.91,1115.72,1102.06,1110.28,0.37,13.66,5.44,7.85,0.0271,0.3982,0.5747,1114.36,1127.86,1114.36,1122.53,8.17,13.5,5.33,0.0,0.6052,0.3948,0.0,-1,-1,1,0,0,0,0,0,0,1,0,0,1
1085.45,1099.15,1081.34,1096.18,7417103,10.73,17.81,2.97,4.11,0.6025,0.1668,0.2308,1114.06,1114.06,1085.03,1088.17,25.89,29.03,0.0,3.14,0.8918,0.0,0.1082,1109.91,1115.72,1102.06,1110.28,0.37,13.66,5.44,7.85,0.0271,0.3982,0.5747,1,1,1,1,0,0,0,0,0,0,0,0,0
1094.4,1104.83,1089.19,1099.66,7328492,5.26,15.64,5.17,5.21,0.3363,0.3306,0.3331,1085.45,1099.15,1081.34,1096.18,10.73,17.81,2.97,4.11,0.6025,0.1668,0.2308,1114.06,1114.06,1085.03,1088.17,25.89,29.03,0.0,3.14,0.8918,0.0,0.1082,1,1,-1,0,0,0,0,0,0,0,0,1,0
1114.52,1115.15,1093.34,1094.08,9106089,20.44,21.81,0.63,0.74,0.9372,0.0289,0.0339,1094.4,1104.83,1089.19,1099.66,5.26,15.64,5.17,5.21,0.3363,0.3306,0.3331,1085.45,1099.15,1081.34,1096.18,10.73,17.81,2.97,4.11,0.6025,0.1668,0.2308,1,1,-1,0,0,0,0,0,0,1,0,0,1
1086.83,1114.06,1081.57,1111.64,16729355,24.81,32.49,2.42,5.26,0.7636,0.0745,0.1619,1114.52,1115.15,1093.34,1094.08,20.44,21.81,0.63,0.74,0.9372,0.0289,0.0339,1094.4,1104.83,1089.19,1099.66,5.26,15.64,5.17,5.21,0.3363,0.3306,0.3331,1,1,-1,0,0,0,0,0,0,0,0,0,0
1117.75,1136.67,1116.9,1131.25,12415820,13.5,19.77,5.42,0.85,0.6829,0.2742,0.043,1086.83,1114.06,1081.57,1111.64,24.81,32.49,2.42,5.26,0.7636,0.0745,0.1619,1114.52,1115.15,1093.34,1094.08,20.44,21.81,0.63,0.74,0.9372,0.0289,0.0339,1,1,-1,0,0,0,0,0,0,0,0,0,0
1132.75,1166.6,1126.84,1150.93,19247142,18.18,39.76,15.67,5.91,0.4572,0.3941,0.1486,1117.75,1136.67,1116.9,1131.25,13.5,19.77,5.42,0.85,0.6829,0.2742,0.043,1086.83,1114.06,1081.57,1111.64,24.81,32.49,2.42,5.26,0.7636,0.0745,0.1619,1,1,-1,0,0,0,0,0,0,0,0,0,0
1146.83,1162.52,1146.83,1154.03,8717053,7.2,15.69,8.49,0.0,0.4589,0.5411,0.0,1132.75,1166.6,1126.84,1150.93,18.18,39.76,15.67,5.91,0.4572,0.3941,0.1486,1117.75,1136.67,1116.9,1131.25,13.5,19.77,5.42,0.85,0.6829,0.2742,0.043,1,1,-1,0,0,0,0,0,0,0,0,0,0
1157.3,1161.5,1138.52,1140.64,8243452,16.66,22.98,4.2,2.12,0.725,0.1828,0.0923,1146.83,1162.52,1146.83,1154.03,7.2,15.69,8.49,0.0,0.4589,0.5411,0.0,1132.75,1166.6,1126.84,1150.93,18.18,39.76,15.67,5.91,0.4572,0.3941,0.1486,1,1,-1,0,0,0,0,0,0,1,0,0,1
1135.29,1154.9,1133.12,1144.45,3370033,9.16,21.78,10.45,2.17,0.4206,0.4798,0.0996,1157.3,1161.5,1138.52,1140.64,16.66,22.98,4.2,2.12,0.725,0.1828,0.0923,1146.83,1162.52,1146.83,1154.03,7.2,15.69,8.49,0.0,0.4589,0.5411,0.0,1,1,-1,0,0,0,0,0,0,0,0,0,0
1153.29,1153.29,1125.14,1126.77,12233241,26.52,28.15,0.0,1.63,0.9421,0.0,0.0579,1135.29,1154.9,1133.12,1144.45,9.16,21.78,10.45,2.17,0.4206,0.4798,0.0996,1157.3,1161.5,1138.52,1140.64,16.66,22.98,4.2,2.12,0.725,0.1828,0.0923,1,1,-1,0,0,0,0,0,0,1,0,0,0
1134.37,1139.19,1122.74,1131.21,12513059,3.16,16.45,4.82,8.47,0.1921,0.293,0.5149,1153.29,1153.29,1125.14,1126.77,26.52,28.15,0.0,1.63,0.9421,0.0,0.0579,1135.29,1154.9,1133.12,1144.45,9.16,21.78,10.45,2.17,0.4206,0.4798,0.0996,1,1,-1,0,0,0,0,0,0,0,0,0,0
1137.6,1169.9,1135.04,1165.82,17609592,28.22,34.86,4.08,2.56,0.8095,0.117,0.0734,1134.37,1139.19,1122.74,1131.21,3.16,16.45,4.82,8.47,0.1921,0.293,0.5149,1153.29,1153.29,1125.14,1126.77,26.52,28.15,0.0,1.63,0.9421,0.0,0.0579,1,1,-1,0,0,0,0,0,0,0,0,1,0
1172.67,1181.88,1168.61,1176.64,12419943,3.97,13.27,5.24,4.06,0.2992,0.3949,0.306,1137.6,1169.9,1135.04,1165.82,28.22,34.86,4.08,2.56,0.8095,0.117,0.0734,1134.37,1139.19,1122.74,1131.21,3.16,16.45,4.82,8.47,0.1921,0.293,0.5149,1,1,-1,0,0,0,0,0,0,0,0,0,0
1199.9,1199.9,1157.44,1167.53,13963166,32.37,42.46,0.0,10.09,0.7624,0.0,0.2376,1172.67,1181.88,1168.61,1176.64,3.97,13.27,5.24,4.06,0.2992,0.3949,0.306,1137.6,1169.9,1135.04,1165.82,28.22,34.86,4.08,2.56,0.8095,0.117,0.0734,1,1,-1,0,0,0,0,0,0,1,0,0,1
1168.66,1176.92,1160.67,1174.82,8981896,6.16,16.25,2.1,7.99,0.3791,0.1292,0.4917,1199.9,1199.9,1157.44,1167.53,32.37,42.46,0.0,10.09,0.7624,0.0,0.2376,1172.67,1181.88,1168.61,1176.64,3.97,13.27,5.24,4.06,0.2992,0.3949,0.306,1,1,-1,0,0,0,0,0,0,0,0,0,0
1167.53,1181.23,1165.31,1179.2,6693449,11.67,15.92,2.03,2.22,0.733,0.1275,0.1394,1168.66,1176.92,1160.67,1174.82,6.16,16.25,2.1,7.99,0.3791,0.1292,0.4917,1199.9,1199.9,1157.44,1167.53,32.37,42.46,0.0,10.09,0.7624,0.0,0.2376,1,1,1,0,0,0,0,0,0,0,0,1,0
1178.62,1199.9,1177.33,1196.55,12575815,17.93,22.57,3.35,1.29,0.7944,0.1484,0.0572,1167.53,1181.23,1165.31,1179.2,11.67,15.92,2.03,2.22,0.733,0.1275,0.1394,1168.66,1176.92,1160.67,1174.82,6.16,16.25,2.1,7.99,0.3791,0.1292,0.4917,1,1,1,0,0,0,0,0,0,0,0,0,0
1195.75,1204.65,1187.9,1202.95,11789748,7.2,16.75,1.7,7.85,0.4299,0.1015,0.4687,1178.62,1199.9,1177.33,1196.55,17.93,22.57,3.35,1.29,0.7944,0.1484,0.0572,1167.53,1181.23,1165.31,1179.2,11.67,15.92,2.03,2.22,0.733,0.1275,0.1394,1,1,1,0,0,0,0,0,0,0,0,0,0
1204.65,1210.03,1195.31,1201.75,11254205,2.9,14.72,5.38,6.44,0.197,0.3655,0.4375,1195.75,1204.65,1187.9,1202.95,7.2,16.75,1.7,7.85,0.4299,0.1015,0.4687,1178.62,1199.9,1177.33,1196.55,17.93,22.57,3.35,1.29,0.7944,0.1484,0.0572,1,1,1,0,0,0,0,0,0,0,0,0,1
1195.28,1198.31,1182.82,1187.21,5966242,8.07,15.49,3.03,4.39,0.521,0.1956,0.2834,1204.65,1210.03,1195.31,1201.75,2.9,14.72,5.38,6.44,0.197,0.3655,0.4375,1195.75,1204.65,1187.9,1202.95,7.2,16.75,1.7,7.85,0.4299,0.1015,0.4687,1,1,1,0,0,0,0,0,0,0,0,0,1
1199.9,1216.51,1194.36,1214.58,12310132,14.68,22.15,1.93,5.54,0.6628,0.0871,0.2501,1195.28,1198.31,1182.82,1187.21,8.07,15.49,3.03,4.39,0.521,0.1956,0.2834,1204.65,1210.03,1195.31,1201.75,2.9,14.72,5.38,6.44,0.197,0.3655,0.4375,1,1,1,0,0,0,0,0,0,0,0,0,0
1214.09,1219.28,1202.28,1208.69,9043112,5.4,17.0,5.19,6.41,0.3176,0.3053,0.3771,1199.9,1216.51,1194.36,1214.58,14.68,22.15,1.93,5.54,0.6628,0.0871,0.2501,1195.28,1198.31,1182.82,1187.21,8.07,15.49,3.03,4.39,0.521,0.1956,0.2834,1,1,1,0,0,0,0,0,0,0,0,0,0
1210.19,1212.08,1195.28,1203.27,7086433,6.92,16.8,1.89,7.99,0.4119,0.1125,0.4756,1214.09,1219.28,1202.28,1208.69,5.4,17.0,5.19,6.41,0.3176,0.3053,0.3771,1199.9,1216.51,1194.36,1214.58,14.68,22.15,1.93,5.54,0.6628,0.0871,0.2501,1,1,1,0,0,0,0,0,0,0,0,0,1
1204.51,1207.26,1191.29,1196.37,9716161,8.14,15.97,2.75,5.08,0.5097,0.1722,0.3181,1210.19,1212.08,1195.28,1203.27,6.92,16.8,1.89,7.99,0.4119,0.1125,0.4756,1214.09,1219.28,1202.28,1208.69,5.4,17.0,5.19,6.41,0.3176,0.3053,0.3771,1,1,1,0,0,0,0,0,0,0,0,0,0
1192.95,1205.9,1190.67,1199.46,6661451,6.51,15.23,6.44,2.28,0.4274,0.4228,0.1497,1204.51,1207.26,1191.29,1196.37,8.14,15.97,2.75,5.08,0.5097,0.1722,0.3181,1210.19,1212.08,1195.28,1203.27,6.92,16.8,1.89,7.99,0.4119,0.1125,0.4756,1,1,1,0,0,0,0,0,0,0,0,0,0
1203.01,1204.05,1186.56,1198.82,5303197,4.19,17.49,1.04,12.26,0.2396,0.0595,0.701,1192.95,1205.9,1190.67,1199.46,6.51,15.23,6.44,2.28,0.4274,0.4228,0.1497,1204.51,1207.26,1191.29,1196.37,8.14,15.97,2.75,5.08,0.5097,0.1722,0.3181,1,1,1,0,0,1,0,0,0,0,0,0,0
1194.36,1194.36,1173.64,1177.24,6390268,17.12,20.72,0.0,3.6,0.8263,0.0,0.1737,1203.01,1204.05,1186.56,1198.82,4.19,17.49,1.04,12.26,0.2396,0.0595,0.701,1192.95,1205.9,1190.67,1199.46,6.51,15.23,6.44,2.28,0.4274,0.4228,0.1497,1,1,1,0,0,0,0,0,0,0,0,0,1
1174.52,1185.36,1170.59,1183.77,6611488,9.25,14.77,1.59,3.93,0.6263,0.1077,0.2661,1194.36,1194.36,1173.64,1177.24,17.12,20.72,0.0,3.6,0.8263,0.0,0.1737,1203.01,1204.05,1186.56,1198.82,4.19,17.49,1.04,12.26,0.2396,0.0595,0.701,1,1,1,0,0,0,0,0,0,0,0,0,0
1188.36,1189.7,1177.86,1180.08,6413408,8.28,11.84,1.34,2.22,0.6993,0.1132,0.1875,1174.52,1185.36,1170.59,1183.77,9.25,14.77,1.59,3.93,0.6263,0.1077,0.2661,1194.36,1194.36,1173.64,1177.24,17.12,20.72,0.0,3.6,0.8263,0.0,0.1737,1,1,1,0,0,0,0,0,0,0,0,0,0
1184.21,1197.13,1175.99,1190.25,9389439,6.04,21.14,6.88,8.22,0.2857,0.3254,0.3888,1188.36,1189.7,1177.86,1180.08,8.28,11.84,1.34,2.22,0.6993,0.1132,0.1875,1174.52,1185.36,1170.59,1183.77,9.25,14.77,1.59,3.93,0.6263,0.1077,0.2661,1,1,1,0,0,0,0,0,0,0,0,0,0
1194.82,1211.39,1191.64,1208.02,7349922,13.2,19.75,3.37,3.18,0.6684,0.1706,0.161,1184.21,1197.13,1175.99,1190.25,6.04,21.14,6.88,8.22,0.2857,0.3254,0.3888,1188.36,1189.7,1177.86,1180.08,8.28,11.84,1.34,2.22,0.6993,0.1132,0.1875,1,1,1,0,0,0,0,0,0,0,0,1,0
1204.01,1255.76,1154.67,1249.53,31527484,45.52,101.09,6.23,49.34,0.4503,0.0616,0.4881,1194.82,1211.39,1191.64,1208.02,13.2,19.75,3.37,3.18,0.6684,0.1706,0.161,1184.21,1197.13,1175.99,1190.25,6.04,21.14,6.88,8.22,0.2857,0.3254,0.3888,1,1,1,0,0,0,0,0,0,0,0,0,0
1247.87,1260.66,1243.28,1251.68,11058913,3.81,17.38,8.98,4.59,0.2192,0.5167,0.2641,1204.01,1255.76,1154.67,1249.53,45.52,101.09,6.23,49.34,0.4503,0.0616,0.4881,1194.82,1211.39,1191.64,1208.02,13.2,19.75,3.37,3.18,0.6684,0.1706,0.161,1,1,1,0,0,0,0,0,0,0,0,0,0
1251.82,1267.02,1245.22,1260.52,26164986,8.7,21.8,6.5,6.6,0.3991,0.2982,0.3028,1247.87,1260.66,1243.28,1251.68,3.81,17.38,8.98,4.59,0.2192,0.5167,0.2641,1204.01,1255.76,1154.67,1249.53,45.52,101.09,6.23,49.34,0.4503,0.0616,0.4881,1,1,1,0,0,0,0,0,0,0,0,0,0
1265.34,1271.43,1253.43,1256.8,9485801,8.54,18.0,6.09,3.37,0.4744,0.3383,0.1872,1251.82,1267.02,1245.22,1260.52,8.7,21.8,6.5,6.6,0.3991,0.2982,0.3028,1247.87,1260.66,1243.28,1251.68,3.81,17.38,8.98,4.59,0.2192,0.5167,0.2641,1,1,1,0,0,0,0,0,0,0,0,0,0
1259.89,1268.2,1246.33,1256.27,11589592,3.62,21.87,8.31,9.94,0.1655,0.38,0.4545,1265.34,1271.43,1253.43,1256.8,8.54,18.0,6.09,3.37,0.4744,0.3383,0.1872,1251.82,1267.02,1245.22,1260.52,8.7,21.8,6.5,6.6,0.3991,0.2982,0.3028,1,1,1,0,0,0,0,0,0,0,0,0,1
1251.59,1253.78,1235.9,1237.95,14828536,13.64,17.88,2.19,2.05,0.7629,0.1225,0.1147,1259.89,1268.2,1246.33,1256.27,3.62,21.87,8.31,9.94,0.1655,0.38,0.4545,1265.34,1271.43,1253.43,1256.8,8.54,18.0,6.09,3.37,0.4744,0.3383,0.1872,1,1,1,0,0,0,0,0,0,0,0,0,0
1229.94,1244.67,1228.05,1241.53,8594245,11.59,16.62,3.14,1.89,0.6974,0.1889,0.1137,1251.59,1253.78,1235.9,1237.95,13.64,17.88,2.19,2.05,0.7629,0.1225,0.1147,1259.89,1268.2,1246.33,1256.27,3.62,21.87,8.31,9.94,0.1655,0.38,0.4545,1,1,1,0,0,0,0,0,0,0,0,0,0
1239.13,1243.74,1219.35,1223.21,8462111,15.92,24.39,4.61,3.86,0.6527,0.189,0.1583,1229.94,1244.67,1228.05,1241.53,11.59,16.62,3.14,1.89,0.6974,0.1889,0.1137,1251.59,1253.78,1235.9,1237.95,13.64,17.88,2.19,2.05,0.7629,0.1225,0.1147,1,1,1,0,0,0,0,0,0,0,0,0,0
1227.59,1229.9,1218.41,1222.63,7757008,4.96,11.49,2.31,4.22,0.4317,0.201,0.3673,1239.13,1243.74,1219.35,1223.21,15.92,24.39,4.61,3.86,0.6527,0.189,0.1583,1229.94,1244.67,1228.05,1241.53,11.59,16.62,3.14,1.89,0.6974,0.1889,0.1137,1,1,1,0,0,0,0,0,0,0,0,0,0
1221.13,1227.59,1200.75,1204.1,12655763,17.03,26.84,6.46,3.35,0.6345,0.2407,0.1248,1227.59,1229.9,1218.41,1222.63,4.96,11.49,2.31,4.22,0.4317,0.201,0.3673,1239.13,1243.74,1219.35,1223.21,15.92,24.39,4.61,3.86,0.6527,0.189,0.1583,1,1,1,0,0,0,0,0,0,0,0,0,0
1193.21,1210.51,1192.98,1205.95,9479842,12.74,17.53,4.56,0.23,0.7268,0.2601,0.0131,1221.13,1227.59,1200.75,1204.1,17.03,26.84,6.46,3.35,0.6345,0.2407,0.1248,1227.59,1229.9,1218.41,1222.63,4.96,11.49,2.31,4.22,0.4317,0.201,0.3673,1,1,1,0,0,0,0,0,0,0,0,0,0
1205.95,1215.13,1202.99,1211.44,8333348,5.49,12.14,3.69,2.96,0.4522,0.304,0.2438,1193.21,1210.51,1192.98,1205.95,12.74,17.53,4.56,0.23,0.7268,0.2601,0.0131,1221.13,1227.59,1200.75,1204.1,17.03,26.84,6.46,3.35,0.6345,0.2407,0.1248,1,1,1,0,0,0,0,0,0,0,0,1,0
1217.28,1217.88,1204.98,1207.05,7268947,10.23,12.9,0.6,2.07,0.793,0.0465,0.1605,1205.95,1215.13,1202.99,1211.44,5.49,12.14,3.69,2.96,0.4522,0.304,0.2438,1193.21,1210.51,1192.98,1205.95,12.74,17.53,4.56,0.23,0.7268,0.2601,0.0131,1,1,1,0,0,0,0,0,0,0,0,0,1
1201.05,1206.82,1186.52,1189.91,8688551,11.14,20.3,5.77,3.39,0.5488,0.2842,0.167,1217.28,1217.88,1204.98,1207.05,10.23,12.9,0.6,2.07,0.793,0.0465,0.1605,1205.95,1215.13,1202.99,1211.44,5.49,12.14,3.69,2.96,0.4522,0.304,0.2438,1,1,1,0,0,0,0,0,0,0,0,0,0
1186.52,1208.58,1180.59,1184.02,15837349,2.5,27.99,22.06,3.43,0.0893,0.7881,0.1225,1201.05,1206.82,1186.52,1189.91,11.14,20.3,5.77,3.39,0.5488,0.2842,0.167,1217.28,1217.88,1204.98,1207.05,10.23,12.9,0.6,2.07,0.793,0.0465,0.1605,1,1,1,0,0,0,0,1,0,0,0,0,0
1191.13,1201.75,1184.53,1199.58,7729933,8.45,17.22,2.17,6.6,0.4907,0.126,0.3833,1186.52,1208.58,1180.59,1184.02,2.5,27.99,22.06,3.43,0.0893,0.7881,0.1225,1201.05,1206.82,1186.52,1189.91,11.14,20.3,5.77,3.39,0.5488,0.2842,0.167,1,1,1,0,0,0,0,0,0,0,0,1,0
1192.47,1211.9,1184.21,1209.96,7467588,17.49,27.69,1.94,8.26,0.6316,0.0701,0.2983,1191.13,1201.75,1184.53,1199.58,8.45,17.22,2.17,6.6,0.4907,0.126,0.3833,1186.52,1208.58,1180.59,1184.02,2.5,27.99,22.06,3.43,0.0893,0.7881,0.1225,1,1,1,0,0,0,0,0,0,0,0,0,0
1209.59,1215.13,1188.87,1192.75,8527550,16.84,26.26,5.54,3.88,0.6413,0.211,0.1478,1192.47,1211.9,1184.21,1209.96,17.49,27.69,1.94,8.26,0.6316,0.0701,0.2983,1191.13,1201.75,1184.53,1199.58,8.45,17.22,2.17,6.6,0.4907,0.126,0.3833,1,1,1,0,0,0,0,0,0,0,0,0,0
1198.98,1202.05,1184.55,1189.65,7451122,9.33,17.5,3.07,5.1,0.5331,0.1754,0.2914,1209.59,1215.13,1188.87,1192.75,16.84,26.26,5.54,3.88,0.6413,0.211,0.1478,1192.47,1211.9,1184.21,1209.96,17.49,27.69,1.94,8.26,0.6316,0.0701,0.2983,1,1,1,0,0,0,0,0,0,0,0,0,1
1182.96,1195.52,1150.17,1154.76,10257115,28.2,45.35,12.56,4.59,0.6218,0.277,0.1012,1198.98,1202.05,1184.55,1189.65,9.33,17.5,3.07,5.1,0.5331,0.1754,0.2914,1209.59,1215.13,1188.87,1192.75,16.84,26.26,5.54,3.88,0.6413,0.211,0.1478,-1,-1,1,-1,0,0,0,0,0,0,0,0,0
1160.56,1173.13,1150.24,1164.85,5990242,4.29,22.89,8.28,10.32,0.1874,0.3617,0.4509,1182.96,1195.52,1150.17,1154.76,28.2,45.35,12.56,4.59,0.6218,0.277,0.1012,1198.98,1202.05,1184.55,1189.65,9.33,17.5,3.07,5.1,0.5331,0.1754,0.2914,-1,-1,1,0,0,0,0,0,0,0,0,0,0
1167.59,1176.27,1160.79,1174.38,5763271,6.79,15.48,1.89,6.8,0.4386,0.1221,0.4393,1160.56,1173.13,1150.24,1164.85,4.29,22.89,8.28,10.32,0.1874,0.3617,0.4509,1182.96,1195.52,1150.17,1154.76,28.2,45.35,12.56,4.59,0.6218,0.277,0.1012,-1,-1,1,0,0,0,0,0,0,0,0,1,0
1171.29,1176.73,1163.67,1174.26,7459393,2.97,13.06,2.47,7.62,0.2274,0.1891,0.5835,1167.59,1176.27,1160.79,1174.38,6.79,15.48,1.89,6.8,0.4386,0.1221,0.4393,1160.56,1173.13,1150.24,1164.85,4.29,22.89,8.28,10.32,0.1874,0.3617,0.4509,-1,-1,1,0,0,1,0,0,0,0,0,0,0
1166.21,1176.32,1165.52,1173.73,6930648,7.52,10.8,2.59,0.69,0.6963,0.2398,0.0639,1171.29,1176.73,1163.67,1174.26,2.97,13.06,2.47,7.62,0.2274,0.1891,0.5835,1167.59,1176.27,1160.79,1174.38,6.79,15.48,1.89,6.8,0.4386,0.1221,0.4393,-1,-1,1,0,0,0,0,0,0,0,0,0,0
1174.56,1189.29,1172.72,1175.53,7289476,0.97,16.57,13.76,1.84,0.0585,0.8304,0.111,1166.21,1176.32,1165.52,1173.73,7.52,10.8,2.59,0.69,0.6963,0.2398,0.0639,1171.29,1176.73,1163.67,1174.26,2.97,13.06,2.47,7.62,0.2274,0.1891,0.5835,-1,-1,1,0,0,0,0,1,0,0,0,0,0
1176.82,1190.21,1175.99,1188.78,5316175,11.96,14.22,1.43,0.83,0.8411,0.1006,0.0584,1174.56,1189.29,1172.72,1175.53,0.97,16.57,13.76,1.84,0.0585,0.8304,0.111,1166.21,1176.32,1165.52,1173.73,7.52,10.8,2.59,0.69,0.6963,0.2398,0.0639,-1,-1,1,0,0,0,0,0,0,0,0,0,0
1183.77,1187.44,1175.81,1180.08,7658932,3.69,11.63,3.67,4.27,0.3173,0.3156,0.3672,1176.82,1190.21,1175.99,1188.78,11.96,14.22,1.43,0.83,0.8411,0.1006,0.0584,1174.56,1189.29,1172.72,1175.53,0.97,16.57,13.76,1.84,0.0585,0.8304,0.111,-1,-1,1,0,0,0,0,0,0,0,0,0,0
1180.06,1181.92,1160.21,1162.31,9264891,17.75,21.71,1.86,2.1,0.8176,0.0857,0.0967,1183.77,1187.44,1175.81,1180.08,3.69,11.63,3.67,4.27,0.3173,0.3156,0.3672,1176.82,1190.21,1175.99,1188.78,11.96,14.22,1.43,0.83,0.8411,0.1006,0.0584,-1,-1,1,0,0,0,0,0,0,0,0,0,1
1164.59,1170.55,1155.6,1160.23,13637099,4.36,14.95,5.96,4.63,0.2916,0.3987,0.3097,1180.06,1181.92,1160.21,1162.31,17.75,21.71,1.86,2.1,0.8176,0.0857,0.0967,1183.77,1187.44,1175.81,1180.08,3.69,11.63,3.67,4.27,0.3173,0.3156,0.3672,-1,-1,1,0,0,0,0,0,0,0,0,0,0
1166.05,1175.88,1162.2,1170.78,6349597,4.73,13.68,5.1,3.85,0.3458,0.3728,0.2814,1164.59,1170.55,1155.6,1160.23,4.36,14.95,5.96,4.63,0.2916,0.3987,0.3097,1180.06,1181.92,1160.21,1162.31,17.75,21.71,1.86,2.1,0.8176,0.0857,0.0967,-1,-1,1,0,0,0,0,0,0,0,0,1,0
1174.66,1200.82,1173.76,1198.42,10722753,23.76,27.06,2.4,0.9,0.878,0.0887,0.0333,1166.05,1175.88,1162.2,1170.78,4.73,13.68,5.1,3.85,0.3458,0.3728,0.2814,1164.59,1170.55,1155.6,1160.23,4.36,14.95,5.96,4.63,0.2916,0.3987,0.3097,-1,-1,1,0,0,0,0,0,0,0,0,0,0
1202.67,1202.67,1174.98,1180.7,8047142,21.97,27.69,0.0,5.72,0.7934,0.0,0.2066,1174.66,1200.82,1173.76,1198.42,23.76,27.06,2.4,0.9,0.878,0.0887,0.0333,1166.05,1175.88,1162.2,1170.78,4.73,13.68,5.1,3.85,0.3458,0.3728,0.2814,-1,-1,1,0,0,0,0,0,0,0,0,0,0
1177.98,1180.52,1163.49,1165.82,11509553,12.16,17.03,2.54,2.33,0.714,0.1491,0.1368,1202.67,1202.67,1174.98,1180.7,21.97,27.69,0.0,5.72,0.7934,0.0,0.2066,1174.66,1200.82,1173.76,1198.42,23.76,27.06,2.4,0.9,0.878,0.0887,0.0333,-1,-1,1,0,0,0,0,0,0,0,0,0,1
1165.22,1168.75,1137.6,1140.64,17688773,24.58,31.15,3.53,3.04,0.7891,0.1133,0.0976,1177.98,1180.52,1163.49,1165.82,12.16,17.03,2.54,2.33,0.714,0.1491,0.1368,1202.67,1202.67,1174.98,1180.7,21.97,27.69,0.0,5.72,0.7934,0.0,0.2066,-1,-1,1,0,0,0,0,0,0,0,0,0,0
1134.55,1141.24,1123.57,1138.8,20618583,4.25,17.67,2.44,10.98,0.2405,0.1381,0.6214,1165.22,1168.75,1137.6,1140.64,24.58,31.15,3.53,3.04,0.7891,0.1133,0.0976,1177.98,1180.52,1163.49,1165.82,12.16,17.03,2.54,2.33,0.714,0.1491,0.1368,-1,-1,1,0,0,1,0,0,0,0,0,0,0
1141.15,1144.36,1120.06,1127.95,13623855,13.2,24.3,3.21,7.89,0.5432,0.1321,0.3247,1134.55,1141.24,1123.57,1138.8,4.25,17.67,2.44,10.98,0.2405,0.1381,0.6214,1165.22,1168.75,1137.6,1140.64,24.58,31.15,3.53,3.04,0.7891,0.1133,0.0976,-1,-1,1,0,0,0,0,0,0,1,0,0,0
1134.37,1145.9,1130.95,1143.97,10751000,9.6,14.95,1.93,3.42,0.6421,0.1291,0.2288,1141.15,1144.36,1120.06,1127.95,13.2,24.3,3.21,7.89,0.5432,0.1321,0.3247,1134.55,1141.24,1123.57,1138.8,4.25,17.67,2.44,10.98,0.2405,0.1381,0.6214,-1,-1,1,0,0,0,0,0,0,0,0,0,0
1141.52,1149.64,1135.45,1142.07,13448286,0.55,14.19,7.57,6.07,0.0388,0.5335,0.4278,1134.37,1145.9,1130.95,1143.97,9.6,14.95,1.93,3.42,0.6421,0.1291,0.2288,1141.15,1144.36,1120.06,1127.95,13.2,24.3,3.21,7.89,0.5432,0.1321,0.3247,-1,-1,1,0,0,0,0,1,0,0,0,1,0
1141.24,1145.05,1133.74,1140.85,11940054,0.39,11.31,3.81,7.11,0.0345,0.3369,0.6286,1141.52,1149.64,1135.45,1142.07,0.55,14.19,7.57,6.07,0.0388,0.5335,0.4278,1134.37,1145.9,1130.95,1143.97,9.6,14.95,1.93,3.42,0.6421,0.1291,0.2288,-1,-1,1,0,0,0,0,1,0,0,0,0,1
1142.21,1142.21,1124.79,1127.28,14930286,14.93,17.42,0.0,2.49,0.8571,0.0,0.1429,1141.24,1145.05,1133.74,1140.85,0.39,11.31,3.81,7.11,0.0345,0.3369,0.6286,1141.52,1149.64,1135.45,1142.07,0.55,14.19,7.57,6.07,0.0388,0.5335,0.4278,-1,-1,1,0,0,0,0,0,0,0,0,0,1
1130.21,1138.15,1119.14,1121.58,10954118,8.63,19.01,7.94,2.44,0.454,0.4177,0.1284,1142.21,1142.21,1124.79,1127.28,14.93,17.42,0.0,2.49,0.8571,0.0,0.1429,1141.24,1145.05,1133.74,1140.85,0.39,11.31,3.81,7.11,0.0345,0.3369,0.6286,-1,-1,1,0,0,0,0,0,0,0,0,0,0
1126.06,1127.74,1101.76,1114.96,16488755,11.1,25.98,1.68,13.2,0.4273,0.0647,0.5081,1130.21,1138.15,1119.14,1121.58,8.63,19.01,7.94,2.44,0.454,0.4177,0.1284,1142.21,1142.21,1124.79,1127.28,14.93,17.42,0.0,2.49,0.8571,0.0,0.1429,-1,-1,1,0,0,0,0,0,0,0,0,0,0
1113.35,1114.38,1098.37,1099.55,12385018,13.8,16.01,1.03,1.18,0.862,0.0643,0.0737,1126.06,1127.74,1101.76,1114.96,11.1,25.98,1.68,13.2,0.4273,0.0647,0.5081,1130.21,1138.15,1119.14,1121.58,8.63,19.01,7.94,2.44,0.454,0.4177,0.1284,-1,-1,1,0,0,0,0,0,0,0,0,0,0
1100.4,1101.76,1066.83,1078.69,25830975,21.71,34.93,1.36,11.86,0.6215,0.0389,0.3395,1113.35,1114.38,1098.37,1099.55,13.8,16.01,1.03,1.18,0.862,0.0643,0.0737,1126.06,1127.74,1101.76,1114.96,11.1,25.98,1.68,13.2,0.4273,0.0647,0.5081,-1,-1,1,0,0,0,0,0,0,0,0,0,0
1076.08,1094.63,1061.91,1089.02,21772103,12.94,32.72,5.61,14.17,0.3955,0.1715,0.4331,1100.4,1101.76,1066.83,1078.69,21.71,34.93,1.36,11.86,0.6215,0.0389,0.3395,1113.35,1114.38,1098.37,1099.55,13.8,16.01,1.03,1.18,0.862,0.0643,0.0737,-1,-1,-1,0,0,0,0,0,0,0,0,0,0
1099.29,1101.9,1080.37,1086.3,22691594,12.99,21.53,2.61,5.93,0.6033,0.1212,0.2754,1076.08,1094.63,1061.91,1089.02,12.94,32.72,5.61,14.17,0.3955,0.1715,0.4331,1100.4,1101.76,1066.83,1078.69,21.71,34.93,1.36,11.86,0.6215,0.0389,0.3395,-1,-1,-1,0,0,0,0,0,0,0,0,0,0
1098.35,1098.35,1063.76,1079.86,19347800,18.49,34.59,0.0,16.1,0.5345,0.0,0.4655,1099.29,1101.9,1080.37,1086.3,12.99,21.53,2.61,5.93,0.6033,0.1212,0.2754,1076.08,1094.63,1061.91,1089.02,12.94,32.72,5.61,14.17,0.3955,0.1715,0.4331,-1,-1,-1,0,0,0,0,0,0,0,0,0,0
1069.76,1083.6,1066.53,1073.89,13662663,4.13,17.07,9.71,3.23,0.2419,0.5688,0.1892,1098.35,1098.35,1063.76,1079.86,18.49,34.59,0.0,16.1,0.5345,0.0,0.4655,1099.29,1101.9,1080.37,1086.3,12.99,21.53,2.61,5.93,0.6033,0.1212,0.2754,-1,-1,-1,0,0,0,1,0,0,0,0,0,0
1084.06,1084.06,1058.22,1074.83,24699575,9.23,25.84,0.0,16.61,0.3572,0.0,0.6428,1069.76,1083.6,1066.53,1073.89,4.13,17.07,9.71,3.23,0.2419,0.5688,0.1892,1098.35,1098.35,1063.76,1079.86,18.49,34.59,0.0,16.1,0.5345,0.0,0.4655,-1,-1,-1,0,0,0,0,0,0,0,0,0,0
1068.37,1071.14,1064.13,1066.73,14837879,1.64,7.01,2.77,2.6,0.234,0.3951,0.3709,1084.06,1084.06,1058.22,1074.83,9.23,25.84,0.0,16.61,0.3572,0.0,0.6428,1069.76,1083.6,1066.53,1073.89,4.13,17.07,9.71,3.23,0.2419,0.5688,0.1892,-1,-1,-1,0,0,0,0,0,0,0,0,0,0
1066.99,1074.09,1058.22,1064.17,15135435,2.82,15.87,7.1,5.95,0.1777,0.4474,0.3749,1068.37,1071.14,1064.13,1066.73,1.64,7.01,2.77,2.6,0.234,0.3951,0.3709,1084.06,1084.06,1058.22,1074.83,9.23,25.84,0.0,16.61,0.3572,0.0,0.6428,-1,-1,-1,0,0,0,0,0,0,0,0,0,0
1067.45,1089.09,1064.68,1085.42,21160332,17.97,24.41,3.67,2.77,0.7362,0.1503,0.1135,1066.99,1074.09,1058.22,1064.17,2.82,15.87,7.1,5.95,0.1777,0.4474,0.3749,1068.37,1071.14,1064.13,1066.73,1.64,7.01,2.77,2.6,0.234,0.3951,0.3709,-1,-1,-1,0,0,0,0,0,0,0,0,0,0
1086.12,1094.15,1077.14,1087.32,13172763,1.2,17.01,6.83,8.98,0.0705,0.4015,0.5279,1067.45,1089.09,1064.68,1085.42,17.97,24.41,3.67,2.77,0.7362,0.1503,0.1135,1066.99,1074.09,1058.22,1064.17,2.82,15.87,7.1,5.95,0.1777,0.4474,0.3749,-1,-1,-1,0,0,0,0,1,0,0,0,0,0
1086.79,1086.79,1071.28,1078.36,10790445,8.43,15.51,0.0,7.08,0.5435,0.0,0.4565,1086.12,1094.15,1077.14,1087.32,1.2,17.01,6.83,8.98,0.0705,0.4015,0.5279,1067.45,1089.09,1064.68,1085.42,17.97,24.41,3.67,2.77,0.7362,0.1503,0.1135,-1,-1,-1,0,0,0,0,0,0,0,0,0,1
1080.0,1084.52,1067.7,1072.23,10352493,7.77,16.82,4.52,4.53,0.462,0.2687,0.2693,1086.79,1086.79,1071.28,1078.36,8.43,15.51,0.0,7.08,0.5435,0.0,0.4565,1086.12,1094.15,1077.14,1087.32,1.2,17.01,6.83,8.98,0.0705,0.4015,0.5279,-1,-1,-1,0,0,0,0,0,0,0,0,0,0
1075.27,1099.25,1072.36,1097.49,14321920,22.22,26.89,1.76,2.91,0.8263,0.0655,0.1082,1080.0,1084.52,1067.7,1072.23,7.77,16.82,4.52,4.53,0.462,0.2687,0.2693,1086.79,1086.79,1071.28,1078.36,8.43,15.51,0.0,7.08,0.5435,0.0,0.4565,-1,-1,-1,0,0,0,0,0,0,0,0,1,0
1096.52,1124.77,1095.14,1122.34,33503591,25.82,29.63,2.43,1.38,0.8714,0.082,0.0466,1075.27,1099.25,1072.36,1097.49,22.22,26.89,1.76,2.91,0.8263,0.0655,0.1082,1080.0,1084.52,1067.7,1072.23,7.77,16.82,4.52,4.53,0.462,0.2687,0.2693,-1,-1,-1,0,0,0,0,0,0,0,0,0,0
1130.42,1137.04,1119.16,1121.47,17264487,8.95,17.88,6.62,2.31,0.5006,0.3702,0.1292,1096.52,1124.77,1095.14,1122.34,25.82,29.63,2.43,1.38,0.8714,0.082,0.0466,1075.27,1099.25,1072.36,1097.49,22.22,26.89,1.76,2.91,0.8263,0.0655,0.1082,-1,-1,-1,0,0,0,0,0,0,0,0,0,0
1116.83,1129.52,1112.49,1126.15,11809520,9.32,17.03,3.37,4.34,0.5473,0.1979,0.2548,1130.42,1137.04,1119.16,1121.47,8.95,17.88,6.62,2.31,0.5006,0.3702,0.1292,1096.52,1124.77,1095.14,1122.34,25.82,29.63,2.43,1.38,0.8714,0.082,0.0466,-1,-1,-1,0,0,0,0,0,0,0,0,0,0
1128.37,1130.56,1112.26,1114.25,8836937,14.12,18.3,2.19,1.99,0.7716,0.1197,0.1087,1116.83,1129.52,1112.49,1126.15,9.32,17.03,3.37,4.34,0.5473,0.1979,0.2548,1130.42,1137.04,1119.16,1121.47,8.95,17.88,6.62,2.31,0.5006,0.3702,0.1292,-1,-1,-1,0,0,0,0,0,0,1,0,0,0
1118.68,1129.2,1113.3,1123.34,13311592,4.66,15.9,5.86,5.38,0.2931,0.3686,0.3384,1128.37,1130.56,1112.26,1114.25,14.12,18.3,2.19,1.99,0.7716,0.1197,0.1087,1116.83,1129.52,1112.49,1126.15,9.32,17.03,3.37,4.34,0.5473,0.1979,0.2548,-1,-1,-1,0,0,0,0,0,0,0,0,0,0
1119.58,1121.44,1096.09,1097.86,11024335,21.72,25.35,1.86,1.77,0.8568,0.0734,0.0698,1118.68,1129.2,1113.3,1123.34,4.66,15.9,5.86,5.38,0.2931,0.3686,0.3384,1128.37,1130.56,1112.26,1114.25,14.12,18.3,2.19,1.99,0.7716,0.1197,0.1087,-1,-1,-1,0,0,0,0,0,0,0,0,0,0
1097.45,1105.18,1089.76,1092.6,9851910,4.85,15.42,7.73,2.84,0.3145,0.5013,0.1842,1119.58,1121.44,1096.09,1097.86,21.72,25.35,1.86,1.77,0.8568,0.0734,0.0698,1118.68,1129.2,1113.3,1123.34,4.66,15.9,5.86,5.38,0.2931,0.3686,0.3384,-1,-1,-1,0,0,0,0,0,0,0,0,0,0
1094.68,1105.82,1092.83,1100.08,9434053,5.4,12.99,5.74,1.85,0.4157,0.4419,0.1424,1097.45,1105.18,1089.76,1092.6,4.85,15.42,7.73,2.84,0.3145,0.5013,0.1842,1119.58,1121.44,1096.09,1097.86,21.72,25.35,1.86,1.77,0.8568,0.0734,0.0698,-1,-1,-1,0,0,0,0,0,0,0,0,1,0
1099.29,1102.82,1085.31,1092.76,11199715,6.53,17.51,3.53,7.45,0.3729,0.2016,0.4255,1094.68,1105.82,1092.83,1100.08,5.4,12.99,5.74,1.85,0.4157,0.4419,0.1424,1097.45,1105.18,1089.76,1092.6,4.85,15.42,7.73,2.84,0.3145,0.5013,0.1842,-1,-1,-1,0,0,0,0,0,0,0,0,0,0
1087.34,1092.37,1067.75,1071.86,21994038,15.48,24.62,5.03,4.11,0.6288,0.2043,0.1669,1099.29,1102.82,1085.31,1092.76,6.53,17.51,3.53,7.45,0.3729,0.2016,0.4255,1094.68,1105.82,1092.83,1100.08,5.4,12.99,5.74,1.85,0.4157,0.4419,0.1424,1,1,-1,1,0,0,0,0,0,0,0,0,0
1081.76,1082.45,1072.18,1081.71,11551145,0.05,10.27,0.69,9.53,0.0049,0.0672,0.9279,1087.34,1092.37,1067.75,1071.86,15.48,24.62,5.03,4.11,0.6288,0.2043,0.1669,1099.29,1102.82,1085.31,1092.76,6.53,17.51,3.53,7.45,0.3729,0.2016,0.4255,1,1,-1,0,0,0,0,1,0,0,0,0,0
1078.53,1085.29,1071.42,1073.47,9333535,5.06,13.87,6.76,2.05,0.3648,0.4874,0.1478,1081.76,1082.45,1072.18,1081.71,0.05,10.27,0.69,9.53,0.0049,0.0672,0.9279,1087.34,1092.37,1067.75,1071.86,15.48,24.62,5.03,4.11,0.6288,0.2043,0.1669,1,1,-1,0,0,0,0,0,0,0,0,0,0
1084.13,1104.58,1080.62,1100.86,14643807,16.73,23.96,3.72,3.51,0.6982,0.1553,0.1465,1078.53,1085.29,1071.42,1073.47,5.06,13.87,6.76,2.05,0.3648,0.4874,0.1478,1081.76,1082.45,1072.18,1081.71,0.05,10.27,0.69,9.53,0.0049,0.0672,0.9279,1,1,-1,0,0,0,0,0,0,0,0,0,0
1107.6,1118.95,1107.6,1111.61,10171916,4.01,11.35,7.34,0.0,0.3533,0.6467,0.0,1084.13,1104.58,1080.62,1100.86,16.73,23.96,3.72,3.51,0.6982,0.1553,0.1465,1078.53,1085.29,1071.42,1073.47,5.06,13.87,6.76,2.05,0.3648,0.4874,0.1478,-1,-1,-1,-1,0,0,0,0,0,0,0,0,0
1111.61,1116.37,1100.68,1115.61,15782657,4.0,15.69,0.76,10.93,0.2549,0.0484,0.6966,1107.6,1118.95,1107.6,1111.61,4.01,11.35,7.34,0.0,0.3533,0.6467,0.0,1084.13,1104.58,1080.62,1100.86,16.73,23.96,3.72,3.51,0.6982,0.1553,0.1465,-1,-1,-1,0,0,1,0,0,0,0,0,0,0
1114.98,1115.4,1086.88,1088.79,16235128,26.19,28.52,0.42,1.91,0.9183,0.0147,0.067,1111.61,1116.37,1100.68,1115.61,4.0,15.69,0.76,10.93,0.2549,0.0484,0.6966,1107.6,1118.95,1107.6,1111.61,4.01,11.35,7.34,0.0,0.3533,0.6467,0.0,-1,-1,-1,0,0,0,0,0,0,0,0,0,1
1080.6,1081.76,1068.4,1071.93,13334091,8.67,13.36,1.16,3.53,0.649,0.0868,0.2642,1114.98,1115.4,1086.88,1088.79,26.19,28.52,0.42,1.91,0.9183,0.0147,0.067,1111.61,1116.37,1100.68,1115.61,4.0,15.69,0.76,10.93,0.2549,0.0484,0.6966,-1,-1,-1,0,0,0,0,0,0,0,0,0,0
1074.83,1081.76,1049.91,1054.3,12771592,20.53,31.85,6.93,4.39,0.6446,0.2176,0.1378,1080.6,1081.76,1068.4,1071.93,8.67,13.36,1.16,3.53,0.649,0.0868,0.2642,1114.98,1115.4,1086.88,1088.79,26.19,28.52,0.42,1.91,0.9183,0.0147,0.067,-1,-1,-1,0,0,0,0,0,0,0,0,0,0
1052.22,1063.73,1047.17,1050.35,16027522,1.87,16.56,11.51,3.18,0.1129,0.695,0.192,1074.83,1081.76,1049.91,1054.3,20.53,31.85,6.93,4.39,0.6446,0.2176,0.1378,1080.6,1081.76,1068.4,1071.93,8.67,13.36,1.16,3.53,0.649,0.0868,0.2642,-1,-1,-1,0,0,0,0,0,0,0,0,0,0
1054.11,1060.67,1027.94,1032.4,21728555,21.71,32.73,6.56,4.46,0.6633,0.2004,0.1363,1052.22,1063.73,1047.17,1050.35,1.87,16.56,11.51,3.18,0.1129,0.695,0.192,1074.83,1081.76,1049.91,1054.3,20.53,31.85,6.93,4.39,0.6446,0.2176,0.1378,-1,-1,-1,0,0,0,0,0,0,0,0,0,0
1035.14,1040.22,1016.31,1027.25,18363159,7.89,23.91,5.08,10.94,0.33,0.2125,0.4575,1054.11,1060.67,1027.94,1032.4,21.71,32.73,6.56,4.46,0.6633,0.2004,0.1363,1052.22,1063.73,1047.17,1050.35,1.87,16.56,11.51,3.18,0.1129,0.695,0.192,-1,-1,-1,0,0,0,0,0,0,0,0,0,0
1035.95,1039.27,1021.16,1025.96,34014213,9.99,18.11,3.32,4.8,0.5516,0.1833,0.265,1035.14,1040.22,1016.31,1027.25,7.89,23.91,5.08,10.94,0.33,0.2125,0.4575,1054.11,1060.67,1027.94,1032.4,21.71,32.73,6.56,4.46,0.6633,0.2004,0.1363,-1,-1,-1,0,0,0,0,0,0,0,0,0,0
1022.22,1024.53,1006.07,1015.88,19524589,6.34,18.46,2.31,9.81,0.3434,0.1251,0.5314,1035.95,1039.27,1021.16,1025.96,9.99,18.11,3.32,4.8,0.5516,0.1833,0.265,1035.14,1040.22,1016.31,1027.25,7.89,23.91,5.08,10.94,0.33,0.2125,0.4575,-1,-1,-1,0,0,0,0,0,0,0,0,0,0
1024.05,1049.45,1023.15,1047.47,21400360,23.42,26.3,1.98,0.9,0.8905,0.0753,0.0342,1022.22,1024.53,1006.07,1015.88,6.34,18.46,2.31,9.81,0.3434,0.1251,0.5314,1035.95,1039.27,1021.16,1025.96,9.99,18.11,3.32,4.8,0.5516,0.1833,0.265,-1,-1,-1,0,0,0,0,0,0,0,0,1,0
1054.53,1057.5,1047.6,1050.65,10920094,3.88,9.9,2.97,3.05,0.3919,0.3,0.3081,1024.05,1049.45,1023.15,1047.47,23.42,26.3,1.98,0.9,0.8905,0.0753,0.0342,1022.22,1024.53,1006.07,1015.88,6.34,18.46,2.31,9.81,0.3434,0.1251,0.5314,-1,-1,-1,0,0,0,0,0,0,0,0,0,0
1046.68,1047.56,1035.17,1037.36,16249370,9.32,12.39,0.88,2.19,0.7522,0.071,0.1768,1054.53,1057.5,1047.6,1050.65,3.88,9.9,2.97,3.05,0.3919,0.3,0.3081,1024.05,1049.45,1023.15,1047.47,23.42,26.3,1.98,0.9,0.8905,0.0753,0.0342,-1,-1,-1,0,0,0,0,0,0,0,0,0,1
1036.18,1038.37,1014.38,1016.82,12375945,19.36,23.99,2.19,2.44,0.807,0.0913,0.1017,1046.68,1047.56,1035.17,1037.36,9.32,12.39,0.88,2.19,0.7522,0.071,0.1768,1054.53,1057.5,1047.6,1050.65,3.88,9.9,2.97,3.05,0.3919,0.3,0.3081,-1,-1,-1,0,0,0,0,0,0,0,0,0,0
1023.38,1040.22,1015.39,1032.63,14054323,9.25,24.83,7.59,7.99,0.3725,0.3057,0.3218,1036.18,1038.37,1014.38,1016.82,19.36,23.99,2.19,2.44,0.807,0.0913,0.1017,1046.68,1047.56,1035.17,1037.36,9.32,12.39,0.88,2.19,0.7522,0.071,0.1768,-1,-1,-1,0,0,0,0,0,0,0,0,0,0
1036.07,1041.37,1032.38,1037.45,12576424,1.38,8.99,3.92,3.69,0.1535,0.436,0.4105,1023.38,1040.22,1015.39,1032.63,9.25,24.83,7.59,7.99,0.3725,0.3057,0.3218,1036.18,1038.37,1014.38,1016.82,19.36,23.99,2.19,2.44,0.807,0.0913,0.1017,-1,-1,-1,0,0,0,0,0,0,0,0,1,0
1033.3,1035.97,1020.42,1031.31,18804065,1.99,15.55,2.67,10.89,0.128,0.1717,0.7003,1036.07,1041.37,1032.38,1037.45,1.38,8.99,3.92,3.69,0.1535,0.436,0.4105,1023.38,1040.22,1015.39,1032.63,9.25,24.83,7.59,7.99,0.3725,0.3057,0.3218,-1,-1,-1,0,0,0,0,0,0,0,0,0,1
1040.68,1081.5,1040.54,1075.78,28171201,35.1,40.96,5.72,0.14,0.8569,0.1396,0.0034,1033.3,1035.97,1020.42,1031.31,1.99,15.55,2.67,10.89,0.128,0.1717,0.7003,1036.07,1041.37,1032.38,1037.45,1.38,8.99,3.92,3.69,0.1535,0.436,0.4105,-1,-1,-1,0,0,0,0,0,0,0,0,0,0
1082.22,1084.06,1068.37,1075.96,10293043,6.26,15.69,1.84,7.59,0.399,0.1173,0.4837,1040.68,1081.5,1040.54,1075.78,35.1,40.96,5.72,0.14,0.8569,0.1396,0.0034,1033.3,1035.97,1020.42,1031.31,1.99,15.55,2.67,10.89,0.128,0.1717,0.7003,-1,-1,-1,0,0,0,0,0,0,0,0,0,0
1083.6,1083.6,1065.4,1073.38,16262928,10.22,18.2,0.0,7.98,0.5615,0.0,0.4385,1082.22,1084.06,1068.37,1075.96,6.26,15.69,1.84,7.59,0.399,0.1173,0.4837,1040.68,1081.5,1040.54,1075.78,35.1,40.96,5.72,0.14,0.8569,0.1396,0.0034,-1,-1,-1,0,0,0,0,0,0,0,0,0,1
1069.83,1086.37,1069.83,1080.58,18435046,10.75,16.54,5.79,0.0,0.6499,0.3501,0.0,1083.6,1083.6,1065.4,1073.38,10.22,18.2,0.0,7.98,0.5615,0.0,0.4385,1082.22,1084.06,1068.37,1075.96,6.26,15.69,1.84,7.59,0.399,0.1173,0.4837,-1,-1,-1,0,0,0,0,0,0,0,0,0,0
1084.52,1084.71,1071.39,1072.92,12961408,11.6,13.32,0.19,1.53,0.8709,0.0143,0.1149,1069.83,1086.37,1069.83,1080.58,10.75,16.54,5.79,0.0,0.6499,0.3501,0.0,1083.6,1083.6,1065.4,1073.38,10.22,18.2,0.0,7.98,0.5615,0.0,0.4385,-1,-1,-1,0,0,0,0,0,0,0,0,0,0
1077.14,1080.37,1072.55,1078.23,10542367,1.09,7.82,2.14,4.59,0.1394,0.2737,0.587,1084.52,1084.71,1071.39,1072.92,11.6,13.32,0.19,1.53,0.8709,0.0143,0.1149,1069.83,1086.37,1069.83,1080.58,10.75,16.54,5.79,0.0,0.6499,0.3501,0.0,-1,-1,-1,0,0,0,0,0,0,0,0,0,0
1078.23,1092.74,1075.32,1082.98,18179087,4.75,17.42,9.76,2.91,0.2727,0.5603,0.167,1077.14,1080.37,1072.55,1078.23,1.09,7.82,2.14,4.59,0.1394,0.2737,0.587,1084.52,1084.71,1071.39,1072.92,11.6,13.32,0.19,1.53,0.8709,0.0143,0.1149,-1,-1,-1,0,0,0,1,0,0,0,0,1,0
1085.91,1091.82,1080.83,1087.06,12378208,1.15,10.99,4.76,5.08,0.1046,0.4331,0.4622,1078.23,1092.74,1075.32,1082.98,4.75,17.42,9.76,2.91,0.2727,0.5603,0.167,1077.14,1080.37,1072.55,1078.23,1.09,7.82,2.14,4.59,0.1394,0.2737,0.587,-1,-1,-1,0,0,0,0,0,0,0,0,0,0
1119.11,1119.11,1084.09,1092.58,17929479,26.53,35.02,0.0,8.49,0.7576,0.0,0.2424,1085.91,1091.82,1080.83,1087.06,1.15,10.99,4.76,5.08,0.1046,0.4331,0.4622,1078.23,1092.74,1075.32,1082.98,4.75,17.42,9.76,2.91,0.2727,0.5603,0.167,1,1,-1,1,0,0,0,0,0,0,0,0,1
1096.99,1096.99,1073.45,1080.07,10405576,16.92,23.54,0.0,6.62,0.7188,0.0,0.2812,1119.11,1119.11,1084.09,1092.58,26.53,35.02,0.0,8.49,0.7576,0.0,0.2424,1085.91,1091.82,1080.83,1087.06,1.15,10.99,4.76,5.08,0.1046,0.4331,0.4622,1,1,-1,0,0,0,0,0,0,0,0,0,0
1079.47,1088.17,1076.31,1085.45,12273475,5.98,11.86,2.72,3.16,0.5042,0.2293,0.2664,1096.99,1096.99,1073.45,1080.07,16.92,23.54,0.0,6.62,0.7188,0.0,0.2812,1119.11,1119.11,1084.09,1092.58,26.53,35.02,0.0,8.49,0.7576,0.0,0.2424,1,1,-1,0,0,0,0,0,0,0,0,1,0
1086.42,1088.68,1076.26,1082.7,7007330,3.72,12.42,2.26,6.44,0.2995,0.182,0.5185,1079.47,1088.17,1076.31,1085.45,5.98,11.86,2.72,3.16,0.5042,0.2293,0.2664,1096.99,1096.99,1073.45,1080.07,16.92,23.54,0.0,6.62,0.7188,0.0,0.2812,1,1,-1,0,0,0,0,0,0,0,0,0,0
1084.82,1089.6,1078.25,1084.06,7647317,0.76,11.35,4.78,5.81,0.067,0.4211,0.5119,1086.42,1088.68,1076.26,1082.7,3.72,12.42,2.26,6.44,0.2995,0.182,0.5185,1079.47,1088.17,1076.31,1085.45,5.98,11.86,2.72,3.16,0.5042,0.2293,0.2664,1,1,-1,0,0,0,0,1,0,0,0,0,1
1096.06,1098.78,1083.6,1088.22,12936186,7.84,15.18,2.72,4.62,0.5165,0.1792,0.3043,1084.82,1089.6,1078.25,1084.06,0.76,11.35,4.78,5.81,0.067,0.4211,0.5119,1086.42,1088.68,1076.26,1082.7,3.72,12.42,2.26,6.44,0.2995,0.182,0.5185,1,1,-1,0,0,0,0,0,0,0,0,0,0
1091.91,1098.65,1084.76,1096.55,9236126,4.64,13.89,2.1,7.15,0.3341,0.1512,0.5148,1096.06,1098.78,1083.6,1088.22,7.84,15.18,2.72,4.62,0.5165,0.1792,0.3043,1084.82,1089.6,1078.25,1084.06,0.76,11.35,4.78,5.81,0.067,0.4211,0.5119,1,1,-1,0,0,0,0,0,0,0,0,0,0
1097.91,1101.18,1086.39,1090.11,8617834,7.8,14.79,3.27,3.72,0.5274,0.2211,0.2515,1091.91,1098.65,1084.76,1096.55,4.64,13.89,2.1,7.15,0.3341,0.1512,0.5148,1096.06,1098.78,1083.6,1088.22,7.84,15.18,2.72,4.62,0.5165,0.1792,0.3043,1,1,-1,0,0,0,0,0,0,1,0,0,0
1096.06,1100.22,1090.99,1097.01,9167125,0.95,9.23,3.21,5.07,0.1029,0.3478,0.5493,1097.91,1101.18,1086.39,1090.11,7.8,14.79,3.27,3.72,0.5274,0.2211,0.2515,1091.91,1098.65,1084.76,1096.55,4.64,13.89,2.1,7.15,0.3341,0.1512,0.5148,1,1,-1,0,0,0,0,0,0,0,0,0,0
1099.29,1118.63,1099.18,1117.06,15565210,17.77,19.45,1.57,0.11,0.9136,0.0807,0.0057,1096.06,1100.22,1090.99,1097.01,0.95,9.23,3.21,5.07,0.1029,0.3478,0.5493,1097.91,1101.18,1086.39,1090.11,7.8,14.79,3.27,3.72,0.5274,0.2211,0.2515,1,1,-1,0,0,0,0,0,0,0,0,1,0
1124.31,1128.74,1120.57,1126.54,12981805,2.23,8.17,2.2,3.74,0.2729,0.2693,0.4578,1099.29,1118.63,1099.18,1117.06,17.77,19.45,1.57,0.11,0.9136,0.0807,0.0057,1096.06,1100.22,1090.99,1097.01,0.95,9.23,3.21,5.07,0.1029,0.3478,0.5493,1,1,-1,0,0,0,0,0,0,0,0,0,0
1128.37,1128.37,1113.62,1116.88,7061872,11.49,14.75,0.0,3.26,0.779,0.0,0.221,1124.31,1128.74,1120.57,1126.54,2.23,8.17,2.2,3.74,0.2729,0.2693,0.4578,1099.29,1118.63,1099.18,1117.06,17.77,19.45,1.57,0.11,0.9136,0.0807,0.0057,1,1,-1,0,0,0,0,0,0,1,0,0,1
1117.36,1131.99,1114.34,1129.75,8635233,12.39,17.65,2.24,3.02,0.702,0.1269,0.1711,1128.37,1128.37,1113.62,1116.88,11.49,14.75,0.0,3.26,0.779,0.0,0.221,1124.31,1128.74,1120.57,1126.54,2.23,8.17,2.2,3.74,0.2729,0.2693,0.4578,1,1,-1,0,0,0,0,0,0,0,0,0,0
1126.52,1135.91,1124.21,1126.87,8746585,0.35,11.7,9.04,2.31,0.0299,0.7726,0.1974,1117.36,1131.99,1114.34,1129.75,12.39,17.65,2.24,3.02,0.702,0.1269,0.1711,1128.37,1128.37,1113.62,1116.88,11.49,14.75,0.0,3.26,0.779,0.0,0.221,1,1,-1,0,0,0,0,1,0,0,0,0,0
1130.67,1146.2,1127.97,1140.78,9153782,10.11,18.23,5.42,2.7,0.5546,0.2973,0.1481,1126.52,1135.91,1124.21,1126.87,0.35,11.7,9.04,2.31,0.0299,0.7726,0.1974,1117.36,1131.99,1114.34,1129.75,12.39,17.65,2.24,3.02,0.702,0.1269,0.1711,1,1,-1,0,0,0,0,0,0,0,0,0,0
1142.21,1147.66,1136.79,1144.31,6464721,2.1,10.87,3.35,5.42,0.1932,0.3082,0.4986,1130.67,1146.2,1127.97,1140.78,10.11,18.23,5.42,2.7,0.5546,0.2973,0.1481,1126.52,1135.91,1124.21,1126.87,0.35,11.7,9.04,2.31,0.0299,0.7726,0.1974,1,1,-1,0,0,0,0,0,0,0,0,0,0
1149.13,1153.68,1145.07,1152.18,10872255,3.05,8.61,1.5,4.06,0.3542,0.1742,0.4715,1142.21,1147.66,1136.79,1144.31,2.1,10.87,3.35,5.42,0.1932,0.3082,0.4986,1130.67,1146.2,1127.97,1140.78,10.11,18.23,5.42,2.7,0.5546,0.2973,0.1481,1,1,-1,0,0,0,0,0,0,0,0,0,0
1153.27,1158.13,1142.93,1144.66,10557860,8.61,15.2,4.86,1.73,0.5664,0.3197,0.1138,1149.13,1153.68,1145.07,1152.18,3.05,8.61,1.5,4.06,0.3542,0.1742,0.4715,1142.21,1147.66,1136.79,1144.31,2.1,10.87,3.35,5.42,0.1932,0.3082,0.4986,1,1,-1,0,0,0,0,0,0,1,0,0,0
1139.81,1147.93,1133.67,1146.53,6955341,6.72,14.26,1.4,6.14,0.4712,0.0982,0.4306,1153.27,1158.13,1142.93,1144.66,8.61,15.2,4.86,1.73,0.5664,0.3197,0.1138,1149.13,1153.68,1145.07,1152.18,3.05,8.61,1.5,4.06,0.3542,0.1742,0.4715,1,1,-1,0,0,0,0,0,0,0,0,0,0
1149.09,1155.85,1141.36,1148.79,6833343,0.3,14.49,6.76,7.43,0.0207,0.4665,0.5128,1139.81,1147.93,1133.67,1146.53,6.72,14.26,1.4,6.14,0.4712,0.0982,0.4306,1153.27,1158.13,1142.93,1144.66,8.61,15.2,4.86,1.73,0.5664,0.3197,0.1138,1,1,-1,0,0,0,0,1,0,0,0,0,0
1150.98,1153.56,1130.74,1132.43,8717229,18.55,22.82,2.58,1.69,0.8129,0.1131,0.0741,1149.09,1155.85,1141.36,1148.79,0.3,14.49,6.76,7.43,0.0207,0.4665,0.5128,1139.81,1147.93,1133.67,1146.53,6.72,14.26,1.4,6.14,0.4712,0.0982,0.4306,1,1,-1,0,0,0,0,0,0,0,0,0,1
1136.67,1137.6,1120.98,1125.74,8798967,10.93,16.62,0.93,4.76,0.6576,0.056,0.2864,1150.98,1153.56,1130.74,1132.43,18.55,22.82,2.58,1.69,0.8129,0.1131,0.0741,1149.09,1155.85,1141.36,1148.79,0.3,14.49,6.76,7.43,0.0207,0.4665,0.5128,1,1,-1,0,0,0,0,0,0,0,0,0,0
1130.47,1133.91,1120.13,1123.31,10525531,7.16,13.78,3.44,3.18,0.5196,0.2496,0.2308,1136.67,1137.6,1120.98,1125.74,10.93,16.62,0.93,4.76,0.6576,0.056,0.2864,1150.98,1153.56,1130.74,1132.43,18.55,22.82,2.58,1.69,0.8129,0.1131,0.0741,1,1,-1,0,0,0,0,0,0,0,0,0,0
1123.31,1128.81,1116.3,1126.96,8050447,3.65,12.51,1.85,7.01,0.2918,0.1479,0.5604,1130.47,1133.91,1120.13,1123.31,7.16,13.78,3.44,3.18,0.5196,0.2496,0.2308,1136.67,1137.6,1120.98,1125.74,10.93,16.62,0.93,4.76,0.6576,0.056,0.2864,1,1,-1,0,0,0,0,0,0,0,0,1,0
1123.75,1138.06,1122.53,1132.98,7434906,9.23,15.53,5.08,1.22,0.5943,0.3271,0.0786,1123.31,1128.81,1116.3,1126.96,3.65,12.51,1.85,7.01,0.2918,0.1479,0.5604,1130.47,1133.91,1120.13,1123.31,7.16,13.78,3.44,3.18,0.5196,0.2496,0.2308,1,1,-1,0,0,0,0,0,0,0,0,1,0
1135.59,1138.98,1131.34,1132.77,6092034,2.82,7.64,3.39,1.43,0.3691,0.4437,0.1872,1123.75,1138.06,1122.53,1132.98,9.23,15.53,5.08,1.22,0.5943,0.3271,0.0786,1123.31,1128.81,1116.3,1126.96,3.65,12.51,1.85,7.01,0.2918,0.1479,0.5604,1,1,-1,0,0,0,0,0,0,0,0,0,0
1128.78,1137.14,1123.04,1126.17,8112254,2.61,14.1,8.36,3.13,0.1851,0.5929,0.222,1135.59,1138.98,1131.34,1132.77,2.82,7.64,3.39,1.43,0.3691,0.4437,0.1872,1123.75,1138.06,1122.53,1132.98,9.23,15.53,5.08,1.22,0.5943,0.3271,0.0786,1,1,-1,0,0,0,0,0,0,0,0,0,1
1123.24,1130.21,1115.01,1126.04,11487863,2.8,15.2,4.17,8.23,0.1842,0.2743,0.5414,1128.78,1137.14,1123.04,1126.17,2.61,14.1,8.36,3.13,0.1851,0.5929,0.222,1135.59,1138.98,1131.34,1132.77,2.82,7.64,3.39,1.43,0.3691,0.4437,0.1872,1,1,-1,0,0,0,0,0,0,0,0,1,0
1134.37,1157.9,1131.02,1156.75,12626260,22.38,26.88,1.15,3.35,0.8326,0.0428,0.1246,1123.24,1130.21,1115.01,1126.04,2.8,15.2,4.17,8.23,0.1842,0.2743,0.5414,1128.78,1137.14,1123.04,1126.17,2.61,14.1,8.36,3.13,0.1851,0.5929,0.222,1,1,-1,0,0,0,0,0,0,0,0,0,0
1163.44,1167.59,1157.07,1163.26,10010304,0.18,10.52,4.15,6.19,0.0171,0.3945,0.5884,1134.37,1157.9,1131.02,1156.75,22.38,26.88,1.15,3.35,0.8326,0.0428,0.1246,1123.24,1130.21,1115.01,1126.04,2.8,15.2,4.17,8.23,0.1842,0.2743,0.5414,1,1,-1,0,0,0,0,1,0,0,0,0,0
1163.26,1171.15,1160.37,1162.96,11342504,0.3,10.78,7.89,2.59,0.0278,0.7319,0.2403,1163.44,1167.59,1157.07,1163.26,0.18,10.52,4.15,6.19,0.0171,0.3945,0.5884,1134.37,1157.9,1131.02,1156.75,22.38,26.88,1.15,3.35,0.8326,0.0428,0.1246,1,1,-1,0,0,0,0,1,0,0,0,0,1
1153.75,1158.3,1135.75,1139.86,27107927,13.89,22.55,4.55,4.11,0.616,0.2018,0.1823,1163.26,1171.15,1160.37,1162.96,0.3,10.78,7.89,2.59,0.0278,0.7319,0.2403,1163.44,1167.59,1157.07,1163.26,0.18,10.52,4.15,6.19,0.0171,0.3945,0.5884,1,1,-1,0,0,0,0,0,0,0,0,0,0
1144.59,1146.78,1134.37,1136.79,14592692,7.8,12.41,2.19,2.42,0.6285,0.1765,0.195,1153.75,1158.3,1135.75,1139.86,13.89,22.55,4.55,4.11,0.616,0.2018,0.1823,1163.26,1171.15,1160.37,1162.96,0.3,10.78,7.89,2.59,0.0278,0.7319,0.2403,1,1,-1,0,0,0,0,0,0,0,0,0,0
1140.37,1145.83,1131.14,1133.07,15800644,7.3,14.69,5.46,1.93,0.4969,0.3717,0.1314,1144.59,1146.78,1134.37,1136.79,7.8,12.41,2.19,2.42,0.6285,0.1765,0.195,1153.75,1158.3,1135.75,1139.86,13.89,22.55,4.55,4.11,0.616,0.2018,0.1823,1,1,-1,0,0,0,0,0,0,0,0,0,0
1138.61,1146.25,1134.57,1143.25,10908682,4.64,11.68,3.0,4.04,0.3973,0.2568,0.3459,1140.37,1145.83,1131.14,1133.07,7.3,14.69,5.46,1.93,0.4969,0.3717,0.1314,1144.59,1146.78,1134.37,1136.79,7.8,12.41,2.19,2.42,0.6285,0.1765,0.195,1,1,-1,0,0,0,0,0,0,0,0,1,0
1146.11,1148.07,1136.21,1144.22,7493309,1.89,11.86,1.96,8.01,0.1594,0.1653,0.6754,1138.61,1146.25,1134.57,1143.25,4.64,11.68,3.0,4.04,0.3973,0.2568,0.3459,1140.37,1145.83,1131.14,1133.07,7.3,14.69,5.46,1.93,0.4969,0.3717,0.1314,1,1,-1,0,0,0,0,0,0,0,0,0,0
1147.75,1153.75,1141.1,1152.9,10312545,5.15,12.65,0.85,6.65,0.4071,0.0672,0.5257,1146.11,1148.07,1136.21,1144.22,1.89,11.86,1.96,8.01,0.1594,0.1653,0.6754,1138.61,1146.25,1134.57,1143.25,4.64,11.68,3.0,4.04,0.3973,0.2568,0.3459,1,1,-1,0,0,0,0,0,0,0,0,0,0
1156.52,1161.53,1149.6,1153.59,12071109,2.93,11.93,5.01,3.99,0.2456,0.4199,0.3345,1147.75,1153.75,1141.1,1152.9,5.15,12.65,0.85,6.65,0.4071,0.0672,0.5257,1146.11,1148.07,1136.21,1144.22,1.89,11.86,1.96,8.01,0.1594,0.1653,0.6754,1,1,-1,0,0,0,0,0,0,0,0,0,0
1156.98,1157.7,1143.6,1145.42,5877018,11.56,14.1,0.72,1.82,0.8199,0.0511,0.1291,1156.52,1161.53,1149.6,1153.59,2.93,11.93,5.01,3.99,0.2456,0.4199,0.3345,1147.75,1153.75,1141.1,1152.9,5.15,12.65,0.85,6.65,0.4071,0.0672,0.5257,1,1,-1,0,0,0,0,0,0,0,0,0,1
1142.44,1148.77,1137.6,1146.43,6391969,3.99,11.17,2.34,4.84,0.3572,0.2095,0.4333,1156.98,1157.7,1143.6,1145.42,11.56,14.1,0.72,1.82,0.8199,0.0511,0.1291,1156.52,1161.53,1149.6,1153.59,2.93,11.93,5.01,3.99,0.2456,0.4199,0.3345,1,1,-1,0,0,0,0,0,0,0,0,0,0
1151.44,1164.57,1147.4,1163.37,11248016,11.93,17.17,1.2,4.04,0.6948,0.0699,0.2353,1142.44,1148.77,1137.6,1146.43,3.99,11.17,2.34,4.84,0.3572,0.2095,0.4333,1156.98,1157.7,1143.6,1145.42,11.56,14.1,0.72,1.82,0.8199,0.0511,0.1291,1,1,-1,0,0,0,0,0,0,0,0,1,0
1163.44,1179.13,1161.6,1177.68,13277380,14.24,17.53,1.45,1.84,0.8123,0.0827,0.105,1151.44,1164.57,1147.4,1163.37,11.93,17.17,1.2,4.04,0.6948,0.0699,0.2353,1142.44,1148.77,1137.6,1146.43,3.99,11.17,2.34,4.84,0.3572,0.2095,0.4333,1,1,-1,0,0,0,0,0,0,0,0,0,0
1177.66,1182.62,1170.13,1178.0,11813494,0.34,12.49,4.62,7.53,0.0272,0.3699,0.6029,1163.44,1179.13,1161.6,1177.68,14.24,17.53,1.45,1.84,0.8123,0.0827,0.105,1151.44,1164.57,1147.4,1163.37,11.93,17.17,1.2,4.04,0.6948,0.0699,0.2353,1,1,1,0,0,0,0,1,0,0,0,0,0
1181.53,1191.78,1181.53,1189.47,24171579,7.94,10.25,2.31,0.0,0.7746,0.2254,0.0,1177.66,1182.62,1170.13,1178.0,0.34,12.49,4.62,7.53,0.0272,0.3699,0.6029,1163.44,1179.13,1161.6,1177.68,14.24,17.53,1.45,1.84,0.8123,0.0827,0.105,1,1,1,0,0,0,0,0,0,0,0,0,0
1192.52,1192.52,1173.43,1177.66,6798554,14.86,19.09,0.0,4.23,0.7784,0.0,0.2216,1181.53,1191.78,1181.53,1189.47,7.94,10.25,2.31,0.0,0.7746,0.2254,0.0,1177.66,1182.62,1170.13,1178.0,0.34,12.49,4.62,7.53,0.0272,0.3699,0.6029,1,1,1,0,0,0,0,0,0,1,0,0,0
1175.69,1183.29,1169.9,1180.1,6921096,4.41,13.39,3.19,5.79,0.3294,0.2382,0.4324,1192.52,1192.52,1173.43,1177.66,14.86,19.09,0.0,4.23,0.7784,0.0,0.2216,1181.53,1191.78,1181.53,1189.47,7.94,10.25,2.31,0.0,0.7746,0.2254,0.0,1,1,1,0,0,0,0,0,0,0,0,0,0
1180.06,1185.99,1175.9,1183.42,6961603,3.36,10.09,2.57,4.16,0.333,0.2547,0.4123,1175.69,1183.29,1169.9,1180.1,4.41,13.39,3.19,5.79,0.3294,0.2382,0.4324,1192.52,1192.52,1173.43,1177.66,14.86,19.09,0.0,4.23,0.7784,0.0,0.2216,1,1,1,0,0,0,0,0,0,0,0,1,0
1179.59,1187.58,1168.52,1170.13,7619166,9.46,19.06,7.99,1.61,0.4963,0.4192,0.0845,1180.06,1185.99,1175.9,1183.42,3.36,10.09,2.57,4.16,0.333,0.2547,0.4123,1175.69,1183.29,1169.9,1180.1,4.41,13.39,3.19,5.79,0.3294,0.2382,0.4324,1,1,1,0,0,0,0,0,0,0,0,0,1
1167.09,1169.16,1159.29,1160.56,6628570,6.53,9.87,2.07,1.27,0.6616,0.2097,0.1287,1179.59,1187.58,1168.52,1170.13,9.46,19.06,7.99,1.61,0.4963,0.4192,0.0845,1180.06,1185.99,1175.9,1183.42,3.36,10.09,2.57,4.16,0.333,0.2547,0.4123,1,1,1,0,0,0,0,0,0,0,0,0,0
1156.98,1160.86,1148.53,1151.7,12641159,5.28,12.33,3.88,3.17,0.4282,0.3147,0.2571,1167.09,1169.16,1159.29,1160.56,6.53,9.87,2.07,1.27,0.6616,0.2097,0.1287,1179.59,1187.58,1168.52,1170.13,9.46,19.06,7.99,1.61,0.4963,0.4192,0.0845,1,1,1,0,0,0,0,0,0,0,0,0,0
1152.16,1158.13,1147.59,1152.11,9689466,0.05,10.54,5.97,4.52,0.0047,0.5664,0.4288,1156.98,1160.86,1148.53,1151.7,5.28,12.33,3.88,3.17,0.4282,0.3147,0.2571,1167.09,1169.16,1159.29,1160.56,6.53,9.87,2.07,1.27,0.6616,0.2097,0.1287,1,1,1,0,0,0,0,1,0,0,0,0,0
1159.75,1171.22,1152.76,1167.36,11354006,7.61,18.46,3.86,6.99,0.4122,0.2091,0.3787,1152.16,1158.13,1147.59,1152.11,0.05,10.54,5.97,4.52,0.0047,0.5664,0.4288,1156.98,1160.86,1148.53,1151.7,5.28,12.33,3.88,3.17,0.4282,0.3147,0.2571,1,1,1,0,0,0,0,0,0,0,0,1,0
1175.16,1179.89,1169.19,1176.94,11151555,1.78,10.7,2.95,5.97,0.1664,0.2757,0.5579,1159.75,1171.22,1152.76,1167.36,7.61,18.46,3.86,6.99,0.4122,0.2091,0.3787,1152.16,1158.13,1147.59,1152.11,0.05,10.54,5.97,4.52,0.0047,0.5664,0.4288,1,1,1,0,0,0,0,0,0,0,0,0,0
1180.54,1210.05,1179.29,1207.15,12154387,26.61,30.76,2.9,1.25,0.8651,0.0943,0.0406,1175.16,1179.89,1169.19,1176.94,1.78,10.7,2.95,5.97,0.1664,0.2757,0.5579,1159.75,1171.22,1152.76,1167.36,7.61,18.46,3.86,6.99,0.4122,0.2091,0.3787,1,1,1,0,0,0,0,0,0,0,0,0,0
1211.44,1211.44,1187.55,1194.71,8061643,16.73,23.89,0.0,7.16,0.7003,0.0,0.2997,1180.54,1210.05,1179.29,1207.15,26.61,30.76,2.9,1.25,0.8651,0.0943,0.0406,1175.16,1179.89,1169.19,1176.94,1.78,10.7,2.95,5.97,0.1664,0.2757,0.5579,1,1,1,0,0,0,0,0,0,0,0,0,0
1204.05,1204.05,1188.73,1192.75,10248062,11.3,15.32,0.0,4.02,0.7376,0.0,0.2624,1211.44,1211.44,1187.55,1194.71,16.73,23.89,0.0,7.16,0.7003,0.0,0.2997,1180.54,1210.05,1179.29,1207.15,26.61,30.76,2.9,1.25,0.8651,0.0943,0.0406,1,1,1,0,0,0,0,0,0,0,0,0,1
1188.85,1220.41,1188.85,1217.78,19117987,28.93,31.56,2.63,0.0,0.9167,0.0833,0.0,1204.05,1204.05,1188.73,1192.75,11.3,15.32,0.0,4.02,0.7376,0.0,0.2624,1211.44,1211.44,1187.55,1194.71,16.73,23.89,0.0,7.16,0.7003,0.0,0.2997,1,1,1,0,0,0,0,0,1,0,0,1,0
1216.05,1229.87,1212.82,1215.41,13375267,0.64,17.05,13.82,2.59,0.0375,0.8106,0.1519,1188.85,1220.41,1188.85,1217.78,28.93,31.56,2.63,0.0,0.9167,0.0833,0.0,1204.05,1204.05,1188.73,1192.75,11.3,15.32,0.0,4.02,0.7376,0.0,0.2624,1,1,1,0,0,0,0,1,0,0,0,0,0
1240.93,1271.89,1234.51,1262.23,33240016,21.3,37.38,9.66,6.42,0.5698,0.2584,0.1717,1216.05,1229.87,1212.82,1215.41,0.64,17.05,13.82,2.59,0.0375,0.8106,0.1519,1188.85,1220.41,1188.85,1217.78,28.93,31.56,2.63,0.0,0.9167,0.0833,0.0,1,1,1,0,0,0,0,0,0,0,0,0,0
1270.46,1278.35,1263.4,1275.91,20069348,5.45,14.95,2.44,7.06,0.3645,0.1632,0.4722,1240.93,1271.89,1234.51,1262.23,21.3,37.38,9.66,6.42,0.5698,0.2584,0.1717,1216.05,1229.87,1212.82,1215.41,0.64,17.05,13.82,2.59,0.0375,0.8106,0.1519,1,1,1,0,0,0,0,0,0,0,0,0,0
1276.65,1293.12,1274.5,1277.32,18733835,0.67,18.62,15.8,2.15,0.036,0.8485,0.1155,1270.46,1278.35,1263.4,1275.91,5.45,14.95,2.44,7.06,0.3645,0.1632,0.4722,1240.93,1271.89,1234.51,1262.23,21.3,37.38,9.66,6.42,0.5698,0.2584,0.1717,1,1,1,0,0,0,0,1,0,0,0,0,0
1284.77,1291.74,1263.24,1265.89,14682934,18.88,28.5,6.97,2.65,0.6625,0.2446,0.093,1276.65,1293.12,1274.5,1277.32,0.67,18.62,15.8,2.15,0.036,0.8485,0.1155,1270.46,1278.35,1263.4,1275.91,5.45,14.95,2.44,7.06,0.3645,0.1632,0.4722,1,1,1,0,0,0,0,0,0,1,0,0,1
1269.12,1274.15,1257.63,1264.83,15124144,4.29,16.52,5.03,7.2,0.2597,0.3045,0.4358,1284.77,1291.74,1263.24,1265.89,18.88,28.5,6.97,2.65,0.6625,0.2446,0.093,1276.65,1293.12,1274.5,1277.32,0.67,18.62,15.8,2.15,0.036,0.8485,0.1155,1,1,1,0,0,0,0,0,0,0,0,0,0
1267.74,1299.15,1258.97,1290.68,22220040,22.94,40.18,8.47,8.77,0.5709,0.2108,0.2183,1269.12,1274.15,1257.63,1264.83,4.29,16.52,5.03,7.2,0.2597,0.3045,0.4358,1284.77,1291.74,1263.24,1265.89,18.88,28.5,6.97,2.65,0.6625,0.2446,0.093,1,1,1,0,0,0,0,0,0,0,0,1,0
1300.05,1309.48,1288.97,1301.64,25867313,1.59,20.51,7.84,11.08,0.0775,0.3823,0.5402,1267.74,1299.15,1258.97,1290.68,22.94,40.18,8.47,8.77,0.5709,0.2108,0.2183,1269.12,1274.15,1257.63,1264.83,4.29,16.52,5.03,7.2,0.2597,0.3045,0.4358,1,1,1,0,0,0,0,1,0,0,0,0,0
1306.04,1318.04,1290.82,1311.51,39122156,5.47,27.22,6.53,15.22,0.201,0.2399,0.5591,1300.05,1309.48,1288.97,1301.64,1.59,20.51,7.84,11.08,0.0775,0.3823,0.5402,1267.74,1299.15,1258.97,1290.68,22.94,40.18,8.47,8.77,0.5709,0.2108,0.2183,1,1,1,0,0,0,0,0,0,0,0,0,0
1290.0,1315.47,1290.0,1309.93,38717624,19.93,25.47,5.54,0.0,0.7825,0.2175,0.0,1306.04,1318.04,1290.82,1311.51,5.47,27.22,6.53,15.22,0.201,0.2399,0.5591,1300.05,1309.48,1288.97,1301.64,1.59,20.51,7.84,11.08,0.0775,0.3823,0.5402,1,1,1,0,0,0,0,0,0,0,0,0,0
1304.5,1307.45,1261.8,1269.38,30249238,35.12,45.65,2.95,7.58,0.7693,0.0646,0.166,1290.0,1315.47,1290.0,1309.93,19.93,25.47,5.54,0.0,0.7825,0.2175,0.0,1306.04,1318.04,1290.82,1311.51,5.47,27.22,6.53,15.22,0.201,0.2399,0.5591,1,1,1,0,0,0,0,0,0,0,0,0,0
1240.5,1257.47,1234.65,1243.7,23727866,3.2,22.82,13.77,5.85,0.1402,0.6034,0.2564,1304.5,1307.45,1261.8,1269.38,35.12,45.65,2.95,7.58,0.7693,0.0646,0.166,1290.0,1315.47,1290.0,1309.93,19.93,25.47,5.54,0.0,0.7825,0.2175,0.0,1,1,1,0,0,0,0,0,0,0,0,0,0
1247.0,1252.6,1240.0,1242.9,12026020,4.1,12.6,5.6,2.9,0.3254,0.4444,0.2302,1240.5,1257.47,1234.65,1243.7,3.2,22.82,13.77,5.85,0.1402,0.6034,0.2564,1304.5,1307.45,1261.8,1269.38,35.12,45.65,2.95,7.58,0.7693,0.0646,0.166,1,1,1,0,0,0,0,0,0,0,0,0,0
1242.5,1273.5,1242.5,1263.1,12911012,20.6,31.0,10.4,0.0,0.6645,0.3355,0.0,1247.0,1252.6,1240.0,1242.9,4.1,12.6,5.6,2.9,0.3254,0.4444,0.2302,1240.5,1257.47,1234.65,1243.7,3.2,22.82,13.77,5.85,0.1402,0.6034,0.2564,1,1,1,0,0,0,0,0,1,0,0,0,0
1267.03,1268.82,1245.18,1251.35,17226898,15.68,23.64,1.79,6.17,0.6633,0.0757,0.261,1242.5,1273.5,1242.5,1263.1,20.6,31.0,10.4,0.0,0.6645,0.3355,0.0,1247.0,1252.6,1240.0,1242.9,4.1,12.6,5.6,2.9,0.3254,0.4444,0.2302,1,1,1,0,0,0,0,0,0,0,0,0,0
1256.03,1271.43,1250.28,1263.93,20827852,7.9,21.15,7.5,5.75,0.3735,0.3546,0.2719,1267.03,1268.82,1245.18,1251.35,15.68,23.64,1.79,6.17,0.6633,0.0757,0.261,1242.5,1273.5,1242.5,1263.1,20.6,31.0,10.4,0.0,0.6645,0.3355,0.0,1,1,1,0,0,0,0,0,0,0,0,0,0
1263.93,1276.95,1258.97,1274.62,8551174,10.69,17.98,2.33,4.96,0.5945,0.1296,0.2759,1256.03,1271.43,1250.28,1263.93,7.9,21.15,7.5,5.75,0.3735,0.3546,0.2719,1267.03,1268.82,1245.18,1251.35,15.68,23.64,1.79,6.17,0.6633,0.0757,0.261,1,1,1,0,0,0,0,0,0,0,0,1,0
1277.5,1279.5,1252.65,1256.6,9536632,20.9,26.85,2.0,3.95,0.7784,0.0745,0.1471,1263.93,1276.95,1258.97,1274.62,10.69,17.98,2.33,4.96,0.5945,0.1296,0.2759,1256.03,1271.43,1250.28,1263.93,7.9,21.15,7.5,5.75,0.3735,0.3546,0.2719,-1,-1,1,-1,1,0,0,0,0,1,0,0,0
1254.6,1256.0,1231.8,1243.18,12748214,11.42,24.2,1.4,11.38,0.4719,0.0579,0.4702,1277.5,1279.5,1252.65,1256.6,20.9,26.85,2.0,3.95,0.7784,0.0745,0.1471,1263.93,1276.95,1258.97,1274.62,10.69,17.98,2.33,4.96,0.5945,0.1296,0.2759,-1,-1,1,0,0,0,0,0,0,0,0,0,0
1237.65,1250.45,1229.03,1237.95,10168350,0.3,21.42,12.5,8.62,0.014,0.5836,0.4024,1254.6,1256.0,1231.8,1243.18,11.42,24.2,1.4,11.38,0.4719,0.0579,0.4702,1277.5,1279.5,1252.65,1256.6,20.9,26.85,2.0,3.95,0.7784,0.0745,0.1471,-1,-1,1,0,0,0,0,1,0,0,0,1,0
1249.4,1258.0,1235.8,1254.78,22885610,5.38,22.2,3.22,13.6,0.2423,0.145,0.6126,1237.65,1250.45,1229.03,1237.95,0.3,21.42,12.5,8.62,0.014,0.5836,0.4024,1254.6,1256.0,1231.8,1243.18,11.42,24.2,1.4,11.38,0.4719,0.0579,0.4702,-1,-1,1,0,0,1,0,0,0,0,0,1,0
1260.5,1264.2,1252.5,1261.93,5982870,1.43,11.7,2.27,8.0,0.1222,0.194,0.6838,1249.4,1258.0,1235.8,1254.78,5.38,22.2,3.22,13.6,0.2423,0.145,0.6126,1237.65,1250.45,1229.03,1237.95,0.3,21.42,12.5,8.62,0.014,0.5836,0.4024,-1,-1,1,0,0,0,0,0,0,0,0,0,0
1264.0,1267.22,1249.78,1254.32,9844072,9.68,17.44,3.22,4.54,0.555,0.1846,0.2603,1260.5,1264.2,1252.5,1261.93,1.43,11.7,2.27,8.0,0.1222,0.194,0.6838,1249.4,1258.0,1235.8,1254.78,5.38,22.2,3.22,13.6,0.2423,0.145,0.6126,-1,-1,1,0,0,0,0,0,0,1,0,0,1
1252.43,1264.5,1240.55,1262.6,11486586,10.17,23.95,1.9,11.88,0.4246,0.0793,0.496,1264.0,1267.22,1249.78,1254.32,9.68,17.44,3.22,4.54,0.555,0.1846,0.2603,1260.5,1264.2,1252.5,1261.93,1.43,11.7,2.27,8.0,0.1222,0.194,0.6838,-1,-1,1,0,0,0,0,0,0,0,0,0,0
1262.47,1275.0,1254.22,1268.22,15470598,5.75,20.78,6.78,8.25,0.2767,0.3263,0.397,1252.43,1264.5,1240.55,1262.6,10.17,23.95,1.9,11.88,0.4246,0.0793,0.496,1264.0,1267.22,1249.78,1254.32,9.68,17.44,3.22,4.54,0.555,0.1846,0.2603,-1,-1,1,0,0,0,0,0,0,0,0,0,0
1266.22,1279.43,1256.18,1273.57,22179330,7.35,23.25,5.86,10.04,0.3161,0.252,0.4318,1262.47,1275.0,1254.22,1268.22,5.75,20.78,6.78,8.25,0.2767,0.3263,0.397,1252.43,1264.5,1240.55,1262.6,10.17,23.95,1.9,11.88,0.4246,0.0793,0.496,-1,-1,1,0,0,0,0,0,0,0,0,0,0
1269.5,1291.15,1262.5,1288.62,9575812,19.12,28.65,2.53,7.0,0.6674,0.0883,0.2443,1266.22,1279.43,1256.18,1273.57,7.35,23.25,5.86,10.04,0.3161,0.252,0.4318,1262.47,1275.0,1254.22,1268.22,5.75,20.78,6.78,8.25,0.2767,0.3263,0.397,-1,-1,1,0,0,0,0,0,0,0,0,0,0
1275.5,1291.4,1275.5,1287.57,10203112,12.07,15.9,3.83,0.0,0.7591,0.2409,0.0,1269.5,1291.15,1262.5,1288.62,19.12,28.65,2.53,7.0,0.6674,0.0883,0.2443,1266.22,1279.43,1256.18,1273.57,7.35,23.25,5.86,10.04,0.3161,0.252,0.4318,1,1,1,1,0,0,0,0,0,0,0,0,0
1283.55,1289.05,1266.43,1269.0,13673744,14.55,22.62,5.5,2.57,0.6432,0.2431,0.1136,1275.5,1291.4,1275.5,1287.57,12.07,15.9,3.83,0.0,0.7591,0.2409,0.0,1269.5,1291.15,1262.5,1288.62,19.12,28.65,2.53,7.0,0.6674,0.0883,0.2443,1,1,1,0,0,0,0,0,0,0,0,0,1
1265.62,1288.8,1254.28,1278.4,18639978,12.78,34.52,10.4,11.34,0.3702,0.3013,0.3285,1283.55,1289.05,1266.43,1269.0,14.55,22.62,5.5,2.57,0.6432,0.2431,0.1136,1275.5,1291.4,1275.5,1287.57,12.07,15.9,3.83,0.0,0.7591,0.2409,0.0,1,1,1,0,0,0,0,0,0,0,0,0,0
1269.97,1277.72,1257.82,1260.0,9221746,9.97,19.9,7.75,2.18,0.501,0.3894,0.1095,1265.62,1288.8,1254.28,1278.4,12.78,34.52,10.4,11.34,0.3702,0.3013,0.3285,1283.55,1289.05,1266.43,1269.0,14.55,22.62,5.5,2.57,0.6432,0.2431,0.1136,1,1,1,0,0,0,0,0,0,0,0,0,0
1258.45,1268.97,1249.5,1259.7,7713044,1.25,19.47,9.27,8.95,0.0642,0.4761,0.4597,1269.97,1277.72,1257.82,1260.0,9.97,19.9,7.75,2.18,0.501,0.3894,0.1095,1265.62,1288.8,1254.28,1278.4,12.78,34.52,10.4,11.34,0.3702,0.3013,0.3285,1,1,1,0,0,0,0,1,0,0,0,0,0
1262.1,1271.43,1258.47,1261.1,9517952,1.0,12.96,9.33,2.63,0.0772,0.7199,0.2029,1258.45,1268.97,1249.5,1259.7,1.25,19.47,9.27,8.95,0.0642,0.4761,0.4597,1269.97,1277.72,1257.82,1260.0,9.97,19.9,7.75,2.18,0.501,0.3894,0.1095,1,1,1,0,0,0,0,1,0,0,0,0,0
1269.95,1269.95,1235.5,1239.9,14140020,30.05,34.45,0.0,4.4,0.8723,0.0,0.1277,1262.1,1271.43,1258.47,1261.1,1.0,12.96,9.33,2.63,0.0772,0.7199,0.2029,1258.45,1268.97,1249.5,1259.7,1.25,19.47,9.27,8.95,0.0642,0.4761,0.4597,1,1,1,0,0,0,0,0,0,0,0,0,1
1228.0,1252.5,1221.3,1234.18,22222400,6.18,31.2,18.32,6.7,0.1981,0.5872,0.2147,1269.95,1269.95,1235.5,1239.9,30.05,34.45,0.0,4.4,0.8723,0.0,0.1277,1262.1,1271.43,1258.47,1261.1,1.0,12.96,9.33,2.63,0.0772,0.7199,0.2029,1,1,1,0,0,0,0,0,0,0,0,0,0
1236.0,1242.0,1215.55,1221.88,12580826,14.12,26.45,6.0,6.33,0.5338,0.2268,0.2393,1228.0,1252.5,1221.3,1234.18,6.18,31.2,18.32,6.7,0.1981,0.5872,0.2147,1269.95,1269.95,1235.5,1239.9,30.05,34.45,0.0,4.4,0.8723,0.0,0.1277,1,1,1,0,0,0,0,0,0,1,0,0,0
1226.03,1226.72,1204.07,1210.18,16876644,15.85,22.65,0.69,6.11,0.6998,0.0305,0.2698,1236.0,1242.0,1215.55,1221.88,14.12,26.45,6.0,6.33,0.5338,0.2268,0.2393,1228.0,1252.5,1221.3,1234.18,6.18,31.2,18.32,6.7,0.1981,0.5872,0.2147,1,1,1,0,0,0,0,0,0,0,0,0,0
1216.0,1221.5,1207.5,1209.03,12168946,6.97,14.0,5.5,1.53,0.4979,0.3929,0.1093,1226.03,1226.72,1204.07,1210.18,15.85,22.65,0.69,6.11,0.6998,0.0305,0.2698,1236.0,1242.0,1215.55,1221.88,14.12,26.45,6.0,6.33,0.5338,0.2268,0.2393,1,1,1,0,0,0,0,0,0,0,0,0,0
1211.5,1212.5,1199.95,1203.5,21638600,8.0,12.55,1.0,3.55,0.6375,0.0797,0.2829,1216.0,1221.5,1207.5,1209.03,6.97,14.0,5.5,1.53,0.4979,0.3929,0.1093,1226.03,1226.72,1204.07,1210.18,15.85,22.65,0.69,6.11,0.6998,0.0305,0.2698,-1,-1,1,-1,0,0,0,0,0,0,0,0,0
1203.28,1212.82,1200.82,1206.32,18112842,3.04,12.0,6.5,2.46,0.2533,0.5417,0.205,1211.5,1212.5,1199.95,1203.5,8.0,12.55,1.0,3.55,0.6375,0.0797,0.2829,1216.0,1221.5,1207.5,1209.03,6.97,14.0,5.5,1.53,0.4979,0.3929,0.1093,-1,-1,1,0,0,0,1,0,0,0,0,0,0
1206.32,1211.82,1202.65,1205.35,9347626,0.97,9.17,5.5,2.7,0.1058,0.5998,0.2944,1203.28,1212.82,1200.82,1206.32,3.04,12.0,6.5,2.46,0.2533,0.5417,0.205,1211.5,1212.5,1199.95,1203.5,8.0,12.55,1.0,3.55,0.6375,0.0797,0.2829,-1,-1,1,0,0,0,0,0,0,0,0,0,0
1210.0,1216.97,1206.22,1211.8,8675876,1.8,10.75,5.17,3.78,0.1674,0.4809,0.3516,1206.32,1211.82,1202.65,1205.35,0.97,9.17,5.5,2.7,0.1058,0.5998,0.2944,1203.28,1212.82,1200.82,1206.32,3.04,12.0,6.5,2.46,0.2533,0.5417,0.205,-1,-1,1,0,0,0,0,0,0,0,0,0,0
1210.55,1218.07,1208.62,1214.35,8200370,3.8,9.45,3.72,1.93,0.4021,0.3937,0.2042,1210.0,1216.97,1206.22,1211.8,1.8,10.75,5.17,3.78,0.1674,0.4809,0.3516,1206.32,1211.82,1202.65,1205.35,0.97,9.17,5.5,2.7,0.1058,0.5998,0.2944,-1,-1,1,0,0,0,0,0,0,0,0,0,0
1210.85,1219.12,1205.5,1216.0,13652572,5.15,13.62,3.12,5.35,0.3781,0.2291,0.3928,1210.55,1218.07,1208.62,1214.35,3.8,9.45,3.72,1.93,0.4021,0.3937,0.2042,1210.0,1216.97,1206.22,1211.8,1.8,10.75,5.17,3.78,0.1674,0.4809,0.3516,-1,-1,1,0,0,0,0,0,0,0,0,0,0
1220.0,1228.0,1211.47,1224.1,23109288,4.1,16.53,3.9,8.53,0.248,0.2359,0.516,1210.85,1219.12,1205.5,1216.0,5.15,13.62,3.12,5.35,0.3781,0.2291,0.3928,1210.55,1218.07,1208.62,1214.35,3.8,9.45,3.72,1.93,0.4021,0.3937,0.2042,-1,-1,1,0,0,1,0,0,0,0,0,0,0
1226.0,1238.43,1226.0,1237.3,13271074,11.3,12.43,1.13,0.0,0.9091,0.0909,0.0,1220.0,1228.0,1211.47,1224.1,4.1,16.53,3.9,8.53,0.248,0.2359,0.516,1210.85,1219.12,1205.5,1216.0,5.15,13.62,3.12,5.35,0.3781,0.2291,0.3928,-1,-1,1,0,0,0,0,0,0,0,0,0,0
1241.5,1241.5,1217.97,1219.43,16255666,22.07,23.53,0.0,1.46,0.938,0.0,0.062,1226.0,1238.43,1226.0,1237.3,11.3,12.43,1.13,0.0,0.9091,0.0909,0.0,1220.0,1228.0,1211.47,1224.1,4.1,16.53,3.9,8.53,0.248,0.2359,0.516,-1,-1,1,0,0,0,0,0,0,1,0,0,0
1220.0,1231.32,1213.12,1225.53,12803338,5.53,18.2,5.79,6.88,0.3038,0.3181,0.378,1241.5,1241.5,1217.97,1219.43,22.07,23.53,0.0,1.46,0.938,0.0,0.062,1226.0,1238.43,1226.0,1237.3,11.3,12.43,1.13,0.0,0.9091,0.0909,0.0,-1,-1,1,0,0,0,0,0,0,0,0,0,0
1230.0,1232.9,1222.5,1226.65,9209636,3.35,10.4,2.9,4.15,0.3221,0.2788,0.399,1220.0,1231.32,1213.12,1225.53,5.53,18.2,5.79,6.88,0.3038,0.3181,0.378,1241.5,1241.5,1217.97,1219.43,22.07,23.53,0.0,1.46,0.938,0.0,0.062,-1,-1,1,0,0,0,0,0,0,0,0,0,0
1234.0,1234.0,1224.75,1228.93,25468592,5.07,9.25,0.0,4.18,0.5481,0.0,0.4519,1230.0,1232.9,1222.5,1226.65,3.35,10.4,2.9,4.15,0.3221,0.2788,0.399,1220.0,1231.32,1213.12,1225.53,5.53,18.2,5.79,6.88,0.3038,0.3181,0.378,-1,-1,1,0,0,0,0,0,0,0,0,0,1
1220.03,1225.5,1216.03,1218.22,7516300,1.81,9.47,5.47,2.19,0.1911,0.5776,0.2313,1234.0,1234.0,1224.75,1228.93,5.07,9.25,0.0,4.18,0.5481,0.0,0.4519,1230.0,1232.9,1222.5,1226.65,3.35,10.4,2.9,4.15,0.3221,0.2788,0.399,-1,-1,1,0,0,0,0,0,0,0,0,0,0
1211.53,1213.8,1177.5,1191.07,57081884,20.46,36.3,2.27,13.57,0.5636,0.0625,0.3738,1220.03,1225.5,1216.03,1218.22,1.81,9.47,5.47,2.19,0.1911,0.5776,0.2313,1234.0,1234.0,1224.75,1228.93,5.07,9.25,0.0,4.18,0.5481,0.0,0.4519,-1,-1,1,0,0,0,0,0,0,0,0,0,0
1187.47,1195.05,1180.0,1182.4,12226182,5.07,15.05,7.58,2.4,0.3369,0.5037,0.1595,1211.53,1213.8,1177.5,1191.07,20.46,36.3,2.27,13.57,0.5636,0.0625,0.3738,1220.03,1225.5,1216.03,1218.22,1.81,9.47,5.47,2.19,0.1911,0.5776,0.2313,-1,-1,1,0,0,0,0,0,0,0,0,0,0
1188.0,1191.22,1175.0,1177.47,19176786,10.53,16.22,3.22,2.47,0.6492,0.1985,0.1523,1187.47,1195.05,1180.0,1182.4,5.07,15.05,7.58,2.4,0.3369,0.5037,0.1595,1211.53,1213.8,1177.5,1191.07,20.46,36.3,2.27,13.57,0.5636,0.0625,0.3738,-1,-1,1,0,0,0,0,0,0,0,0,0,0
1175.2,1180.35,1167.55,1170.22,14254884,4.98,12.8,5.15,2.67,0.3891,0.4023,0.2086,1188.0,1191.22,1175.0,1177.47,10.53,16.22,3.22,2.47,0.6492,0.1985,0.1523,1187.47,1195.05,1180.0,1182.4,5.07,15.05,7.58,2.4,0.3369,0.5037,0.1595,-1,-1,1,0,0,0,0,0,0,0,0,0,0
1169.28,1175.1,1167.8,1171.25,10087782,1.97,7.3,3.85,1.48,0.2699,0.5274,0.2027,1175.2,1180.35,1167.55,1170.22,4.98,12.8,5.15,2.67,0.3891,0.4023,0.2086,1188.0,1191.22,1175.0,1177.47,10.53,16.22,3.22,2.47,0.6492,0.1985,0.1523,-1,-1,1,0,0,0,0,0,0,0,0,1,0
1171.75,1185.9,1169.25,1184.45,11722778,12.7,16.65,1.45,2.5,0.7628,0.0871,0.1502,1169.28,1175.1,1167.8,1171.25,1.97,7.3,3.85,1.48,0.2699,0.5274,0.2027,1175.2,1180.35,1167.55,1170.22,4.98,12.8,5.15,2.67,0.3891,0.4023,0.2086,-1,-1,1,0,0,0,0,0,0,0,0,1,0
1191.5,1191.5,1162.5,1167.05,14518346,24.45,29.0,0.0,4.55,0.8431,0.0,0.1569,1171.75,1185.9,1169.25,1184.45,12.7,16.65,1.45,2.5,0.7628,0.0871,0.1502,1169.28,1175.1,1167.8,1171.25,1.97,7.3,3.85,1.48,0.2699,0.5274,0.2027,-1,-1,1,0,0,0,0,0,0,1,0,0,0
1170.9,1184.55,1167.05,1172.5,12342014,1.6,17.5,12.05,3.85,0.0914,0.6886,0.22,1191.5,1191.5,1162.5,1167.05,24.45,29.0,0.0,4.55,0.8431,0.0,0.1569,1171.75,1185.9,1169.25,1184.45,12.7,16.65,1.45,2.5,0.7628,0.0871,0.1502,-1,-1,1,0,0,0,0,1,0,0,0,0,0
1164.97,1167.8,1158.0,1159.07,8859056,5.9,9.8,2.83,1.07,0.602,0.2888,0.1092,1170.9,1184.55,1167.05,1172.5,1.6,17.5,12.05,3.85,0.0914,0.6886,0.22,1191.5,1191.5,1162.5,1167.05,24.45,29.0,0.0,4.55,0.8431,0.0,0.1569,-1,-1,1,0,0,0,0,0,0,0,0,0,0
1154.5,1159.5,1147.55,1157.07,10286386,2.57,11.95,2.43,6.95,0.2151,0.2033,0.5816,1164.97,1167.8,1158.0,1159.07,5.9,9.8,2.83,1.07,0.602,0.2888,0.1092,1170.9,1184.55,1167.05,1172.5,1.6,17.5,12.05,3.85,0.0914,0.6886,0.22,-1,-1,1,0,0,1,0,0,0,0,0,0,0
1159.62,1164.7,1154.5,1157.05,10953682,2.57,10.2,5.08,2.55,0.252,0.498,0.25,1154.5,1159.5,1147.55,1157.07,2.57,11.95,2.43,6.95,0.2151,0.2033,0.5816,1164.97,1167.8,1158.0,1159.07,5.9,9.8,2.83,1.07,0.602,0.2888,0.1092,-1,-1,1,0,0,0,0,0,0,0,0,0,0
1158.53,1162.4,1156.03,1159.0,5431026,0.47,6.37,3.4,2.5,0.0738,0.5338,0.3925,1159.62,1164.7,1154.5,1157.05,2.57,10.2,5.08,2.55,0.252,0.498,0.25,1154.5,1159.5,1147.55,1157.07,2.57,11.95,2.43,6.95,0.2151,0.2033,0.5816,-1,-1,1,0,0,0,0,1,0,0,0,0,0
1154.05,1155.97,1147.5,1149.12,7576878,4.93,8.47,1.92,1.62,0.5821,0.2267,0.1913,1158.53,1162.4,1156.03,1159.0,0.47,6.37,3.4,2.5,0.0738,0.5338,0.3925,1159.62,1164.7,1154.5,1157.05,2.57,10.2,5.08,2.55,0.252,0.498,0.25,-1,-1,1,0,0,0,0,0,0,0,0,0,0
1153.28,1158.95,1151.88,1154.2,10236032,0.92,7.07,4.75,1.4,0.1301,0.6719,0.198,1154.05,1155.97,1147.5,1149.12,4.93,8.47,1.92,1.62,0.5821,0.2267,0.1913,1158.53,1162.4,1156.03,1159.0,0.47,6.37,3.4,2.5,0.0738,0.5338,0.3925,-1,-1,1,0,0,0,0,0,0,0,0,0,0
1157.22,1174.85,1156.5,1172.53,9814118,15.31,18.35,2.32,0.72,0.8343,0.1264,0.0392,1153.28,1158.95,1151.88,1154.2,0.92,7.07,4.75,1.4,0.1301,0.6719,0.198,1154.05,1155.97,1147.5,1149.12,4.93,8.47,1.92,1.62,0.5821,0.2267,0.1913,-1,-1,1,0,0,0,0,0,0,0,0,1,0
1171.93,1179.68,1169.07,1174.7,12554450,2.77,10.61,4.98,2.86,0.2611,0.4694,0.2696,1157.22,1174.85,1156.5,1172.53,15.31,18.35,2.32,0.72,0.8343,0.1264,0.0392,1153.28,1158.95,1151.88,1154.2,0.92,7.07,4.75,1.4,0.1301,0.6719,0.198,-1,-1,1,0,0,0,0,0,0,0,0,0,0
1170.0,1178.75,1164.57,1174.65,10150316,4.65,14.18,4.1,5.43,0.3279,0.2891,0.3829,1171.93,1179.68,1169.07,1174.7,2.77,10.61,4.98,2.86,0.2611,0.4694,0.2696,1157.22,1174.85,1156.5,1172.53,15.31,18.35,2.32,0.72,0.8343,0.1264,0.0392,-1,-1,1,0,0,0,0,0,0,0,0,0,0
1172.5,1177.28,1168.0,1172.03,5929036,0.47,9.28,4.78,4.03,0.0506,0.5151,0.4343,1170.0,1178.75,1164.57,1174.65,4.65,14.18,4.1,5.43,0.3279,0.2891,0.3829,1171.93,1179.68,1169.07,1174.7,2.77,10.61,4.98,2.86,0.2611,0.4694,0.2696,-1,-1,1,0,0,0,0,1,0,0,0,0,0
1178.0,1179.85,1170.65,1177.62,7928180,0.38,9.2,1.85,6.97,0.0413,0.2011,0.7576,1172.5,1177.28,1168.0,1172.03,0.47,9.28,4.78,4.03,0.0506,0.5151,0.4343,1170.0,1178.75,1164.57,1174.65,4.65,14.18,4.1,5.43,0.3279,0.2891,0.3829,-1,-1,1,0,0,0,0,1,0,0,0,0,1
1177.62,1183.5,1160.5,1162.0,8918320,15.62,23.0,5.88,1.5,0.6791,0.2557,0.0652,1178.0,1179.85,1170.65,1177.62,0.38,9.2,1.85,6.97,0.0413,0.2011,0.7576,1172.5,1177.28,1168.0,1172.03,0.47,9.28,4.78,4.03,0.0506,0.5151,0.4343,-1,-1,1,0,0,0,0,0,0,0,0,0,0
1156.0,1160.9,1150.5,1153.07,12032556,2.93,10.4,4.9,2.57,0.2817,0.4712,0.2471,1177.62,1183.5,1160.5,1162.0,15.62,23.0,5.88,1.5,0.6791,0.2557,0.0652,1178.0,1179.85,1170.65,1177.62,0.38,9.2,1.85,6.97,0.0413,0.2011,0.7576,-1,-1,1,0,0,0,0,0,0,0,0,0,0
1150.0,1157.35,1148.15,1149.55,8913312,0.45,9.2,7.35,1.4,0.0489,0.7989,0.1522,1156.0,1160.9,1150.5,1153.07,2.93,10.4,4.9,2.57,0.2817,0.4712,0.2471,1177.62,1183.5,1160.5,1162.0,15.62,23.0,5.88,1.5,0.6791,0.2557,0.0652,-1,-1,1,0,0,0,0,1,0,0,0,0,0
1145.0,1153.12,1127.62,1131.6,7853962,13.4,25.5,8.12,3.98,0.5255,0.3184,0.1561,1150.0,1157.35,1148.15,1149.55,0.45,9.2,7.35,1.4,0.0489,0.7989,0.1522,1156.0,1160.9,1150.5,1153.07,2.93,10.4,4.9,2.57,0.2817,0.4712,0.2471,-1,-1,1,0,0,0,0,0,0,0,0,0,0
1125.03,1140.6,1121.5,1128.97,11620688,3.94,19.1,11.63,3.53,0.2063,0.6089,0.1848,1145.0,1153.12,1127.62,1131.6,13.4,25.5,8.12,3.98,0.5255,0.3184,0.1561,1150.0,1157.35,1148.15,1149.55,0.45,9.2,7.35,1.4,0.0489,0.7989,0.1522,-1,-1,1,0,0,0,1,0,0,0,0,0,0
1125.5,1129.0,1110.15,1113.25,15222534,12.25,18.85,3.5,3.1,0.6499,0.1857,0.1645,1125.03,1140.6,1121.5,1128.97,3.94,19.1,11.63,3.53,0.2063,0.6089,0.1848,1145.0,1153.12,1127.62,1131.6,13.4,25.5,8.12,3.98,0.5255,0.3184,0.1561,-1,-1,1,0,0,0,0,0,0,0,0,0,0
1120.0,1136.75,1117.97,1132.9,11771084,12.9,18.78,3.85,2.03,0.6869,0.205,0.1081,1125.5,1129.0,1110.15,1113.25,12.25,18.85,3.5,3.1,0.6499,0.1857,0.1645,1125.03,1140.6,1121.5,1128.97,3.94,19.1,11.63,3.53,0.2063,0.6089,0.1848,-1,-1,1,0,0,0,0,0,0,0,0,0,0
1137.0,1162.5,1134.97,1156.25,16813304,19.25,27.53,6.25,2.03,0.6992,0.227,0.0737,1120.0,1136.75,1117.97,1132.9,12.9,18.78,3.85,2.03,0.6869,0.205,0.1081,1125.5,1129.0,1110.15,1113.25,12.25,18.85,3.5,3.1,0.6499,0.1857,0.1645,-1,-1,1,0,0,0,0,0,0,0,0,0,0
1164.0,1164.0,1141.45,1143.95,12808438,20.05,22.55,0.0,2.5,0.8891,0.0,0.1109,1137.0,1162.5,1134.97,1156.25,19.25,27.53,6.25,2.03,0.6992,0.227,0.0737,1120.0,1136.75,1117.97,1132.9,12.9,18.78,3.85,2.03,0.6869,0.205,0.1081,-1,-1,1,0,0,0,0,0,0,0,0,0,0
1144.57,1158.75,1137.6,1148.7,10309190,4.13,21.15,10.05,6.97,0.1953,0.4752,0.3296,1164.0,1164.0,1141.45,1143.95,20.05,22.55,0.0,2.5,0.8891,0.0,0.1109,1137.0,1162.5,1134.97,1156.25,19.25,27.53,6.25,2.03,0.6992,0.227,0.0737,-1,-1,1,0,0,0,0,0,0,0,0,0,0
1156.97,1162.15,1153.97,1160.1,10562104,3.13,8.18,2.05,3.0,0.3826,0.2506,0.3667,1144.57,1158.75,1137.6,1148.7,4.13,21.15,10.05,6.97,0.1953,0.4752,0.3296,1164.0,1164.0,1141.45,1143.95,20.05,22.55,0.0,2.5,0.8891,0.0,0.1109,-1,-1,1,0,0,0,0,0,0,0,0,1,0
1163.6,1167.47,1157.88,1159.85,8850156,3.75,9.59,3.87,1.97,0.391,0.4035,0.2054,1156.97,1162.15,1153.97,1160.1,3.13,8.18,2.05,3.0,0.3826,0.2506,0.3667,1144.57,1158.75,1137.6,1148.7,4.13,21.15,10.05,6.97,0.1953,0.4752,0.3296,-1,-1,1,0,0,0,0,0,0,0,0,0,1
1166.15,1170.0,1162.8,1169.5,10647304,3.35,7.2,0.5,3.35,0.4653,0.0694,0.4653,1163.6,1167.47,1157.88,1159.85,3.75,9.59,3.87,1.97,0.391,0.4035,0.2054,1156.97,1162.15,1153.97,1160.1,3.13,8.18,2.05,3.0,0.3826,0.2506,0.3667,-1,-1,1,0,0,0,0,0,0,0,0,0,0
1167.03,1169.55,1159.78,1161.9,6960204,5.13,9.77,2.52,2.12,0.5251,0.2579,0.217,1166.15,1170.0,1162.8,1169.5,3.35,7.2,0.5,3.35,0.4653,0.0694,0.4653,1163.6,1167.47,1157.88,1159.85,3.75,9.59,3.87,1.97,0.391,0.4035,0.2054,-1,-1,1,0,0,0,0,0,0,0,0,0,0
1166.0,1170.5,1160.88,1167.95,7884494,1.95,9.62,2.55,5.12,0.2027,0.2651,0.5322,1167.03,1169.55,1159.78,1161.9,5.13,9.77,2.52,2.12,0.5251,0.2579,0.217,1166.15,1170.0,1162.8,1169.5,3.35,7.2,0.5,3.35,0.4653,0.0694,0.4653,-1,-1,1,0,0,0,0,0,0,0,0,0,0
1167.93,1167.95,1152.1,1155.28,14513610,12.65,15.85,0.02,3.18,0.7981,0.0013,0.2006,1166.0,1170.5,1160.88,1167.95,1.95,9.62,2.55,5.12,0.2027,0.2651,0.5322,1167.03,1169.55,1159.78,1161.9,5.13,9.77,2.52,2.12,0.5251,0.2579,0.217,-1,-1,1,0,0,0,0,0,0,0,0,0,0
1152.78,1158.18,1149.03,1157.45,7734954,4.67,9.15,0.73,3.75,0.5104,0.0798,0.4098,1167.93,1167.95,1152.1,1155.28,12.65,15.85,0.02,3.18,0.7981,0.0013,0.2006,1166.0,1170.5,1160.88,1167.95,1.95,9.62,2.55,5.12,0.2027,0.2651,0.5322,1,1,1,1,0,0,0,0,0,0,0,0,0
1161.45,1162.3,1155.85,1157.3,3854810,4.15,6.45,0.85,1.45,0.6434,0.1318,0.2248,1152.78,1158.18,1149.03,1157.45,4.67,9.15,0.73,3.75,0.5104,0.0798,0.4098,1167.93,1167.95,1152.1,1155.28,12.65,15.85,0.02,3.18,0.7981,0.0013,0.2006,1,1,-1,0,0,0,0,0,0,0,0,0,0
1170.0,1180.97,1163.5,1178.22,12220648,8.22,17.47,2.75,6.5,0.4705,0.1574,0.3721,1161.45,1162.3,1155.85,1157.3,4.15,6.45,0.85,1.45,0.6434,0.1318,0.2248,1152.78,1158.18,1149.03,1157.45,4.67,9.15,0.73,3.75,0.5104,0.0798,0.4098,1,1,-1,0,0,0,0,0,0,0,0,0,0
1175.55,1187.07,1173.47,1180.35,13134910,4.8,13.6,6.72,2.08,0.3529,0.4941,0.1529,1170.0,1180.97,1163.5,1178.22,8.22,17.47,2.75,6.5,0.4705,0.1574,0.3721,1161.45,1162.3,1155.85,1157.3,4.15,6.45,0.85,1.45,0.6434,0.1318,0.2248,1,1,-1,0,0,0,0,0,0,0,0,0,0
1176.45,1186.62,1176.03,1177.78,7758634,1.33,10.59,8.84,0.42,0.1256,0.8347,0.0397,1175.55,1187.07,1173.47,1180.35,4.8,13.6,6.72,2.08,0.3529,0.4941,0.1529,1170.0,1180.97,1163.5,1178.22,8.22,17.47,2.75,6.5,0.4705,0.1574,0.3721,1,1,1,0,0,0,1,0,0,0,1,0,0
1174.28,1179.2,1168.2,1174.68,4490186,0.4,11.0,4.52,6.08,0.0364,0.4109,0.5527,1176.45,1186.62,1176.03,1177.78,1.33,10.59,8.84,0.42,0.1256,0.8347,0.0397,1175.55,1187.07,1173.47,1180.35,4.8,13.6,6.72,2.08,0.3529,0.4941,0.1529,1,1,1,0,0,0,0,1,0,0,0,0,0
1183.0,1194.0,1180.1,1189.45,8214450,6.45,13.9,4.55,2.9,0.464,0.3273,0.2086,1174.28,1179.2,1168.2,1174.68,0.4,11.0,4.52,6.08,0.0364,0.4109,0.5527,1176.45,1186.62,1176.03,1177.78,1.33,10.59,8.84,0.42,0.1256,0.8347,0.0397,1,1,1,0,0,0,0,0,0,0,0,0,0
1187.5,1197.22,1186.1,1194.1,8534814,6.6,11.12,3.12,1.4,0.5935,0.2806,0.1259,1183.0,1194.0,1180.1,1189.45,6.45,13.9,4.55,2.9,0.464,0.3273,0.2086,1174.28,1179.2,1168.2,1174.68,0.4,11.0,4.52,6.08,0.0364,0.4109,0.5527,1,1,1,0,0,0,0,0,0,0,0,0,0
1194.1,1200.0,1194.1,1197.75,8531542,3.65,5.9,2.25,0.0,0.6186,0.3814,0.0,1187.5,1197.22,1186.1,1194.1,6.6,11.12,3.12,1.4,0.5935,0.2806,0.1259,1183.0,1194.0,1180.1,1189.45,6.45,13.9,4.55,2.9,0.464,0.3273,0.2086,1,1,1,0,0,0,0,0,0,0,0,0,0
1195.8,1201.3,1195.53,1196.95,6749486,1.15,5.77,4.35,0.27,0.1993,0.7539,0.0468,1194.1,1200.0,1194.1,1197.75,3.65,5.9,2.25,0.0,0.6186,0.3814,0.0,1187.5,1197.22,1186.1,1194.1,6.6,11.12,3.12,1.4,0.5935,0.2806,0.1259,1,1,1,0,0,0,1,0,0,0,1,0,0
1196.95,1199.85,1187.62,1197.2,13792174,0.25,12.23,2.65,9.33,0.0204,0.2167,0.7629,1195.8,1201.3,1195.53,1196.95,1.15,5.77,4.35,0.27,0.1993,0.7539,0.0468,1194.1,1200.0,1194.1,1197.75,3.65,5.9,2.25,0.0,0.6186,0.3814,0.0,1,1,1,0,0,0,0,1,0,0,0,0,0
1204.0,1205.97,1199.03,1200.35,12531306,3.65,6.94,1.97,1.32,0.5259,0.2839,0.1902,1196.95,1199.85,1187.62,1197.2,0.25,12.23,2.65,9.33,0.0204,0.2167,0.7629,1195.8,1201.3,1195.53,1196.95,1.15,5.77,4.35,0.27,0.1993,0.7539,0.0468,1,1,1,0,0,0,0,0,0,0,0,0,1
1197.35,1200.35,1184.95,1188.72,28439984,8.63,15.4,3.0,3.77,0.5604,0.1948,0.2448,1204.0,1205.97,1199.03,1200.35,3.65,6.94,1.97,1.32,0.5259,0.2839,0.1902,1196.95,1199.85,1187.62,1197.2,0.25,12.23,2.65,9.33,0.0204,0.2167,0.7629,1,1,1,0,0,0,0,0,0,0,0,0,0
1189.0,1198.2,1188.8,1197.15,14342842,8.15,9.4,1.05,0.2,0.867,0.1117,0.0213,1197.35,1200.35,1184.95,1188.72,8.63,15.4,3.0,3.77,0.5604,0.1948,0.2448,1204.0,1205.97,1199.03,1200.35,3.65,6.94,1.97,1.32,0.5259,0.2839,0.1902,1,1,1,0,0,0,0,0,0,0,0,0,0
1225.0,1225.0,1199.3,1210.1,15590990,14.9,25.7,0.0,10.8,0.5798,0.0,0.4202,1189.0,1198.2,1188.8,1197.15,8.15,9.4,1.05,0.2,0.867,0.1117,0.0213,1197.35,1200.35,1184.95,1188.72,8.63,15.4,3.0,3.77,0.5604,0.1948,0.2448,1,1,1,0,0,0,0,0,0,0,0,0,0
1219.5,1220.43,1210.82,1218.88,12693624,0.62,9.61,0.93,8.06,0.0645,0.0968,0.8387,1225.0,1225.0,1199.3,1210.1,14.9,25.7,0.0,10.8,0.5798,0.0,0.4202,1189.0,1198.2,1188.8,1197.15,8.15,9.4,1.05,0.2,0.867,0.1117,0.0213,1,1,1,0,0,0,0,1,0,0,0,0,0
1223.55,1236.47,1217.5,1230.55,16422442,7.0,18.97,5.92,6.05,0.369,0.3121,0.3189,1219.5,1220.43,1210.82,1218.88,0.62,9.61,0.93,8.06,0.0645,0.0968,0.8387,1225.0,1225.0,1199.3,1210.1,14.9,25.7,0.0,10.8,0.5798,0.0,0.4202,1,1,1,0,0,0,0,0,0,0,0,1,0
1230.0,1230.47,1221.0,1228.53,8142096,1.47,9.47,0.47,7.53,0.1552,0.0496,0.7951,1223.55,1236.47,1217.5,1230.55,7.0,18.97,5.92,6.05,0.369,0.3121,0.3189,1219.5,1220.43,1210.82,1218.88,0.62,9.61,0.93,8.06,0.0645,0.0968,0.8387,1,1,1,0,0,1,0,0,0,0,0,0,0
1231.93,1238.35,1222.5,1227.88,10204894,4.05,15.85,6.42,5.38,0.2555,0.405,0.3394,1230.0,1230.47,1221.0,1228.53,1.47,9.47,0.47,7.53,0.1552,0.0496,0.7951,1223.55,1236.47,1217.5,1230.55,7.0,18.97,5.92,6.05,0.369,0.3121,0.3189,1,1,1,0,0,0,0,0,0,0,0,0,1
1228.0,1233.8,1226.2,1229.68,7066138,1.68,7.6,4.12,1.8,0.2211,0.5421,0.2368,1231.93,1238.35,1222.5,1227.88,4.05,15.85,6.42,5.38,0.2555,0.405,0.3394,1230.0,1230.47,1221.0,1228.53,1.47,9.47,0.47,7.53,0.1552,0.0496,0.7951,1,1,1,0,0,0,0,0,0,0,0,0,0
1230.0,1232.47,1210.07,1212.03,9197124,17.97,22.4,2.47,1.96,0.8022,0.1103,0.0875,1228.0,1233.8,1226.2,1229.68,1.68,7.6,4.12,1.8,0.2211,0.5421,0.2368,1231.93,1238.35,1222.5,1227.88,4.05,15.85,6.42,5.38,0.2555,0.405,0.3394,1,1,1,0,0,0,0,0,0,1,0,0,0
1211.0,1219.18,1203.15,1216.97,10031182,5.97,16.03,2.21,7.85,0.3724,0.1379,0.4897,1230.0,1232.47,1210.07,1212.03,17.97,22.4,2.47,1.96,0.8022,0.1103,0.0875,1228.0,1233.8,1226.2,1229.68,1.68,7.6,4.12,1.8,0.2211,0.5421,0.2368,1,1,1,0,0,0,0,0,0,0,0,0,0
1227.0,1237.47,1221.32,1232.07,16972354,5.07,16.15,5.4,5.68,0.3139,0.3344,0.3517,1211.0,1219.18,1203.15,1216.97,5.97,16.03,2.21,7.85,0.3724,0.1379,0.4897,1230.0,1232.47,1210.07,1212.03,17.97,22.4,2.47,1.96,0.8022,0.1103,0.0875,1,1,1,0,0,0,0,0,0,0,0,1,0
1239.0,1250.0,1235.03,1247.8,15932152,8.8,14.97,2.2,3.97,0.5878,0.147,0.2652,1227.0,1237.47,1221.32,1232.07,5.07,16.15,5.4,5.68,0.3139,0.3344,0.3517,1211.0,1219.18,1203.15,1216.97,5.97,16.03,2.21,7.85,0.3724,0.1379,0.4897,1,1,1,0,0,0,0,0,0,0,0,0,0
1247.8,1267.45,1245.47,1260.5,14165188,12.7,21.98,6.95,2.33,0.5778,0.3162,0.106,1239.0,1250.0,1235.03,1247.8,8.8,14.97,2.2,3.97,0.5878,0.147,0.2652,1227.0,1237.47,1221.32,1232.07,5.07,16.15,5.4,5.68,0.3139,0.3344,0.3517,1,1,1,0,0,0,0,0,0,0,0,0,0
1277.5,1286.95,1262.6,1279.05,16820604,1.55,24.35,7.9,14.9,0.0637,0.3244,0.6119,1247.8,1267.45,1245.47,1260.5,12.7,21.98,6.95,2.33,0.5778,0.3162,0.106,1239.0,1250.0,1235.03,1247.8,8.8,14.97,2.2,3.97,0.5878,0.147,0.2652,1,1,1,0,0,0,0,1,0,0,0,0,0
1285.53,1299.43,1260.0,1263.57,17736722,21.96,39.43,13.9,3.57,0.5569,0.3525,0.0905,1277.5,1286.95,1262.6,1279.05,1.55,24.35,7.9,14.9,0.0637,0.3244,0.6119,1247.8,1267.45,1245.47,1260.5,12.7,21.98,6.95,2.33,0.5778,0.3162,0.106,1,1,1,0,0,0,0,0,0,1,0,0,1
1263.5,1286.75,1259.12,1281.28,13765454,17.78,27.63,5.47,4.38,0.6435,0.198,0.1585,1285.53,1299.43,1260.0,1263.57,21.96,39.43,13.9,3.57,0.5569,0.3525,0.0905,1277.5,1286.95,1262.6,1279.05,1.55,24.35,7.9,14.9,0.0637,0.3244,0.6119,1,1,1,0,0,0,0,0,0,0,0,0,0
1279.8,1290.45,1273.82,1282.53,16541784,2.73,16.63,7.92,5.98,0.1642,0.4762,0.3596,1263.5,1286.75,1259.12,1281.28,17.78,27.63,5.47,4.38,0.6435,0.198,0.1585,1285.53,1299.43,1260.0,1263.57,21.96,39.43,13.9,3.57,0.5569,0.3525,0.0905,1,1,1,0,0,0,0,0,0,0,0,1,0
1284.0,1295.97,1281.35,1289.03,7465664,5.03,14.62,6.94,2.65,0.344,0.4747,0.1813,1279.8,1290.45,1273.82,1282.53,2.73,16.63,7.92,5.98,0.1642,0.4762,0.3596,1263.5,1286.75,1259.12,1281.28,17.78,27.63,5.47,4.38,0.6435,0.198,0.1585,1,1,1,0,0,0,0,0,0,0,0,0,0
1291.0,1299.95,1286.55,1293.43,9204156,2.43,13.4,6.52,4.45,0.1813,0.4866,0.3321,1284.0,1295.97,1281.35,1289.03,5.03,14.62,6.94,2.65,0.344,0.4747,0.1813,1279.8,1290.45,1273.82,1282.53,2.73,16.63,7.92,5.98,0.1642,0.4762,0.3596,1,1,1,0,0,0,0,0,0,0,0,0,0
1294.9,1306.0,1293.43,1302.78,12302636,7.88,12.57,3.22,1.47,0.6269,0.2562,0.1169,1291.0,1299.95,1286.55,1293.43,2.43,13.4,6.52,4.45,0.1813,0.4866,0.3321,1284.0,1295.97,1281.35,1289.03,5.03,14.62,6.94,2.65,0.344,0.4747,0.1813,1,1,1,0,0,0,0,0,0,0,0,0,0
1305.55,1307.0,1289.65,1292.47,10864584,13.08,17.35,1.45,2.82,0.7539,0.0836,0.1625,1294.9,1306.0,1293.43,1302.78,7.88,12.57,3.22,1.47,0.6269,0.2562,0.1169,1291.0,1299.95,1286.55,1293.43,2.43,13.4,6.52,4.45,0.1813,0.4866,0.3321,1,1,1,0,0,0,0,0,0,1,0,0,0
1290.28,1303.43,1286.57,1295.12,4030540,4.84,16.86,8.31,3.71,0.2871,0.4929,0.22,1305.55,1307.0,1289.65,1292.47,13.08,17.35,1.45,2.82,0.7539,0.0836,0.1625,1294.9,1306.0,1293.43,1302.78,7.88,12.57,3.22,1.47,0.6269,0.2562,0.1169,1,1,1,0,0,0,0,0,0,0,0,0,0
1292.5,1307.5,1286.5,1305.85,7448800,13.35,21.0,1.65,6.0,0.6357,0.0786,0.2857,1290.28,1303.43,1286.57,1295.12,4.84,16.86,8.31,3.71,0.2871,0.4929,0.22,1305.55,1307.0,1289.65,1292.47,13.08,17.35,1.45,2.82,0.7539,0.0836,0.1625,1,1,1,0,0,0,0,0,0,0,0,1,0
1305.0,1317.0,1288.6,1291.65,9037536,13.35,28.4,12.0,3.05,0.4701,0.4225,0.1074,1292.5,1307.5,1286.5,1305.85,13.35,21.0,1.65,6.0,0.6357,0.0786,0.2857,1290.28,1303.43,1286.57,1295.12,4.84,16.86,8.31,3.71,0.2871,0.4929,0.22,1,1,1,0,0,0,0,0,0,0,0,0,0
1294.0,1304.93,1289.55,1298.32,9612778,4.32,15.38,6.61,4.45,0.2809,0.4298,0.2893,1305.0,1317.0,1288.6,1291.65,13.35,28.4,12.0,3.05,0.4701,0.4225,0.1074,1292.5,1307.5,1286.5,1305.85,13.35,21.0,1.65,6.0,0.6357,0.0786,0.2857,1,1,1,0,0,0,0,0,0,0,0,0,0
1301.45,1309.93,1299.0,1303.85,8086406,2.4,10.93,6.08,2.45,0.2196,0.5563,0.2242,1294.0,1304.93,1289.55,1298.32,4.32,15.38,6.61,4.45,0.2809,0.4298,0.2893,1305.0,1317.0,1288.6,1291.65,13.35,28.4,12.0,3.05,0.4701,0.4225,0.1074,1,1,1,0,0,0,0,0,0,0,0,1,0
1305.0,1315.97,1284.47,1293.68,7734652,11.32,31.5,10.97,9.21,0.3594,0.3483,0.2924,1301.45,1309.93,1299.0,1303.85,2.4,10.93,6.08,2.45,0.2196,0.5563,0.2242,1294.0,1304.93,1289.55,1298.32,4.32,15.38,6.61,4.45,0.2809,0.4298,0.2893,1,1,1,0,0,0,0,0,0,1,0,0,1
1300.0,1303.4,1288.6,1290.25,5403074,9.75,14.8,3.4,1.65,0.6588,0.2297,0.1115,1305.0,1315.97,1284.47,1293.68,11.32,31.5,10.97,9.21,0.3594,0.3483,0.2924,1301.45,1309.93,1299.0,1303.85,2.4,10.93,6.08,2.45,0.2196,0.5563,0.2242,1,1,1,0,0,0,0,0,0,0,0,0,0
1288.5,1329.5,1287.53,1325.05,11102740,36.55,41.97,4.45,0.97,0.8709,0.106,0.0231,1300.0,1303.4,1288.6,1290.25,9.75,14.8,3.4,1.65,0.6588,0.2297,0.1115,1305.0,1315.97,1284.47,1293.68,11.32,31.5,10.97,9.21,0.3594,0.3483,0.2924,1,1,1,0,0,0,0,0,1,0,0,1,0
1329.5,1362.5,1328.5,1359.9,23725852,30.4,34.0,2.6,1.0,0.8941,0.0765,0.0294,1288.5,1329.5,1287.53,1325.05,36.55,41.97,4.45,0.97,0.8709,0.106,0.0231,1300.0,1303.4,1288.6,1290.25,9.75,14.8,3.4,1.65,0.6588,0.2297,0.1115,1,1,1,0,0,0,0,0,0,0,0,0,0
1359.9,1373.32,1345.75,1370.72,15012164,10.82,27.57,2.6,14.15,0.3925,0.0943,0.5132,1329.5,1362.5,1328.5,1359.9,30.4,34.0,2.6,1.0,0.8941,0.0765,0.0294,1288.5,1329.5,1287.53,1325.05,36.55,41.97,4.45,0.97,0.8709,0.106,0.0231,1,1,1,0,0,0,0,0,0,0,0,0,0
1375.0,1396.45,1366.0,1394.12,8610594,19.12,30.45,2.33,9.0,0.6279,0.0765,0.2956,1359.9,1373.32,1345.75,1370.72,10.82,27.57,2.6,14.15,0.3925,0.0943,0.5132,1329.5,1362.5,1328.5,1359.9,30.4,34.0,2.6,1.0,0.8941,0.0765,0.0294,1,1,1,0,0,0,0,0,0,0,0,0,0
1389.97,1396.3,1370.5,1374.62,9069024,15.35,25.8,6.33,4.12,0.595,0.2453,0.1597,1375.0,1396.45,1366.0,1394.12,19.12,30.45,2.33,9.0,0.6279,0.0765,0.2956,1359.9,1373.32,1345.75,1370.72,10.82,27.57,2.6,14.15,0.3925,0.0943,0.5132,1,1,1,0,0,0,0,0,0,0,0,0,0
1359.5,1386.28,1355.03,1361.57,12197382,2.07,31.25,24.71,4.47,0.0662,0.7907,0.143,1389.97,1396.3,1370.5,1374.62,15.35,25.8,6.33,4.12,0.595,0.2453,0.1597,1375.0,1396.45,1366.0,1394.12,19.12,30.45,2.33,9.0,0.6279,0.0765,0.2956,1,1,1,0,0,0,0,1,0,0,0,0,0
1351.4,1371.0,1351.25,1367.95,10279438,16.55,19.75,3.05,0.15,0.838,0.1544,0.0076,1359.5,1386.28,1355.03,1361.57,2.07,31.25,24.71,4.47,0.0662,0.7907,0.143,1389.97,1396.3,1370.5,1374.62,15.35,25.8,6.33,4.12,0.595,0.2453,0.1597,1,1,1,0,0,0,0,0,0,0,0,1,0
1376.0,1376.0,1359.0,1367.45,10422704,8.55,17.0,0.0,8.45,0.5029,0.0,0.4971,1351.4,1371.0,1351.25,1367.95,16.55,19.75,3.05,0.15,0.838,0.1544,0.0076,1359.5,1386.28,1355.03,1361.57,2.07,31.25,24.71,4.47,0.0662,0.7907,0.143,1,1,1,0,0,0,0,0,0,0,0,0,0
1371.75,1371.75,1322.55,1328.57,20055420,43.18,49.2,0.0,6.02,0.8776,0.0,0.1224,1376.0,1376.0,1359.0,1367.45,8.55,17.0,0.0,8.45,0.5029,0.0,0.4971,1351.4,1371.0,1351.25,1367.95,16.55,19.75,3.05,0.15,0.838,0.1544,0.0076,1,1,1,0,0,0,0,0,0,0,0,0,1
1335.22,1349.5,1323.93,1343.88,21919128,8.66,25.57,5.62,11.29,0.3387,0.2198,0.4415,1371.75,1371.75,1322.55,1328.57,43.18,49.2,0.0,6.02,0.8776,0.0,0.1224,1376.0,1376.0,1359.0,1367.45,8.55,17.0,0.0,8.45,0.5029,0.0,0.4971,1,1,1,0,0,0,0,0,0,0,0,0,0
1342.95,1364.15,1335.2,1353.07,11808872,10.12,28.95,11.08,7.75,0.3496,0.3827,0.2677,1335.22,1349.5,1323.93,1343.88,8.66,25.57,5.62,11.29,0.3387,0.2198,0.4415,1371.75,1371.75,1322.55,1328.57,43.18,49.2,0.0,6.02,0.8776,0.0,0.1224,1,1,1,0,0,0,0,0,0,0,0,1,0
1364.5,1452.5,1360.18,1448.05,23893438,83.55,92.32,4.45,4.32,0.905,0.0482,0.0468,1342.95,1364.15,1335.2,1353.07,10.12,28.95,11.08,7.75,0.3496,0.3827,0.2677,1335.22,1349.5,1323.93,1343.88,8.66,25.57,5.62,11.29,0.3387,0.2198,0.4415,1,1,1,0,0,0,0,0,0,0,0,0,0
1459.95,1459.97,1404.43,1407.62,14093978,52.33,55.54,0.02,3.19,0.9422,0.0004,0.0574,1364.5,1452.5,1360.18,1448.05,83.55,92.32,4.45,4.32,0.905,0.0482,0.0468,1342.95,1364.15,1335.2,1353.07,10.12,28.95,11.08,7.75,0.3496,0.3827,0.2677,1,1,1,0,0,0,0,0,0,0,0,0,0
1404.0,1434.25,1402.5,1426.62,15130226,22.62,31.75,7.63,1.5,0.7124,0.2403,0.0472,1459.95,1459.97,1404.43,1407.62,52.33,55.54,0.02,3.19,0.9422,0.0004,0.0574,1364.5,1452.5,1360.18,1448.05,83.55,92.32,4.45,4.32,0.905,0.0482,0.0468,1,1,1,0,0,0,0,0,0,0,0,0,0
1435.0,1443.35,1418.05,1426.65,13349362,8.35,25.3,8.35,8.6,0.33,0.33,0.3399,1404.0,1434.25,1402.5,1426.62,22.62,31.75,7.63,1.5,0.7124,0.2403,0.0472,1459.95,1459.97,1404.43,1407.62,52.33,55.54,0.02,3.19,0.9422,0.0004,0.0574,1,1,1,0,0,0,0,0,0,0,0,0,0
1433.18,1474.9,1433.18,1457.7,19652588,24.52,41.72,17.2,0.0,0.5877,0.4123,0.0,1435.0,1443.35,1418.05,1426.65,8.35,25.3,8.35,8.6,0.33,0.33,0.3399,1404.0,1434.25,1402.5,1426.62,22.62,31.75,7.63,1.5,0.7124,0.2403,0.0472,1,1,1,0,0,0,0,0,0,0,0,0,0
1460.75,1470.5,1431.53,1439.03,8814432,21.72,38.97,9.75,7.5,0.5574,0.2502,0.1925,1433.18,1474.9,1433.18,1457.7,24.52,41.72,17.2,0.0,0.5877,0.4123,0.0,1435.0,1443.35,1418.05,1426.65,8.35,25.3,8.35,8.6,0.33,0.33,0.3399,1,1,1,0,0,0,0,0,0,0,0,0,0
1441.85,1441.85,1419.82,1427.8,9047984,14.05,22.03,0.0,7.98,0.6378,0.0,0.3622,1460.75,1470.5,1431.53,1439.03,21.72,38.97,9.75,7.5,0.5574,0.2502,0.1925,1433.18,1474.9,1433.18,1457.7,24.52,41.72,17.2,0.0,0.5877,0.4123,0.0,1,1,1,0,0,0,0,0,0,0,0,0,1
1435.93,1449.5,1429.25,1442.15,9296568,6.22,20.25,7.35,6.68,0.3072,0.363,0.3299,1441.85,1441.85,1419.82,1427.8,14.05,22.03,0.0,7.98,0.6378,0.0,0.3622,1460.75,1470.5,1431.53,1439.03,21.72,38.97,9.75,7.5,0.5574,0.2502,0.1925,1,1,1,0,0,0,0,0,0,0,0,1,0
1450.0,1459.47,1427.53,1450.12,14694634,0.12,31.94,9.35,22.47,0.0038,0.2927,0.7035,1435.93,1449.5,1429.25,1442.15,6.22,20.25,7.35,6.68,0.3072,0.363,0.3299,1441.85,1441.85,1419.82,1427.8,14.05,22.03,0.0,7.98,0.6378,0.0,0.3622,1,1,1,0,0,0,0,1,0,0,0,1,0
1454.0,1471.97,1450.95,1460.75,12556798,6.75,21.02,11.22,3.05,0.3211,0.5338,0.1451,1450.0,1459.47,1427.53,1450.12,0.12,31.94,9.35,22.47,0.0038,0.2927,0.7035,1435.93,1449.5,1429.25,1442.15,6.22,20.25,7.35,6.68,0.3072,0.363,0.3299,1,1,1,0,0,0,0,0,0,0,0,0,0
1460.75,1461.0,1442.35,1452.35,6674430,8.4,18.65,0.25,10.0,0.4504,0.0134,0.5362,1454.0,1471.97,1450.95,1460.75,6.75,21.02,11.22,3.05,0.3211,0.5338,0.1451,1450.0,1459.47,1427.53,1450.12,0.12,31.94,9.35,22.47,0.0038,0.2927,0.7035,1,1,1,0,0,0,0,0,0,0,0,0,0
1455.5,1479.0,1454.0,1465.1,7715594,9.6,25.0,13.9,1.5,0.384,0.556,0.06,1460.75,1461.0,1442.35,1452.35,8.4,18.65,0.25,10.0,0.4504,0.0134,0.5362,1454.0,1471.97,1450.95,1460.75,6.75,21.02,11.22,3.05,0.3211,0.5338,0.1451,1,1,1,0,0,0,0,0,0,0,0,0,0
1457.5,1483.65,1457.5,1481.38,7117888,23.88,26.15,2.27,0.0,0.9132,0.0868,0.0,1455.5,1479.0,1454.0,1465.1,9.6,25.0,13.9,1.5,0.384,0.556,0.06,1460.75,1461.0,1442.35,1452.35,8.4,18.65,0.25,10.0,0.4504,0.0134,0.5362,1,1,1,0,0,0,0,0,0,0,0,0,0
1483.35,1484.72,1466.53,1470.6,10006782,12.75,18.19,1.37,4.07,0.7009,0.0753,0.2237,1457.5,1483.65,1457.5,1481.38,23.88,26.15,2.27,0.0,0.9132,0.0868,0.0,1455.5,1479.0,1454.0,1465.1,9.6,25.0,13.9,1.5,0.384,0.556,0.06,1,1,1,0,0,0,0,0,0,0,0,0,0
1476.47,1477.0,1458.55,1460.57,9767498,15.9,18.45,0.53,2.02,0.8618,0.0287,0.1095,1483.35,1484.72,1466.53,1470.6,12.75,18.19,1.37,4.07,0.7009,0.0753,0.2237,1457.5,1483.65,1457.5,1481.38,23.88,26.15,2.27,0.0,0.9132,0.0868,0.0,1,1,1,0,0,0,0,0,0,0,0,0,1
1462.05,1479.5,1453.53,1474.0,6729828,11.95,25.97,5.5,8.52,0.4601,0.2118,0.3281,1476.47,1477.0,1458.55,1460.57,15.9,18.45,0.53,2.02,0.8618,0.0287,0.1095,1483.35,1484.72,1466.53,1470.6,12.75,18.19,1.37,4.07,0.7009,0.0753,0.2237,1,1,1,0,0,0,0,0,0,0,0,0,0
1475.03,1475.5,1461.8,1471.03,7117496,4.0,13.7,0.47,9.23,0.292,0.0343,0.6737,1462.05,1479.5,1453.53,1474.0,11.95,25.97,5.5,8.52,0.4601,0.2118,0.3281,1476.47,1477.0,1458.55,1460.57,15.9,18.45,0.53,2.02,0.8618,0.0287,0.1095,1,1,1,0,0,1,0,0,0,0,0,0,0
1474.0,1488.53,1457.55,1467.7,12720292,6.3,30.98,14.53,10.15,0.2034,0.469,0.3276,1475.03,1475.5,1461.8,1471.03,4.0,13.7,0.47,9.23,0.292,0.0343,0.6737,1462.05,1479.5,1453.53,1474.0,11.95,25.97,5.5,8.52,0.4601,0.2118,0.3281,1,1,1,0,0,0,0,0,0,0,0,0,1
1468.15,1484.95,1458.0,1481.75,18493728,13.6,26.95,3.2,10.15,0.5046,0.1187,0.3766,1474.0,1488.53,1457.55,1467.7,6.3,30.98,14.53,10.15,0.2034,0.469,0.3276,1475.03,1475.5,1461.8,1471.03,4.0,13.7,0.47,9.23,0.292,0.0343,0.6737,1,1,1,0,0,0,0,0,0,0,0,0,0
1489.5,1497.55,1483.35,1493.62,14438584,4.12,14.2,3.93,6.15,0.2901,0.2768,0.4331,1468.15,1484.95,1458.0,1481.75,13.6,26.95,3.2,10.15,0.5046,0.1187,0.3766,1474.0,1488.53,1457.55,1467.7,6.3,30.98,14.53,10.15,0.2034,0.469,0.3276,1,1,1,0,0,0,0,0,0,0,0,0,0
1493.55,1494.53,1482.5,1487.32,7513106,6.23,12.03,0.98,4.82,0.5179,0.0815,0.4007,1489.5,1497.55,1483.35,1493.62,4.12,14.2,3.93,6.15,0.2901,0.2768,0.4331,1468.15,1484.95,1458.0,1481.75,13.6,26.95,3.2,10.15,0.5046,0.1187,0.3766,1,1,1,0,0,0,0,0,0,0,0,0,1
1483.03,1499.95,1478.05,1485.65,10826044,2.62,21.9,14.3,4.98,0.1196,0.653,0.2274,1493.55,1494.53,1482.5,1487.32,6.23,12.03,0.98,4.82,0.5179,0.0815,0.4007,1489.5,1497.55,1483.35,1493.62,4.12,14.2,3.93,6.15,0.2901,0.2768,0.4331,1,1,1,0,0,0,0,0,0,0,0,0,0
1483.0,1491.28,1450.18,1455.62,8647950,27.38,41.1,8.28,5.44,0.6662,0.2015,0.1324,1483.03,1499.95,1478.05,1485.65,2.62,21.9,14.3,4.98,0.1196,0.653,0.2274,1493.55,1494.53,1482.5,1487.32,6.23,12.03,0.98,4.82,0.5179,0.0815,0.4007,1,1,1,0,0,0,0,0,0,0,0,0,0
1465.0,1478.97,1454.53,1460.8,23628976,4.2,24.44,13.97,6.27,0.1718,0.5716,0.2565,1483.0,1491.28,1450.18,1455.62,27.38,41.1,8.28,5.44,0.6662,0.2015,0.1324,1483.03,1499.95,1478.05,1485.65,2.62,21.9,14.3,4.98,0.1196,0.653,0.2274,1,1,1,0,0,0,0,0,0,0,0,0,0
1463.5,1500.0,1462.5,1492.12,12132926,28.62,37.5,7.88,1.0,0.7632,0.2101,0.0267,1465.0,1478.97,1454.53,1460.8,4.2,24.44,13.97,6.27,0.1718,0.5716,0.2565,1483.0,1491.28,1450.18,1455.62,27.38,41.1,8.28,5.44,0.6662,0.2015,0.1324,1,1,1,0,0,0,0,0,0,0,0,1,0
1490.47,1512.45,1487.22,1507.4,10024420,16.93,25.23,5.05,3.25,0.671,0.2002,0.1288,1463.5,1500.0,1462.5,1492.12,28.62,37.5,7.88,1.0,0.7632,0.2101,0.0267,1465.0,1478.97,1454.53,1460.8,4.2,24.44,13.97,6.27,0.1718,0.5716,0.2565,1,1,1,0,0,0,0,0,0,0,0,0,0
1505.78,1507.4,1486.05,1500.2,7107668,5.58,21.35,1.62,14.15,0.2614,0.0759,0.6628,1490.47,1512.45,1487.22,1507.4,16.93,25.23,5.05,3.25,0.671,0.2002,0.1288,1463.5,1500.0,1462.5,1492.12,28.62,37.5,7.88,1.0,0.7632,0.2101,0.0267,1,1,1,0,0,1,0,0,0,0,0,0,1
1493.45,1509.0,1478.5,1503.0,7805676,9.55,30.5,6.0,14.95,0.3131,0.1967,0.4902,1505.78,1507.4,1486.05,1500.2,5.58,21.35,1.62,14.15,0.2614,0.0759,0.6628,1490.47,1512.45,1487.22,1507.4,16.93,25.23,5.05,3.25,0.671,0.2002,0.1288,1,1,1,0,0,0,0,0,0,0,0,0,0
1502.97,1503.1,1475.55,1478.93,8315726,24.04,27.55,0.13,3.38,0.8726,0.0047,0.1227,1493.45,1509.0,1478.5,1503.0,9.55,30.5,6.0,14.95,0.3131,0.1967,0.4902,1505.78,1507.4,1486.05,1500.2,5.58,21.35,1.62,14.15,0.2614,0.0759,0.6628,1,1,1,0,0,0,0,0,0,0,0,0,0
1489.0,1489.0,1463.5,1466.6,11277130,22.4,25.5,0.0,3.1,0.8784,0.0,0.1216,1502.97,1503.1,1475.55,1478.93,24.04,27.55,0.13,3.38,0.8726,0.0047,0.1227,1493.45,1509.0,1478.5,1503.0,9.55,30.5,6.0,14.95,0.3131,0.1967,0.4902,1,1,1,0,0,0,0,0,0,0,0,0,0
1466.6,1488.0,1465.03,1475.43,9432678,8.83,22.97,12.57,1.57,0.3844,0.5472,0.0684,1489.0,1489.0,1463.5,1466.6,22.4,25.5,0.0,3.1,0.8784,0.0,0.1216,1502.97,1503.1,1475.55,1478.93,24.04,27.55,0.13,3.38,0.8726,0.0047,0.1227,1,1,1,0,0,0,0,0,0,0,0,1,0
1479.78,1483.1,1427.78,1432.18,13522134,47.6,55.32,3.32,4.4,0.8604,0.06,0.0795,1466.6,1488.0,1465.03,1475.43,8.83,22.97,12.57,1.57,0.3844,0.5472,0.0684,1489.0,1489.0,1463.5,1466.6,22.4,25.5,0.0,3.1,0.8784,0.0,0.1216,1,1,1,0,0,0,0,0,0,1,0,0,0
1439.7,1448.53,1425.5,1431.47,18571102,8.23,23.03,8.83,5.97,0.3574,0.3834,0.2592,1479.78,1483.1,1427.78,1432.18,47.6,55.32,3.32,4.4,0.8604,0.06,0.0795,1466.6,1488.0,1465.03,1475.43,8.83,22.97,12.57,1.57,0.3844,0.5472,0.0684,1,1,1,0,0,0,0,0,0,0,0,0,0
1425.95,1433.22,1412.9,1418.22,19223818,7.73,20.32,7.27,5.32,0.3804,0.3578,0.2618,1439.7,1448.53,1425.5,1431.47,8.23,23.03,8.83,5.97,0.3574,0.3834,0.2592,1479.78,1483.1,1427.78,1432.18,47.6,55.32,3.32,4.4,0.8604,0.06,0.0795,-1,-1,1,-1,0,0,0,0,0,0,0,0,0
1420.0,1441.72,1416.53,1439.47,9169392,19.47,25.19,2.25,3.47,0.7729,0.0893,0.1378,1425.95,1433.22,1412.9,1418.22,7.73,20.32,7.27,5.32,0.3804,0.3578,0.2618,1439.7,1448.53,1425.5,1431.47,8.23,23.03,8.83,5.97,0.3574,0.3834,0.2592,-1,-1,1,0,0,0,0,0,0,0,0,1,0
1428.75,1437.6,1417.25,1425.25,8275764,3.5,20.35,8.85,8.0,0.172,0.4349,0.3931,1420.0,1441.72,1416.53,1439.47,19.47,25.19,2.25,3.47,0.7729,0.0893,0.1378,1425.95,1433.22,1412.9,1418.22,7.73,20.32,7.27,5.32,0.3804,0.3578,0.2618,-1,-1,1,0,0,0,0,0,0,0,0,0,0
1427.95,1445.0,1424.03,1443.75,8488806,15.8,20.97,1.25,3.92,0.7535,0.0596,0.1869,1428.75,1437.6,1417.25,1425.25,3.5,20.35,8.85,8.0,0.172,0.4349,0.3931,1420.0,1441.72,1416.53,1439.47,19.47,25.19,2.25,3.47,0.7729,0.0893,0.1378,-1,-1,1,0,0,0,0,0,0,0,0,0,0
1452.53,1457.9,1444.68,1450.97,13006936,1.56,13.22,5.37,6.29,0.118,0.4062,0.4758,1427.95,1445.0,1424.03,1443.75,15.8,20.97,1.25,3.92,0.7535,0.0596,0.1869,1428.75,1437.6,1417.25,1425.25,3.5,20.35,8.85,8.0,0.172,0.4349,0.3931,-1,-1,1,0,0,0,0,0,0,0,0,0,0
1449.97,1460.0,1447.35,1455.03,19527608,5.06,12.65,4.97,2.62,0.4,0.3929,0.2071,1452.53,1457.9,1444.68,1450.97,1.56,13.22,5.37,6.29,0.118,0.4062,0.4758,1427.95,1445.0,1424.03,1443.75,15.8,20.97,1.25,3.92,0.7535,0.0596,0.1869,-1,-1,1,0,0,0,0,0,1,0,0,0,0
1445.0,1452.4,1439.0,1441.57,11415906,3.43,13.4,7.4,2.57,0.256,0.5522,0.1918,1449.97,1460.0,1447.35,1455.03,5.06,12.65,4.97,2.62,0.4,0.3929,0.2071,1452.53,1457.9,1444.68,1450.97,1.56,13.22,5.37,6.29,0.118,0.4062,0.4758,-1,-1,1,0,0,0,1,0,0,0,0,0,0
1448.0,1500.0,1447.0,1492.85,16326644,44.85,53.0,7.15,1.0,0.8462,0.1349,0.0189,1445.0,1452.4,1439.0,1441.57,3.43,13.4,7.4,2.57,0.256,0.5522,0.1918,1449.97,1460.0,1447.35,1455.03,5.06,12.65,4.97,2.62,0.4,0.3929,0.2071,-1,-1,1,0,0,0,0,0,0,0,0,0,0
1492.88,1505.95,1478.65,1485.85,21854364,7.03,27.3,13.07,7.2,0.2575,0.4788,0.2637,1448.0,1500.0,1447.0,1492.85,44.85,53.0,7.15,1.0,0.8462,0.1349,0.0189,1445.0,1452.4,1439.0,1441.57,3.43,13.4,7.4,2.57,0.256,0.5522,0.1918,-1,-1,1,0,0,0,0,0,0,0,0,0,0
1492.47,1493.97,1482.5,1484.78,5013880,7.69,11.47,1.5,2.28,0.6704,0.1308,0.1988,1492.88,1505.95,1478.65,1485.85,7.03,27.3,13.07,7.2,0.2575,0.4788,0.2637,1448.0,1500.0,1447.0,1492.85,44.85,53.0,7.15,1.0,0.8462,0.1349,0.0189,-1,-1,1,0,0,0,0,0,0,0,0,0,1
1484.0,1494.0,1475.0,1486.95,8910166,2.95,19.0,7.05,9.0,0.1553,0.3711,0.4737,1492.47,1493.97,1482.5,1484.78,7.69,11.47,1.5,2.28,0.6704,0.1308,0.1988,1492.88,1505.95,1478.65,1485.85,7.03,27.3,13.07,7.2,0.2575,0.4788,0.2637,-1,-1,1,0,0,0,0,0,0,0,0,0,0
1482.07,1484.45,1468.9,1471.6,7008292,10.47,15.55,2.38,2.7,0.6733,0.1531,0.1736,1484.0,1494.0,1475.0,1486.95,2.95,19.0,7.05,9.0,0.1553,0.3711,0.4737,1492.47,1493.97,1482.5,1484.78,7.69,11.47,1.5,2.28,0.6704,0.1308,0.1988,-1,-1,1,0,0,0,0,0,0,0,0,0,0
1479.75,1479.75,1450.0,1462.93,14490272,16.82,29.75,0.0,12.93,0.5654,0.0,0.4346,1482.07,1484.45,1468.9,1471.6,10.47,15.55,2.38,2.7,0.6733,0.1531,0.1736,1484.0,1494.0,1475.0,1486.95,2.95,19.0,7.05,9.0,0.1553,0.3711,0.4737,-1,-1,1,0,0,0,0,0,0,0,0,0,0
1460.88,1470.8,1456.0,1460.1,7442298,0.78,14.8,9.92,4.1,0.0527,0.6703,0.277,1479.75,1479.75,1450.0,1462.93,16.82,29.75,0.0,12.93,0.5654,0.0,0.4346,1482.07,1484.45,1468.9,1471.6,10.47,15.55,2.38,2.7,0.6733,0.1531,0.1736,-1,-1,1,0,0,0,0,1,0,0,0,0,0
1462.97,1490.97,1461.0,1485.97,8357118,23.0,29.97,5.0,1.97,0.7674,0.1668,0.0657,1460.88,1470.8,1456.0,1460.1,0.78,14.8,9.92,4.1,0.0527,0.6703,0.277,1479.75,1479.75,1450.0,1462.93,16.82,29.75,0.0,12.93,0.5654,0.0,0.4346,-1,-1,1,0,0,0,0,0,0,0,0,1,0
1489.0,1489.8,1462.5,1463.65,7071414,25.35,27.3,0.8,1.15,0.9286,0.0293,0.0421,1462.97,1490.97,1461.0,1485.97,23.0,29.97,5.0,1.97,0.7674,0.1668,0.0657,1460.88,1470.8,1456.0,1460.1,0.78,14.8,9.92,4.1,0.0527,0.6703,0.277,-1,-1,1,0,0,0,0,0,0,0,0,0,0
1466.35,1487.0,1466.35,1479.57,9138330,13.22,20.65,7.43,0.0,0.6402,0.3598,0.0,1489.0,1489.8,1462.5,1463.65,25.35,27.3,0.8,1.15,0.9286,0.0293,0.0421,1462.97,1490.97,1461.0,1485.97,23.0,29.97,5.0,1.97,0.7674,0.1668,0.0657,-1,-1,1,0,0,0,0,0,0,0,0,0,0
1475.88,1486.47,1463.07,1467.15,15551012,8.73,23.4,10.59,4.08,0.3731,0.4526,0.1744,1466.35,1487.0,1466.35,1479.57,13.22,20.65,7.43,0.0,0.6402,0.3598,0.0,1489.0,1489.8,1462.5,1463.65,25.35,27.3,0.8,1.15,0.9286,0.0293,0.0421,-1,-1,1,0,0,0,0,0,0,0,0,0,0
1461.0,1482.12,1446.32,1464.82,12902062,3.82,35.8,17.3,14.68,0.1067,0.4832,0.4101,1475.88,1486.47,1463.07,1467.15,8.73,23.4,10.59,4.08,0.3731,0.4526,0.1744,1466.35,1487.0,1466.35,1479.57,13.22,20.65,7.43,0.0,0.6402,0.3598,0.0,-1,-1,1,0,0,0,0,0,0,0,0,0,0
1453.35,1471.18,1450.93,1465.75,9366184,12.4,20.25,5.43,2.42,0.6123,0.2681,0.1195,1461.0,1482.12,1446.32,1464.82,3.82,35.8,17.3,14.68,0.1067,0.4832,0.4101,1475.88,1486.47,1463.07,1467.15,8.73,23.4,10.59,4.08,0.3731,0.4526,0.1744,-1,-1,1,0,0,0,0,0,0,0,0,1,0
1463.5,1486.0,1459.35,1464.32,19005692,0.82,26.65,21.68,4.15,0.0308,0.8135,0.1557,1453.35,1471.18,1450.93,1465.75,12.4,20.25,5.43,2.42,0.6123,0.2681,0.1195,1461.0,1482.12,1446.32,1464.82,3.82,35.8,17.3,14.68,0.1067,0.4832,0.4101,-1,-1,1,0,0,0,0,1,0,0,0,0,0
1456.78,1474.0,1443.03,1470.12,15741778,13.34,30.97,3.88,13.75,0.4307,0.1253,0.444,1463.5,1486.0,1459.35,1464.32,0.82,26.65,21.68,4.15,0.0308,0.8135,0.1557,1453.35,1471.18,1450.93,1465.75,12.4,20.25,5.43,2.42,0.6123,0.2681,0.1195,-1,-1,1,0,0,0,0,0,0,0,0,0,0
1472.45,1482.82,1467.8,1479.85,10350362,7.4,15.02,2.97,4.65,0.4927,0.1977,0.3096,1456.78,1474.0,1443.03,1470.12,13.34,30.97,3.88,13.75,0.4307,0.1253,0.444,1463.5,1486.0,1459.35,1464.32,0.82,26.65,21.68,4.15,0.0308,0.8135,0.1557,-1,-1,1,0,0,0,0,0,0,0,0,0,0
1479.0,1493.5,1455.55,1459.32,14605554,19.68,37.95,14.5,3.77,0.5186,0.3821,0.0993,1472.45,1482.82,1467.8,1479.85,7.4,15.02,2.97,4.65,0.4927,0.1977,0.3096,1456.78,1474.0,1443.03,1470.12,13.34,30.97,3.88,13.75,0.4307,0.1253,0.444,-1,-1,1,0,0,0,0,0,0,0,0,0,1
1463.5,1468.55,1449.5,1450.18,10462776,13.32,19.05,5.05,0.68,0.6992,0.2651,0.0357,1479.0,1493.5,1455.55,1459.32,19.68,37.95,14.5,3.77,0.5186,0.3821,0.0993,1472.45,1482.82,1467.8,1479.85,7.4,15.02,2.97,4.65,0.4927,0.1977,0.3096,-1,-1,1,0,0,0,0,0,0,0,0,0,0
1442.5,1467.97,1441.5,1459.97,15943926,17.47,26.47,8.0,1.0,0.66,0.3022,0.0378,1463.5,1468.55,1449.5,1450.18,13.32,19.05,5.05,0.68,0.6992,0.2651,0.0357,1479.0,1493.5,1455.55,1459.32,19.68,37.95,14.5,3.77,0.5186,0.3821,0.0993,-1,-1,1,0,0,0,0,0,0,0,0,1,0
1463.95,1465.0,1450.0,1452.55,9413848,11.4,15.0,1.05,2.55,0.76,0.07,0.17,1442.5,1467.97,1441.5,1459.97,17.47,26.47,8.0,1.0,0.66,0.3022,0.0378,1463.5,1468.55,1449.5,1450.18,13.32,19.05,5.05,0.68,0.6992,0.2651,0.0357,-1,-1,1,0,0,0,0,0,0,0,0,0,0
1450.0,1467.9,1450.0,1465.03,7247974,15.03,17.9,2.87,0.0,0.8397,0.1603,0.0,1463.95,1465.0,1450.0,1452.55,11.4,15.0,1.05,2.55,0.76,0.07,0.17,1442.5,1467.97,1441.5,1459.97,17.47,26.47,8.0,1.0,0.66,0.3022,0.0378,-1,-1,1,0,0,0,0,0,1,0,0,0,0
1468.0,1483.07,1462.88,1467.0,11474262,1.0,20.19,15.07,4.12,0.0495,0.7464,0.2041,1450.0,1467.9,1450.0,1465.03,15.03,17.9,2.87,0.0,0.8397,0.1603,0.0,1463.95,1465.0,1450.0,1452.55,11.4,15.0,1.05,2.55,0.76,0.07,0.17,-1,-1,1,0,0,0,0,1,0,0,0,0,0
1472.0,1477.32,1464.12,1466.55,14512646,5.45,13.2,5.32,2.43,0.4129,0.403,0.1841,1468.0,1483.07,1462.88,1467.0,1.0,20.19,15.07,4.12,0.0495,0.7464,0.2041,1450.0,1467.9,1450.0,1465.03,15.03,17.9,2.87,0.0,0.8397,0.1603,0.0,-1,-1,1,0,0,0,0,0,0,0,0,0,1
1471.0,1474.95,1416.15,1434.0,17226958,37.0,58.8,3.95,17.85,0.6293,0.0672,0.3036,1472.0,1477.32,1464.12,1466.55,5.45,13.2,5.32,2.43,0.4129,0.403,0.1841,1468.0,1483.07,1462.88,1467.0,1.0,20.19,15.07,4.12,0.0495,0.7464,0.2041,-1,-1,1,0,0,0,0,0,0,0,0,0,0
1435.5,1440.0,1418.0,1419.53,7394208,15.97,22.0,4.5,1.53,0.7259,0.2045,0.0695,1471.0,1474.95,1416.15,1434.0,37.0,58.8,3.95,17.85,0.6293,0.0672,0.3036,1472.0,1477.32,1464.12,1466.55,5.45,13.2,5.32,2.43,0.4129,0.403,0.1841,-1,-1,1,0,0,0,0,0,0,0,0,0,0
1415.97,1420.75,1392.0,1401.47,14517472,14.5,28.75,4.78,9.47,0.5043,0.1663,0.3294,1435.5,1440.0,1418.0,1419.53,15.97,22.0,4.5,1.53,0.7259,0.2045,0.0695,1471.0,1474.95,1416.15,1434.0,37.0,58.8,3.95,17.85,0.6293,0.0672,0.3036,-1,-1,1,0,0,0,0,0,0,0,0,0,0
1397.5,1432.95,1397.5,1418.55,9439002,21.05,35.45,14.4,0.0,0.5938,0.4062,0.0,1415.97,1420.75,1392.0,1401.47,14.5,28.75,4.78,9.47,0.5043,0.1663,0.3294,1435.5,1440.0,1418.0,1419.53,15.97,22.0,4.5,1.53,0.7259,0.2045,0.0695,-1,-1,1,0,0,0,0,0,1,0,0,1,0
1413.0,1423.75,1390.0,1394.12,11009612,18.88,33.75,10.75,4.12,0.5594,0.3185,0.1221,1397.5,1432.95,1397.5,1418.55,21.05,35.45,14.4,0.0,0.5938,0.4062,0.0,1415.97,1420.75,1392.0,1401.47,14.5,28.75,4.78,9.47,0.5043,0.1663,0.3294,-1,-1,1,0,0,0,0,0,0,0,0,0,0
1396.75,1410.0,1388.07,1407.43,10505096,10.68,21.93,2.57,8.68,0.487,0.1172,0.3958,1413.0,1423.75,1390.0,1394.12,18.88,33.75,10.75,4.12,0.5594,0.3185,0.1221,1397.5,1432.95,1397.5,1418.55,21.05,35.45,14.4,0.0,0.5938,0.4062,0.0,-1,-1,1,0,0,0,0,0,0,0,0,0,0
1399.9,1406.97,1384.0,1402.7,8456620,2.8,22.97,4.27,15.9,0.1219,0.1859,0.6922,1396.75,1410.0,1388.07,1407.43,10.68,21.93,2.57,8.68,0.487,0.1172,0.3958,1413.0,1423.75,1390.0,1394.12,18.88,33.75,10.75,4.12,0.5594,0.3185,0.1221,-1,-1,1,0,0,0,0,0,0,0,0,1,0
1400.97,1427.07,1400.03,1420.07,7188300,19.1,27.04,7.0,0.94,0.7064,0.2589,0.0348,1399.9,1406.97,1384.0,1402.7,2.8,22.97,4.27,15.9,0.1219,0.1859,0.6922,1396.75,1410.0,1388.07,1407.43,10.68,21.93,2.57,8.68,0.487,0.1172,0.3958,-1,-1,1,0,0,0,0,0,0,0,0,0,0
1420.5,1429.97,1413.03,1416.28,5046534,4.22,16.94,9.47,3.25,0.2491,0.559,0.1919,1400.97,1427.07,1400.03,1420.07,19.1,27.04,7.0,0.94,0.7064,0.2589,0.0348,1399.9,1406.97,1384.0,1402.7,2.8,22.97,4.27,15.9,0.1219,0.1859,0.6922,-1,-1,1,0,0,0,1,0,0,0,0,0,0
1418.55,1427.5,1398.03,1425.35,14711774,6.8,29.47,2.15,20.52,0.2307,0.073,0.6963,1420.5,1429.97,1413.03,1416.28,4.22,16.94,9.47,3.25,0.2491,0.559,0.1919,1400.97,1427.07,1400.03,1420.07,19.1,27.04,7.0,0.94,0.7064,0.2589,0.0348,-1,-1,1,0,0,1,0,0,0,0,0,0,0
1423.05,1437.2,1413.25,1435.7,10916476,12.65,23.95,1.5,9.8,0.5282,0.0626,0.4092,1418.55,1427.5,1398.03,1425.35,6.8,29.47,2.15,20.52,0.2307,0.073,0.6963,1420.5,1429.97,1413.03,1416.28,4.22,16.94,9.47,3.25,0.2491,0.559,0.1919,-1,-1,1,0,0,0,0,0,0,0,0,0,0
1425.6,1441.82,1425.6,1436.12,11176128,10.52,16.22,5.7,0.0,0.6486,0.3514,0.0,1423.05,1437.2,1413.25,1435.7,12.65,23.95,1.5,9.8,0.5282,0.0626,0.4092,1418.55,1427.5,1398.03,1425.35,6.8,29.47,2.15,20.52,0.2307,0.073,0.6963,-1,-1,1,0,0,0,0,0,0,0,0,0,0
1436.28,1468.78,1436.28,1460.65,10281604,24.37,32.5,8.13,0.0,0.7498,0.2502,0.0,1425.6,1441.82,1425.6,1436.12,10.52,16.22,5.7,0.0,0.6486,0.3514,0.0,1423.05,1437.2,1413.25,1435.7,12.65,23.95,1.5,9.8,0.5282,0.0626,0.4092,-1,-1,1,0,0,0,0,0,0,0,0,0,0
1458.55,1492.22,1455.0,1486.05,14608260,27.5,37.22,6.17,3.55,0.7389,0.1658,0.0954,1436.28,1468.78,1436.28,1460.65,24.37,32.5,8.13,0.0,0.7498,0.2502,0.0,1425.6,1441.82,1425.6,1436.12,10.52,16.22,5.7,0.0,0.6486,0.3514,0.0,-1,-1,1,0,0,0,0,0,0,0,0,0,0
1483.62,1488.5,1476.1,1480.25,7094776,3.37,12.4,4.88,4.15,0.2718,0.3935,0.3347,1458.55,1492.22,1455.0,1486.05,27.5,37.22,6.17,3.55,0.7389,0.1658,0.0954,1436.28,1468.78,1436.28,1460.65,24.37,32.5,8.13,0.0,0.7498,0.2502,0.0,-1,-1,1,0,0,0,0,0,0,0,0,0,0
1480.22,1484.9,1461.55,1466.25,6629010,13.97,23.35,4.68,4.7,0.5983,0.2004,0.2013,1483.62,1488.5,1476.1,1480.25,3.37,12.4,4.88,4.15,0.2718,0.3935,0.3347,1458.55,1492.22,1455.0,1486.05,27.5,37.22,6.17,3.55,0.7389,0.1658,0.0954,-1,-1,1,0,0,0,0,0,0,0,0,0,1
1468.0,1478.5,1452.75,1456.2,7820162,11.8,25.75,10.5,3.45,0.4583,0.4078,0.134,1480.22,1484.9,1461.55,1466.25,13.97,23.35,4.68,4.7,0.5983,0.2004,0.2013,1483.62,1488.5,1476.1,1480.25,3.37,12.4,4.88,4.15,0.2718,0.3935,0.3347,-1,-1,1,0,0,0,0,0,0,0,0,0,0
1446.5,1458.0,1438.45,1440.78,7383556,5.72,19.55,11.5,2.33,0.2926,0.5882,0.1192,1468.0,1478.5,1452.75,1456.2,11.8,25.75,10.5,3.45,0.4583,0.4078,0.134,1480.22,1484.9,1461.55,1466.25,13.97,23.35,4.68,4.7,0.5983,0.2004,0.2013,-1,-1,1,0,0,0,1,0,0,0,1,0,0
1435.5,1440.4,1420.1,1424.85,13206858,10.65,20.3,4.9,4.75,0.5246,0.2414,0.234,1446.5,1458.0,1438.45,1440.78,5.72,19.55,11.5,2.33,0.2926,0.5882,0.1192,1468.0,1478.5,1452.75,1456.2,11.8,25.75,10.5,3.45,0.4583,0.4078,0.134,-1,-1,1,0,0,0,0,0,0,0,0,0,0
1431.3,1442.25,1422.25,1430.4,31069832,0.9,20.0,10.95,8.15,0.045,0.5475,0.4075,1435.5,1440.4,1420.1,1424.85,10.65,20.3,4.9,4.75,0.5246,0.2414,0.234,1446.5,1458.0,1438.45,1440.78,5.72,19.55,11.5,2.33,0.2926,0.5882,0.1192,-1,-1,1,0,0,0,0,1,0,0,0,0,0
1483.0,1514.5,1459.0,1510.32,21527942,27.32,55.5,4.18,24.0,0.4923,0.0753,0.4324,1431.3,1442.25,1422.25,1430.4,0.9,20.0,10.95,8.15,0.045,0.5475,0.4075,1435.5,1440.4,1420.1,1424.85,10.65,20.3,4.9,4.75,0.5246,0.2414,0.234,1,1,1,1,1,0,0,0,0,0,0,1,0
1498.05,1498.05,1359.3,1397.28,36709098,100.77,138.75,0.0,37.98,0.7263,0.0,0.2737,1483.0,1514.5,1459.0,1510.32,27.32,55.5,4.18,24.0,0.4923,0.0753,0.4324,1431.3,1442.25,1422.25,1430.4,0.9,20.0,10.95,8.15,0.045,0.5475,0.4075,-1,-1,1,-1,0,0,0,0,0,0,0,0,0
1422.0,1431.15,1384.1,1420.75,17464890,1.25,47.05,9.15,36.65,0.0266,0.1945,0.779,1498.05,1498.05,1359.3,1397.28,100.77,138.75,0.0,37.98,0.7263,0.0,0.2737,1483.0,1514.5,1459.0,1510.32,27.32,55.5,4.18,24.0,0.4923,0.0753,0.4324,-1,-1,1,0,0,0,0,1,0,0,0,0,0
1435.0,1443.7,1421.35,1431.6,17855722,3.4,22.35,8.7,10.25,0.1521,0.3893,0.4586,1422.0,1431.15,1384.1,1420.75,1.25,47.05,9.15,36.65,0.0266,0.1945,0.779,1498.05,1498.05,1359.3,1397.28,100.77,138.75,0.0,37.98,0.7263,0.0,0.2737,-1,-1,1,0,0,0,0,0,0,0,0,0,0
1428.5,1472.0,1426.5,1469.95,18558696,41.45,45.5,2.05,2.0,0.911,0.0451,0.044,1435.0,1443.7,1421.35,1431.6,3.4,22.35,8.7,10.25,0.1521,0.3893,0.4586,1422.0,1431.15,1384.1,1420.75,1.25,47.05,9.15,36.65,0.0266,0.1945,0.779,-1,-1,1,0,0,0,0,0,1,0,0,0,0
1469.95,1493.35,1468.07,1471.4,9251760,1.45,25.28,21.95,1.88,0.0574,0.8683,0.0744,1428.5,1472.0,1426.5,1469.95,41.45,45.5,2.05,2.0,0.911,0.0451,0.044,1435.0,1443.7,1421.35,1431.6,3.4,22.35,8.7,10.25,0.1521,0.3893,0.4586,-1,-1,1,0,0,0,0,1,0,0,0,0,0
1469.0,1473.68,1454.68,1456.68,11774902,12.32,19.0,4.68,2.0,0.6484,0.2463,0.1053,1469.95,1493.35,1468.07,1471.4,1.45,25.28,21.95,1.88,0.0574,0.8683,0.0744,1428.5,1472.0,1426.5,1469.95,41.45,45.5,2.05,2.0,0.911,0.0451,0.044,-1,-1,1,0,0,0,0,0,0,0,0,0,1
1457.5,1476.0,1455.18,1463.32,10081742,5.82,20.82,12.68,2.32,0.2795,0.609,0.1114,1469.0,1473.68,1454.68,1456.68,12.32,19.0,4.68,2.0,0.6484,0.2463,0.1053,1469.95,1493.35,1468.07,1471.4,1.45,25.28,21.95,1.88,0.0574,0.8683,0.0744,-1,-1,1,0,0,0,1,0,0,0,1,0,0
1472.0,1472.25,1460.1,1465.25,9181160,6.75,12.15,0.25,5.15,0.5556,0.0206,0.4239,1457.5,1476.0,1455.18,1463.32,5.82,20.82,12.68,2.32,0.2795,0.609,0.1114,1469.0,1473.68,1454.68,1456.68,12.32,19.0,4.68,2.0,0.6484,0.2463,0.1053,-1,-1,1,0,0,0,0,0,0,0,0,0,0
1470.0,1479.68,1457.22,1477.55,8157998,7.55,22.46,2.13,12.78,0.3362,0.0948,0.569,1472.0,1472.25,1460.1,1465.25,6.75,12.15,0.25,5.15,0.5556,0.0206,0.4239,1457.5,1476.0,1455.18,1463.32,5.82,20.82,12.68,2.32,0.2795,0.609,0.1114,-1,-1,1,0,0,0,0,0,0,0,0,0,0
1487.35,1487.4,1471.35,1481.03,7196766,6.32,16.05,0.05,9.68,0.3938,0.0031,0.6031,1470.0,1479.68,1457.22,1477.55,7.55,22.46,2.13,12.78,0.3362,0.0948,0.569,1472.0,1472.25,1460.1,1465.25,6.75,12.15,0.25,5.15,0.5556,0.0206,0.4239,-1,-1,1,0,0,0,0,0,0,0,0,0,0
1487.5,1487.5,1456.0,1458.65,8725874,28.85,31.5,0.0,2.65,0.9159,0.0,0.0841,1487.35,1487.4,1471.35,1481.03,6.32,16.05,0.05,9.68,0.3938,0.0031,0.6031,1470.0,1479.68,1457.22,1477.55,7.55,22.46,2.13,12.78,0.3362,0.0948,0.569,-1,-1,1,0,0,0,0,0,0,0,0,0,1
1459.0,1482.85,1450.1,1473.7,16113776,14.7,32.75,9.15,8.9,0.4489,0.2794,0.2718,1487.5,1487.5,1456.0,1458.65,28.85,31.5,0.0,2.65,0.9159,0.0,0.0841,1487.35,1487.4,1471.35,1481.03,6.32,16.05,0.05,9.68,0.3938,0.0031,0.6031,-1,-1,1,0,0,0,0,0,0,0,0,0,0
1473.62,1474.7,1440.57,1454.2,31170360,19.42,34.13,1.08,13.63,0.569,0.0316,0.3994,1459.0,1482.85,1450.1,1473.7,14.7,32.75,9.15,8.9,0.4489,0.2794,0.2718,1487.5,1487.5,1456.0,1458.65,28.85,31.5,0.0,2.65,0.9159,0.0,0.0841,-1,-1,1,0,0,0,0,0,0,0,0,0,0
1445.53,1449.5,1437.5,1441.47,8878386,4.06,12.0,3.97,3.97,0.3383,0.3308,0.3308,1473.62,1474.7,1440.57,1454.2,19.42,34.13,1.08,13.63,0.569,0.0316,0.3994,1459.0,1482.85,1450.1,1473.7,14.7,32.75,9.15,8.9,0.4489,0.2794,0.2718,1,1,1,1,0,0,0,0,0,0,0,0,0
1443.0,1455.93,1441.0,1454.15,7045386,11.15,14.93,1.78,2.0,0.7468,0.1192,0.134,1445.53,1449.5,1437.5,1441.47,4.06,12.0,3.97,3.97,0.3383,0.3308,0.3308,1473.62,1474.7,1440.57,1454.2,19.42,34.13,1.08,13.63,0.569,0.0316,0.3994,1,1,1,0,0,0,0,0,0,0,0,1,0
1446.05,1518.97,1445.12,1514.03,22014882,67.98,73.85,4.94,0.93,0.9205,0.0669,0.0126,1443.0,1455.93,1441.0,1454.15,11.15,14.93,1.78,2.0,0.7468,0.1192,0.134,1445.53,1449.5,1437.5,1441.47,4.06,12.0,3.97,3.97,0.3383,0.3308,0.3308,1,1,1,0,0,0,0,0,0,0,0,0,0
1513.75,1537.5,1506.0,1530.55,28383030,16.8,31.5,6.95,7.75,0.5333,0.2206,0.246,1446.05,1518.97,1445.12,1514.03,67.98,73.85,4.94,0.93,0.9205,0.0669,0.0126,1443.0,1455.93,1441.0,1454.15,11.15,14.93,1.78,2.0,0.7468,0.1192,0.134,1,1,1,0,0,0,0,0,0,0,0,0,0
1531.03,1581.0,1531.03,1565.4,28957336,34.37,49.97,15.6,0.0,0.6878,0.3122,0.0,1513.75,1537.5,1506.0,1530.55,16.8,31.5,6.95,7.75,0.5333,0.2206,0.246,1446.05,1518.97,1445.12,1514.03,67.98,73.85,4.94,0.93,0.9205,0.0669,0.0126,1,1,1,0,0,0,0,0,0,0,0,0,0
1562.53,1579.4,1555.68,1560.15,7724306,2.38,23.72,16.87,4.47,0.1003,0.7112,0.1884,1531.03,1581.0,1531.03,1565.4,34.37,49.97,15.6,0.0,0.6878,0.3122,0.0,1513.75,1537.5,1506.0,1530.55,16.8,31.5,6.95,7.75,0.5333,0.2206,0.246,1,1,1,0,0,0,0,0,0,0,0,0,0
1569.5,1573.5,1557.0,1565.18,7749246,4.32,16.5,4.0,8.18,0.2618,0.2424,0.4958,1562.53,1579.4,1555.68,1560.15,2.38,23.72,16.87,4.47,0.1003,0.7112,0.1884,1531.03,1581.0,1531.03,1565.4,34.37,49.97,15.6,0.0,0.6878,0.3122,0.0,1,1,1,0,0,0,0,0,0,0,0,0,1
1566.32,1575.0,1542.78,1552.43,9049620,13.89,32.22,8.68,9.65,0.4311,0.2694,0.2995,1569.5,1573.5,1557.0,1565.18,4.32,16.5,4.0,8.18,0.2618,0.2424,0.4958,1562.53,1579.4,1555.68,1560.15,2.38,23.72,16.87,4.47,0.1003,0.7112,0.1884,1,1,1,0,0,0,0,0,0,0,0,0,0
1557.0,1567.5,1550.8,1554.03,6837176,2.97,16.7,10.5,3.23,0.1778,0.6287,0.1934,1566.32,1575.0,1542.78,1552.43,13.89,32.22,8.68,9.65,0.4311,0.2694,0.2995,1569.5,1573.5,1557.0,1565.18,4.32,16.5,4.0,8.18,0.2618,0.2424,0.4958,1,1,1,0,0,0,0,0,0,0,0,0,0
1553.82,1598.5,1548.0,1588.62,12269710,34.8,50.5,9.88,5.82,0.6891,0.1956,0.1152,1557.0,1567.5,1550.8,1554.03,2.97,16.7,10.5,3.23,0.1778,0.6287,0.1934,1566.32,1575.0,1542.78,1552.43,13.89,32.22,8.68,9.65,0.4311,0.2694,0.2995,1,1,1,0,0,0,0,0,1,0,0,1,0
1589.0,1608.8,1582.53,1600.9,9500806,11.9,26.27,7.9,6.47,0.453,0.3007,0.2463,1553.82,1598.5,1548.0,1588.62,34.8,50.5,9.88,5.82,0.6891,0.1956,0.1152,1557.0,1567.5,1550.8,1554.03,2.97,16.7,10.5,3.23,0.1778,0.6287,0.1934,1,1,1,0,0,0,0,0,0,0,0,0,0
1597.6,1600.5,1580.5,1590.28,6960002,7.32,20.0,2.9,9.78,0.366,0.145,0.489,1589.0,1608.8,1582.53,1600.9,11.9,26.27,7.9,6.47,0.453,0.3007,0.2463,1553.82,1598.5,1548.0,1588.62,34.8,50.5,9.88,5.82,0.6891,0.1956,0.1152,1,1,1,0,0,0,0,0,0,0,0,0,1
1595.0,1597.5,1563.15,1584.22,7134578,10.78,34.35,2.5,21.07,0.3138,0.0728,0.6134,1597.6,1600.5,1580.5,1590.28,7.32,20.0,2.9,9.78,0.366,0.145,0.489,1589.0,1608.8,1582.53,1600.9,11.9,26.27,7.9,6.47,0.453,0.3007,0.2463,1,1,1,0,0,0,0,0,0,0,0,0,1
1587.5,1604.25,1570.5,1580.65,11940946,6.85,33.75,16.75,10.15,0.203,0.4963,0.3007,1595.0,1597.5,1563.15,1584.22,10.78,34.35,2.5,21.07,0.3138,0.0728,0.6134,1597.6,1600.5,1580.5,1590.28,7.32,20.0,2.9,9.78,0.366,0.145,0.489,1,1,1,0,0,0,0,0,0,0,0,0,0
1584.5,1605.15,1574.5,1596.72,12924784,12.22,30.65,8.43,10.0,0.3987,0.275,0.3263,1587.5,1604.25,1570.5,1580.65,6.85,33.75,16.75,10.15,0.203,0.4963,0.3007,1595.0,1597.5,1563.15,1584.22,10.78,34.35,2.5,21.07,0.3138,0.0728,0.6134,1,1,1,0,0,0,0,0,0,0,0,1,0
1604.45,1605.85,1585.5,1597.22,5329688,7.23,20.35,1.4,11.72,0.3553,0.0688,0.5759,1584.5,1605.15,1574.5,1596.72,12.22,30.65,8.43,10.0,0.3987,0.275,0.3263,1587.5,1604.25,1570.5,1580.65,6.85,33.75,16.75,10.15,0.203,0.4963,0.3007,1,1,1,0,0,0,0,0,0,0,0,0,0
1593.5,1600.0,1569.12,1576.25,9386838,17.25,30.88,6.5,7.13,0.5586,0.2105,0.2309,1604.45,1605.85,1585.5,1597.22,7.23,20.35,1.4,11.72,0.3553,0.0688,0.5759,1584.5,1605.15,1574.5,1596.72,12.22,30.65,8.43,10.0,0.3987,0.275,0.3263,1,1,1,0,0,0,0,0,0,0,0,0,1
1576.0,1593.9,1557.82,1586.68,12298374,10.68,36.08,7.22,18.18,0.296,0.2001,0.5039,1593.5,1600.0,1569.12,1576.25,17.25,30.88,6.5,7.13,0.5586,0.2105,0.2309,1604.45,1605.85,1585.5,1597.22,7.23,20.35,1.4,11.72,0.3553,0.0688,0.5759,1,1,1,0,0,0,0,0,0,0,0,0,0
1586.0,1589.97,1552.8,1555.15,13140390,30.85,37.17,3.97,2.35,0.83,0.1068,0.0632,1576.0,1593.9,1557.82,1586.68,10.68,36.08,7.22,18.18,0.296,0.2001,0.5039,1593.5,1600.0,1569.12,1576.25,17.25,30.88,6.5,7.13,0.5586,0.2105,0.2309,1,1,1,0,0,0,0,0,0,0,0,0,0
1537.25,1537.5,1499.28,1500.68,19674376,36.57,38.22,0.25,1.4,0.9568,0.0065,0.0366,1586.0,1589.97,1552.8,1555.15,30.85,37.17,3.97,2.35,0.83,0.1068,0.0632,1576.0,1593.9,1557.82,1586.68,10.68,36.08,7.22,18.18,0.296,0.2001,0.5039,1,1,1,0,0,0,0,0,0,0,0,0,0
1501.0,1505.75,1463.0,1487.9,18052044,13.1,42.75,4.75,24.9,0.3064,0.1111,0.5825,1537.25,1537.5,1499.28,1500.68,36.57,38.22,0.25,1.4,0.9568,0.0065,0.0366,1586.0,1589.97,1552.8,1555.15,30.85,37.17,3.97,2.35,0.83,0.1068,0.0632,1,1,1,0,0,0,0,0,0,0,0,0,0
1485.0,1509.5,1476.4,1495.7,11913362,10.7,33.1,13.8,8.6,0.3233,0.4169,0.2598,1501.0,1505.75,1463.0,1487.9,13.1,42.75,4.75,24.9,0.3064,0.1111,0.5825,1537.25,1537.5,1499.28,1500.68,36.57,38.22,0.25,1.4,0.9568,0.0065,0.0366,1,1,1,0,0,0,0,0,0,0,0,1,0
1481.0,1500.47,1477.07,1492.4,12519876,11.4,23.4,8.07,3.93,0.4872,0.3449,0.1679,1485.0,1509.5,1476.4,1495.7,10.7,33.1,13.8,8.6,0.3233,0.4169,0.2598,1501.0,1505.75,1463.0,1487.9,13.1,42.75,4.75,24.9,0.3064,0.1111,0.5825,1,1,1,0,0,0,0,0,0,0,0,1,0
1492.4,1512.43,1490.35,1509.03,9859940,16.63,22.08,3.4,2.05,0.7532,0.154,0.0928,1481.0,1500.47,1477.07,1492.4,11.4,23.4,8.07,3.93,0.4872,0.3449,0.1679,1485.0,1509.5,1476.4,1495.7,10.7,33.1,13.8,8.6,0.3233,0.4169,0.2598,1,1,1,0,0,0,0,0,0,0,0,0,0
1511.95,1527.5,1511.78,1520.1,7538550,8.15,15.72,7.4,0.17,0.5184,0.4707,0.0108,1492.4,1512.43,1490.35,1509.03,16.63,22.08,3.4,2.05,0.7532,0.154,0.0928,1481.0,1500.47,1477.07,1492.4,11.4,23.4,8.07,3.93,0.4872,0.3449,0.1679,1,1,1,0,0,0,0,0,0,0,0,0,0
1517.03,1525.0,1510.0,1513.15,8228208,3.88,15.0,7.97,3.15,0.2587,0.5313,0.21,1511.95,1527.5,1511.78,1520.1,8.15,15.72,7.4,0.17,0.5184,0.4707,0.0108,1492.4,1512.43,1490.35,1509.03,16.63,22.08,3.4,2.05,0.7532,0.154,0.0928,1,1,1,0,0,0,1,0,0,0,0,0,1
1504.0,1510.45,1501.15,1505.43,10057346,1.43,9.3,5.02,2.85,0.1538,0.5398,0.3065,1517.03,1525.0,1510.0,1513.15,3.88,15.0,7.97,3.15,0.2587,0.5313,0.21,1511.95,1527.5,1511.78,1520.1,8.15,15.72,7.4,0.17,0.5184,0.4707,0.0108,1,1,1,0,0,0,0,0,0,0,0,0,0
1512.0,1518.0,1504.3,1515.3,10764222,3.3,13.7,2.7,7.7,0.2409,0.1971,0.562,1504.0,1510.45,1501.15,1505.43,1.43,9.3,5.02,2.85,0.1538,0.5398,0.3065,1517.03,1525.0,1510.0,1513.15,3.88,15.0,7.97,3.15,0.2587,0.5313,0.21,1,1,1,0,0,1,0,0,0,0,0,1,0
1505.0,1509.32,1493.28,1499.32,10268248,5.68,16.04,4.32,6.04,0.3541,0.2693,0.3766,1512.0,1518.0,1504.3,1515.3,3.3,13.7,2.7,7.7,0.2409,0.1971,0.562,1504.0,1510.45,1501.15,1505.43,1.43,9.3,5.02,2.85,0.1538,0.5398,0.3065,1,1,1,0,0,0,0,0,0,0,0,0,0
1480.0,1483.9,1433.25,1447.32,17046704,32.68,50.65,3.9,14.07,0.6452,0.077,0.2778,1505.0,1509.32,1493.28,1499.32,5.68,16.04,4.32,6.04,0.3541,0.2693,0.3766,1512.0,1518.0,1504.3,1515.3,3.3,13.7,2.7,7.7,0.2409,0.1971,0.562,-1,-1,1,-1,0,0,0,0,0,0,0,0,0
1455.15,1477.5,1451.32,1456.05,10236186,0.9,26.18,21.45,3.83,0.0344,0.8193,0.1463,1480.0,1483.9,1433.25,1447.32,32.68,50.65,3.9,14.07,0.6452,0.077,0.2778,1505.0,1509.32,1493.28,1499.32,5.68,16.04,4.32,6.04,0.3541,0.2693,0.3766,-1,-1,1,0,0,0,0,1,0,0,0,0,0
1469.0,1472.5,1461.5,1464.82,8174568,4.18,11.0,3.5,3.32,0.38,0.3182,0.3018,1455.15,1477.5,1451.32,1456.05,0.9,26.18,21.45,3.83,0.0344,0.8193,0.1463,1480.0,1483.9,1433.25,1447.32,32.68,50.65,3.9,14.07,0.6452,0.077,0.2778,-1,-1,1,0,0,0,0,0,0,0,0,0,0
1457.53,1465.0,1445.93,1449.12,12387192,8.41,19.07,7.47,3.19,0.441,0.3917,0.1673,1469.0,1472.5,1461.5,1464.82,4.18,11.0,3.5,3.32,0.38,0.3182,0.3018,1455.15,1477.5,1451.32,1456.05,0.9,26.18,21.45,3.83,0.0344,0.8193,0.1463,-1,-1,1,0,0,0,0,0,0,0,0,0,0
1460.0,1476.5,1456.0,1474.3,6249776,14.3,20.5,2.2,4.0,0.6976,0.1073,0.1951,1457.53,1465.0,1445.93,1449.12,8.41,19.07,7.47,3.19,0.441,0.3917,0.1673,1469.0,1472.5,1461.5,1464.82,4.18,11.0,3.5,3.32,0.38,0.3182,0.3018,-1,-1,1,0,0,0,0,0,0,0,0,0,0
1470.0,1473.0,1457.75,1460.62,8184584,9.38,15.25,3.0,2.87,0.6151,0.1967,0.1882,1460.0,1476.5,1456.0,1474.3,14.3,20.5,2.2,4.0,0.6976,0.1073,0.1951,1457.53,1465.0,1445.93,1449.12,8.41,19.07,7.47,3.19,0.441,0.3917,0.1673,-1,-1,1,0,0,0,0,0,0,0,0,0,0
1460.75,1470.07,1458.0,1463.62,6265064,2.87,12.07,6.45,2.75,0.2378,0.5344,0.2278,1470.0,1473.0,1457.75,1460.62,9.38,15.25,3.0,2.87,0.6151,0.1967,0.1882,1460.0,1476.5,1456.0,1474.3,14.3,20.5,2.2,4.0,0.6976,0.1073,0.1951,-1,-1,1,0,0,0,1,0,0,0,0,0,0
1463.55,1472.0,1453.7,1461.85,6267466,1.7,18.3,8.45,8.15,0.0929,0.4617,0.4454,1460.75,1470.07,1458.0,1463.62,2.87,12.07,6.45,2.75,0.2378,0.5344,0.2278,1470.0,1473.0,1457.75,1460.62,9.38,15.25,3.0,2.87,0.6151,0.1967,0.1882,-1,-1,1,0,0,0,0,1,0,0,0,0,0
1468.65,1480.4,1458.05,1478.2,9416902,9.55,22.35,2.2,10.6,0.4273,0.0984,0.4743,1463.55,1472.0,1453.7,1461.85,1.7,18.3,8.45,8.15,0.0929,0.4617,0.4454,1460.75,1470.07,1458.0,1463.62,2.87,12.07,6.45,2.75,0.2378,0.5344,0.2278,-1,-1,1,0,0,0,0,0,0,0,0,0,0
1482.5,1498.3,1480.5,1488.4,13797742,5.9,17.8,9.9,2.0,0.3315,0.5562,0.1124,1468.65,1480.4,1458.05,1478.2,9.55,22.35,2.2,10.6,0.4273,0.0984,0.4743,1463.55,1472.0,1453.7,1461.85,1.7,18.3,8.45,8.15,0.0929,0.4617,0.4454,-1,-1,1,0,0,0,0,0,0,0,0,0,0
1497.22,1503.93,1490.03,1495.95,8411808,1.27,13.9,6.71,5.92,0.0914,0.4827,0.4259,1482.5,1498.3,1480.5,1488.4,5.9,17.8,9.9,2.0,0.3315,0.5562,0.1124,1468.65,1480.4,1458.05,1478.2,9.55,22.35,2.2,10.6,0.4273,0.0984,0.4743,-1,-1,1,0,0,0,0,1,0,0,0,0,1
1493.25,1507.88,1490.0,1498.68,7769996,5.43,17.88,9.2,3.25,0.3037,0.5145,0.1818,1497.22,1503.93,1490.03,1495.95,1.27,13.9,6.71,5.92,0.0914,0.4827,0.4259,1482.5,1498.3,1480.5,1488.4,5.9,17.8,9.9,2.0,0.3315,0.5562,0.1124,-1,-1,1,0,0,0,0,0,1,0,0,0,0
1503.0,1506.5,1490.65,1498.12,10445782,4.88,15.85,3.5,7.47,0.3079,0.2208,0.4713,1493.25,1507.88,1490.0,1498.68,5.43,17.88,9.2,3.25,0.3037,0.5145,0.1818,1497.22,1503.93,1490.03,1495.95,1.27,13.9,6.71,5.92,0.0914,0.4827,0.4259,-1,-1,1,0,0,0,0,0,0,0,0,0,0
1503.75,1511.32,1498.43,1499.97,9249654,3.78,12.89,7.57,1.54,0.2933,0.5873,0.1195,1503.0,1506.5,1490.65,1498.12,4.88,15.85,3.5,7.47,0.3079,0.2208,0.4713,1493.25,1507.88,1490.0,1498.68,5.43,17.88,9.2,3.25,0.3037,0.5145,0.1818,-1,-1,1,0,0,0,1,0,0,0,1,0,1
1506.97,1523.0,1503.0,1512.6,8816114,5.63,20.0,10.4,3.97,0.2815,0.52,0.1985,1503.75,1511.32,1498.43,1499.97,3.78,12.89,7.57,1.54,0.2933,0.5873,0.1195,1503.0,1506.5,1490.65,1498.12,4.88,15.85,3.5,7.47,0.3079,0.2208,0.4713,-1,-1,1,0,0,0,0,0,0,0,0,1,0
1510.5,1513.47,1499.45,1500.45,6251156,10.05,14.02,2.97,1.0,0.7168,0.2118,0.0713,1506.97,1523.0,1503.0,1512.6,5.63,20.0,10.4,3.97,0.2815,0.52,0.1985,1503.75,1511.32,1498.43,1499.97,3.78,12.89,7.57,1.54,0.2933,0.5873,0.1195,-1,-1,1,0,0,0,0,0,0,0,0,0,0
1505.0,1507.47,1493.0,1498.3,9610286,6.7,14.47,2.47,5.3,0.463,0.1707,0.3663,1510.5,1513.47,1499.45,1500.45,10.05,14.02,2.97,1.0,0.7168,0.2118,0.0713,1506.97,1523.0,1503.0,1512.6,5.63,20.0,10.4,3.97,0.2815,0.52,0.1985,-1,-1,1,0,0,0,0,0,0,0,0,0,0
1503.1,1537.0,1494.0,1520.93,38335358,17.83,43.0,16.07,9.1,0.4147,0.3737,0.2116,1505.0,1507.47,1493.0,1498.3,6.7,14.47,2.47,5.3,0.463,0.1707,0.3663,1510.5,1513.47,1499.45,1500.45,10.05,14.02,2.97,1.0,0.7168,0.2118,0.0713,-1,-1,1,0,0,0,0,0,0,0,0,1,0
1534.0,1539.72,1503.32,1509.62,41620730,24.38,36.4,5.72,6.3,0.6698,0.1571,0.1731,1503.1,1537.0,1494.0,1520.93,17.83,43.0,16.07,9.1,0.4147,0.3737,0.2116,1505.0,1507.47,1493.0,1498.3,6.7,14.47,2.47,5.3,0.463,0.1707,0.3663,-1,-1,1,0,0,0,0,0,0,0,0,0,0
1510.88,1526.8,1506.62,1516.25,11240852,5.37,20.18,10.55,4.26,0.2661,0.5228,0.2111,1534.0,1539.72,1503.32,1509.62,24.38,36.4,5.72,6.3,0.6698,0.1571,0.1731,1503.1,1537.0,1494.0,1520.93,17.83,43.0,16.07,9.1,0.4147,0.3737,0.2116,-1,-1,1,0,0,0,0,0,0,0,0,0,0
1521.25,1523.0,1507.5,1509.12,10923800,12.13,15.5,1.75,1.62,0.7826,0.1129,0.1045,1510.88,1526.8,1506.62,1516.25,5.37,20.18,10.55,4.26,0.2661,0.5228,0.2111,1534.0,1539.72,1503.32,1509.62,24.38,36.4,5.72,6.3,0.6698,0.1571,0.1731,-1,-1,1,0,0,0,0,0,0,1,0,0,0
1500.7,1517.5,1499.5,1514.55,11983304,13.85,18.0,2.95,1.2,0.7694,0.1639,0.0667,1521.25,1523.0,1507.5,1509.12,12.13,15.5,1.75,1.62,0.7826,0.1129,0.1045,1510.88,1526.8,1506.62,1516.25,5.37,20.18,10.55,4.26,0.2661,0.5228,0.2111,-1,-1,1,0,0,0,0,0,0,0,0,0,0
1519.05,1525.78,1487.05,1492.97,16264168,26.08,38.73,6.73,5.92,0.6734,0.1738,0.1529,1500.7,1517.5,1499.5,1514.55,13.85,18.0,2.95,1.2,0.7694,0.1639,0.0667,1521.25,1523.0,1507.5,1509.12,12.13,15.5,1.75,1.62,0.7826,0.1129,0.1045,-1,-1,1,0,0,0,0,0,0,1,0,0,0
1492.5,1497.0,1461.62,1464.82,19394228,27.68,35.38,4.5,3.2,0.7824,0.1272,0.0904,1519.05,1525.78,1487.05,1492.97,26.08,38.73,6.73,5.92,0.6734,0.1738,0.1529,1500.7,1517.5,1499.5,1514.55,13.85,18.0,2.95,1.2,0.7694,0.1639,0.0667,-1,-1,1,0,0,0,0,0,0,0,0,0,0
1466.5,1469.93,1455.6,1462.45,9010298,4.05,14.33,3.43,6.85,0.2826,0.2394,0.478,1492.5,1497.0,1461.62,1464.82,27.68,35.38,4.5,3.2,0.7824,0.1272,0.0904,1519.05,1525.78,1487.05,1492.97,26.08,38.73,6.73,5.92,0.6734,0.1738,0.1529,-1,-1,1,0,0,0,0,0,0,0,0,0,0
1460.5,1472.05,1457.57,1461.53,10768260,1.03,14.48,10.52,2.93,0.0711,0.7265,0.2023,1466.5,1469.93,1455.6,1462.45,4.05,14.33,3.43,6.85,0.2826,0.2394,0.478,1492.5,1497.0,1461.62,1464.82,27.68,35.38,4.5,3.2,0.7824,0.1272,0.0904,-1,-1,1,0,0,0,0,1,0,0,0,1,0
1463.05,1468.75,1447.55,1451.5,9760202,11.55,21.2,5.7,3.95,0.5448,0.2689,0.1863,1460.5,1472.05,1457.57,1461.53,1.03,14.48,10.52,2.93,0.0711,0.7265,0.2023,1466.5,1469.93,1455.6,1462.45,4.05,14.33,3.43,6.85,0.2826,0.2394,0.478,-1,-1,1,0,0,0,0,0,0,1,0,0,0
1457.0,1486.0,1445.88,1479.8,22349376,22.8,40.12,6.2,11.12,0.5683,0.1545,0.2772,1463.05,1468.75,1447.55,1451.5,11.55,21.2,5.7,3.95,0.5448,0.2689,0.1863,1460.5,1472.05,1457.57,1461.53,1.03,14.48,10.52,2.93,0.0711,0.7265,0.2023,1,1,1,1,0,0,0,0,0,0,0,0,0
1476.4,1483.15,1469.5,1472.62,8711328,3.78,13.65,6.75,3.12,0.2769,0.4945,0.2286,1457.0,1486.0,1445.88,1479.8,22.8,40.12,6.2,11.12,0.5683,0.1545,0.2772,1463.05,1468.75,1447.55,1451.5,11.55,21.2,5.7,3.95,0.5448,0.2689,0.1863,1,1,1,0,0,0,0,0,0,0,0,0,0
1477.55,1480.9,1464.75,1471.35,5481774,6.2,16.15,3.35,6.6,0.3839,0.2074,0.4087,1476.4,1483.15,1469.5,1472.62,3.78,13.65,6.75,3.12,0.2769,0.4945,0.2286,1457.0,1486.0,1445.88,1479.8,22.8,40.12,6.2,11.12,0.5683,0.1545,0.2772,1,1,1,0,0,0,0,0,0,0,0,0,1
1474.0,1477.47,1466.62,1472.3,5935328,1.7,10.85,3.47,5.68,0.1567,0.3198,0.5235,1477.55,1480.9,1464.75,1471.35,6.2,16.15,3.35,6.6,0.3839,0.2074,0.4087,1476.4,1483.15,1469.5,1472.62,3.78,13.65,6.75,3.12,0.2769,0.4945,0.2286,1,1,1,0,0,0,0,0,0,0,0,0,0
1470.0,1482.0,1460.55,1463.45,8574714,6.55,21.45,12.0,2.9,0.3054,0.5594,0.1352,1474.0,1477.47,1466.62,1472.3,1.7,10.85,3.47,5.68,0.1567,0.3198,0.5235,1477.55,1480.9,1464.75,1471.35,6.2,16.15,3.35,6.6,0.3839,0.2074,0.4087,1,1,1,0,0,0,0,0,0,0,0,0,0
1466.25,1476.5,1455.55,1469.68,16955902,3.43,20.95,6.82,10.7,0.1637,0.3255,0.5107,1470.0,1482.0,1460.55,1463.45,6.55,21.45,12.0,2.9,0.3054,0.5594,0.1352,1474.0,1477.47,1466.62,1472.3,1.7,10.85,3.47,5.68,0.1567,0.3198,0.5235,1,1,1,0,0,0,0,0,0,0,0,0,0
1474.0,1495.0,1471.38,1485.93,30897320,11.93,23.62,9.07,2.62,0.5051,0.384,0.1109,1466.25,1476.5,1455.55,1469.68,3.43,20.95,6.82,10.7,0.1637,0.3255,0.5107,1470.0,1482.0,1460.55,1463.45,6.55,21.45,12.0,2.9,0.3054,0.5594,0.1352,1,1,1,0,0,0,0,0,0,0,0,1,0
1491.0,1501.5,1488.95,1493.38,8832314,2.38,12.55,8.12,2.05,0.1896,0.647,0.1633,1474.0,1495.0,1471.38,1485.93,11.93,23.62,9.07,2.62,0.5051,0.384,0.1109,1466.25,1476.5,1455.55,1469.68,3.43,20.95,6.82,10.7,0.1637,0.3255,0.5107,1,1,1,0,0,0,1,0,0,0,0,0,0
1488.5,1500.5,1487.88,1489.38,17137444,0.88,12.62,11.12,0.62,0.0697,0.8811,0.0491,1491.0,1501.5,1488.95,1493.38,2.38,12.55,8.12,2.05,0.1896,0.647,0.1633,1474.0,1495.0,1471.38,1485.93,11.93,23.62,9.07,2.62,0.5051,0.384,0.1109,1,1,1,0,0,0,1,1,0,0,0,0,0
1483.9,1496.5,1480.2,1493.95,7069002,10.05,16.3,2.55,3.7,0.6166,0.1564,0.227,1488.5,1500.5,1487.88,1489.38,0.88,12.62,11.12,0.62,0.0697,0.8811,0.0491,1491.0,1501.5,1488.95,1493.38,2.38,12.55,8.12,2.05,0.1896,0.647,0.1633,1,1,1,0,0,0,0,0,0,0,0,0,0
1490.65,1504.0,1488.05,1497.95,18818998,7.3,15.95,6.05,2.6,0.4577,0.3793,0.163,1483.9,1496.5,1480.2,1493.95,10.05,16.3,2.55,3.7,0.6166,0.1564,0.227,1488.5,1500.5,1487.88,1489.38,0.88,12.62,11.12,0.62,0.0697,0.8811,0.0491,1,1,1,0,0,0,0,0,0,0,0,0,0
1499.0,1533.47,1492.0,1526.18,20597478,27.18,41.47,7.29,7.0,0.6554,0.1758,0.1688,1490.65,1504.0,1488.05,1497.95,7.3,15.95,6.05,2.6,0.4577,0.3793,0.163,1483.9,1496.5,1480.2,1493.95,10.05,16.3,2.55,3.7,0.6166,0.1564,0.227,-1,-1,1,-1,0,0,0,0,0,0,0,0,0
1519.4,1524.97,1474.4,1476.57,27008814,42.83,50.57,5.57,2.17,0.8469,0.1101,0.0429,1499.0,1533.47,1492.0,1526.18,27.18,41.47,7.29,7.0,0.6554,0.1758,0.1688,1490.65,1504.0,1488.05,1497.95,7.3,15.95,6.05,2.6,0.4577,0.3793,0.163,-1,-1,1,0,0,0,0,0,0,0,0,0,0
1480.65,1487.95,1462.82,1464.82,16431642,15.83,25.13,7.3,2.0,0.6299,0.2905,0.0796,1519.4,1524.97,1474.4,1476.57,42.83,50.57,5.57,2.17,0.8469,0.1101,0.0429,1499.0,1533.47,1492.0,1526.18,27.18,41.47,7.29,7.0,0.6554,0.1758,0.1688,-1,-1,1,0,0,0,0,0,0,0,0,0,0
1436.57,1449.4,1402.07,1406.97,37757294,29.6,47.33,12.83,4.9,0.6254,0.2711,0.1035,1480.65,1487.95,1462.82,1464.82,15.83,25.13,7.3,2.0,0.6299,0.2905,0.0796,1519.4,1524.97,1474.4,1476.57,42.83,50.57,5.57,2.17,0.8469,0.1101,0.0429,-1,-1,1,0,0,0,0,0,0,0,0,0,0
1403.93,1417.35,1381.78,1386.53,37072876,17.4,35.57,13.42,4.75,0.4892,0.3773,0.1335,1436.57,1449.4,1402.07,1406.97,29.6,47.33,12.83,4.9,0.6254,0.2711,0.1035,1480.65,1487.95,1462.82,1464.82,15.83,25.13,7.3,2.0,0.6299,0.2905,0.0796,-1,-1,1,0,0,0,0,0,0,0,0,0,0
1393.5,1396.5,1361.38,1370.72,22181340,22.78,35.12,3.0,9.34,0.6486,0.0854,0.2659,1403.93,1417.35,1381.78,1386.53,17.4,35.57,13.42,4.75,0.4892,0.3773,0.1335,1436.57,1449.4,1402.07,1406.97,29.6,47.33,12.83,4.9,0.6254,0.2711,0.1035,-1,-1,1,0,0,0,0,0,0,0,0,0,0
1372.97,1401.0,1365.1,1397.35,17020808,24.38,35.9,3.65,7.87,0.6791,0.1017,0.2192,1393.5,1396.5,1361.38,1370.72,22.78,35.12,3.0,9.34,0.6486,0.0854,0.2659,1403.93,1417.35,1381.78,1386.53,17.4,35.57,13.42,4.75,0.4892,0.3773,0.1335,-1,-1,1,0,0,0,0,0,0,0,0,0,0
1397.53,1400.97,1372.5,1374.6,14310610,22.93,28.47,3.44,2.1,0.8054,0.1208,0.0738,1372.97,1401.0,1365.1,1397.35,24.38,35.9,3.65,7.87,0.6791,0.1017,0.2192,1393.5,1396.5,1361.38,1370.72,22.78,35.12,3.0,9.34,0.6486,0.0854,0.2659,-1,-1,1,0,0,0,0,0,0,0,0,0,0
1380.03,1386.0,1369.43,1371.05,22358646,8.98,16.57,5.97,1.62,0.5419,0.3603,0.0978,1397.53,1400.97,1372.5,1374.6,22.93,28.47,3.44,2.1,0.8054,0.1208,0.0738,1372.97,1401.0,1365.1,1397.35,24.38,35.9,3.65,7.87,0.6791,0.1017,0.2192,-1,-1,1,0,0,0,0,0,0,0,0,0,1
1370.0,1383.28,1368.82,1372.1,7980122,2.1,14.46,11.18,1.18,0.1452,0.7732,0.0816,1380.03,1386.0,1369.43,1371.05,8.98,16.57,5.97,1.62,0.5419,0.3603,0.0978,1397.53,1400.97,1372.5,1374.6,22.93,28.47,3.44,2.1,0.8054,0.1208,0.0738,-1,-1,1,0,0,0,1,0,0,0,0,1,0
1379.45,1380.07,1368.25,1372.53,12221432,6.92,11.82,0.62,4.28,0.5854,0.0525,0.3621,1370.0,1383.28,1368.82,1372.1,2.1,14.46,11.18,1.18,0.1452,0.7732,0.0816,1380.03,1386.0,1369.43,1371.05,8.98,16.57,5.97,1.62,0.5419,0.3603,0.0978,-1,-1,1,0,0,0,0,0,0,0,0,0,0
1358.53,1371.7,1340.7,1344.03,33762794,14.5,31.0,13.17,3.33,0.4677,0.4248,0.1074,1379.45,1380.07,1368.25,1372.53,6.92,11.82,0.62,4.28,0.5854,0.0525,0.3621,1370.0,1383.28,1368.82,1372.1,2.1,14.46,11.18,1.18,0.1452,0.7732,0.0816,-1,-1,1,0,0,0,0,0,0,0,0,0,0
1340.0,1364.0,1337.62,1354.07,20034438,14.07,26.38,9.93,2.38,0.5334,0.3764,0.0902,1358.53,1371.7,1340.7,1344.03,14.5,31.0,13.17,3.33,0.4677,0.4248,0.1074,1379.45,1380.07,1368.25,1372.53,6.92,11.82,0.62,4.28,0.5854,0.0525,0.3621,-1,-1,1,0,0,0,0,0,0,0,0,0,0
1365.7,1368.45,1352.05,1356.43,15543660,9.27,16.4,2.75,4.38,0.5652,0.1677,0.2671,1340.0,1364.0,1337.62,1354.07,14.07,26.38,9.93,2.38,0.5334,0.3764,0.0902,1358.53,1371.7,1340.7,1344.03,14.5,31.0,13.17,3.33,0.4677,0.4248,0.1074,-1,-1,1,0,0,0,0,0,0,0,0,0,0
1352.18,1368.43,1341.32,1359.3,12082452,7.12,27.11,9.13,10.86,0.2626,0.3368,0.4006,1365.7,1368.45,1352.05,1356.43,9.27,16.4,2.75,4.38,0.5652,0.1677,0.2671,1340.0,1364.0,1337.62,1354.07,14.07,26.38,9.93,2.38,0.5334,0.3764,0.0902,-1,-1,1,0,0,0,0,0,0,0,0,0,0
1367.12,1374.0,1357.72,1369.2,14067408,2.08,16.28,4.8,9.4,0.1278,0.2948,0.5774,1352.18,1368.43,1341.32,1359.3,7.12,27.11,9.13,10.86,0.2626,0.3368,0.4006,1365.7,1368.45,1352.05,1356.43,9.27,16.4,2.75,4.38,0.5652,0.1677,0.2671,-1,-1,1,0,0,0,0,0,0,0,0,1,0
1369.2,1376.0,1340.22,1343.35,15831960,25.85,35.78,6.8,3.13,0.7225,0.1901,0.0875,1367.12,1374.0,1357.72,1369.2,2.08,16.28,4.8,9.4,0.1278,0.2948,0.5774,1352.18,1368.43,1341.32,1359.3,7.12,27.11,9.13,10.86,0.2626,0.3368,0.4006,-1,-1,1,0,0,0,0,0,0,0,0,0,1
1337.5,1357.47,1335.0,1338.53,17214742,1.03,22.47,18.94,2.5,0.0458,0.8429,0.1113,1369.2,1376.0,1340.22,1343.35,25.85,35.78,6.8,3.13,0.7225,0.1901,0.0875,1367.12,1374.0,1357.72,1369.2,2.08,16.28,4.8,9.4,0.1278,0.2948,0.5774,-1,-1,1,0,0,0,0,1,0,0,0,0,0
1335.28,1343.7,1323.12,1339.8,22155934,4.52,20.58,3.9,12.16,0.2196,0.1895,0.5909,1337.5,1357.47,1335.0,1338.53,1.03,22.47,18.94,2.5,0.0458,0.8429,0.1113,1369.2,1376.0,1340.22,1343.35,25.85,35.78,6.8,3.13,0.7225,0.1901,0.0875,-1,-1,1,0,0,1,0,0,0,0,0,1,0
1343.5,1344.35,1322.0,1327.85,18597496,15.65,22.35,0.85,5.85,0.7002,0.038,0.2617,1335.28,1343.7,1323.12,1339.8,4.52,20.58,3.9,12.16,0.2196,0.1895,0.5909,1337.5,1357.47,1335.0,1338.53,1.03,22.47,18.94,2.5,0.0458,0.8429,0.1113,-1,-1,1,0,0,0,0,0,0,1,0,0,0
1337.0,1353.0,1322.1,1334.35,10824350,2.65,30.9,16.0,12.25,0.0858,0.5178,0.3964,1343.5,1344.35,1322.0,1327.85,15.65,22.35,0.85,5.85,0.7002,0.038,0.2617,1335.28,1343.7,1323.12,1339.8,4.52,20.58,3.9,12.16,0.2196,0.1895,0.5909,-1,-1,1,0,0,0,0,1,0,0,0,0,0
1328.1,1343.2,1320.3,1340.0,12008361,11.9,22.9,3.2,7.8,0.5197,0.1397,0.3406,1337.0,1353.0,1322.1,1334.35,2.65,30.9,16.0,12.25,0.0858,0.5178,0.3964,1343.5,1344.35,1322.0,1327.85,15.65,22.35,0.85,5.85,0.7002,0.038,0.2617,-1,-1,-1,0,0,0,0,0,1,0,0,1,0
1335.0,1350.0,1325.35,1343.9,11984423,8.9,24.65,6.1,9.65,0.3611,0.2475,0.3915,1328.1,1343.2,1320.3,1340.0,11.9,22.9,3.2,7.8,0.5197,0.1397,0.3406,1337.0,1353.0,1322.1,1334.35,2.65,30.9,16.0,12.25,0.0858,0.5178,0.3964,-1,-1,-1,0,0,0,0,0,0,0,0,0,0
1340.0,1343.0,1326.15,1332.05,9331650,7.95,16.85,3.0,5.9,0.4718,0.178,0.3501,1335.0,1350.0,1325.35,1343.9,8.9,24.65,6.1,9.65,0.3611,0.2475,0.3915,1328.1,1343.2,1320.3,1340.0,11.9,22.9,3.2,7.8,0.5197,0.1397,0.3406,-1,-1,-1,0,0,0,0,0,0,0,0,0,1
1333.05,1341.95,1333.0,1338.65,2127335,5.6,8.95,3.3,0.05,0.6257,0.3687,0.0056,1340.0,1343.0,1326.15,1332.05,7.95,16.85,3.0,5.9,0.4718,0.178,0.3501,1335.0,1350.0,1325.35,1343.9,8.9,24.65,6.1,9.65,0.3611,0.2475,0.3915,-1,-1,-1,0,0,0,0,0,0,0,0,0,0
1337.85,1340.0,1285.1,1302.15,19796890,35.7,54.9,2.15,17.05,0.6503,0.0392,0.3106,1333.05,1341.95,1333.0,1338.65,5.6,8.95,3.3,0.05,0.6257,0.3687,0.0056,1340.0,1343.0,1326.15,1332.05,7.95,16.85,3.0,5.9,0.4718,0.178,0.3501,-1,-1,-1,0,0,0,0,0,0,0,0,0,0
1293.0,1309.55,1286.15,1305.3,16267479,12.3,23.4,4.25,6.85,0.5256,0.1816,0.2927,1337.85,1340.0,1285.1,1302.15,35.7,54.9,2.15,17.05,0.6503,0.0392,0.3106,1333.05,1341.95,1333.0,1338.65,5.6,8.95,3.3,0.05,0.6257,0.3687,0.0056,-1,-1,-1,0,0,0,0,0,0,0,0,0,0
1310.0,1328.3,1300.2,1325.35,21625209,15.35,28.1,2.95,9.8,0.5463,0.105,0.3488,1293.0,1309.55,1286.15,1305.3,12.3,23.4,4.25,6.85,0.5256,0.1816,0.2927,1337.85,1340.0,1285.1,1302.15,35.7,54.9,2.15,17.05,0.6503,0.0392,0.3106,-1,-1,-1,0,0,0,0,0,0,0,0,1,0
1324.0,1324.0,1302.6,1305.65,9611974,18.35,21.4,0.0,3.05,0.8575,0.0,0.1425,1310.0,1328.3,1300.2,1325.35,15.35,28.1,2.95,9.8,0.5463,0.105,0.3488,1293.0,1309.55,1286.15,1305.3,12.3,23.4,4.25,6.85,0.5256,0.1816,0.2927,-1,-1,-1,0,0,0,0,0,0,0,0,0,0
1297.65,1301.65,1275.0,1283.75,19814406,13.9,26.65,4.0,8.75,0.5216,0.1501,0.3283,1324.0,1324.0,1302.6,1305.65,18.35,21.4,0.0,3.05,0.8575,0.0,0.1425,1310.0,1328.3,1300.2,1325.35,15.35,28.1,2.95,9.8,0.5463,0.105,0.3488,-1,-1,-1,0,0,0,0,0,0,0,0,0,0
1278.95,1286.0,1267.0,1272.7,9056552,6.25,19.0,7.05,5.7,0.3289,0.3711,0.3,1297.65,1301.65,1275.0,1283.75,13.9,26.65,4.0,8.75,0.5216,0.1501,0.3283,1324.0,1324.0,1302.6,1305.65,18.35,21.4,0.0,3.05,0.8575,0.0,0.1425,-1,-1,-1,0,0,0,0,0,0,0,0,0,0
1275.55,1289.3,1267.5,1274.25,10671091,1.3,21.8,13.75,6.75,0.0596,0.6307,0.3096,1278.95,1286.0,1267.0,1272.7,6.25,19.0,7.05,5.7,0.3289,0.3711,0.3,1297.65,1301.65,1275.0,1283.75,13.9,26.65,4.0,8.75,0.5216,0.1501,0.3283,-1,-1,-1,0,0,0,0,1,0,0,0,0,0
1270.25,1275.45,1249.5,1252.05,14633633,18.2,25.95,5.2,2.55,0.7013,0.2004,0.0983,1275.55,1289.3,1267.5,1274.25,1.3,21.8,13.75,6.75,0.0596,0.6307,0.3096,1278.95,1286.0,1267.0,1272.7,6.25,19.0,7.05,5.7,0.3289,0.3711,0.3,-1,-1,-1,0,0,0,0,0,0,0,0,0,0
1253.6,1272.6,1251.1,1267.6,12612633,14.0,21.5,5.0,2.5,0.6512,0.2326,0.1163,1270.25,1275.45,1249.5,1252.05,18.2,25.95,5.2,2.55,0.7013,0.2004,0.0983,1275.55,1289.3,1267.5,1274.25,1.3,21.8,13.75,6.75,0.0596,0.6307,0.3096,-1,-1,-1,0,0,0,0,0,0,0,0,0,0
1267.6,1272.9,1243.9,1260.75,13620611,6.85,29.0,5.3,16.85,0.2362,0.1828,0.581,1253.6,1272.6,1251.1,1267.6,14.0,21.5,5.0,2.5,0.6512,0.2326,0.1163,1270.25,1275.45,1249.5,1252.05,18.2,25.95,5.2,2.55,0.7013,0.2004,0.0983,-1,-1,-1,0,0,1,0,0,0,0,0,0,0
1260.75,1281.5,1235.15,1241.65,14183746,19.1,46.35,20.75,6.5,0.4121,0.4477,0.1402,1267.6,1272.9,1243.9,1260.75,6.85,29.0,5.3,16.85,0.2362,0.1828,0.581,1253.6,1272.6,1251.1,1267.6,14.0,21.5,5.0,2.5,0.6512,0.2326,0.1163,-1,-1,-1,0,0,0,0,0,0,0,0,0,1
1241.65,1243.95,1217.25,1223.0,19433843,18.65,26.7,2.3,5.75,0.6985,0.0861,0.2154,1260.75,1281.5,1235.15,1241.65,19.1,46.35,20.75,6.5,0.4121,0.4477,0.1402,1267.6,1272.9,1243.9,1260.75,6.85,29.0,5.3,16.85,0.2362,0.1828,0.581,-1,-1,-1,0,0,0,0,0,0,0,0,0,0
1229.4,1268.85,1222.45,1265.4,20471957,36.0,46.4,3.45,6.95,0.7759,0.0744,0.1498,1241.65,1243.95,1217.25,1223.0,18.65,26.7,2.3,5.75,0.6985,0.0861,0.2154,1260.75,1281.5,1235.15,1241.65,19.1,46.35,20.75,6.5,0.4121,0.4477,0.1402,-1,-1,-1,0,0,0,0,0,0,0,0,1,0
1290.0,1304.45,1282.45,1287.0,28923341,3.0,22.0,14.45,4.55,0.1364,0.6568,0.2068,1229.4,1268.85,1222.45,1265.4,36.0,46.4,3.45,6.95,0.7759,0.0744,0.1498,1241.65,1243.95,1217.25,1223.0,18.65,26.7,2.3,5.75,0.6985,0.0861,0.2154,-1,-1,-1,0,0,0,0,0,0,0,0,0,0
1294.95,1297.85,1284.2,1295.7,9247557,0.75,13.65,2.15,10.75,0.0549,0.1575,0.7875,1290.0,1304.45,1282.45,1287.0,3.0,22.0,14.45,4.55,0.1364,0.6568,0.2068,1229.4,1268.85,1222.45,1265.4,36.0,46.4,3.45,6.95,0.7759,0.0744,0.1498,-1,-1,-1,0,0,0,0,1,0,0,0,0,0
1293.5,1303.85,1286.0,1293.2,9572746,0.3,17.85,10.35,7.2,0.0168,0.5798,0.4034,1294.95,1297.85,1284.2,1295.7,0.75,13.65,2.15,10.75,0.0549,0.1575,0.7875,1290.0,1304.45,1282.45,1287.0,3.0,22.0,14.45,4.55,0.1364,0.6568,0.2068,-1,-1,-1,0,0,0,0,1,0,0,0,0,0
1289.95,1296.6,1269.05,1270.8,15027412,19.15,27.55,6.65,1.75,0.6951,0.2414,0.0635,1293.5,1303.85,1286.0,1293.2,0.3,17.85,10.35,7.2,0.0168,0.5798,0.4034,1294.95,1297.85,1284.2,1295.7,0.75,13.65,2.15,10.75,0.0549,0.1575,0.7875,-1,-1,-1,0,0,0,0,0,0,0,0,0,1
1280.0,1299.5,1275.25,1292.2,13202307,12.2,24.25,7.3,4.75,0.5031,0.301,0.1959,1289.95,1296.6,1269.05,1270.8,19.15,27.55,6.65,1.75,0.6951,0.2414,0.0635,1293.5,1303.85,1286.0,1293.2,0.3,17.85,10.35,7.2,0.0168,0.5798,0.4034,-1,-1,-1,0,0,0,0,0,0,0,0,0,0
1288.0,1311.35,1277.05,1309.15,11024152,21.15,34.3,2.2,10.95,0.6166,0.0641,0.3192,1280.0,1299.5,1275.25,1292.2,12.2,24.25,7.3,4.75,0.5031,0.301,0.1959,1289.95,1296.6,1269.05,1270.8,19.15,27.55,6.65,1.75,0.6951,0.2414,0.0635,-1,-1,-1,0,0,0,0,0,0,0,0,1,0
1317.0,1326.8,1307.0,1323.3,16869482,6.3,19.8,3.5,10.0,0.3182,0.1768,0.5051,1288.0,1311.35,1277.05,1309.15,21.15,34.3,2.2,10.95,0.6166,0.0641,0.3192,1280.0,1299.5,1275.25,1292.2,12.2,24.25,7.3,4.75,0.5031,0.301,0.1959,-1,-1,-1,0,0,0,0,0,0,0,0,0,0
1326.0,1328.4,1304.05,1308.95,19608540,17.05,24.35,2.4,4.9,0.7002,0.0986,0.2012,1317.0,1326.8,1307.0,1323.3,6.3,19.8,3.5,10.0,0.3182,0.1768,0.5051,1288.0,1311.35,1277.05,1309.15,21.15,34.3,2.2,10.95,0.6166,0.0641,0.3192,-1,-1,-1,0,0,0,0,0,0,1,0,0,1
1314.35,1329.95,1306.15,1322.05,16858723,7.7,23.8,7.9,8.2,0.3235,0.3319,0.3445,1326.0,1328.4,1304.05,1308.95,17.05,24.35,2.4,4.9,0.7002,0.0986,0.2012,1317.0,1326.8,1307.0,1323.3,6.3,19.8,3.5,10.0,0.3182,0.1768,0.5051,-1,-1,-1,0,0,0,0,0,0,0,0,0,0
1323.9,1323.9,1310.0,1311.55,9037514,12.35,13.9,0.0,1.55,0.8885,0.0,0.1115,1314.35,1329.95,1306.15,1322.05,7.7,23.8,7.9,8.2,0.3235,0.3319,0.3445,1326.0,1328.4,1304.05,1308.95,17.05,24.35,2.4,4.9,0.7002,0.0986,0.2012,-1,-1,-1,0,0,0,0,0,0,1,0,0,0
1303.0,1315.0,1293.1,1295.15,14650002,7.85,21.9,12.0,2.05,0.3584,0.5479,0.0936,1323.9,1323.9,1310.0,1311.55,12.35,13.9,0.0,1.55,0.8885,0.0,0.1115,1314.35,1329.95,1306.15,1322.05,7.7,23.8,7.9,8.2,0.3235,0.3319,0.3445,-1,-1,-1,0,0,0,0,0,0,0,0,0,0
1289.25,1294.9,1280.2,1284.85,16043729,4.4,14.7,5.65,4.65,0.2993,0.3844,0.3163,1303.0,1315.0,1293.1,1295.15,7.85,21.9,12.0,2.05,0.3584,0.5479,0.0936,1323.9,1323.9,1310.0,1311.55,12.35,13.9,0.0,1.55,0.8885,0.0,0.1115,-1,-1,-1,0,0,0,0,0,0,0,0,0,0
1285.0,1290.0,1276.05,1278.2,11724373,6.8,13.95,5.0,2.15,0.4875,0.3584,0.1541,1289.25,1294.9,1280.2,1284.85,4.4,14.7,5.65,4.65,0.2993,0.3844,0.3163,1303.0,1315.0,1293.1,1295.15,7.85,21.9,12.0,2.05,0.3584,0.5479,0.0936,-1,-1,-1,0,0,0,0,0,0,0,0,0,0
1270.0,1278.2,1260.6,1262.9,20906813,7.1,17.6,8.2,2.3,0.4034,0.4659,0.1307,1285.0,1290.0,1276.05,1278.2,6.8,13.95,5.0,2.15,0.4875,0.3584,0.1541,1289.25,1294.9,1280.2,1284.85,4.4,14.7,5.65,4.65,0.2993,0.3844,0.3163,-1,-1,-1,0,0,0,0,0,0,0,0,0,0
1260.0,1275.2,1239.6,1272.85,28630222,12.85,35.6,2.35,20.4,0.361,0.066,0.573,1270.0,1278.2,1260.6,1262.9,7.1,17.6,8.2,2.3,0.4034,0.4659,0.1307,1285.0,1290.0,1276.05,1278.2,6.8,13.95,5.0,2.15,0.4875,0.3584,0.1541,-1,-1,-1,0,0,0,0,0,1,0,0,0,0
1275.0,1281.0,1266.55,1268.3,9486781,6.7,14.45,6.0,1.75,0.4637,0.4152,0.1211,1260.0,1275.2,1239.6,1272.85,12.85,35.6,2.35,20.4,0.361,0.066,0.573,1270.0,1278.2,1260.6,1262.9,7.1,17.6,8.2,2.3,0.4034,0.4659,0.1307,-1,-1,-1,0,0,0,0,0,0,0,0,0,0
1261.05,1263.9,1242.8,1245.3,17462791,15.75,21.1,2.85,2.5,0.7464,0.1351,0.1185,1275.0,1281.0,1266.55,1268.3,6.7,14.45,6.0,1.75,0.4637,0.4152,0.1211,1260.0,1275.2,1239.6,1272.85,12.85,35.6,2.35,20.4,0.361,0.066,0.573,-1,-1,-1,0,0,0,0,0,0,0,0,0,1
1240.65,1259.95,1240.65,1253.25,12670179,12.6,19.3,6.7,0.0,0.6528,0.3472,0.0,1261.05,1263.9,1242.8,1245.3,15.75,21.1,2.85,2.5,0.7464,0.1351,0.1185,1275.0,1281.0,1266.55,1268.3,6.7,14.45,6.0,1.75,0.4637,0.4152,0.1211,-1,-1,-1,0,0,0,0,0,0,0,0,0,0
1239.0,1244.9,1229.0,1230.45,14244653,8.55,15.9,5.9,1.45,0.5377,0.3711,0.0912,1240.65,1259.95,1240.65,1253.25,12.6,19.3,6.7,0.0,0.6528,0.3472,0.0,1261.05,1263.9,1242.8,1245.3,15.75,21.1,2.85,2.5,0.7464,0.1351,0.1185,-1,-1,-1,0,0,0,0,0,0,0,0,0,0
1224.0,1239.5,1201.5,1205.3,20312896,18.7,38.0,15.5,3.8,0.4921,0.4079,0.1,1239.0,1244.9,1229.0,1230.45,8.55,15.9,5.9,1.45,0.5377,0.3711,0.0912,1240.65,1259.95,1240.65,1253.25,12.6,19.3,6.7,0.0,0.6528,0.3472,0.0,-1,-1,-1,0,0,0,0,0,0,0,0,0,1
1215.0,1227.2,1213.2,1222.3,10052824,7.3,14.0,4.9,1.8,0.5214,0.35,0.1286,1224.0,1239.5,1201.5,1205.3,18.7,38.0,15.5,3.8,0.4921,0.4079,0.1,1239.0,1244.9,1229.0,1230.45,8.55,15.9,5.9,1.45,0.5377,0.3711,0.0912,-1,-1,-1,0,0,0,0,0,0,0,0,0,0
1222.3,1233.55,1221.0,1222.75,6734917,0.45,12.55,10.8,1.3,0.0359,0.8606,0.1036,1215.0,1227.2,1213.2,1222.3,7.3,14.0,4.9,1.8,0.5214,0.35,0.1286,1224.0,1239.5,1201.5,1205.3,18.7,38.0,15.5,3.8,0.4921,0.4079,0.1,-1,-1,-1,0,0,0,0,1,0,0,0,1,0
1224.25,1227.7,1214.25,1216.55,10016178,7.7,13.45,3.45,2.3,0.5725,0.2565,0.171,1222.3,1233.55,1221.0,1222.75,0.45,12.55,10.8,1.3,0.0359,0.8606,0.1036,1215.0,1227.2,1213.2,1222.3,7.3,14.0,4.9,1.8,0.5214,0.35,0.1286,-1,-1,-1,0,0,0,0,0,0,1,0,0,1
1218.3,1227.9,1217.0,1221.05,7000397,2.75,10.9,6.85,1.3,0.2523,0.6284,0.1193,1224.25,1227.7,1214.25,1216.55,7.7,13.45,3.45,2.3,0.5725,0.2565,0.171,1222.3,1233.55,1221.0,1222.75,0.45,12.55,10.8,1.3,0.0359,0.8606,0.1036,-1,-1,-1,0,0,0,1,0,0,0,1,0,0
1216.4,1223.2,1208.1,1210.7,8818766,5.7,15.1,6.8,2.6,0.3775,0.4503,0.1722,1218.3,1227.9,1217.0,1221.05,2.75,10.9,6.85,1.3,0.2523,0.6284,0.1193,1224.25,1227.7,1214.25,1216.55,7.7,13.45,3.45,2.3,0.5725,0.2565,0.171,-1,-1,-1,0,0,0,0,0,0,0,0,0,0
1208.0,1219.1,1206.15,1215.45,6405475,7.45,12.95,3.65,1.85,0.5753,0.2819,0.1429,1216.4,1223.2,1208.1,1210.7,5.7,15.1,6.8,2.6,0.3775,0.4503,0.1722,1218.3,1227.9,1217.0,1221.05,2.75,10.9,6.85,1.3,0.2523,0.6284,0.1193,1,1,-1,1,0,0,0,0,0,0,0,0,0
1214.85,1226.3,1211.6,1221.25,5892590,6.4,14.7,5.05,3.25,0.4354,0.3435,0.2211,1208.0,1219.1,1206.15,1215.45,7.45,12.95,3.65,1.85,0.5753,0.2819,0.1429,1216.4,1223.2,1208.1,1210.7,5.7,15.1,6.8,2.6,0.3775,0.4503,0.1722,1,1,-1,0,0,0,0,0,0,0,0,0,0
1221.25,1244.45,1220.0,1241.8,15486276,20.55,24.45,2.65,1.25,0.8405,0.1084,0.0511,1214.85,1226.3,1211.6,1221.25,6.4,14.7,5.05,3.25,0.4354,0.3435,0.2211,1208.0,1219.1,1206.15,1215.45,7.45,12.95,3.65,1.85,0.5753,0.2819,0.1429,1,1,-1,0,0,0,0,0,0,0,0,0,0
1243.9,1262.05,1235.5,1251.15,15521102,7.25,26.55,10.9,8.4,0.2731,0.4105,0.3164,1221.25,1244.45,1220.0,1241.8,20.55,24.45,2.65,1.25,0.8405,0.1084,0.0511,1214.85,1226.3,1211.6,1221.25,6.4,14.7,5.05,3.25,0.4354,0.3435,0.2211,1,1,-1,0,0,0,0,0,0,0,0,0,0
1253.95,1262.0,1215.0,1218.0,14816766,35.95,47.0,8.05,3.0,0.7649,0.1713,0.0638,1243.9,1262.05,1235.5,1251.15,7.25,26.55,10.9,8.4,0.2731,0.4105,0.3164,1221.25,1244.45,1220.0,1241.8,20.55,24.45,2.65,1.25,0.8405,0.1084,0.0511,1,1,-1,0,0,0,0,0,0,1,0,0,1
1222.0,1244.5,1221.25,1240.85,10070505,18.85,23.25,3.65,0.75,0.8108,0.157,0.0323,1253.95,1262.0,1215.0,1218.0,35.95,47.0,8.05,3.0,0.7649,0.1713,0.0638,1243.9,1262.05,1235.5,1251.15,7.25,26.55,10.9,8.4,0.2731,0.4105,0.3164,1,1,-1,0,0,0,0,0,0,0,0,0,0
1249.0,1271.05,1245.35,1265.5,19346579,16.5,25.7,5.55,3.65,0.642,0.216,0.142,1222.0,1244.5,1221.25,1240.85,18.85,23.25,3.65,0.75,0.8108,0.157,0.0323,1253.95,1262.0,1215.0,1218.0,35.95,47.0,8.05,3.0,0.7649,0.1713,0.0638,-1,-1,-1,-1,0,0,0,0,0,0,0,1,0
1267.0,1269.75,1248.05,1254.75,12794704,12.25,21.7,2.75,6.7,0.5645,0.1267,0.3088,1249.0,1271.05,1245.35,1265.5,16.5,25.7,5.55,3.65,0.642,0.216,0.142,1222.0,1244.5,1221.25,1240.85,18.85,23.25,3.65,0.75,0.8108,0.157,0.0323,-1,-1,-1,0,0,0,0,0,0,0,0,0,1
1253.85,1256.75,1236.0,1241.9,8120332,11.95,20.75,2.9,5.9,0.5759,0.1398,0.2843,1267.0,1269.75,1248.05,1254.75,12.25,21.7,2.75,6.7,0.5645,0.1267,0.3088,1249.0,1271.05,1245.35,1265.5,16.5,25.7,5.55,3.65,0.642,0.216,0.142,-1,-1,-1,0,0,0,0,0,0,0,0,0,1
1230.0,1245.25,1226.4,1239.85,13764861,9.85,18.85,5.4,3.6,0.5225,0.2865,0.191,1253.85,1256.75,1236.0,1241.9,11.95,20.75,2.9,5.9,0.5759,0.1398,0.2843,1267.0,1269.75,1248.05,1254.75,12.25,21.7,2.75,6.7,0.5645,0.1267,0.3088,-1,-1,-1,0,0,0,0,0,0,0,0,1,0
1244.1,1253.35,1227.25,1238.75,13095266,5.35,26.1,9.25,11.5,0.205,0.3544,0.4406,1230.0,1245.25,1226.4,1239.85,9.85,18.85,5.4,3.6,0.5225,0.2865,0.191,1253.85,1256.75,1236.0,1241.9,11.95,20.75,2.9,5.9,0.5759,0.1398,0.2843,-1,-1,-1,0,0,0,0,0,0,0,0,0,0
1244.95,1257.0,1241.85,1252.2,9578856,7.25,15.15,4.8,3.1,0.4785,0.3168,0.2046,1244.1,1253.35,1227.25,1238.75,5.35,26.1,9.25,11.5,0.205,0.3544,0.4406,1230.0,1245.25,1226.4,1239.85,9.85,18.85,5.4,3.6,0.5225,0.2865,0.191,-1,-1,-1,0,0,0,0,0,0,0,0,0,0
1258.9,1275.0,1251.3,1266.45,14117603,7.55,23.7,8.55,7.6,0.3186,0.3608,0.3207,1244.95,1257.0,1241.85,1252.2,7.25,15.15,4.8,3.1,0.4785,0.3168,0.2046,1244.1,1253.35,1227.25,1238.75,5.35,26.1,9.25,11.5,0.205,0.3544,0.4406,-1,-1,-1,0,0,0,0,0,0,0,0,0,0
1322.25,1326.0,1285.0,1302.35,29366277,19.9,41.0,3.75,17.35,0.4854,0.0915,0.4232,1258.9,1275.0,1251.3,1266.45,7.55,23.7,8.55,7.6,0.3186,0.3608,0.3207,1244.95,1257.0,1241.85,1252.2,7.25,15.15,4.8,3.1,0.4785,0.3168,0.2046,1,1,-1,1,0,0,0,0,0,0,0,0,0
1316.0,1316.0,1300.25,1305.45,14040244,10.55,15.75,0.0,5.2,0.6698,0.0,0.3302,1322.25,1326.0,1285.0,1302.35,19.9,41.0,3.75,17.35,0.4854,0.0915,0.4232,1258.9,1275.0,1251.3,1266.45,7.55,23.7,8.55,7.6,0.3186,0.3608,0.3207,1,1,-1,0,0,0,0,0,0,0,0,0,0
1310.5,1313.0,1270.2,1273.7,14562976,36.8,42.8,2.5,3.5,0.8598,0.0584,0.0818,1316.0,1316.0,1300.25,1305.45,10.55,15.75,0.0,5.2,0.6698,0.0,0.3302,1322.25,1326.0,1285.0,1302.35,19.9,41.0,3.75,17.35,0.4854,0.0915,0.4232,1,1,-1,0,0,0,0,0,0,0,0,0,0
1278.3,1282.9,1268.7,1277.1,10273590,1.2,14.2,4.6,8.4,0.0845,0.3239,0.5915,1310.5,1313.0,1270.2,1273.7,36.8,42.8,2.5,3.5,0.8598,0.0584,0.0818,1316.0,1316.0,1300.25,1305.45,10.55,15.75,0.0,5.2,0.6698,0.0,0.3302,1,1,-1,0,0,0,0,1,0,0,0,0,0
1270.0,1277.35,1261.6,1263.65,8720682,6.35,15.75,7.35,2.05,0.4032,0.4667,0.1302,1278.3,1282.9,1268.7,1277.1,1.2,14.2,4.6,8.4,0.0845,0.3239,0.5915,1310.5,1313.0,1270.2,1273.7,36.8,42.8,2.5,3.5,0.8598,0.0584,0.0818,1,1,-1,0,0,0,0,0,0,0,0,0,0
1266.0,1273.0,1243.5,1246.3,14235970,19.7,29.5,7.0,2.8,0.6678,0.2373,0.0949,1270.0,1277.35,1261.6,1263.65,6.35,15.75,7.35,2.05,0.4032,0.4667,0.1302,1278.3,1282.9,1268.7,1277.1,1.2,14.2,4.6,8.4,0.0845,0.3239,0.5915,1,1,-1,0,0,0,0,0,0,0,0,0,0
1239.1,1240.45,1220.0,1229.35,9536019,9.75,20.45,1.35,9.35,0.4768,0.066,0.4572,1266.0,1273.0,1243.5,1246.3,19.7,29.5,7.0,2.8,0.6678,0.2373,0.0949,1270.0,1277.35,1261.6,1263.65,6.35,15.75,7.35,2.05,0.4032,0.4667,0.1302,1,1,-1,0,0,0,0,0,0,0,0,0,0
1238.0,1244.75,1218.5,1234.4,10568025,3.6,26.25,6.75,15.9,0.1371,0.2571,0.6057,1239.1,1240.45,1220.0,1229.35,9.75,20.45,1.35,9.35,0.4768,0.066,0.4572,1266.0,1273.0,1243.5,1246.3,19.7,29.5,7.0,2.8,0.6678,0.2373,0.0949,1,1,-1,0,0,0,0,0,0,0,0,0,0
1236.0,1242.75,1228.05,1235.5,5928156,0.5,14.7,6.75,7.45,0.034,0.4592,0.5068,1238.0,1244.75,1218.5,1234.4,3.6,26.25,6.75,15.9,0.1371,0.2571,0.6057,1239.1,1240.45,1220.0,1229.35,9.75,20.45,1.35,9.35,0.4768,0.066,0.4572,1,1,-1,0,0,0,0,1,0,0,0,0,0
1235.55,1257.0,1232.4,1253.05,9269259,17.5,24.6,3.95,3.15,0.7114,0.1606,0.128,1236.0,1242.75,1228.05,1235.5,0.5,14.7,6.75,7.45,0.034,0.4592,0.5068,1238.0,1244.75,1218.5,1234.4,3.6,26.25,6.75,15.9,0.1371,0.2571,0.6057,1,1,-1,0,0,0,0,0,0,0,0,1,0
1255.85,1267.0,1249.0,1265.1,6584612,9.25,18.0,1.9,6.85,0.5139,0.1056,0.3806,1235.55,1257.0,1232.4,1253.05,17.5,24.6,3.95,3.15,0.7114,0.1606,0.128,1236.0,1242.75,1228.05,1235.5,0.5,14.7,6.75,7.45,0.034,0.4592,0.5068,1,1,-1,0,0,0,0,0,0,0,0,0,0
1265.1,1270.55,1241.0,1264.6,7118453,0.5,29.55,5.45,23.6,0.0169,0.1844,0.7986,1255.85,1267.0,1249.0,1265.1,9.25,18.0,1.9,6.85,0.5139,0.1056,0.3806,1235.55,1257.0,1232.4,1253.05,17.5,24.6,3.95,3.15,0.7114,0.1606,0.128,1,1,-1,0,0,0,0,1,0,0,0,0,1
1251.0,1256.0,1237.55,1245.9,9252345,5.1,18.45,5.0,8.35,0.2764,0.271,0.4526,1265.1,1270.55,1241.0,1264.6,0.5,29.55,5.45,23.6,0.0169,0.1844,0.7986,1255.85,1267.0,1249.0,1265.1,9.25,18.0,1.9,6.85,0.5139,0.1056,0.3806,1,1,-1,0,0,0,0,0,0,0,0,0,1
1248.05,1288.8,1246.6,1285.2,16691069,37.15,42.2,3.6,1.45,0.8803,0.0853,0.0344,1251.0,1256.0,1237.55,1245.9,5.1,18.45,5.0,8.35,0.2764,0.271,0.4526,1265.1,1270.55,1241.0,1264.6,0.5,29.55,5.45,23.6,0.0169,0.1844,0.7986,1,1,-1,0,0,0,0,0,0,0,0,0,0
1282.65,1290.5,1276.7,1278.2,10112028,4.45,13.8,7.85,1.5,0.3225,0.5688,0.1087,1248.05,1288.8,1246.6,1285.2,37.15,42.2,3.6,1.45,0.8803,0.0853,0.0344,1251.0,1256.0,1237.55,1245.9,5.1,18.45,5.0,8.35,0.2764,0.271,0.4526,-1,-1,-1,-1,0,0,0,0,0,0,0,0,0
1273.7,1288.0,1270.35,1281.55,9956001,7.85,17.65,6.45,3.35,0.4448,0.3654,0.1898,1282.65,1290.5,1276.7,1278.2,4.45,13.8,7.85,1.5,0.3225,0.5688,0.1087,1248.05,1288.8,1246.6,1285.2,37.15,42.2,3.6,1.45,0.8803,0.0853,0.0344,-1,-1,-1,0,0,0,0,0,0,0,0,0,0
1276.15,1283.7,1262.0,1266.7,8764283,9.45,21.7,7.55,4.7,0.4355,0.3479,0.2166,1273.7,1288.0,1270.35,1281.55,7.85,17.65,6.45,3.35,0.4448,0.3654,0.1898,1282.65,1290.5,1276.7,1278.2,4.45,13.8,7.85,1.5,0.3225,0.5688,0.1087,-1,-1,-1,0,0,0,0,0,0,0,0,0,0
1264.5,1266.5,1245.55,1253.65,6970972,10.85,20.95,2.0,8.1,0.5179,0.0955,0.3866,1276.15,1283.7,1262.0,1266.7,9.45,21.7,7.55,4.7,0.4355,0.3479,0.2166,1273.7,1288.0,1270.35,1281.55,7.85,17.65,6.45,3.35,0.4448,0.3654,0.1898,-1,-1,-1,0,0,0,0,0,0,0,0,0,0
1264.55,1264.55,1230.1,1234.85,8859714,29.7,34.45,0.0,4.75,0.8621,0.0,0.1379,1264.5,1266.5,1245.55,1253.65,10.85,20.95,2.0,8.1,0.5179,0.0955,0.3866,1276.15,1283.7,1262.0,1266.7,9.45,21.7,7.55,4.7,0.4355,0.3479,0.2166,-1,-1,-1,0,0,0,0,0,0,0,0,0,0
1219.45,1226.9,1193.35,1216.55,21131654,2.9,33.55,7.45,23.2,0.0864,0.2221,0.6915,1264.55,1264.55,1230.1,1234.85,29.7,34.45,0.0,4.75,0.8621,0.0,0.1379,1264.5,1266.5,1245.55,1253.65,10.85,20.95,2.0,8.1,0.5179,0.0955,0.3866,-1,-1,-1,0,0,0,0,1,0,0,0,0,0
1217.05,1228.0,1212.0,1216.1,8511216,0.95,16.0,10.95,4.1,0.0594,0.6844,0.2562,1219.45,1226.9,1193.35,1216.55,2.9,33.55,7.45,23.2,0.0864,0.2221,0.6915,1264.55,1264.55,1230.1,1234.85,29.7,34.45,0.0,4.75,0.8621,0.0,0.1379,-1,-1,-1,0,0,0,0,1,0,0,0,0,0
1219.0,1224.0,1205.45,1217.25,10298145,1.75,18.55,5.0,11.8,0.0943,0.2695,0.6361,1217.05,1228.0,1212.0,1216.1,0.95,16.0,10.95,4.1,0.0594,0.6844,0.2562,1219.45,1226.9,1193.35,1216.55,2.9,33.55,7.45,23.2,0.0864,0.2221,0.6915,-1,-1,-1,0,0,0,0,1,0,0,0,0,0
1211.1,1227.5,1204.5,1224.9,8166683,13.8,23.0,2.6,6.6,0.6,0.113,0.287,1219.0,1224.0,1205.45,1217.25,1.75,18.55,5.0,11.8,0.0943,0.2695,0.6361,1217.05,1228.0,1212.0,1216.1,0.95,16.0,10.95,4.1,0.0594,0.6844,0.2562,-1,-1,-1,0,0,0,0,0,1,0,0,0,0
1224.85,1229.9,1216.1,1225.4,6673250,0.55,13.8,4.5,8.75,0.0399,0.3261,0.6341,1211.1,1227.5,1204.5,1224.9,13.8,23.0,2.6,6.6,0.6,0.113,0.287,1219.0,1224.0,1205.45,1217.25,1.75,18.55,5.0,11.8,0.0943,0.2695,0.6361,-1,-1,-1,0,0,0,0,1,0,0,0,0,0
1219.5,1232.75,1217.55,1227.45,6217338,7.95,15.2,5.3,1.95,0.523,0.3487,0.1283,1224.85,1229.9,1216.1,1225.4,0.55,13.8,4.5,8.75,0.0399,0.3261,0.6341,1211.1,1227.5,1204.5,1224.9,13.8,23.0,2.6,6.6,0.6,0.113,0.287,-1,-1,-1,0,0,0,0,0,0,0,0,0,0
1223.95,1239.35,1222.0,1233.0,7795582,9.05,17.35,6.35,1.95,0.5216,0.366,0.1124,1219.5,1232.75,1217.55,1227.45,7.95,15.2,5.3,1.95,0.523,0.3487,0.1283,1224.85,1229.9,1216.1,1225.4,0.55,13.8,4.5,8.75,0.0399,0.3261,0.6341,-1,-1,-1,0,0,0,0,0,0,0,0,0,0
1228.7,1240.0,1222.15,1228.15,6904025,0.55,17.85,11.3,6.0,0.0308,0.6331,0.3361,1223.95,1239.35,1222.0,1233.0,9.05,17.35,6.35,1.95,0.5216,0.366,0.1124,1219.5,1232.75,1217.55,1227.45,7.95,15.2,5.3,1.95,0.523,0.3487,0.1283,-1,-1,-1,0,0,0,0,1,0,0,0,0,0
1216.55,1223.25,1210.5,1214.55,7172498,2.0,12.75,6.7,4.05,0.1569,0.5255,0.3176,1228.7,1240.0,1222.15,1228.15,0.55,17.85,11.3,6.0,0.0308,0.6331,0.3361,1223.95,1239.35,1222.0,1233.0,9.05,17.35,6.35,1.95,0.5216,0.366,0.1124,-1,-1,-1,0,0,0,0,0,0,0,0,0,1
1211.0,1221.0,1201.5,1204.0,11552182,7.0,19.5,10.0,2.5,0.359,0.5128,0.1282,1216.55,1223.25,1210.5,1214.55,2.0,12.75,6.7,4.05,0.1569,0.5255,0.3176,1228.7,1240.0,1222.15,1228.15,0.55,17.85,11.3,6.0,0.0308,0.6331,0.3361,-1,-1,-1,0,0,0,0,0,0,0,0,0,0
1212.8,1215.0,1200.65,1207.1,11509215,5.7,14.35,2.2,6.45,0.3972,0.1533,0.4495,1211.0,1221.0,1201.5,1204.0,7.0,19.5,10.0,2.5,0.359,0.5128,0.1282,1216.55,1223.25,1210.5,1214.55,2.0,12.75,6.7,4.05,0.1569,0.5255,0.3176,-1,-1,-1,0,0,0,0,0,0,0,0,0,0
1202.0,1217.35,1193.3,1200.1,23007298,1.9,24.05,15.35,6.8,0.079,0.6383,0.2827,1212.8,1215.0,1200.65,1207.1,5.7,14.35,2.2,6.45,0.3972,0.1533,0.4495,1211.0,1221.0,1201.5,1204.0,7.0,19.5,10.0,2.5,0.359,0.5128,0.1282,-1,-1,-1,0,0,0,0,1,0,0,0,0,0
1204.0,1206.45,1156.0,1171.25,17944938,32.75,50.45,2.45,15.25,0.6492,0.0486,0.3023,1202.0,1217.35,1193.3,1200.1,1.9,24.05,15.35,6.8,0.079,0.6383,0.2827,1212.8,1215.0,1200.65,1207.1,5.7,14.35,2.2,6.45,0.3972,0.1533,0.4495,-1,-1,-1,0,0,0,0,0,0,0,0,0,0
1162.2,1174.0,1159.55,1161.9,11377373,0.3,14.45,11.8,2.35,0.0208,0.8166,0.1626,1204.0,1206.45,1156.0,1171.25,32.75,50.45,2.45,15.25,0.6492,0.0486,0.3023,1202.0,1217.35,1193.3,1200.1,1.9,24.05,15.35,6.8,0.079,0.6383,0.2827,-1,-1,-1,0,0,0,0,1,0,0,0,0,0
1161.0,1183.0,1157.0,1175.6,8664095,14.6,26.0,7.4,4.0,0.5615,0.2846,0.1538,1162.2,1174.0,1159.55,1161.9,0.3,14.45,11.8,2.35,0.0208,0.8166,0.1626,1204.0,1206.45,1156.0,1171.25,32.75,50.45,2.45,15.25,0.6492,0.0486,0.3023,-1,-1,-1,0,0,0,0,0,1,0,0,1,0
1197.0,1213.95,1185.15,1209.6,14468014,12.6,28.8,4.35,11.85,0.4375,0.151,0.4115,1161.0,1183.0,1157.0,1175.6,14.6,26.0,7.4,4.0,0.5615,0.2846,0.1538,1162.2,1174.0,1159.55,1161.9,0.3,14.45,11.8,2.35,0.0208,0.8166,0.1626,-1,-1,-1,0,0,0,0,0,0,0,0,0,0
1216.0,1254.8,1212.0,1249.8,16474965,33.8,42.8,5.0,4.0,0.7897,0.1168,0.0935,1197.0,1213.95,1185.15,1209.6,12.6,28.8,4.35,11.85,0.4375,0.151,0.4115,1161.0,1183.0,1157.0,1175.6,14.6,26.0,7.4,4.0,0.5615,0.2846,0.1538,-1,-1,-1,0,0,0,0,0,0,0,0,0,0
1245.0,1258.0,1235.4,1238.4,11931051,6.6,22.6,13.0,3.0,0.292,0.5752,0.1327,1216.0,1254.8,1212.0,1249.8,33.8,42.8,5.0,4.0,0.7897,0.1168,0.0935,1197.0,1213.95,1185.15,1209.6,12.6,28.8,4.35,11.85,0.4375,0.151,0.4115,-1,-1,-1,0,0,0,0,0,0,0,0,0,0
1240.0,1249.5,1229.75,1247.3,10089838,7.3,19.75,2.2,10.25,0.3696,0.1114,0.519,1245.0,1258.0,1235.4,1238.4,6.6,22.6,13.0,3.0,0.292,0.5752,0.1327,1216.0,1254.8,1212.0,1249.8,33.8,42.8,5.0,4.0,0.7897,0.1168,0.0935,-1,-1,-1,0,0,0,0,0,0,0,0,0,0
1258.0,1263.0,1244.0,1257.05,11977555,0.95,19.0,5.0,13.05,0.05,0.2632,0.6868,1240.0,1249.5,1229.75,1247.3,7.3,19.75,2.2,10.25,0.3696,0.1114,0.519,1245.0,1258.0,1235.4,1238.4,6.6,22.6,13.0,3.0,0.292,0.5752,0.1327,-1,-1,-1,0,0,0,0,1,0,0,0,0,0
1260.05,1264.15,1243.85,1247.9,9505270,12.15,20.3,4.1,4.05,0.5985,0.202,0.1995,1258.0,1263.0,1244.0,1257.05,0.95,19.0,5.0,13.05,0.05,0.2632,0.6868,1240.0,1249.5,1229.75,1247.3,7.3,19.75,2.2,10.25,0.3696,0.1114,0.519,-1,-1,-1,0,0,0,0,0,0,0,0,0,1
1242.15,1257.4,1233.1,1238.85,16640917,3.3,24.3,15.25,5.75,0.1358,0.6276,0.2366,1260.05,1264.15,1243.85,1247.9,12.15,20.3,4.1,4.05,0.5985,0.202,0.1995,1258.0,1263.0,1244.0,1257.05,0.95,19.0,5.0,13.05,0.05,0.2632,0.6868,-1,-1,-1,0,0,0,0,0,0,0,0,0,0
1238.85,1238.85,1238.85,1238.85,0,0.0,0.0,0.0,0.0,0.0,0.0,0.0,1242.15,1257.4,1233.1,1238.85,3.3,24.3,15.25,5.75,0.1358,0.6276,0.2366,1260.05,1264.15,1243.85,1247.9,12.15,20.3,4.1,4.05,0.5985,0.202,0.1995,-1,-1,-1,0,0,1,1,1,0,0,1,0,0
1241.05,1253.25,1238.8,1247.15,16162399,6.1,14.45,6.1,2.25,0.4221,0.4221,0.1557,1238.85,1238.85,1238.85,1238.85,0.0,0.0,0.0,0.0,0.0,0.0,0.0,1242.15,1257.4,1233.1,1238.85,3.3,24.3,15.25,5.75,0.1358,0.6276,0.2366,-1,-1,-1,0,0,0,0,0,0,0,0,1,0
1251.85,1273.0,1250.05,1269.15,15971477,17.3,22.95,3.85,1.8,0.7538,0.1678,0.0784,1241.05,1253.25,1238.8,1247.15,6.1,14.45,6.1,2.25,0.4221,0.4221,0.1557,1238.85,1238.85,1238.85,1238.85,0.0,0.0,0.0,0.0,0.0,0.0,0.0,-1,-1,-1,0,0,0,0,0,0,0,0,0,0
1275.0,1281.0,1270.1,1276.35,21780769,1.35,10.9,4.65,4.9,0.1239,0.4266,0.4495,1251.85,1273.0,1250.05,1269.15,17.3,22.95,3.85,1.8,0.7538,0.1678,0.0784,1241.05,1253.25,1238.8,1247.15,6.1,14.45,6.1,2.25,0.4221,0.4221,0.1557,-1,-1,-1,0,0,0,0,0,0,0,0,0,0
1291.0,1306.0,1284.25,1302.1,20299319,11.1,21.75,3.9,6.75,0.5103,0.1793,0.3103,1275.0,1281.0,1270.1,1276.35,1.35,10.9,4.65,4.9,0.1239,0.4266,0.4495,1251.85,1273.0,1250.05,1269.15,17.3,22.95,3.85,1.8,0.7538,0.1678,0.0784,-1,-1,-1,0,0,0,0,0,0,0,0,0,0
1307.7,1307.7,1282.6,1285.45,13713899,22.25,25.1,0.0,2.85,0.8865,0.0,0.1135,1291.0,1306.0,1284.25,1302.1,11.1,21.75,3.9,6.75,0.5103,0.1793,0.3103,1275.0,1281.0,1270.1,1276.35,1.35,10.9,4.65,4.9,0.1239,0.4266,0.4495,1,1,-1,1,0,0,0,0,0,1,0,0,0
1291.0,1293.8,1268.75,1273.05,12074747,17.95,25.05,2.8,4.3,0.7166,0.1118,0.1717,1307.7,1307.7,1282.6,1285.45,22.25,25.1,0.0,2.85,0.8865,0.0,0.1135,1291.0,1306.0,1284.25,1302.1,11.1,21.75,3.9,6.75,0.5103,0.1793,0.3103,1,1,-1,0,0,0,0,0,0,0,0,0,0
1278.15,1285.0,1271.3,1278.2,15028056,0.05,13.7,6.8,6.85,0.0036,0.4964,0.5,1291.0,1293.8,1268.75,1273.05,17.95,25.05,2.8,4.3,0.7166,0.1118,0.1717,1307.7,1307.7,1282.6,1285.45,22.25,25.1,0.0,2.85,0.8865,0.0,0.1135,1,1,-1,0,0,0,0,1,0,0,0,1,0
1280.0,1295.75,1269.0,1275.1,18147129,4.9,26.75,15.75,6.1,0.1832,0.5888,0.228,1278.15,1285.0,1271.3,1278.2,0.05,13.7,6.8,6.85,0.0036,0.4964,0.5,1291.0,1293.8,1268.75,1273.05,17.95,25.05,2.8,4.3,0.7166,0.1118,0.1717,1,1,-1,0,0,0,0,0,0,1,0,0,0
1264.6,1277.9,1249.3,1252.6,12099648,12.0,28.6,13.3,3.3,0.4196,0.465,0.1154,1280.0,1295.75,1269.0,1275.1,4.9,26.75,15.75,6.1,0.1832,0.5888,0.228,1278.15,1285.0,1271.3,1278.2,0.05,13.7,6.8,6.85,0.0036,0.4964,0.5,1,1,-1,0,0,0,0,0,0,0,0,0,0
1247.55,1255.55,1243.9,1251.15,10142590,3.6,11.65,4.4,3.65,0.309,0.3777,0.3133,1264.6,1277.9,1249.3,1252.6,12.0,28.6,13.3,3.3,0.4196,0.465,0.1154,1280.0,1295.75,1269.0,1275.1,4.9,26.75,15.75,6.1,0.1832,0.5888,0.228,1,1,-1,0,0,0,0,0,0,0,0,0,0
1233.05,1251.8,1233.05,1248.7,7434366,15.65,18.75,3.1,0.0,0.8347,0.1653,0.0,1247.55,1255.55,1243.9,1251.15,3.6,11.65,4.4,3.65,0.309,0.3777,0.3133,1264.6,1277.9,1249.3,1252.6,12.0,28.6,13.3,3.3,0.4196,0.465,0.1154,1,1,-1,0,0,0,0,0,0,0,0,1,0
1241.1,1245.45,1193.15,1204.7,17908652,36.4,52.3,4.35,11.55,0.696,0.0832,0.2208,1233.05,1251.8,1233.05,1248.7,15.65,18.75,3.1,0.0,0.8347,0.1653,0.0,1247.55,1255.55,1243.9,1251.15,3.6,11.65,4.4,3.65,0.309,0.3777,0.3133,1,1,-1,0,0,0,0,0,0,0,0,0,0
1132.2,1171.25,1114.85,1165.7,22156106,33.5,56.4,5.55,17.35,0.594,0.0984,0.3076,1241.1,1245.45,1193.15,1204.7,36.4,52.3,4.35,11.55,0.696,0.0832,0.2208,1233.05,1251.8,1233.05,1248.7,15.65,18.75,3.1,0.0,0.8347,0.1653,0.0,-1,-1,-1,-1,0,0,0,0,0,0,0,0,0
1172.0,1196.6,1163.3,1182.2,19555040,10.2,33.3,14.4,8.7,0.3063,0.4324,0.2613,1132.2,1171.25,1114.85,1165.7,33.5,56.4,5.55,17.35,0.594,0.0984,0.3076,1241.1,1245.45,1193.15,1204.7,36.4,52.3,4.35,11.55,0.696,0.0832,0.2208,-1,-1,-1,0,0,0,0,0,0,0,0,1,0
1169.5,1189.8,1168.0,1185.35,10223104,15.85,21.8,4.45,1.5,0.7271,0.2041,0.0688,1172.0,1196.6,1163.3,1182.2,10.2,33.3,14.4,8.7,0.3063,0.4324,0.2613,1132.2,1171.25,1114.85,1165.7,33.5,56.4,5.55,17.35,0.594,0.0984,0.3076,-1,-1,-1,0,0,0,0,0,0,0,0,0,0
1195.15,1222.65,1195.15,1218.95,11224242,23.8,27.5,3.7,0.0,0.8655,0.1345,0.0,1169.5,1189.8,1168.0,1185.35,15.85,21.8,4.45,1.5,0.7271,0.2041,0.0688,1172.0,1196.6,1163.3,1182.2,10.2,33.3,14.4,8.7,0.3063,0.4324,0.2613,-1,-1,-1,0,0,0,0,0,0,0,0,0,0
1251.0,1251.0,1237.1,1240.1,13378535,10.9,13.9,0.0,3.0,0.7842,0.0,0.2158,1195.15,1222.65,1195.15,1218.95,23.8,27.5,3.7,0.0,0.8655,0.1345,0.0,1169.5,1189.8,1168.0,1185.35,15.85,21.8,4.45,1.5,0.7271,0.2041,0.0688,-1,-1,-1,0,0,0,0,0,0,0,0,0,0
1234.1,1240.9,1229.0,1239.3,8248464,5.2,11.9,1.6,5.1,0.437,0.1345,0.4286,1251.0,1251.0,1237.1,1240.1,10.9,13.9,0.0,3.0,0.7842,0.0,0.2158,1195.15,1222.65,1195.15,1218.95,23.8,27.5,3.7,0.0,0.8655,0.1345,0.0,-1,-1,-1,0,0,0,0,0,0,0,0,0,0
1240.2,1280.2,1227.6,1274.5,15398401,34.3,52.6,5.7,12.6,0.6521,0.1084,0.2395,1234.1,1240.9,1229.0,1239.3,5.2,11.9,1.6,5.1,0.437,0.1345,0.4286,1251.0,1251.0,1237.1,1240.1,10.9,13.9,0.0,3.0,0.7842,0.0,0.2158,-1,-1,-1,0,0,0,0,0,0,0,0,1,0
1270.0,1300.9,1267.0,1295.5,10429964,25.5,33.9,5.4,3.0,0.7522,0.1593,0.0885,1240.2,1280.2,1227.6,1274.5,34.3,52.6,5.7,12.6,0.6521,0.1084,0.2395,1234.1,1240.9,1229.0,1239.3,5.2,11.9,1.6,5.1,0.437,0.1345,0.4286,-1,-1,-1,0,0,0,0,0,0,0,0,0,0
1300.0,1303.9,1286.3,1291.2,13051707,8.8,17.6,3.9,4.9,0.5,0.2216,0.2784,1270.0,1300.9,1267.0,1295.5,25.5,33.9,5.4,3.0,0.7522,0.1593,0.0885,1240.2,1280.2,1227.6,1274.5,34.3,52.6,5.7,12.6,0.6521,0.1084,0.2395,-1,-1,-1,0,0,0,0,0,0,0,0,0,1
1297.0,1306.0,1285.4,1300.0,10480888,3.0,20.6,6.0,11.6,0.1456,0.2913,0.5631,1300.0,1303.9,1286.3,1291.2,8.8,17.6,3.9,4.9,0.5,0.2216,0.2784,1270.0,1300.9,1267.0,1295.5,25.5,33.9,5.4,3.0,0.7522,0.1593,0.0885,-1,-1,-1,0,0,0,0,0,0,0,0,0,0
1292.4,1304.5,1290.3,1301.6,10468940,9.2,14.2,2.9,2.1,0.6479,0.2042,0.1479,1297.0,1306.0,1285.4,1300.0,3.0,20.6,6.0,11.6,0.1456,0.2913,0.5631,1300.0,1303.9,1286.3,1291.2,8.8,17.6,3.9,4.9,0.5,0.2216,0.2784,-1,-1,-1,0,0,0,0,0,0,0,0,1,0
1303.5,1325.2,1288.1,1300.4,14431012,3.1,37.1,21.7,12.3,0.0836,0.5849,0.3315,1292.4,1304.5,1290.3,1301.6,9.2,14.2,2.9,2.1,0.6479,0.2042,0.1479,1297.0,1306.0,1285.4,1300.0,3.0,20.6,6.0,11.6,0.1456,0.2913,0.5631,-1,-1,-1,0,0,0,0,1,0,0,0,0,0
1340.0,1374.6,1320.2,1368.8,31104496,28.8,54.4,5.8,19.8,0.5294,0.1066,0.364,1303.5,1325.2,1288.1,1300.4,3.1,37.1,21.7,12.3,0.0836,0.5849,0.3315,1292.4,1304.5,1290.3,1301.6,9.2,14.2,2.9,2.1,0.6479,0.2042,0.1479,-1,-1,-1,0,0,0,0,0,0,0,0,0,0
1371.0,1410.9,1370.0,1399.7,32538970,28.7,40.9,11.2,1.0,0.7017,0.2738,0.0244,1340.0,1374.6,1320.2,1368.8,28.8,54.4,5.8,19.8,0.5294,0.1066,0.364,1303.5,1325.2,1288.1,1300.4,3.1,37.1,21.7,12.3,0.0836,0.5849,0.3315,-1,-1,-1,0,0,0,0,0,0,0,0,0,0
1402.0,1412.4,1369.0,1405.0,25480745,3.0,43.4,7.4,33.0,0.0691,0.1705,0.7604,1371.0,1410.9,1370.0,1399.7,28.7,40.9,11.2,1.0,0.7017,0.2738,0.0244,1340.0,1374.6,1320.2,1368.8,28.8,54.4,5.8,19.8,0.5294,0.1066,0.364,-1,-1,-1,0,0,0,0,1,0,0,0,0,0
1414.0,1426.7,1409.1,1419.8,13007841,5.8,17.6,6.9,4.9,0.3295,0.392,0.2784,1402.0,1412.4,1369.0,1405.0,3.0,43.4,7.4,33.0,0.0691,0.1705,0.7604,1371.0,1410.9,1370.0,1399.7,28.7,40.9,11.2,1.0,0.7017,0.2738,0.0244,-1,-1,-1,0,0,0,0,0,0,0,0,0,0
1431.0,1439.5,1426.9,1431.3,12685649,0.3,12.6,8.2,4.1,0.0238,0.6508,0.3254,1414.0,1426.7,1409.1,1419.8,5.8,17.6,6.9,4.9,0.3295,0.392,0.2784,1402.0,1412.4,1369.0,1405.0,3.0,43.4,7.4,33.0,0.0691,0.1705,0.7604,1,1,-1,1,0,0,0,1,0,0,0,0,0
1431.0,1432.0,1410.6,1420.9,14084117,10.1,21.4,1.0,10.3,0.472,0.0467,0.4813,1431.0,1439.5,1426.9,1431.3,0.3,12.6,8.2,4.1,0.0238,0.6508,0.3254,1414.0,1426.7,1409.1,1419.8,5.8,17.6,6.9,4.9,0.3295,0.392,0.2784,1,1,-1,0,0,0,0,0,0,0,0,0,1
1420.9,1424.4,1402.7,1406.0,13440169,14.9,21.7,3.5,3.3,0.6866,0.1613,0.1521,1431.0,1432.0,1410.6,1420.9,10.1,21.4,1.0,10.3,0.472,0.0467,0.4813,1431.0,1439.5,1426.9,1431.3,0.3,12.6,8.2,4.1,0.0238,0.6508,0.3254,1,1,-1,0,0,0,0,0,0,0,0,0,0
1404.1,1420.8,1398.0,1407.0,16106175,2.9,22.8,13.8,6.1,0.1272,0.6053,0.2675,1420.9,1424.4,1402.7,1406.0,14.9,21.7,3.5,3.3,0.6866,0.1613,0.1521,1431.0,1432.0,1410.6,1420.9,10.1,21.4,1.0,10.3,0.472,0.0467,0.4813,1,1,-1,0,0,0,0,0,0,0,0,0,0
1385.5,1394.8,1374.5,1377.2,13668904,8.3,20.3,9.3,2.7,0.4089,0.4581,0.133,1404.1,1420.8,1398.0,1407.0,2.9,22.8,13.8,6.1,0.1272,0.6053,0.2675,1420.9,1424.4,1402.7,1406.0,14.9,21.7,3.5,3.3,0.6866,0.1613,0.1521,1,1,-1,0,0,0,0,0,0,0,0,0,0
1400.0,1439.0,1400.0,1436.5,10674081,36.5,39.0,2.5,0.0,0.9359,0.0641,0.0,1385.5,1394.8,1374.5,1377.2,8.3,20.3,9.3,2.7,0.4089,0.4581,0.133,1404.1,1420.8,1398.0,1407.0,2.9,22.8,13.8,6.1,0.1272,0.6053,0.2675,1,1,-1,0,0,0,0,0,0,0,0,0,0
1433.5,1447.7,1412.4,1415.7,11407896,17.8,35.3,14.2,3.3,0.5042,0.4023,0.0935,1400.0,1439.0,1400.0,1436.5,36.5,39.0,2.5,0.0,0.9359,0.0641,0.0,1385.5,1394.8,1374.5,1377.2,8.3,20.3,9.3,2.7,0.4089,0.4581,0.133,1,1,-1,0,0,0,0,0,0,0,0,0,0
1420.0,1429.9,1415.5,1424.4,5570160,4.4,14.4,5.5,4.5,0.3056,0.3819,0.3125,1433.5,1447.7,1412.4,1415.7,17.8,35.3,14.2,3.3,0.5042,0.4023,0.0935,1400.0,1439.0,1400.0,1436.5,36.5,39.0,2.5,0.0,0.9359,0.0641,0.0,1,1,-1,0,0,0,0,0,0,0,0,0,0
1425.0,1461.4,1412.7,1454.2,20177211,29.2,48.7,7.2,12.3,0.5996,0.1478,0.2526,1420.0,1429.9,1415.5,1424.4,4.4,14.4,5.5,4.5,0.3056,0.3819,0.3125,1433.5,1447.7,1412.4,1415.7,17.8,35.3,14.2,3.3,0.5042,0.4023,0.0935,1,1,1,0,0,0,0,0,0,0,0,1,0
1453.2,1461.0,1447.3,1456.4,9036695,3.2,13.7,4.6,5.9,0.2336,0.3358,0.4307,1425.0,1461.4,1412.7,1454.2,29.2,48.7,7.2,12.3,0.5996,0.1478,0.2526,1420.0,1429.9,1415.5,1424.4,4.4,14.4,5.5,4.5,0.3056,0.3819,0.3125,1,1,1,0,0,0,0,0,0,0,0,0,0
1452.1,1454.6,1438.2,1440.8,6195791,11.3,16.4,2.5,2.6,0.689,0.1524,0.1585,1453.2,1461.0,1447.3,1456.4,3.2,13.7,4.6,5.9,0.2336,0.3358,0.4307,1425.0,1461.4,1412.7,1454.2,29.2,48.7,7.2,12.3,0.5996,0.1478,0.2526,1,1,1,0,0,0,0,0,0,0,0,0,1
1438.2,1445.0,1421.8,1424.6,11270560,13.6,23.2,6.8,2.8,0.5862,0.2931,0.1207,1452.1,1454.6,1438.2,1440.8,11.3,16.4,2.5,2.6,0.689,0.1524,0.1585,1453.2,1461.0,1447.3,1456.4,3.2,13.7,4.6,5.9,0.2336,0.3358,0.4307,1,1,1,0,0,0,0,0,0,0,0,0,0
1423.9,1436.2,1418.1,1429.2,6136364,5.3,18.1,7.0,5.8,0.2928,0.3867,0.3204,1438.2,1445.0,1421.8,1424.6,13.6,23.2,6.8,2.8,0.5862,0.2931,0.1207,1452.1,1454.6,1438.2,1440.8,11.3,16.4,2.5,2.6,0.689,0.1524,0.1585,1,1,1,0,0,0,0,0,0,0,0,0,0
1421.2,1423.8,1396.9,1409.4,12134466,11.8,26.9,2.6,12.5,0.4387,0.0967,0.4647,1423.9,1436.2,1418.1,1429.2,5.3,18.1,7.0,5.8,0.2928,0.3867,0.3204,1438.2,1445.0,1421.8,1424.6,13.6,23.2,6.8,2.8,0.5862,0.2931,0.1207,1,1,1,0,0,0,0,0,0,0,0,0,0
1406.6,1433.8,1406.6,1426.8,6474883,20.2,27.2,7.0,0.0,0.7426,0.2574,0.0,1421.2,1423.8,1396.9,1409.4,11.8,26.9,2.6,12.5,0.4387,0.0967,0.4647,1423.9,1436.2,1418.1,1429.2,5.3,18.1,7.0,5.8,0.2928,0.3867,0.3204,1,1,1,0,0,0,0,0,1,0,0,0,0
1432.0,1441.0,1425.1,1434.8,4842944,2.8,15.9,6.2,6.9,0.1761,0.3899,0.434,1406.6,1433.8,1406.6,1426.8,20.2,27.2,7.0,0.0,0.7426,0.2574,0.0,1421.2,1423.8,1396.9,1409.4,11.8,26.9,2.6,12.5,0.4387,0.0967,0.4647,1,1,1,0,0,0,0,0,0,0,0,0,0
1426.1,1437.0,1413.9,1422.1,12640414,4.0,23.1,10.9,8.2,0.1732,0.4719,0.355,1432.0,1441.0,1425.1,1434.8,2.8,15.9,6.2,6.9,0.1761,0.3899,0.434,1406.6,1433.8,1406.6,1426.8,20.2,27.2,7.0,0.0,0.7426,0.2574,0.0,1,1,1,0,0,0,0,0,0,0,0,0,1
1420.1,1422.6,1410.7,1412.9,5944611,7.2,11.9,2.5,2.2,0.605,0.2101,0.1849,1426.1,1437.0,1413.9,1422.1,4.0,23.1,10.9,8.2,0.1732,0.4719,0.355,1432.0,1441.0,1425.1,1434.8,2.8,15.9,6.2,6.9,0.1761,0.3899,0.434,1,1,1,0,0,0,0,0,0,0,0,0,0
1412.1,1420.0,1408.6,1417.8,13771917,5.7,11.4,2.2,3.5,0.5,0.193,0.307,1420.1,1422.6,1410.7,1412.9,7.2,11.9,2.5,2.2,0.605,0.2101,0.1849,1426.1,1437.0,1413.9,1422.1,4.0,23.1,10.9,8.2,0.1732,0.4719,0.355,1,1,1,0,0,0,0,0,0,0,0,0,0
1418.0,1430.6,1409.7,1420.9,13788484,2.9,20.9,9.7,8.3,0.1388,0.4641,0.3971,1412.1,1420.0,1408.6,1417.8,5.7,11.4,2.2,3.5,0.5,0.193,0.307,1420.1,1422.6,1410.7,1412.9,7.2,11.9,2.5,2.2,0.605,0.2101,0.1849,1,1,1,0,0,0,0,0,0,0,0,1,0
1412.1,1417.5,1395.6,1413.7,8098668,1.6,21.9,3.8,16.5,0.0731,0.1735,0.7534,1418.0,1430.6,1409.7,1420.9,2.9,20.9,9.7,8.3,0.1388,0.4641,0.3971,1412.1,1420.0,1408.6,1417.8,5.7,11.4,2.2,3.5,0.5,0.193,0.307,-1,-1,1,-1,0,0,0,1,0,0,0,0,0
1422.3,1426.5,1403.4,1405.5,11252626,16.8,23.1,4.2,2.1,0.7273,0.1818,0.0909,1412.1,1417.5,1395.6,1413.7,1.6,21.9,3.8,16.5,0.0731,0.1735,0.7534,1418.0,1430.6,1409.7,1420.9,2.9,20.9,9.7,8.3,0.1388,0.4641,0.3971,-1,-1,1,0,0,0,0,0,0,1,0,0,1
1414.7,1425.7,1406.1,1423.5,8126827,8.8,19.6,2.2,8.6,0.449,0.1122,0.4388,1422.3,1426.5,1403.4,1405.5,16.8,23.1,4.2,2.1,0.7273,0.1818,0.0909,1412.1,1417.5,1395.6,1413.7,1.6,21.9,3.8,16.5,0.0731,0.1735,0.7534,-1,-1,1,0,0,0,0,0,0,0,0,0,0
1428.0,1454.7,1423.6,1442.4,13716817,14.4,31.1,12.3,4.4,0.463,0.3955,0.1415,1414.7,1425.7,1406.1,1423.5,8.8,19.6,2.2,8.6,0.449,0.1122,0.4388,1422.3,1426.5,1403.4,1405.5,16.8,23.1,4.2,2.1,0.7273,0.1818,0.0909,-1,-1,1,0,0,0,0,0,0,0,0,1,0
1441.0,1451.5,1437.0,1443.5,8182161,2.5,14.5,8.0,4.0,0.1724,0.5517,0.2759,1428.0,1454.7,1423.6,1442.4,14.4,31.1,12.3,4.4,0.463,0.3955,0.1415,1414.7,1425.7,1406.1,1423.5,8.8,19.6,2.2,8.6,0.449,0.1122,0.4388,-1,-1,1,0,0,0,0,0,0,0,0,0,0
1457.0,1457.5,1445.3,1448.8,7885125,8.2,12.2,0.5,3.5,0.6721,0.041,0.2869,1441.0,1451.5,1437.0,1443.5,2.5,14.5,8.0,4.0,0.1724,0.5517,0.2759,1428.0,1454.7,1423.6,1442.4,14.4,31.1,12.3,4.4,0.463,0.3955,0.1415,-1,-1,1,0,0,0,0,0,0,0,0,0,1
1450.0,1453.9,1436.0,1438.5,7913181,11.5,17.9,3.9,2.5,0.6425,0.2179,0.1397,1457.0,1457.5,1445.3,1448.8,8.2,12.2,0.5,3.5,0.6721,0.041,0.2869,1441.0,1451.5,1437.0,1443.5,2.5,14.5,8.0,4.0,0.1724,0.5517,0.2759,-1,-1,1,0,0,0,0,0,0,0,0,0,0
1445.8,1468.6,1443.1,1448.9,8195700,3.1,25.5,19.7,2.7,0.1216,0.7725,0.1059,1450.0,1453.9,1436.0,1438.5,11.5,17.9,3.9,2.5,0.6425,0.2179,0.1397,1457.0,1457.5,1445.3,1448.8,8.2,12.2,0.5,3.5,0.6721,0.041,0.2869,1,1,1,1,1,0,1,0,0,0,0,0,0
1453.5,1457.0,1434.4,1441.6,8828114,11.9,22.6,3.5,7.2,0.5265,0.1549,0.3186,1445.8,1468.6,1443.1,1448.9,3.1,25.5,19.7,2.7,0.1216,0.7725,0.1059,1450.0,1453.9,1436.0,1438.5,11.5,17.9,3.9,2.5,0.6425,0.2179,0.1397,1,1,1,0,0,0,0,0,0,1,0,0,0
1424.0,1435.5,1414.3,1427.9,9757276,3.9,21.2,7.6,9.7,0.184,0.3585,0.4575,1453.5,1457.0,1434.4,1441.6,11.9,22.6,3.5,7.2,0.5265,0.1549,0.3186,1445.8,1468.6,1443.1,1448.9,3.1,25.5,19.7,2.7,0.1216,0.7725,0.1059,1,1,1,0,0,0,0,0,0,0,0,0,0
1426.9,1442.4,1424.4,1437.8,8458093,10.9,18.0,4.6,2.5,0.6056,0.2556,0.1389,1424.0,1435.5,1414.3,1427.9,3.9,21.2,7.6,9.7,0.184,0.3585,0.4575,1453.5,1457.0,1434.4,1441.6,11.9,22.6,3.5,7.2,0.5265,0.1549,0.3186,1,1,1,0,0,0,0,0,0,0,0,1,0
1448.0,1448.0,1425.8,1431.2,10366599,16.8,22.2,0.0,5.4,0.7568,0.0,0.2432,1426.9,1442.4,1424.4,1437.8,10.9,18.0,4.6,2.5,0.6056,0.2556,0.1389,1424.0,1435.5,1414.3,1427.9,3.9,21.2,7.6,9.7,0.184,0.3585,0.4575,1,1,1,0,0,0,0,0,0,0,0,0,0
1430.0,1442.8,1425.7,1430.1,6681735,0.1,17.1,12.7,4.3,0.0058,0.7427,0.2515,1448.0,1448.0,1425.8,1431.2,16.8,22.2,0.0,5.4,0.7568,0.0,0.2432,1426.9,1442.4,1424.4,1437.8,10.9,18.0,4.6,2.5,0.6056,0.2556,0.1389,1,1,1,0,0,0,0,1,0,0,0,0,0
1430.1,1439.9,1425.7,1433.3,10007230,3.2,14.2,6.6,4.4,0.2254,0.4648,0.3099,1430.0,1442.8,1425.7,1430.1,0.1,17.1,12.7,4.3,0.0058,0.7427,0.2515,1448.0,1448.0,1425.8,1431.2,16.8,22.2,0.0,5.4,0.7568,0.0,0.2432,1,1,1,0,0,0,0,0,0,0,0,1,0
1431.0,1471.0,1428.1,1466.2,29010635,35.2,42.9,4.8,2.9,0.8205,0.1119,0.0676,1430.1,1439.9,1425.7,1433.3,3.2,14.2,6.6,4.4,0.2254,0.4648,0.3099,1430.0,1442.8,1425.7,1430.1,0.1,17.1,12.7,4.3,0.0058,0.7427,0.2515,1,1,1,0,0,0,0,0,0,0,0,0,0
1453.0,1463.8,1442.0,1456.8,5989078,3.8,21.8,7.0,11.0,0.1743,0.3211,0.5046,1431.0,1471.0,1428.1,1466.2,35.2,42.9,4.8,2.9,0.8205,0.1119,0.0676,1430.1,1439.9,1425.7,1433.3,3.2,14.2,6.6,4.4,0.2254,0.4648,0.3099,1,1,1,0,0,0,0,0,0,0,0,0,0
1465.0,1475.0,1443.1,1450.8,16402744,14.2,31.9,10.0,7.7,0.4451,0.3135,0.2414,1453.0,1463.8,1442.0,1456.8,3.8,21.8,7.0,11.0,0.1743,0.3211,0.5046,1431.0,1471.0,1428.1,1466.2,35.2,42.9,4.8,2.9,0.8205,0.1119,0.0676,1,1,1,0,0,0,0,0,0,1,0,0,1
1464.0,1472.4,1460.5,1467.3,7525851,3.3,11.9,5.1,3.5,0.2773,0.4286,0.2941,1465.0,1475.0,1443.1,1450.8,14.2,31.9,10.0,7.7,0.4451,0.3135,0.2414,1453.0,1463.8,1442.0,1456.8,3.8,21.8,7.0,11.0,0.1743,0.3211,0.5046,1,1,1,0,0,0,0,0,0,0,0,0,0
1469.1,1498.8,1465.1,1495.3,14657893,26.2,33.7,3.5,4.0,0.7774,0.1039,0.1187,1464.0,1472.4,1460.5,1467.3,3.3,11.9,5.1,3.5,0.2773,0.4286,0.2941,1465.0,1475.0,1443.1,1450.8,14.2,31.9,10.0,7.7,0.4451,0.3135,0.2414,1,1,1,0,0,0,0,0,0,0,0,1,0
1499.4,1522.0,1496.9,1515.4,11117052,16.0,25.1,6.6,2.5,0.6375,0.2629,0.0996,1469.1,1498.8,1465.1,1495.3,26.2,33.7,3.5,4.0,0.7774,0.1039,0.1187,1464.0,1472.4,1460.5,1467.3,3.3,11.9,5.1,3.5,0.2773,0.4286,0.2941,1,1,1,0,0,0,0,0,0,0,0,0,0
1513.8,1524.8,1496.0,1500.6,8409527,13.2,28.8,11.0,4.6,0.4583,0.3819,0.1597,1499.4,1522.0,1496.9,1515.4,16.0,25.1,6.6,2.5,0.6375,0.2629,0.0996,1469.1,1498.8,1465.1,1495.3,26.2,33.7,3.5,4.0,0.7774,0.1039,0.1187,1,1,1,0,0,0,0,0,0,0,0,0,1
1500.6,1531.4,1500.1,1528.4,10368523,27.8,31.3,3.0,0.5,0.8882,0.0958,0.016,1513.8,1524.8,1496.0,1500.6,13.2,28.8,11.0,4.6,0.4583,0.3819,0.1597,1499.4,1522.0,1496.9,1515.4,16.0,25.1,6.6,2.5,0.6375,0.2629,0.0996,1,1,1,0,0,0,0,0,0,0,0,0,0
1528.4,1530.0,1508.7,1518.8,6361002,9.6,21.3,1.6,10.1,0.4507,0.0751,0.4742,1500.6,1531.4,1500.1,1528.4,27.8,31.3,3.0,0.5,0.8882,0.0958,0.016,1513.8,1524.8,1496.0,1500.6,13.2,28.8,11.0,4.6,0.4583,0.3819,0.1597,1,1,1,0,0,0,0,0,0,0,0,0,0
1520.8,1531.9,1513.0,1517.8,11283291,3.0,18.9,11.1,4.8,0.1587,0.5873,0.254,1528.4,1530.0,1508.7,1518.8,9.6,21.3,1.6,10.1,0.4507,0.0751,0.4742,1500.6,1531.4,1500.1,1528.4,27.8,31.3,3.0,0.5,0.8882,0.0958,0.016,1,1,1,0,0,0,0,0,0,0,0,0,1
1524.0,1530.0,1517.2,1527.3,6603501,3.3,12.8,2.7,6.8,0.2578,0.2109,0.5312,1520.8,1531.9,1513.0,1517.8,3.0,18.9,11.1,4.8,0.1587,0.5873,0.254,1528.4,1530.0,1508.7,1518.8,9.6,21.3,1.6,10.1,0.4507,0.0751,0.4742,1,1,1,0,0,1,0,0,0,0,0,1,0
1526.6,1544.8,1525.0,1541.5,7251074,14.9,19.8,3.3,1.6,0.7525,0.1667,0.0808,1524.0,1530.0,1517.2,1527.3,3.3,12.8,2.7,6.8,0.2578,0.2109,0.5312,1520.8,1531.9,1513.0,1517.8,3.0,18.9,11.1,4.8,0.1587,0.5873,0.254,1,1,1,0,0,0,0,0,0,0,0,0,0
1536.0,1544.9,1530.2,1537.6,7171261,1.6,14.7,7.3,5.8,0.1088,0.4966,0.3946,1526.6,1544.8,1525.0,1541.5,14.9,19.8,3.3,1.6,0.7525,0.1667,0.0808,1524.0,1530.0,1517.2,1527.3,3.3,12.8,2.7,6.8,0.2578,0.2109,0.5312,1,1,1,0,0,0,0,0,0,0,0,0,0
1536.7,1551.0,1510.1,1519.0,8870660,17.7,40.9,14.3,8.9,0.4328,0.3496,0.2176,1536.0,1544.9,1530.2,1537.6,1.6,14.7,7.3,5.8,0.1088,0.4966,0.3946,1526.6,1544.8,1525.0,1541.5,14.9,19.8,3.3,1.6,0.7525,0.1667,0.0808,1,1,1,0,0,0,0,0,0,0,0,0,1
1519.7,1524.7,1507.5,1517.2,10047129,2.5,17.2,5.0,9.7,0.1453,0.2907,0.564,1536.7,1551.0,1510.1,1519.0,17.7,40.9,14.3,8.9,0.4328,0.3496,0.2176,1536.0,1544.9,1530.2,1537.6,1.6,14.7,7.3,5.8,0.1088,0.4966,0.3946,1,1,1,0,0,0,0,0,0,0,0,0,0
1512.0,1515.0,1490.3,1495.2,7234991,16.8,24.7,3.0,4.9,0.6802,0.1215,0.1984,1519.7,1524.7,1507.5,1517.2,2.5,17.2,5.0,9.7,0.1453,0.2907,0.564,1536.7,1551.0,1510.1,1519.0,17.7,40.9,14.3,8.9,0.4328,0.3496,0.2176,1,1,1,0,0,0,0,0,0,0,0,0,0
1492.2,1500.0,1479.1,1483.7,10311846,8.5,20.9,7.8,4.6,0.4067,0.3732,0.2201,1512.0,1515.0,1490.3,1495.2,16.8,24.7,3.0,4.9,0.6802,0.1215,0.1984,1519.7,1524.7,1507.5,1517.2,2.5,17.2,5.0,9.7,0.1453,0.2907,0.564,1,1,1,0,0,0,0,0,0,0,0,0,0
1486.2,1496.5,1482.4,1485.4,8132454,0.8,14.1,10.3,3.0,0.0567,0.7305,0.2128,1492.2,1500.0,1479.1,1483.7,8.5,20.9,7.8,4.6,0.4067,0.3732,0.2201,1512.0,1515.0,1490.3,1495.2,16.8,24.7,3.0,4.9,0.6802,0.1215,0.1984,1,1,1,0,0,0,0,1,0,0,0,0,0
1473.0,1491.0,1471.5,1485.6,10409983,12.6,19.5,5.4,1.5,0.6462,0.2769,0.0769,1486.2,1496.5,1482.4,1485.4,0.8,14.1,10.3,3.0,0.0567,0.7305,0.2128,1492.2,1500.0,1479.1,1483.7,8.5,20.9,7.8,4.6,0.4067,0.3732,0.2201,1,1,1,0,0,0,0,0,0,0,0,1,0
1487.4,1489.6,1473.9,1476.4,11854613,11.0,15.7,2.2,2.5,0.7006,0.1401,0.1592,1473.0,1491.0,1471.5,1485.6,12.6,19.5,5.4,1.5,0.6462,0.2769,0.0769,1486.2,1496.5,1482.4,1485.4,0.8,14.1,10.3,3.0,0.0567,0.7305,0.2128,1,1,1,0,0,0,0,0,0,0,0,0,0
1484.8,1484.8,1469.1,1476.0,10296318,8.8,15.7,0.0,6.9,0.5605,0.0,0.4395,1487.4,1489.6,1473.9,1476.4,11.0,15.7,2.2,2.5,0.7006,0.1401,0.1592,1473.0,1491.0,1471.5,1485.6,12.6,19.5,5.4,1.5,0.6462,0.2769,0.0769,1,1,1,0,0,0,0,0,0,0,0,0,1
1465.0,1476.0,1423.1,1428.6,22442744,36.4,52.9,11.0,5.5,0.6881,0.2079,0.104,1484.8,1484.8,1469.1,1476.0,8.8,15.7,0.0,6.9,0.5605,0.0,0.4395,1487.4,1489.6,1473.9,1476.4,11.0,15.7,2.2,2.5,0.7006,0.1401,0.1592,1,1,1,0,0,0,0,0,0,0,0,0,0
1427.4,1431.9,1410.7,1412.8,20396320,14.6,21.2,4.5,2.1,0.6887,0.2123,0.0991,1465.0,1476.0,1423.1,1428.6,36.4,52.9,11.0,5.5,0.6881,0.2079,0.104,1484.8,1484.8,1469.1,1476.0,8.8,15.7,0.0,6.9,0.5605,0.0,0.4395,1,1,1,0,0,0,0,0,0,0,0,0,0
1426.0,1426.0,1414.4,1424.6,8354596,1.4,11.6,0.0,10.2,0.1207,0.0,0.8793,1427.4,1431.9,1410.7,1412.8,14.6,21.2,4.5,2.1,0.6887,0.2123,0.0991,1465.0,1476.0,1423.1,1428.6,36.4,52.9,11.0,5.5,0.6881,0.2079,0.104,1,1,1,0,0,1,0,0,0,0,0,0,0
1419.2,1423.0,1396.0,1402.9,14740507,16.3,27.0,3.8,6.9,0.6037,0.1407,0.2556,1426.0,1426.0,1414.4,1424.6,1.4,11.6,0.0,10.2,0.1207,0.0,0.8793,1427.4,1431.9,1410.7,1412.8,14.6,21.2,4.5,2.1,0.6887,0.2123,0.0991,1,1,1,0,0,0,0,0,0,0,0,0,0
1398.9,1401.0,1384.1,1391.7,11854722,7.2,16.9,2.1,7.6,0.426,0.1243,0.4497,1419.2,1423.0,1396.0,1402.9,16.3,27.0,3.8,6.9,0.6037,0.1407,0.2556,1426.0,1426.0,1414.4,1424.6,1.4,11.6,0.0,10.2,0.1207,0.0,0.8793,1,1,1,0,0,0,0,0,0,0,0,0,0
1392.3,1407.8,1385.0,1387.6,7748361,4.7,22.8,15.5,2.6,0.2061,0.6798,0.114,1398.9,1401.0,1384.1,1391.7,7.2,16.9,2.1,7.6,0.426,0.1243,0.4497,1419.2,1423.0,1396.0,1402.9,16.3,27.0,3.8,6.9,0.6037,0.1407,0.2556,1,1,1,0,0,0,1,0,0,0,0,0,0
1383.0,1420.2,1383.0,1417.1,10750072,34.1,37.2,3.1,0.0,0.9167,0.0833,0.0,1392.3,1407.8,1385.0,1387.6,4.7,22.8,15.5,2.6,0.2061,0.6798,0.114,1398.9,1401.0,1384.1,1391.7,7.2,16.9,2.1,7.6,0.426,0.1243,0.4497,1,1,1,0,0,0,0,0,1,0,0,1,0
1418.1,1423.3,1401.3,1410.1,7209849,8.0,22.0,5.2,8.8,0.3636,0.2364,0.4,1383.0,1420.2,1383.0,1417.1,34.1,37.2,3.1,0.0,0.9167,0.0833,0.0,1392.3,1407.8,1385.0,1387.6,4.7,22.8,15.5,2.6,0.2061,0.6798,0.114,1,1,1,0,0,0,0,0,0,0,0,0,0
1388.1,1402.6,1382.2,1390.2,17065827,2.1,20.4,12.4,5.9,0.1029,0.6078,0.2892,1418.1,1423.3,1401.3,1410.1,8.0,22.0,5.2,8.8,0.3636,0.2364,0.4,1383.0,1420.2,1383.0,1417.1,34.1,37.2,3.1,0.0,0.9167,0.0833,0.0,1,1,1,0,0,0,0,0,0,0,0,0,0
1386.9,1405.9,1384.3,1393.7,10321171,6.8,21.6,12.2,2.6,0.3148,0.5648,0.1204,1388.1,1402.6,1382.2,1390.2,2.1,20.4,12.4,5.9,0.1029,0.6078,0.2892,1418.1,1423.3,1401.3,1410.1,8.0,22.0,5.2,8.8,0.3636,0.2364,0.4,1,1,1,0,0,0,0,0,0,0,0,1,0
1395.1,1416.1,1391.7,1411.5,6312820,16.4,24.4,4.6,3.4,0.6721,0.1885,0.1393,1386.9,1405.9,1384.3,1393.7,6.8,21.6,12.2,2.6,0.3148,0.5648,0.1204,1388.1,1402.6,1382.2,1390.2,2.1,20.4,12.4,5.9,0.1029,0.6078,0.2892,1,1,1,0,0,0,0,0,0,0,0,0,0
1411.0,1411.0,1388.1,1391.7,9315972,19.3,22.9,0.0,3.6,0.8428,0.0,0.1572,1395.1,1416.1,1391.7,1411.5,16.4,24.4,4.6,3.4,0.6721,0.1885,0.1393,1386.9,1405.9,1384.3,1393.7,6.8,21.6,12.2,2.6,0.3148,0.5648,0.1204,1,1,1,0,0,0,0,0,0,0,0,0,0
1391.9,1395.9,1383.3,1392.8,5834312,0.9,12.6,3.1,8.6,0.0714,0.246,0.6825,1411.0,1411.0,1388.1,1391.7,19.3,22.9,0.0,3.6,0.8428,0.0,0.1572,1395.1,1416.1,1391.7,1411.5,16.4,24.4,4.6,3.4,0.6721,0.1885,0.1393,1,1,1,0,0,0,0,1,0,0,0,0,0
1387.7,1393.7,1366.0,1389.4,9976705,1.7,27.7,4.3,21.7,0.0614,0.1552,0.7834,1391.9,1395.9,1383.3,1392.8,0.9,12.6,3.1,8.6,0.0714,0.246,0.6825,1411.0,1411.0,1388.1,1391.7,19.3,22.9,0.0,3.6,0.8428,0.0,0.1572,1,1,1,0,0,0,0,1,0,0,0,1,0
1385.0,1397.2,1365.0,1367.8,8793606,17.2,32.2,12.2,2.8,0.5342,0.3789,0.087,1387.7,1393.7,1366.0,1389.4,1.7,27.7,4.3,21.7,0.0614,0.1552,0.7834,1391.9,1395.9,1383.3,1392.8,0.9,12.6,3.1,8.6,0.0714,0.246,0.6825,1,1,1,0,0,0,0,0,0,0,0,0,0
1370.0,1388.0,1361.2,1386.2,9997486,16.2,26.8,1.8,8.8,0.6045,0.0672,0.3284,1385.0,1397.2,1365.0,1367.8,17.2,32.2,12.2,2.8,0.5342,0.3789,0.087,1387.7,1393.7,1366.0,1389.4,1.7,27.7,4.3,21.7,0.0614,0.1552,0.7834,-1,-1,1,-1,0,0,0,0,0,0,0,0,0
1381.9,1401.9,1375.2,1380.4,12244664,1.5,26.7,20.0,5.2,0.0562,0.7491,0.1948,1370.0,1388.0,1361.2,1386.2,16.2,26.8,1.8,8.8,0.6045,0.0672,0.3284,1385.0,1397.2,1365.0,1367.8,17.2,32.2,12.2,2.8,0.5342,0.3789,0.087,-1,-1,1,0,0,0,0,1,0,0,0,0,0
1388.0,1391.8,1377.5,1382.6,7457021,5.4,14.3,3.8,5.1,0.3776,0.2657,0.3566,1381.9,1401.9,1375.2,1380.4,1.5,26.7,20.0,5.2,0.0562,0.7491,0.1948,1370.0,1388.0,1361.2,1386.2,16.2,26.8,1.8,8.8,0.6045,0.0672,0.3284,-1,-1,1,0,0,0,0,0,0,0,0,0,1
1377.3,1380.7,1370.1,1373.8,7126128,3.5,10.6,3.4,3.7,0.3302,0.3208,0.3491,1388.0,1391.8,1377.5,1382.6,5.4,14.3,3.8,5.1,0.3776,0.2657,0.3566,1381.9,1401.9,1375.2,1380.4,1.5,26.7,20.0,5.2,0.0562,0.7491,0.1948,-1,-1,1,0,0,0,0,0,0,0,0,0,0
1390.0,1394.9,1377.0,1381.7,11785109,8.3,17.9,4.9,4.7,0.4637,0.2737,0.2626,1377.3,1380.7,1370.1,1373.8,3.5,10.6,3.4,3.7,0.3302,0.3208,0.3491,1388.0,1391.8,1377.5,1382.6,5.4,14.3,3.8,5.1,0.3776,0.2657,0.3566,-1,-1,1,0,0,0,0,0,0,0,0,0,0
1390.0,1421.0,1389.1,1420.1,14384719,30.1,31.9,0.9,0.9,0.9436,0.0282,0.0282,1390.0,1394.9,1377.0,1381.7,8.3,17.9,4.9,4.7,0.4637,0.2737,0.2626,1377.3,1380.7,1370.1,1373.8,3.5,10.6,3.4,3.7,0.3302,0.3208,0.3491,-1,-1,1,0,0,0,0,0,0,0,0,0,0
1413.0,1424.9,1410.0,1413.0,8725641,0.0,14.9,11.9,3.0,0.0,0.7987,0.2013,1390.0,1421.0,1389.1,1420.1,30.1,31.9,0.9,0.9,0.9436,0.0282,0.0282,1390.0,1394.9,1377.0,1381.7,8.3,17.9,4.9,4.7,0.4637,0.2737,0.2626,-1,-1,1,0,0,0,0,1,0,0,0,0,0
1425.0,1431.9,1420.3,1424.8,11021323,0.2,11.6,6.9,4.5,0.0172,0.5948,0.3879,1413.0,1424.9,1410.0,1413.0,0.0,14.9,11.9,3.0,0.0,0.7987,0.2013,1390.0,1421.0,1389.1,1420.1,30.1,31.9,0.9,0.9,0.9436,0.0282,0.0282,-1,-1,1,0,0,0,0,1,0,0,0,0,1
1420.0,1423.4,1407.9,1409.2,5818868,10.8,15.5,3.4,1.3,0.6968,0.2194,0.0839,1425.0,1431.9,1420.3,1424.8,0.2,11.6,6.9,4.5,0.0172,0.5948,0.3879,1413.0,1424.9,1410.0,1413.0,0.0,14.9,11.9,3.0,0.0,0.7987,0.2013,-1,-1,1,0,0,0,0,0,0,0,0,0,0
1414.7,1419.5,1405.7,1412.6,5979407,2.1,13.8,4.8,6.9,0.1522,0.3478,0.5,1420.0,1423.4,1407.9,1409.2,10.8,15.5,3.4,1.3,0.6968,0.2194,0.0839,1425.0,1431.9,1420.3,1424.8,0.2,11.6,6.9,4.5,0.0172,0.5948,0.3879,-1,-1,1,0,0,0,0,0,0,0,0,0,0
1408.0,1410.0,1381.6,1384.9,12145259,23.1,28.4,2.0,3.3,0.8134,0.0704,0.1162,1414.7,1419.5,1405.7,1412.6,2.1,13.8,4.8,6.9,0.1522,0.3478,0.5,1420.0,1423.4,1407.9,1409.2,10.8,15.5,3.4,1.3,0.6968,0.2194,0.0839,-1,-1,1,0,0,0,0,0,0,0,0,0,0
1389.9,1392.2,1366.5,1385.9,13161813,4.0,25.7,2.3,19.4,0.1556,0.0895,0.7549,1408.0,1410.0,1381.6,1384.9,23.1,28.4,2.0,3.3,0.8134,0.0704,0.1162,1414.7,1419.5,1405.7,1412.6,2.1,13.8,4.8,6.9,0.1522,0.3478,0.5,-1,-1,1,0,0,1,0,0,0,0,0,0,0
1381.1,1403.5,1350.0,1357.2,18758842,23.9,53.5,22.4,7.2,0.4467,0.4187,0.1346,1389.9,1392.2,1366.5,1385.9,4.0,25.7,2.3,19.4,0.1556,0.0895,0.7549,1408.0,1410.0,1381.6,1384.9,23.1,28.4,2.0,3.3,0.8134,0.0704,0.1162,-1,-1,1,0,0,0,0,0,0,0,0,0,0
1356.0,1363.2,1340.6,1353.9,11232238,2.1,22.6,7.2,13.3,0.0929,0.3186,0.5885,1381.1,1403.5,1350.0,1357.2,23.9,53.5,22.4,7.2,0.4467,0.4187,0.1346,1389.9,1392.2,1366.5,1385.9,4.0,25.7,2.3,19.4,0.1556,0.0895,0.7549,-1,-1,1,0,0,0,0,1,0,0,0,0,0
1354.8,1384.5,1354.5,1366.5,11517006,11.7,30.0,18.0,0.3,0.39,0.6,0.01,1356.0,1363.2,1340.6,1353.9,2.1,22.6,7.2,13.3,0.0929,0.3186,0.5885,1381.1,1403.5,1350.0,1357.2,23.9,53.5,22.4,7.2,0.4467,0.4187,0.1346,-1,-1,1,0,0,0,0,0,0,0,0,1,0
1369.7,1376.5,1360.5,1372.6,7847563,2.9,16.0,3.9,9.2,0.1812,0.2438,0.575,1354.8,1384.5,1354.5,1366.5,11.7,30.0,18.0,0.3,0.39,0.6,0.01,1356.0,1363.2,1340.6,1353.9,2.1,22.6,7.2,13.3,0.0929,0.3186,0.5885,-1,-1,1,0,0,0,0,0,0,0,0,0,0
1371.8,1374.0,1357.1,1359.3,13223177,12.5,16.9,2.2,2.2,0.7396,0.1302,0.1302,1369.7,1376.5,1360.5,1372.6,2.9,16.0,3.9,9.2,0.1812,0.2438,0.575,1354.8,1384.5,1354.5,1366.5,11.7,30.0,18.0,0.3,0.39,0.6,0.01,-1,-1,1,0,0,0,0,0,0,0,0,0,1
1363.0,1381.0,1359.3,1375.0,5777575,12.0,21.7,6.0,3.7,0.553,0.2765,0.1705,1371.8,1374.0,1357.1,1359.3,12.5,16.9,2.2,2.2,0.7396,0.1302,0.1302,1369.7,1376.5,1360.5,1372.6,2.9,16.0,3.9,9.2,0.1812,0.2438,0.575,-1,-1,1,0,0,0,0,0,0,0,0,0,0
1380.0,1386.0,1372.4,1378.5,6986720,1.5,13.6,6.0,6.1,0.1103,0.4412,0.4485,1363.0,1381.0,1359.3,1375.0,12.0,21.7,6.0,3.7,0.553,0.2765,0.1705,1371.8,1374.0,1357.1,1359.3,12.5,16.9,2.2,2.2,0.7396,0.1302,0.1302,-1,-1,1,0,0,0,0,0,0,0,0,0,0
1376.6,1381.2,1368.7,1376.2,9754452,0.4,12.5,4.6,7.5,0.032,0.368,0.6,1380.0,1386.0,1372.4,1378.5,1.5,13.6,6.0,6.1,0.1103,0.4412,0.4485,1363.0,1381.0,1359.3,1375.0,12.0,21.7,6.0,3.7,0.553,0.2765,0.1705,-1,-1,1,0,0,0,0,1,0,0,0,0,1
1383.9,1388.5,1374.1,1377.0,7790815,6.9,14.4,4.6,2.9,0.4792,0.3194,0.2014,1376.6,1381.2,1368.7,1376.2,0.4,12.5,4.6,7.5,0.032,0.368,0.6,1380.0,1386.0,1372.4,1378.5,1.5,13.6,6.0,6.1,0.1103,0.4412,0.4485,-1,-1,1,0,0,0,0,0,0,0,0,0,0
1376.0,1385.5,1375.0,1383.3,9766072,7.3,10.5,2.2,1.0,0.6952,0.2095,0.0952,1383.9,1388.5,1374.1,1377.0,6.9,14.4,4.6,2.9,0.4792,0.3194,0.2014,1376.6,1381.2,1368.7,1376.2,0.4,12.5,4.6,7.5,0.032,0.368,0.6,-1,-1,1,0,0,0,0,0,0,0,0,0,0
1383.3,1396.3,1380.5,1395.0,7403368,11.7,15.8,1.3,2.8,0.7405,0.0823,0.1772,1376.0,1385.5,1375.0,1383.3,7.3,10.5,2.2,1.0,0.6952,0.2095,0.0952,1383.9,1388.5,1374.1,1377.0,6.9,14.4,4.6,2.9,0.4792,0.3194,0.2014,-1,-1,1,0,0,0,0,0,0,0,0,0,0
1393.0,1400.8,1388.6,1399.3,5396697,6.3,12.2,1.5,4.4,0.5164,0.123,0.3607,1383.3,1396.3,1380.5,1395.0,11.7,15.8,1.3,2.8,0.7405,0.0823,0.1772,1376.0,1385.5,1375.0,1383.3,7.3,10.5,2.2,1.0,0.6952,0.2095,0.0952,-1,-1,1,0,0,0,0,0,0,0,0,0,0
1404.7,1408.0,1398.2,1405.3,8686961,0.6,9.8,2.7,6.5,0.0612,0.2755,0.6633,1393.0,1400.8,1388.6,1399.3,6.3,12.2,1.5,4.4,0.5164,0.123,0.3607,1383.3,1396.3,1380.5,1395.0,11.7,15.8,1.3,2.8,0.7405,0.0823,0.1772,-1,-1,1,0,0,0,0,1,0,0,0,0,0
1407.0,1416.2,1406.9,1413.8,7519417,6.8,9.3,2.4,0.1,0.7312,0.2581,0.0108,1404.7,1408.0,1398.2,1405.3,0.6,9.8,2.7,6.5,0.0612,0.2755,0.6633,1393.0,1400.8,1388.6,1399.3,6.3,12.2,1.5,4.4,0.5164,0.123,0.3607,-1,-1,1,0,0,0,0,0,0,0,0,0,0
1420.4,1422.0,1410.7,1415.0,9332642,5.4,11.3,1.6,4.3,0.4779,0.1416,0.3805,1407.0,1416.2,1406.9,1413.8,6.8,9.3,2.4,0.1,0.7312,0.2581,0.0108,1404.7,1408.0,1398.2,1405.3,0.6,9.8,2.7,6.5,0.0612,0.2755,0.6633,-1,-1,1,0,0,0,0,0,0,0,0,0,0
1414.9,1417.0,1403.6,1407.4,13461373,7.5,13.4,2.1,3.8,0.5597,0.1567,0.2836,1420.4,1422.0,1410.7,1415.0,5.4,11.3,1.6,4.3,0.4779,0.1416,0.3805,1407.0,1416.2,1406.9,1413.8,6.8,9.3,2.4,0.1,0.7312,0.2581,0.0108,-1,-1,1,0,0,0,0,0,0,0,0,0,1
1403.9,1410.7,1388.0,1390.6,7757970,13.3,22.7,6.8,2.6,0.5859,0.2996,0.1145,1414.9,1417.0,1403.6,1407.4,7.5,13.4,2.1,3.8,0.5597,0.1567,0.2836,1420.4,1422.0,1410.7,1415.0,5.4,11.3,1.6,4.3,0.4779,0.1416,0.3805,-1,-1,1,0,0,0,0,0,0,0,0,0,0
1391.0,1395.0,1376.8,1389.8,14014702,1.2,18.2,4.0,13.0,0.0659,0.2198,0.7143,1403.9,1410.7,1388.0,1390.6,13.3,22.7,6.8,2.6,0.5859,0.2996,0.1145,1414.9,1417.0,1403.6,1407.4,7.5,13.4,2.1,3.8,0.5597,0.1567,0.2836,-1,-1,1,0,0,0,0,1,0,0,0,0,0
1385.3,1396.0,1380.4,1383.0,5922759,2.3,15.6,10.7,2.6,0.1474,0.6859,0.1667,1391.0,1395.0,1376.8,1389.8,1.2,18.2,4.0,13.0,0.0659,0.2198,0.7143,1403.9,1410.7,1388.0,1390.6,13.3,22.7,6.8,2.6,0.5859,0.2996,0.1145,-1,-1,1,0,0,0,0,0,0,0,0,0,0
1381.3,1384.5,1369.0,1372.4,11411143,8.9,15.5,3.2,3.4,0.5742,0.2065,0.2194,1385.3,1396.0,1380.4,1383.0,2.3,15.6,10.7,2.6,0.1474,0.6859,0.1667,1391.0,1395.0,1376.8,1389.8,1.2,18.2,4.0,13.0,0.0659,0.2198,0.7143,-1,-1,1,0,0,0,0,0,0,0,0,0,0
1372.0,1382.7,1366.0,1377.6,9879109,5.6,16.7,5.1,6.0,0.3353,0.3054,0.3593,1381.3,1384.5,1369.0,1372.4,8.9,15.5,3.2,3.4,0.5742,0.2065,0.2194,1385.3,1396.0,1380.4,1383.0,2.3,15.6,10.7,2.6,0.1474,0.6859,0.1667,-1,-1,1,0,0,0,0,0,0,0,0,0,0
1381.6,1389.0,1368.0,1372.8,14231999,8.8,21.0,7.4,4.8,0.419,0.3524,0.2286,1372.0,1382.7,1366.0,1377.6,5.6,16.7,5.1,6.0,0.3353,0.3054,0.3593,1381.3,1384.5,1369.0,1372.4,8.9,15.5,3.2,3.4,0.5742,0.2065,0.2194,-1,-1,1,0,0,0,0,0,0,0,0,0,0
1377.1,1377.1,1362.8,1364.0,14604684,13.1,14.3,0.0,1.2,0.9161,0.0,0.0839,1381.6,1389.0,1368.0,1372.8,8.8,21.0,7.4,4.8,0.419,0.3524,0.2286,1372.0,1382.7,1366.0,1377.6,5.6,16.7,5.1,6.0,0.3353,0.3054,0.3593,-1,-1,1,0,0,0,0,0,0,0,0,0,0
1367.0,1378.6,1362.7,1368.7,12045916,1.7,15.9,9.9,4.3,0.1069,0.6226,0.2704,1377.1,1377.1,1362.8,1364.0,13.1,14.3,0.0,1.2,0.9161,0.0,0.0839,1381.6,1389.0,1368.0,1372.8,8.8,21.0,7.4,4.8,0.419,0.3524,0.2286,-1,-1,1,0,0,0,0,0,0,0,0,0,0
1363.2,1371.6,1356.9,1363.4,12842347,0.2,14.7,8.2,6.3,0.0136,0.5578,0.4286,1367.0,1378.6,1362.7,1368.7,1.7,15.9,9.9,4.3,0.1069,0.6226,0.2704,1377.1,1377.1,1362.8,1364.0,13.1,14.3,0.0,1.2,0.9161,0.0,0.0839,1,1,1,1,0,0,0,1,0,0,0,1,0
1360.0,1377.4,1359.0,1375.0,12396580,15.0,18.4,2.4,1.0,0.8152,0.1304,0.0543,1363.2,1371.6,1356.9,1363.4,0.2,14.7,8.2,6.3,0.0136,0.5578,0.4286,1367.0,1378.6,1362.7,1368.7,1.7,15.9,9.9,4.3,0.1069,0.6226,0.2704,1,1,1,0,0,0,0,0,0,0,0,0,0
1376.0,1395.9,1375.9,1384.8,11244040,8.8,20.0,11.1,0.1,0.44,0.555,0.005,1360.0,1377.4,1359.0,1375.0,15.0,18.4,2.4,1.0,0.8152,0.1304,0.0543,1363.2,1371.6,1356.9,1363.4,0.2,14.7,8.2,6.3,0.0136,0.5578,0.4286,-1,-1,1,-1,0,0,0,0,0,0,0,0,0
1384.8,1389.0,1364.5,1367.4,8525081,17.4,24.5,4.2,2.9,0.7102,0.1714,0.1184,1376.0,1395.9,1375.9,1384.8,8.8,20.0,11.1,0.1,0.44,0.555,0.005,1360.0,1377.4,1359.0,1375.0,15.0,18.4,2.4,1.0,0.8152,0.1304,0.0543,-1,-1,1,0,0,0,0,0,0,0,0,0,1
1374.0,1380.0,1369.1,1377.8,8826633,3.8,10.9,2.2,4.9,0.3486,0.2018,0.4495,1384.8,1389.0,1364.5,1367.4,17.4,24.5,4.2,2.9,0.7102,0.1714,0.1184,1376.0,1395.9,1375.9,1384.8,8.8,20.0,11.1,0.1,0.44,0.555,0.005,-1,-1,1,0,0,0,0,0,0,0,0,0,0
1377.8,1388.0,1375.1,1381.7,6373084,3.9,12.9,6.3,2.7,0.3023,0.4884,0.2093,1374.0,1380.0,1369.1,1377.8,3.8,10.9,2.2,4.9,0.3486,0.2018,0.4495,1384.8,1389.0,1364.5,1367.4,17.4,24.5,4.2,2.9,0.7102,0.1714,0.1184,-1,-1,1,0,0,0,0,0,0,0,0,1,0
1376.9,1377.7,1367.8,1375.0,7600682,1.9,9.9,0.8,7.2,0.1919,0.0808,0.7273,1377.8,1388.0,1375.1,1381.7,3.9,12.9,6.3,2.7,0.3023,0.4884,0.2093,1374.0,1380.0,1369.1,1377.8,3.8,10.9,2.2,4.9,0.3486,0.2018,0.4495,-1,-1,1,0,0,1,0,0,0,0,0,0,0
1380.0,1388.0,1370.1,1375.9,9768174,4.1,17.9,8.0,5.8,0.2291,0.4469,0.324,1376.9,1377.7,1367.8,1375.0,1.9,9.9,0.8,7.2,0.1919,0.0808,0.7273,1377.8,1388.0,1375.1,1381.7,3.9,12.9,6.3,2.7,0.3023,0.4884,0.2093,-1,-1,1,0,0,0,0,0,0,0,0,0,1
1383.0,1384.0,1372.7,1374.3,10882743,8.7,11.3,1.0,1.6,0.7699,0.0885,0.1416,1380.0,1388.0,1370.1,1375.9,4.1,17.9,8.0,5.8,0.2291,0.4469,0.324,1376.9,1377.7,1367.8,1375.0,1.9,9.9,0.8,7.2,0.1919,0.0808,0.7273,-1,-1,1,0,0,0,0,0,0,0,0,0,0
1375.1,1400.5,1375.0,1398.3,12315932,23.2,25.5,2.2,0.1,0.9098,0.0863,0.0039,1383.0,1384.0,1372.7,1374.3,8.7,11.3,1.0,1.6,0.7699,0.0885,0.1416,1380.0,1388.0,1370.1,1375.9,4.1,17.9,8.0,5.8,0.2291,0.4469,0.324,-1,-1,1,0,0,0,0,0,0,0,0,0,0
1401.0,1423.3,1399.1,1416.8,19335561,15.8,24.2,6.5,1.9,0.6529,0.2686,0.0785,1375.1,1400.5,1375.0,1398.3,23.2,25.5,2.2,0.1,0.9098,0.0863,0.0039,1383.0,1384.0,1372.7,1374.3,8.7,11.3,1.0,1.6,0.7699,0.0885,0.1416,-1,-1,1,0,0,0,0,0,0,0,0,0,0
1440.0,1473.8,1433.3,1466.8,24721978,26.8,40.5,7.0,6.7,0.6617,0.1728,0.1654,1401.0,1423.3,1399.1,1416.8,15.8,24.2,6.5,1.9,0.6529,0.2686,0.0785,1375.1,1400.5,1375.0,1398.3,23.2,25.5,2.2,0.1,0.9098,0.0863,0.0039,-1,-1,1,0,0,0,0,0,0,0,0,0,0
1468.0,1474.0,1460.0,1465.2,2066169,2.8,14.0,6.0,5.2,0.2,0.4286,0.3714,1440.0,1473.8,1433.3,1466.8,26.8,40.5,7.0,6.7,0.6617,0.1728,0.1654,1401.0,1423.3,1399.1,1416.8,15.8,24.2,6.5,1.9,0.6529,0.2686,0.0785,-1,-1,1,0,0,0,0,0,0,0,0,0,0
1475.0,1482.9,1444.6,1448.4,18707090,26.6,38.3,7.9,3.8,0.6945,0.2063,0.0992,1468.0,1474.0,1460.0,1465.2,2.8,14.0,6.0,5.2,0.2,0.4286,0.3714,1440.0,1473.8,1433.3,1466.8,26.8,40.5,7.0,6.7,0.6617,0.1728,0.1654,-1,-1,1,0,0,0,0,0,0,0,0,0,1
1450.0,1459.8,1441.0,1451.6,9700837,1.6,18.8,8.2,9.0,0.0851,0.4362,0.4787,1475.0,1482.9,1444.6,1448.4,26.6,38.3,7.9,3.8,0.6945,0.2063,0.0992,1468.0,1474.0,1460.0,1465.2,2.8,14.0,6.0,5.2,0.2,0.4286,0.3714,-1,-1,1,0,0,0,0,1,0,0,0,0,0
1463.0,1485.0,1458.0,1484.1,14113867,21.1,27.0,0.9,5.0,0.7815,0.0333,0.1852,1450.0,1459.8,1441.0,1451.6,1.6,18.8,8.2,9.0,0.0851,0.4362,0.4787,1475.0,1482.9,1444.6,1448.4,26.6,38.3,7.9,3.8,0.6945,0.2063,0.0992,-1,-1,1,0,0,0,0,0,0,0,0,1,0
1484.1,1492.0,1477.6,1486.9,17631577,2.8,14.4,5.1,6.5,0.1944,0.3542,0.4514,1463.0,1485.0,1458.0,1484.1,21.1,27.0,0.9,5.0,0.7815,0.0333,0.1852,1450.0,1459.8,1441.0,1451.6,1.6,18.8,8.2,9.0,0.0851,0.4362,0.4787,-1,-1,1,0,0,0,0,0,0,0,0,0,0
1490.0,1508.3,1488.1,1504.2,11884745,14.2,20.2,4.1,1.9,0.703,0.203,0.0941,1484.1,1492.0,1477.6,1486.9,2.8,14.4,5.1,6.5,0.1944,0.3542,0.4514,1463.0,1485.0,1458.0,1484.1,21.1,27.0,0.9,5.0,0.7815,0.0333,0.1852,1,1,1,1,0,0,0,0,0,0,0,0,0
1500.0,1503.1,1484.0,1488.5,9318663,11.5,19.1,3.1,4.5,0.6021,0.1623,0.2356,1490.0,1508.3,1488.1,1504.2,14.2,20.2,4.1,1.9,0.703,0.203,0.0941,1484.1,1492.0,1477.6,1486.9,2.8,14.4,5.1,6.5,0.1944,0.3542,0.4514,1,1,1,0,0,0,0,0,0,0,0,0,0
1490.4,1497.5,1482.3,1486.4,8758053,4.0,15.2,7.1,4.1,0.2632,0.4671,0.2697,1500.0,1503.1,1484.0,1488.5,11.5,19.1,3.1,4.5,0.6021,0.1623,0.2356,1490.0,1508.3,1488.1,1504.2,14.2,20.2,4.1,1.9,0.703,0.203,0.0941,1,1,1,0,0,0,0,0,0,0,0,0,1
1486.0,1495.0,1479.3,1484.7,8452085,1.3,15.7,9.0,5.4,0.0828,0.5732,0.3439,1490.4,1497.5,1482.3,1486.4,4.0,15.2,7.1,4.1,0.2632,0.4671,0.2697,1500.0,1503.1,1484.0,1488.5,11.5,19.1,3.1,4.5,0.6021,0.1623,0.2356,1,1,1,0,0,0,0,1,0,0,0,0,0
1483.9,1492.8,1470.1,1473.1,10007806,10.8,22.7,8.9,3.0,0.4758,0.3921,0.1322,1486.0,1495.0,1479.3,1484.7,1.3,15.7,9.0,5.4,0.0828,0.5732,0.3439,1490.4,1497.5,1482.3,1486.4,4.0,15.2,7.1,4.1,0.2632,0.4671,0.2697,1,1,1,0,0,0,0,0,0,0,0,0,0
1484.0,1501.6,1476.2,1496.1,16772678,12.1,25.4,5.5,7.8,0.4764,0.2165,0.3071,1483.9,1492.8,1470.1,1473.1,10.8,22.7,8.9,3.0,0.4758,0.3921,0.1322,1486.0,1495.0,1479.3,1484.7,1.3,15.7,9.0,5.4,0.0828,0.5732,0.3439,1,1,1,0,0,0,0,0,0,0,0,0,0
1494.6,1498.4,1475.9,1478.0,7821765,16.6,22.5,3.8,2.1,0.7378,0.1689,0.0933,1484.0,1501.6,1476.2,1496.1,12.1,25.4,5.5,7.8,0.4764,0.2165,0.3071,1483.9,1492.8,1470.1,1473.1,10.8,22.7,8.9,3.0,0.4758,0.3921,0.1322,1,1,1,0,0,0,0,0,0,0,0,0,0
1477.9,1501.0,1475.5,1489.3,7068438,11.4,25.5,11.7,2.4,0.4471,0.4588,0.0941,1494.6,1498.4,1475.9,1478.0,16.6,22.5,3.8,2.1,0.7378,0.1689,0.0933,1484.0,1501.6,1476.2,1496.1,12.1,25.4,5.5,7.8,0.4764,0.2165,0.3071,1,1,1,0,0,0,0,0,0,0,0,0,0
1497.0,1498.8,1480.2,1493.4,7127506,3.6,18.6,1.8,13.2,0.1935,0.0968,0.7097,1477.9,1501.0,1475.5,1489.3,11.4,25.5,11.7,2.4,0.4471,0.4588,0.0941,1494.6,1498.4,1475.9,1478.0,16.6,22.5,3.8,2.1,0.7378,0.1689,0.0933,1,1,1,0,0,1,0,0,0,0,0,0,0
1505.0,1524.7,1500.0,1511.5,12384459,6.5,24.7,13.2,5.0,0.2632,0.5344,0.2024,1497.0,1498.8,1480.2,1493.4,3.6,18.6,1.8,13.2,0.1935,0.0968,0.7097,1477.9,1501.0,1475.5,1489.3,11.4,25.5,11.7,2.4,0.4471,0.4588,0.0941,1,1,1,0,0,0,1,0,0,0,0,0,0
1515.0,1522.1,1506.8,1510.9,7196443,4.1,15.3,7.1,4.1,0.268,0.4641,0.268,1505.0,1524.7,1500.0,1511.5,6.5,24.7,13.2,5.0,0.2632,0.5344,0.2024,1497.0,1498.8,1480.2,1493.4,3.6,18.6,1.8,13.2,0.1935,0.0968,0.7097,1,1,1,0,0,0,0,0,0,0,0,0,0
1505.5,1520.9,1505.5,1518.9,7682823,13.4,15.4,2.0,0.0,0.8701,0.1299,0.0,1515.0,1522.1,1506.8,1510.9,4.1,15.3,7.1,4.1,0.268,0.4641,0.268,1505.0,1524.7,1500.0,1511.5,6.5,24.7,13.2,5.0,0.2632,0.5344,0.2024,1,1,1,0,0,0,0,0,1,0,0,0,0
1520.9,1523.7,1511.5,1518.3,5871416,2.6,12.2,2.8,6.8,0.2131,0.2295,0.5574,1505.5,1520.9,1505.5,1518.9,13.4,15.4,2.0,0.0,0.8701,0.1299,0.0,1515.0,1522.1,1506.8,1510.9,4.1,15.3,7.1,4.1,0.268,0.4641,0.268,1,1,1,0,0,0,0,0,0,0,0,0,0
1521.7,1527.8,1510.5,1519.4,11045042,2.3,17.3,6.1,8.9,0.1329,0.3526,0.5145,1520.9,1523.7,1511.5,1518.3,2.6,12.2,2.8,6.8,0.2131,0.2295,0.5574,1505.5,1520.9,1505.5,1518.9,13.4,15.4,2.0,0.0,0.8701,0.1299,0.0,1,1,1,0,0,0,0,0,0,0,0,0,1
1517.4,1522.3,1512.0,1518.9,5692366,1.5,10.3,3.4,5.4,0.1456,0.3301,0.5243,1521.7,1527.8,1510.5,1519.4,2.3,17.3,6.1,8.9,0.1329,0.3526,0.5145,1520.9,1523.7,1511.5,1518.3,2.6,12.2,2.8,6.8,0.2131,0.2295,0.5574,1,1,1,0,0,0,0,0,0,0,0,1,0
1530.0,1550.9,1526.7,1549.1,18171724,19.1,24.2,1.8,3.3,0.7893,0.0744,0.1364,1517.4,1522.3,1512.0,1518.9,1.5,10.3,3.4,5.4,0.1456,0.3301,0.5243,1521.7,1527.8,1510.5,1519.4,2.3,17.3,6.1,8.9,0.1329,0.3526,0.5145,1,1,1,0,0,0,0,0,0,0,0,1,0
1541.0,1557.8,1540.1,1546.6,9615271,5.6,17.7,11.2,0.9,0.3164,0.6328,0.0508,1530.0,1550.9,1526.7,1549.1,19.1,24.2,1.8,3.3,0.7893,0.0744,0.1364,1517.4,1522.3,1512.0,1518.9,1.5,10.3,3.4,5.4,0.1456,0.3301,0.5243,1,1,1,0,0,0,1,0,0,0,1,0,0
1550.0,1550.0,1531.8,1535.9,18433951,14.1,18.2,0.0,4.1,0.7747,0.0,0.2253,1541.0,1557.8,1540.1,1546.6,5.6,17.7,11.2,0.9,0.3164,0.6328,0.0508,1530.0,1550.9,1526.7,1549.1,19.1,24.2,1.8,3.3,0.7893,0.0744,0.1364,1,1,1,0,0,0,0,0,0,1,0,0,1
1535.9,1559.6,1525.1,1539.7,15033482,3.8,34.5,19.9,10.8,0.1101,0.5768,0.313,1550.0,1550.0,1531.8,1535.9,14.1,18.2,0.0,4.1,0.7747,0.0,0.2253,1541.0,1557.8,1540.1,1546.6,5.6,17.7,11.2,0.9,0.3164,0.6328,0.0508,1,1,1,0,0,0,0,0,0,0,0,0,0
1542.3,1571.6,1540.5,1569.9,14054299,27.6,31.1,1.7,1.8,0.8875,0.0547,0.0579,1535.9,1559.6,1525.1,1539.7,3.8,34.5,19.9,10.8,0.1101,0.5768,0.313,1550.0,1550.0,1531.8,1535.9,14.1,18.2,0.0,4.1,0.7747,0.0,0.2253,1,1,1,0,0,0,0,0,0,0,0,1,0
1575.0,1575.5,1556.0,1563.4,9794643,11.6,19.5,0.5,7.4,0.5949,0.0256,0.3795,1542.3,1571.6,1540.5,1569.9,27.6,31.1,1.7,1.8,0.8875,0.0547,0.0579,1535.9,1559.6,1525.1,1539.7,3.8,34.5,19.9,10.8,0.1101,0.5768,0.313,1,1,1,0,0,0,0,0,0,0,0,0,0
1568.0,1581.3,1563.0,1567.5,8959508,0.5,18.3,13.3,4.5,0.0273,0.7268,0.2459,1575.0,1575.5,1556.0,1563.4,11.6,19.5,0.5,7.4,0.5949,0.0256,0.3795,1542.3,1571.6,1540.5,1569.9,27.6,31.1,1.7,1.8,0.8875,0.0547,0.0579,1,1,1,0,0,0,0,1,0,0,0,0,1
1575.0,1577.5,1563.6,1566.1,8920233,8.9,13.9,2.5,2.5,0.6403,0.1799,0.1799,1568.0,1581.3,1563.0,1567.5,0.5,18.3,13.3,4.5,0.0273,0.7268,0.2459,1575.0,1575.5,1556.0,1563.4,11.6,19.5,0.5,7.4,0.5949,0.0256,0.3795,1,1,1,0,0,0,0,0,0,0,0,0,0
1561.1,1567.5,1542.0,1546.3,11389150,14.8,25.5,6.4,4.3,0.5804,0.251,0.1686,1575.0,1577.5,1563.6,1566.1,8.9,13.9,2.5,2.5,0.6403,0.1799,0.1799,1568.0,1581.3,1563.0,1567.5,0.5,18.3,13.3,4.5,0.0273,0.7268,0.2459,1,1,1,0,0,0,0,0,0,0,0,0,0
1545.2,1552.4,1533.0,1538.8,6090883,6.4,19.4,7.2,5.8,0.3299,0.3711,0.299,1561.1,1567.5,1542.0,1546.3,14.8,25.5,6.4,4.3,0.5804,0.251,0.1686,1575.0,1577.5,1563.6,1566.1,8.9,13.9,2.5,2.5,0.6403,0.1799,0.1799,1,1,1,0,0,0,0,0,0,0,0,0,0
1536.0,1560.5,1517.6,1535.6,11867930,0.4,42.9,24.5,18.0,0.0093,0.5711,0.4196,1545.2,1552.4,1533.0,1538.8,6.4,19.4,7.2,5.8,0.3299,0.3711,0.299,1561.1,1567.5,1542.0,1546.3,14.8,25.5,6.4,4.3,0.5804,0.251,0.1686,1,1,1,0,0,0,0,1,0,0,0,0,0
1530.4,1545.8,1520.6,1540.6,10183266,10.2,25.2,5.2,9.8,0.4048,0.2063,0.3889,1536.0,1560.5,1517.6,1535.6,0.4,42.9,24.5,18.0,0.0093,0.5711,0.4196,1545.2,1552.4,1533.0,1538.8,6.4,19.4,7.2,5.8,0.3299,0.3711,0.299,1,1,1,0,0,0,0,0,1,0,0,1,0
1539.2,1551.0,1535.0,1543.0,11301491,3.8,16.0,8.0,4.2,0.2375,0.5,0.2625,1530.4,1545.8,1520.6,1540.6,10.2,25.2,5.2,9.8,0.4048,0.2063,0.3889,1536.0,1560.5,1517.6,1535.6,0.4,42.9,24.5,18.0,0.0093,0.5711,0.4196,1,1,1,0,0,0,0,0,0,0,0,0,0
1540.3,1542.5,1520.1,1529.4,11503971,10.9,22.4,2.2,9.3,0.4866,0.0982,0.4152,1539.2,1551.0,1535.0,1543.0,3.8,16.0,8.0,4.2,0.2375,0.5,0.2625,1530.4,1545.8,1520.6,1540.6,10.2,25.2,5.2,9.8,0.4048,0.2063,0.3889,1,1,1,0,0,0,0,0,0,0,0,0,1
1534.0,1547.5,1531.4,1536.9,7991629,2.9,16.1,10.6,2.6,0.1801,0.6584,0.1615,1540.3,1542.5,1520.1,1529.4,10.9,22.4,2.2,9.3,0.4866,0.0982,0.4152,1539.2,1551.0,1535.0,1543.0,3.8,16.0,8.0,4.2,0.2375,0.5,0.2625,1,1,1,0,0,0,1,0,0,0,0,0,0
1536.9,1550.0,1524.0,1545.0,4706197,8.1,26.0,5.0,12.9,0.3115,0.1923,0.4962,1534.0,1547.5,1531.4,1536.9,2.9,16.1,10.6,2.6,0.1801,0.6584,0.1615,1540.3,1542.5,1520.1,1529.4,10.9,22.4,2.2,9.3,0.4866,0.0982,0.4152,1,1,1,0,0,0,0,0,0,0,0,1,0
1550.8,1559.8,1546.1,1556.5,5106655,5.7,13.7,3.3,4.7,0.4161,0.2409,0.3431,1536.9,1550.0,1524.0,1545.0,8.1,26.0,5.0,12.9,0.3115,0.1923,0.4962,1534.0,1547.5,1531.4,1536.9,2.9,16.1,10.6,2.6,0.1801,0.6584,0.1615,1,1,1,0,0,0,0,0,0,0,0,0,0
1551.2,1558.6,1546.5,1556.2,5774543,5.0,12.1,2.4,4.7,0.4132,0.1983,0.3884,1550.8,1559.8,1546.1,1556.5,5.7,13.7,3.3,4.7,0.4161,0.2409,0.3431,1536.9,1550.0,1524.0,1545.0,8.1,26.0,5.0,12.9,0.3115,0.1923,0.4962,1,1,1,0,0,0,0,0,0,0,0,0,0
1545.0,1551.7,1538.8,1542.3,11731856,2.7,12.9,6.7,3.5,0.2093,0.5194,0.2713,1551.2,1558.6,1546.5,1556.2,5.0,12.1,2.4,4.7,0.4132,0.1983,0.3884,1550.8,1559.8,1546.1,1556.5,5.7,13.7,3.3,4.7,0.4161,0.2409,0.3431,1,1,1,0,0,0,0,0,0,0,0,0,1
1550.0,1550.0,1539.3,1544.4,7116649,5.6,10.7,0.0,5.1,0.5234,0.0,0.4766,1545.0,1551.7,1538.8,1542.3,2.7,12.9,6.7,3.5,0.2093,0.5194,0.2713,1551.2,1558.6,1546.5,1556.2,5.0,12.1,2.4,4.7,0.4132,0.1983,0.3884,1,1,1,0,0,0,0,0,0,0,0,0,1
1535.2,1551.5,1535.2,1544.4,6580829,9.2,16.3,7.1,0.0,0.5644,0.4356,0.0,1550.0,1550.0,1539.3,1544.4,5.6,10.7,0.0,5.1,0.5234,0.0,0.4766,1545.0,1551.7,1538.8,1542.3,2.7,12.9,6.7,3.5,0.2093,0.5194,0.2713,1,1,1,0,0,0,0,0,0,0,0,0,0
1554.4,1574.2,1551.0,1565.1,13937275,10.7,23.2,9.1,3.4,0.4612,0.3922,0.1466,1535.2,1551.5,1535.2,1544.4,9.2,16.3,7.1,0.0,0.5644,0.4356,0.0,1550.0,1550.0,1539.3,1544.4,5.6,10.7,0.0,5.1,0.5234,0.0,0.4766,1,1,1,0,0,0,0,0,0,0,0,0,0
1573.5,1577.5,1565.3,1575.4,10184852,1.9,12.2,2.1,8.2,0.1557,0.1721,0.6721,1554.4,1574.2,1551.0,1565.1,10.7,23.2,9.1,3.4,0.4612,0.3922,0.1466,1535.2,1551.5,1535.2,1544.4,9.2,16.3,7.1,0.0,0.5644,0.4356,0.0,1,1,1,0,0,0,0,0,0,0,0,0,0
1580.9,1580.9,1568.1,1570.7,7506564,10.2,12.8,0.0,2.6,0.7969,0.0,0.2031,1573.5,1577.5,1565.3,1575.4,1.9,12.2,2.1,8.2,0.1557,0.1721,0.6721,1554.4,1574.2,1551.0,1565.1,10.7,23.2,9.1,3.4,0.4612,0.3922,0.1466,-1,-1,1,-1,1,0,0,0,0,1,0,0,1
1572.7,1575.7,1553.6,1558.2,8815745,14.5,22.1,3.0,4.6,0.6561,0.1357,0.2081,1580.9,1580.9,1568.1,1570.7,10.2,12.8,0.0,2.6,0.7969,0.0,0.2031,1573.5,1577.5,1565.3,1575.4,1.9,12.2,2.1,8.2,0.1557,0.1721,0.6721,-1,-1,1,0,0,0,0,0,0,0,0,0,0
1554.7,1561.0,1554.3,1559.2,2311495,4.5,6.7,1.8,0.4,0.6716,0.2687,0.0597,1572.7,1575.7,1553.6,1558.2,14.5,22.1,3.0,4.6,0.6561,0.1357,0.2081,1580.9,1580.9,1568.1,1570.7,10.2,12.8,0.0,2.6,0.7969,0.0,0.2031,-1,-1,1,0,0,0,0,0,0,0,0,0,0
1554.9,1558.1,1543.6,1545.6,5972105,9.3,14.5,3.2,2.0,0.6414,0.2207,0.1379,1554.7,1561.0,1554.3,1559.2,4.5,6.7,1.8,0.4,0.6716,0.2687,0.0597,1572.7,1575.7,1553.6,1558.2,14.5,22.1,3.0,4.6,0.6561,0.1357,0.2081,-1,-1,1,0,0,0,0,0,0,0,0,0,0
1547.0,1553.6,1537.8,1539.8,8815884,7.2,15.8,6.6,2.0,0.4557,0.4177,0.1266,1554.9,1558.1,1543.6,1545.6,9.3,14.5,3.2,2.0,0.6414,0.2207,0.1379,1554.7,1561.0,1554.3,1559.2,4.5,6.7,1.8,0.4,0.6716,0.2687,0.0597,-1,-1,1,0,0,0,0,0,0,0,0,0,0
1541.0,1577.0,1541.0,1570.4,5771830,29.4,36.0,6.6,0.0,0.8167,0.1833,0.0,1547.0,1553.6,1537.8,1539.8,7.2,15.8,6.6,2.0,0.4557,0.4177,0.1266,1554.9,1558.1,1543.6,1545.6,9.3,14.5,3.2,2.0,0.6414,0.2207,0.1379,-1,-1,1,0,0,0,0,0,0,0,0,1,0
1573.7,1592.5,1571.1,1575.6,6408128,1.9,21.4,16.9,2.6,0.0888,0.7897,0.1215,1541.0,1577.0,1541.0,1570.4,29.4,36.0,6.6,0.0,0.8167,0.1833,0.0,1547.0,1553.6,1537.8,1539.8,7.2,15.8,6.6,2.0,0.4557,0.4177,0.1266,-1,-1,1,0,0,0,0,1,0,0,0,0,0
1580.0,1594.6,1578.2,1592.3,6602230,12.3,16.4,2.3,1.8,0.75,0.1402,0.1098,1573.7,1592.5,1571.1,1575.6,1.9,21.4,16.9,2.6,0.0888,0.7897,0.1215,1541.0,1577.0,1541.0,1570.4,29.4,36.0,6.6,0.0,0.8167,0.1833,0.0,-1,-1,1,0,0,0,0,0,0,0,0,0,0
1593.0,1611.8,1575.3,1578.1,8704973,14.9,36.5,18.8,2.8,0.4082,0.5151,0.0767,1580.0,1594.6,1578.2,1592.3,12.3,16.4,2.3,1.8,0.75,0.1402,0.1098,1573.7,1592.5,1571.1,1575.6,1.9,21.4,16.9,2.6,0.0888,0.7897,0.1215,1,1,1,1,0,0,0,0,0,1,0,0,0
1569.0,1569.0,1496.3,1507.6,27417125,61.4,72.7,0.0,11.3,0.8446,0.0,0.1554,1593.0,1611.8,1575.3,1578.1,14.9,36.5,18.8,2.8,0.4082,0.5151,0.0767,1580.0,1594.6,1578.2,1592.3,12.3,16.4,2.3,1.8,0.75,0.1402,0.1098,1,1,1,0,0,0,0,0,0,0,0,0,0
1510.0,1520.0,1498.0,1504.2,11199340,5.8,22.0,10.0,6.2,0.2636,0.4545,0.2818,1569.0,1569.0,1496.3,1507.6,61.4,72.7,0.0,11.3,0.8446,0.0,0.1554,1593.0,1611.8,1575.3,1578.1,14.9,36.5,18.8,2.8,0.4082,0.5151,0.0767,1,1,1,0,0,0,0,0,0,0,0,0,0
1500.0,1503.9,1468.8,1470.6,16518684,29.4,35.1,3.9,1.8,0.8376,0.1111,0.0513,1510.0,1520.0,1498.0,1504.2,5.8,22.0,10.0,6.2,0.2636,0.4545,0.2818,1569.0,1569.0,1496.3,1507.6,61.4,72.7,0.0,11.3,0.8446,0.0,0.1554,1,1,1,0,0,0,0,0,0,0,0,0,0
1465.0,1479.9,1465.0,1475.3,8335311,10.3,14.9,4.6,0.0,0.6913,0.3087,0.0,1500.0,1503.9,1468.8,1470.6,29.4,35.1,3.9,1.8,0.8376,0.1111,0.0513,1510.0,1520.0,1498.0,1504.2,5.8,22.0,10.0,6.2,0.2636,0.4545,0.2818,1,1,1,0,0,0,0,0,0,0,0,0,0
1475.3,1485.3,1451.0,1483.2,8883745,7.9,34.3,2.1,24.3,0.2303,0.0612,0.7085,1465.0,1479.9,1465.0,1475.3,10.3,14.9,4.6,0.0,0.6913,0.3087,0.0,1500.0,1503.9,1468.8,1470.6,29.4,35.1,3.9,1.8,0.8376,0.1111,0.0513,1,1,1,0,0,1,0,0,0,0,0,1,0
1485.0,1485.8,1444.7,1452.8,13499760,32.2,41.1,0.8,8.1,0.7835,0.0195,0.1971,1475.3,1485.3,1451.0,1483.2,7.9,34.3,2.1,24.3,0.2303,0.0612,0.7085,1465.0,1479.9,1465.0,1475.3,10.3,14.9,4.6,0.0,0.6913,0.3087,0.0,1,1,1,0,0,0,0,0,0,1,0,0,1
1444.0,1467.0,1440.2,1458.8,8321764,14.8,26.8,8.2,3.8,0.5522,0.306,0.1418,1485.0,1485.8,1444.7,1452.8,32.2,41.1,0.8,8.1,0.7835,0.0195,0.1971,1475.3,1485.3,1451.0,1483.2,7.9,34.3,2.1,24.3,0.2303,0.0612,0.7085,1,1,1,0,0,0,0,0,0,0,0,0,0
1458.8,1458.8,1458.8,1458.8,0,0.0,0.0,0.0,0.0,0.0,0.0,0.0,1444.0,1467.0,1440.2,1458.8,14.8,26.8,8.2,3.8,0.5522,0.306,0.1418,1485.0,1485.8,1444.7,1452.8,32.2,41.1,0.8,8.1,0.7835,0.0195,0.1971,1,1,1,0,0,1,1,1,0,0,1,0,0
1458.8,1480.0,1455.1,1457.9,17167161,0.9,24.9,21.2,2.8,0.0361,0.8514,0.1124,1458.8,1458.8,1458.8,1458.8,0.0,0.0,0.0,0.0,0.0,0.0,0.0,1444.0,1467.0,1440.2,1458.8,14.8,26.8,8.2,3.8,0.5522,0.306,0.1418,1,1,1,0,0,0,0,1,0,0,0,0,1
1450.6,1450.6,1403.3,1413.6,20392765,37.0,47.3,0.0,10.3,0.7822,0.0,0.2178,1458.8,1480.0,1455.1,1457.9,0.9,24.9,21.2,2.8,0.0361,0.8514,0.1124,1458.8,1458.8,1458.8,1458.8,0.0,0.0,0.0,0.0,0.0,0.0,0.0,1,1,1,0,0,0,0,0,0,0,0,0,0
1410.7,1416.0,1390.0,1394.0,13189498,16.7,26.0,5.3,4.0,0.6423,0.2038,0.1538,1450.6,1450.6,1403.3,1413.6,37.0,47.3,0.0,10.3,0.7822,0.0,0.2178,1458.8,1480.0,1455.1,1457.9,0.9,24.9,21.2,2.8,0.0361,0.8514,0.1124,1,1,1,0,0,0,0,0,0,0,0,0,0
1389.5,1412.9,1373.0,1404.6,17352720,15.1,39.9,8.3,16.5,0.3784,0.208,0.4135,1410.7,1416.0,1390.0,1394.0,16.7,26.0,5.3,4.0,0.6423,0.2038,0.1538,1450.6,1450.6,1403.3,1413.6,37.0,47.3,0.0,10.3,0.7822,0.0,0.2178,1,1,1,0,0,0,0,0,0,0,0,1,0
1410.1,1419.5,1395.0,1402.5,15721693,7.6,24.5,9.4,7.5,0.3102,0.3837,0.3061,1389.5,1412.9,1373.0,1404.6,15.1,39.9,8.3,16.5,0.3784,0.208,0.4135,1410.7,1416.0,1390.0,1394.0,16.7,26.0,5.3,4.0,0.6423,0.2038,0.1538,1,1,1,0,0,0,0,0,0,0,0,0,0
1401.8,1407.0,1381.0,1386.1,9837802,15.7,26.0,5.2,5.1,0.6038,0.2,0.1962,1410.1,1419.5,1395.0,1402.5,7.6,24.5,9.4,7.5,0.3102,0.3837,0.3061,1389.5,1412.9,1373.0,1404.6,15.1,39.9,8.3,16.5,0.3784,0.208,0.4135,1,1,1,0,0,0,0,0,0,0,0,0,1
1380.0,1391.6,1368.0,1380.5,26302396,0.5,23.6,11.1,12.0,0.0212,0.4703,0.5085,1401.8,1407.0,1381.0,1386.1,15.7,26.0,5.2,5.1,0.6038,0.2,0.1962,1410.1,1419.5,1395.0,1402.5,7.6,24.5,9.4,7.5,0.3102,0.3837,0.3061,1,1,1,0,0,0,0,1,0,0,0,0,0
1385.0,1409.9,1384.9,1396.7,11121657,11.7,25.0,13.2,0.1,0.468,0.528,0.004,1380.0,1391.6,1368.0,1380.5,0.5,23.6,11.1,12.0,0.0212,0.4703,0.5085,1401.8,1407.0,1381.0,1386.1,15.7,26.0,5.2,5.1,0.6038,0.2,0.1962,1,1,1,0,0,0,0,0,0,0,0,1,0
1402.9,1402.9,1384.0,1391.0,20846683,11.9,18.9,0.0,7.0,0.6296,0.0,0.3704,1385.0,1409.9,1384.9,1396.7,11.7,25.0,13.2,0.1,0.468,0.528,0.004,1380.0,1391.6,1368.0,1380.5,0.5,23.6,11.1,12.0,0.0212,0.4703,0.5085,1,1,1,0,0,0,0,0,0,0,0,0,0
1382.6,1398.0,1378.5,1395.4,11239835,12.8,19.5,2.6,4.1,0.6564,0.1333,0.2103,1402.9,1402.9,1384.0,1391.0,11.9,18.9,0.0,7.0,0.6296,0.0,0.3704,1385.0,1409.9,1384.9,1396.7,11.7,25.0,13.2,0.1,0.468,0.528,0.004,1,1,1,0,0,0,0,0,0,0,0,0,0
1340.0,1392.9,1335.5,1390.4,15711165,50.4,57.4,2.5,4.5,0.878,0.0436,0.0784,1382.6,1398.0,1378.5,1395.4,12.8,19.5,2.6,4.1,0.6564,0.1333,0.2103,1402.9,1402.9,1384.0,1391.0,11.9,18.9,0.0,7.0,0.6296,0.0,0.3704,-1,-1,1,-1,0,0,0,0,0,0,0,0,0
1473.9,1489.5,1430.2,1437.1,25456171,36.8,59.3,15.6,6.9,0.6206,0.2631,0.1164,1340.0,1392.9,1335.5,1390.4,50.4,57.4,2.5,4.5,0.878,0.0436,0.0784,1382.6,1398.0,1378.5,1395.4,12.8,19.5,2.6,4.1,0.6564,0.1333,0.2103,-1,-1,1,0,0,0,0,0,0,0,0,0,0
1444.0,1464.0,1440.3,1456.8,8333387,12.8,23.7,7.2,3.7,0.5401,0.3038,0.1561,1473.9,1489.5,1430.2,1437.1,36.8,59.3,15.6,6.9,0.6206,0.2631,0.1164,1340.0,1392.9,1335.5,1390.4,50.4,57.4,2.5,4.5,0.878,0.0436,0.0784,-1,-1,1,0,0,0,0,0,0,0,0,0,0
1457.0,1461.5,1439.5,1443.4,11763658,13.6,22.0,4.5,3.9,0.6182,0.2045,0.1773,1444.0,1464.0,1440.3,1456.8,12.8,23.7,7.2,3.7,0.5401,0.3038,0.1561,1473.9,1489.5,1430.2,1437.1,36.8,59.3,15.6,6.9,0.6206,0.2631,0.1164,-1,-1,1,0,0,0,0,0,0,1,0,0,0
1441.5,1452.8,1433.5,1450.8,8277304,9.3,19.3,2.0,8.0,0.4819,0.1036,0.4145,1457.0,1461.5,1439.5,1443.4,13.6,22.0,4.5,3.9,0.6182,0.2045,0.1773,1444.0,1464.0,1440.3,1456.8,12.8,23.7,7.2,3.7,0.5401,0.3038,0.1561,-1,-1,1,0,0,0,0,0,0,0,0,0,0
1458.0,1465.9,1453.0,1461.6,5775864,3.6,12.9,4.3,5.0,0.2791,0.3333,0.3876,1441.5,1452.8,1433.5,1450.8,9.3,19.3,2.0,8.0,0.4819,0.1036,0.4145,1457.0,1461.5,1439.5,1443.4,13.6,22.0,4.5,3.9,0.6182,0.2045,0.1773,-1,-1,1,0,0,0,0,0,0,0,0,1,0
1471.0,1471.0,1452.2,1458.5,10259630,12.5,18.8,0.0,6.3,0.6649,0.0,0.3351,1458.0,1465.9,1453.0,1461.6,3.6,12.9,4.3,5.0,0.2791,0.3333,0.3876,1441.5,1452.8,1433.5,1450.8,9.3,19.3,2.0,8.0,0.4819,0.1036,0.4145,-1,-1,1,0,0,0,0,0,0,0,0,0,1
1459.6,1470.0,1453.6,1468.7,7106877,9.1,16.4,1.3,6.0,0.5549,0.0793,0.3659,1471.0,1471.0,1452.2,1458.5,12.5,18.8,0.0,6.3,0.6649,0.0,0.3351,1458.0,1465.9,1453.0,1461.6,3.6,12.9,4.3,5.0,0.2791,0.3333,0.3876,-1,-1,1,0,0,0,0,0,0,0,0,0,0
1470.0,1473.0,1445.5,1448.9,11135399,21.1,27.5,3.0,3.4,0.7673,0.1091,0.1236,1459.6,1470.0,1453.6,1468.7,9.1,16.4,1.3,6.0,0.5549,0.0793,0.3659,1471.0,1471.0,1452.2,1458.5,12.5,18.8,0.0,6.3,0.6649,0.0,0.3351,-1,-1,1,0,0,0,0,0,0,1,0,0,0
1445.5,1450.7,1416.3,1419.6,10755693,25.9,34.4,5.2,3.3,0.7529,0.1512,0.0959,1470.0,1473.0,1445.5,1448.9,21.1,27.5,3.0,3.4,0.7673,0.1091,0.1236,1459.6,1470.0,1453.6,1468.7,9.1,16.4,1.3,6.0,0.5549,0.0793,0.3659,-1,-1,1,0,0,0,0,0,0,0,0,0,0
1420.1,1439.6,1409.3,1437.1,5896514,17.0,30.3,2.5,10.8,0.5611,0.0825,0.3564,1445.5,1450.7,1416.3,1419.6,25.9,34.4,5.2,3.3,0.7529,0.1512,0.0959,1470.0,1473.0,1445.5,1448.9,21.1,27.5,3.0,3.4,0.7673,0.1091,0.1236,-1,-1,1,0,0,0,0,0,0,0,0,0,0
1431.1,1431.8,1418.6,1423.0,10731630,8.1,13.2,0.7,4.4,0.6136,0.053,0.3333,1420.1,1439.6,1409.3,1437.1,17.0,30.3,2.5,10.8,0.5611,0.0825,0.3564,1445.5,1450.7,1416.3,1419.6,25.9,34.4,5.2,3.3,0.7529,0.1512,0.0959,-1,-1,1,0,0,0,0,0,0,0,0,0,0
1427.0,1442.1,1419.2,1441.3,5521096,14.3,22.9,0.8,7.8,0.6245,0.0349,0.3406,1431.1,1431.8,1418.6,1423.0,8.1,13.2,0.7,4.4,0.6136,0.053,0.3333,1420.1,1439.6,1409.3,1437.1,17.0,30.3,2.5,10.8,0.5611,0.0825,0.3564,-1,-1,1,0,0,0,0,0,0,0,0,0,0
1443.0,1443.0,1400.0,1409.5,11884664,33.5,43.0,0.0,9.5,0.7791,0.0,0.2209,1427.0,1442.1,1419.2,1441.3,14.3,22.9,0.8,7.8,0.6245,0.0349,0.3406,1431.1,1431.8,1418.6,1423.0,8.1,13.2,0.7,4.4,0.6136,0.053,0.3333,-1,-1,1,0,0,0,0,0,0,1,0,0,0
1409.5,1427.4,1406.1,1419.4,8177670,9.9,21.3,8.0,3.4,0.4648,0.3756,0.1596,1443.0,1443.0,1400.0,1409.5,33.5,43.0,0.0,9.5,0.7791,0.0,0.2209,1427.0,1442.1,1419.2,1441.3,14.3,22.9,0.8,7.8,0.6245,0.0349,0.3406,-1,-1,1,0,0,0,0,0,0,0,0,0,0
1425.0,1434.9,1418.3,1428.0,7758856,3.0,16.6,6.9,6.7,0.1807,0.4157,0.4036,1409.5,1427.4,1406.1,1419.4,9.9,21.3,8.0,3.4,0.4648,0.3756,0.1596,1443.0,1443.0,1400.0,1409.5,33.5,43.0,0.0,9.5,0.7791,0.0,0.2209,-1,-1,1,0,0,0,0,0,0,0,0,1,0
1425.3,1433.3,1415.0,1428.8,12529409,3.5,18.3,4.5,10.3,0.1913,0.2459,0.5628,1425.0,1434.9,1418.3,1428.0,3.0,16.6,6.9,6.7,0.1807,0.4157,0.4036,1409.5,1427.4,1406.1,1419.4,9.9,21.3,8.0,3.4,0.4648,0.3756,0.1596,-1,-1,1,0,0,0,0,0,0,0,0,0,0
1435.0,1440.5,1393.5,1398.5,10728792,36.5,47.0,5.5,5.0,0.7766,0.117,0.1064,1425.3,1433.3,1415.0,1428.8,3.5,18.3,4.5,10.3,0.1913,0.2459,0.5628,1425.0,1434.9,1418.3,1428.0,3.0,16.6,6.9,6.7,0.1807,0.4157,0.4036,-1,-1,1,0,0,0,0,0,0,1,0,0,0
1398.5,1412.9,1391.9,1406.8,16683858,8.3,21.0,6.1,6.6,0.3952,0.2905,0.3143,1435.0,1440.5,1393.5,1398.5,36.5,47.0,5.5,5.0,0.7766,0.117,0.1064,1425.3,1433.3,1415.0,1428.8,3.5,18.3,4.5,10.3,0.1913,0.2459,0.5628,-1,-1,1,0,0,0,0,0,0,0,0,0,0
1398.0,1410.4,1388.1,1393.9,12031440,4.1,22.3,12.4,5.8,0.1839,0.5561,0.2601,1398.5,1412.9,1391.9,1406.8,8.3,21.0,6.1,6.6,0.3952,0.2905,0.3143,1435.0,1440.5,1393.5,1398.5,36.5,47.0,5.5,5.0,0.7766,0.117,0.1064,-1,-1,1,0,0,0,0,0,0,0,0,0,0
1375.5,1378.6,1341.5,1358.0,23728722,17.5,37.1,3.1,16.5,0.4717,0.0836,0.4447,1398.0,1410.4,1388.1,1393.9,4.1,22.3,12.4,5.8,0.1839,0.5561,0.2601,1398.5,1412.9,1391.9,1406.8,8.3,21.0,6.1,6.6,0.3952,0.2905,0.3143,-1,-1,1,0,0,0,0,0,0,0,0,0,1
1330.0,1352.8,1307.0,1345.0,32495007,15.0,45.8,7.8,23.0,0.3275,0.1703,0.5022,1375.5,1378.6,1341.5,1358.0,17.5,37.1,3.1,16.5,0.4717,0.0836,0.4447,1398.0,1410.4,1388.1,1393.9,4.1,22.3,12.4,5.8,0.1839,0.5561,0.2601,-1,-1,1,0,0,0,0,0,0,0,0,0,0
1353.1,1399.0,1353.1,1389.4,25957532,36.3,45.9,9.6,0.0,0.7908,0.2092,0.0,1330.0,1352.8,1307.0,1345.0,15.0,45.8,7.8,23.0,0.3275,0.1703,0.5022,1375.5,1378.6,1341.5,1358.0,17.5,37.1,3.1,16.5,0.4717,0.0836,0.4447,-1,-1,1,0,0,0,0,0,0,0,0,1,0
1396.5,1424.3,1390.3,1404.8,19311971,8.3,34.0,19.5,6.2,0.2441,0.5735,0.1824,1353.1,1399.0,1353.1,1389.4,36.3,45.9,9.6,0.0,0.7908,0.2092,0.0,1330.0,1352.8,1307.0,1345.0,15.0,45.8,7.8,23.0,0.3275,0.1703,0.5022,-1,-1,1,0,0,0,1,0,0,0,0,0,0
1375.0,1429.4,1370.0,1424.0,24870822,49.0,59.4,5.4,5.0,0.8249,0.0909,0.0842,1396.5,1424.3,1390.3,1404.8,8.3,34.0,19.5,6.2,0.2441,0.5735,0.1824,1353.1,1399.0,1353.1,1389.4,36.3,45.9,9.6,0.0,0.7908,0.2092,0.0,-1,-1,1,0,0,0,0,0,0,0,0,0,0
1430.6,1431.5,1400.6,1408.8,18071259,21.8,30.9,0.9,8.2,0.7055,0.0291,0.2654,1375.0,1429.4,1370.0,1424.0,49.0,59.4,5.4,5.0,0.8249,0.0909,0.0842,1396.5,1424.3,1390.3,1404.8,8.3,34.0,19.5,6.2,0.2441,0.5735,0.1824,-1,-1,1,0,0,0,0,0,0,0,0,0,0
1424.9,1434.0,1383.6,1390.2,21848087,34.7,50.4,9.1,6.6,0.6885,0.1806,0.131,1430.6,1431.5,1400.6,1408.8,21.8,30.9,0.9,8.2,0.7055,0.0291,0.2654,1375.0,1429.4,1370.0,1424.0,49.0,59.4,5.4,5.0,0.8249,0.0909,0.0842,-1,-1,-1,0,0,0,0,0,0,0,0,0,1
1390.0,1410.9,1381.1,1392.2,20939959,2.2,29.8,18.7,8.9,0.0738,0.6275,0.2987,1424.9,1434.0,1383.6,1390.2,34.7,50.4,9.1,6.6,0.6885,0.1806,0.131,1430.6,1431.5,1400.6,1408.8,21.8,30.9,0.9,8.2,0.7055,0.0291,0.2654,-1,-1,-1,0,0,0,0,1,0,0,0,0,0
1385.2,1400.8,1378.4,1380.7,17265090,4.5,22.4,15.6,2.3,0.2009,0.6964,0.1027,1390.0,1410.9,1381.1,1392.2,2.2,29.8,18.7,8.9,0.0738,0.6275,0.2987,1424.9,1434.0,1383.6,1390.2,34.7,50.4,9.1,6.6,0.6885,0.1806,0.131,-1,-1,-1,0,0,0,1,0,0,0,0,0,0
1380.0,1397.3,1363.5,1395.1,22837802,15.1,33.8,2.2,16.5,0.4467,0.0651,0.4882,1385.2,1400.8,1378.4,1380.7,4.5,22.4,15.6,2.3,0.2009,0.6964,0.1027,1390.0,1410.9,1381.1,1392.2,2.2,29.8,18.7,8.9,0.0738,0.6275,0.2987,1,1,-1,1,1,0,0,0,1,0,0,0,0
1399.0,1405.9,1388.2,1397.6,19007744,1.4,17.7,6.9,9.4,0.0791,0.3898,0.5311,1380.0,1397.3,1363.5,1395.1,15.1,33.8,2.2,16.5,0.4467,0.0651,0.4882,1385.2,1400.8,1378.4,1380.7,4.5,22.4,15.6,2.3,0.2009,0.6964,0.1027,1,1,-1,0,0,0,0,1,0,0,0,0,0
1397.2,1412.9,1397.2,1408.1,9559327,10.9,15.7,4.8,0.0,0.6943,0.3057,0.0,1399.0,1405.9,1388.2,1397.6,1.4,17.7,6.9,9.4,0.0791,0.3898,0.5311,1380.0,1397.3,1363.5,1395.1,15.1,33.8,2.2,16.5,0.4467,0.0651,0.4882,1,1,-1,0,0,0,0,0,1,0,0,0,0
1388.0,1415.7,1376.1,1384.8,16498373,3.2,39.6,27.7,8.7,0.0808,0.6995,0.2197,1397.2,1412.9,1397.2,1408.1,10.9,15.7,4.8,0.0,0.6943,0.3057,0.0,1399.0,1405.9,1388.2,1397.6,1.4,17.7,6.9,9.4,0.0791,0.3898,0.5311,1,1,-1,0,0,0,0,1,0,0,0,0,0
1398.0,1430.0,1396.1,1414.4,22994918,16.4,33.9,15.6,1.9,0.4838,0.4602,0.056,1388.0,1415.7,1376.1,1384.8,3.2,39.6,27.7,8.7,0.0808,0.6995,0.2197,1397.2,1412.9,1397.2,1408.1,10.9,15.7,4.8,0.0,0.6943,0.3057,0.0,1,1,-1,0,0,0,0,0,0,0,0,0,0
1400.0,1415.6,1391.0,1407.8,18979554,7.8,24.6,7.8,9.0,0.3171,0.3171,0.3659,1398.0,1430.0,1396.1,1414.4,16.4,33.9,15.6,1.9,0.4838,0.4602,0.056,1388.0,1415.7,1376.1,1384.8,3.2,39.6,27.7,8.7,0.0808,0.6995,0.2197,1,1,-1,0,0,0,0,0,0,0,0,0,0
1420.0,1422.4,1406.6,1411.8,18620893,8.2,15.8,2.4,5.2,0.519,0.1519,0.3291,1400.0,1415.6,1391.0,1407.8,7.8,24.6,7.8,9.0,0.3171,0.3171,0.3659,1398.0,1430.0,1396.1,1414.4,16.4,33.9,15.6,1.9,0.4838,0.4602,0.056,1,1,-1,0,0,0,0,0,0,0,0,0,1
1420.0,1430.5,1408.4,1413.1,19041331,6.9,22.1,10.5,4.7,0.3122,0.4751,0.2127,1420.0,1422.4,1406.6,1411.8,8.2,15.8,2.4,5.2,0.519,0.1519,0.3291,1400.0,1415.6,1391.0,1407.8,7.8,24.6,7.8,9.0,0.3171,0.3171,0.3659,-1,-1,-1,-1,0,0,0,0,0,0,0,0,0
1401.0,1404.7,1345.0,1348.1,23266517,52.9,59.7,3.7,3.1,0.8861,0.062,0.0519,1420.0,1430.5,1408.4,1413.1,6.9,22.1,10.5,4.7,0.3122,0.4751,0.2127,1420.0,1422.4,1406.6,1411.8,8.2,15.8,2.4,5.2,0.519,0.1519,0.3291,-1,-1,-1,0,0,0,0,0,0,0,0,0,0
1335.0,1365.0,1334.1,1343.9,24393861,8.9,30.9,21.1,0.9,0.288,0.6828,0.0291,1401.0,1404.7,1345.0,1348.1,52.9,59.7,3.7,3.1,0.8861,0.062,0.0519,1420.0,1430.5,1408.4,1413.1,6.9,22.1,10.5,4.7,0.3122,0.4751,0.2127,-1,-1,-1,0,0,0,1,0,0,0,1,0,0
1384.2,1384.4,1362.9,1369.2,14404619,15.0,21.5,0.2,6.3,0.6977,0.0093,0.293,1335.0,1365.0,1334.1,1343.9,8.9,30.9,21.1,0.9,0.288,0.6828,0.0291,1401.0,1404.7,1345.0,1348.1,52.9,59.7,3.7,3.1,0.8861,0.062,0.0519,-1,-1,-1,0,0,0,0,0,0,0,0,0,0
1357.0,1358.2,1328.0,1350.5,21280051,6.5,30.2,1.2,22.5,0.2152,0.0397,0.745,1384.2,1384.4,1362.9,1369.2,15.0,21.5,0.2,6.3,0.6977,0.0093,0.293,1335.0,1365.0,1334.1,1343.9,8.9,30.9,21.1,0.9,0.288,0.6828,0.0291,-1,-1,-1,0,0,1,0,0,0,0,0,0,0
1359.0,1359.0,1290.0,1304.7,29274881,54.3,69.0,0.0,14.7,0.787,0.0,0.213,1357.0,1358.2,1328.0,1350.5,6.5,30.2,1.2,22.5,0.2152,0.0397,0.745,1384.2,1384.4,1362.9,1369.2,15.0,21.5,0.2,6.3,0.6977,0.0093,0.293,-1,-1,-1,0,0,0,0,0,0,0,0,0,0
1295.0,1308.3,1291.0,1304.6,28388922,9.6,17.3,3.7,4.0,0.5549,0.2139,0.2312,1359.0,1359.0,1290.0,1304.7,54.3,69.0,0.0,14.7,0.787,0.0,0.213,1357.0,1358.2,1328.0,1350.5,6.5,30.2,1.2,22.5,0.2152,0.0397,0.745,-1,-1,-1,0,0,0,0,0,0,0,0,0,0
1349.0,1350.6,1326.2,1347.8,21817543,1.2,24.4,1.6,21.6,0.0492,0.0656,0.8852,1295.0,1308.3,1291.0,1304.6,9.6,17.3,3.7,4.0,0.5549,0.2139,0.2312,1359.0,1359.0,1290.0,1304.7,54.3,69.0,0.0,14.7,0.787,0.0,0.213,-1,-1,-1,0,0,0,0,1,0,0,0,0,0
1346.0,1350.0,1326.3,1330.0,20725390,16.0,23.7,4.0,3.7,0.6751,0.1688,0.1561,1349.0,1350.6,1326.2,1347.8,1.2,24.4,1.6,21.6,0.0492,0.0656,0.8852,1295.0,1308.3,1291.0,1304.6,9.6,17.3,3.7,4.0,0.5549,0.2139,0.2312,-1,-1,-1,0,0,0,0,0,0,0,0,0,1
1337.0,1352.3,1331.5,1350.2,19364461,13.2,20.8,2.1,5.5,0.6346,0.101,0.2644,1346.0,1350.0,1326.3,1330.0,16.0,23.7,4.0,3.7,0.6751,0.1688,0.1561,1349.0,1350.6,1326.2,1347.8,1.2,24.4,1.6,21.6,0.0492,0.0656,0.8852,-1,-1,-1,0,0,0,0,0,0,0,0,0,0
1321.2,1327.6,1310.0,1315.1,28753269,6.1,17.6,6.4,5.1,0.3466,0.3636,0.2898,1337.0,1352.3,1331.5,1350.2,13.2,20.8,2.1,5.5,0.6346,0.101,0.2644,1346.0,1350.0,1326.3,1330.0,16.0,23.7,4.0,3.7,0.6751,0.1688,0.1561,-1,-1,-1,0,0,0,0,0,0,0,0,0,0
1337.0,1347.0,1334.2,1344.1,15313779,7.1,12.8,2.9,2.8,0.5547,0.2266,0.2187,1321.2,1327.6,1310.0,1315.1,6.1,17.6,6.4,5.1,0.3466,0.3636,0.2898,1337.0,1352.3,1331.5,1350.2,13.2,20.8,2.1,5.5,0.6346,0.101,0.2644,-1,-1,-1,0,0,0,0,0,0,0,0,0,0
1352.0,1353.8,1330.0,1343.3,30211012,8.7,23.8,1.8,13.3,0.3655,0.0756,0.5588,1337.0,1347.0,1334.2,1344.1,7.1,12.8,2.9,2.8,0.5547,0.2266,0.2187,1321.2,1327.6,1310.0,1315.1,6.1,17.6,6.4,5.1,0.3466,0.3636,0.2898,-1,-1,-1,0,0,0,0,0,0,0,0,0,0
1340.0,1368.4,1340.0,1365.0,13869105,25.0,28.4,3.4,0.0,0.8803,0.1197,0.0,1352.0,1353.8,1330.0,1343.3,8.7,23.8,1.8,13.3,0.3655,0.0756,0.5588,1337.0,1347.0,1334.2,1344.1,7.1,12.8,2.9,2.8,0.5547,0.2266,0.2187,-1,-1,-1,0,0,0,0,0,1,0,0,0,0
1363.2,1373.0,1352.8,1363.3,13614733,0.1,20.2,9.7,10.4,0.005,0.4802,0.5149,1340.0,1368.4,1340.0,1365.0,25.0,28.4,3.4,0.0,0.8803,0.1197,0.0,1352.0,1353.8,1330.0,1343.3,8.7,23.8,1.8,13.3,0.3655,0.0756,0.5588,-1,-1,-1,0,0,0,0,1,0,0,0,0,0
1359.0,1369.8,1350.1,1353.3,27293629,5.7,19.7,10.8,3.2,0.2893,0.5482,0.1624,1363.2,1373.0,1352.8,1363.3,0.1,20.2,9.7,10.4,0.005,0.4802,0.5149,1340.0,1368.4,1340.0,1365.0,25.0,28.4,3.4,0.0,0.8803,0.1197,0.0,-1,-1,-1,0,0,0,0,0,0,0,0,0,1
1350.3,1366.0,1349.1,1362.1,9525953,11.8,16.9,3.9,1.2,0.6982,0.2308,0.071,1359.0,1369.8,1350.1,1353.3,5.7,19.7,10.8,3.2,0.2893,0.5482,0.1624,1363.2,1373.0,1352.8,1363.3,0.1,20.2,9.7,10.4,0.005,0.4802,0.5149,-1,-1,-1,0,0,0,0,0,1,0,0,0,0
1346.0,1355.5,1340.7,1343.4,16385079,2.6,14.8,9.5,2.7,0.1757,0.6419,0.1824,1350.3,1366.0,1349.1,1362.1,11.8,16.9,3.9,1.2,0.6982,0.2308,0.071,1359.0,1369.8,1350.1,1353.3,5.7,19.7,10.8,3.2,0.2893,0.5482,0.1624,-1,-1,-1,0,0,0,0,0,0,0,0,0,0
1340.0,1345.9,1325.0,1327.8,11744802,12.2,20.9,5.9,2.8,0.5837,0.2823,0.134,1346.0,1355.5,1340.7,1343.4,2.6,14.8,9.5,2.7,0.1757,0.6419,0.1824,1350.3,1366.0,1349.1,1362.1,11.8,16.9,3.9,1.2,0.6982,0.2308,0.071,-1,-1,-1,0,0,0,0,0,0,0,0,0,1
1313.0,1371.6,1311.0,1365.8,24673098,52.8,60.6,5.8,2.0,0.8713,0.0957,0.033,1340.0,1345.9,1325.0,1327.8,12.2,20.9,5.9,2.8,0.5837,0.2823,0.134,1346.0,1355.5,1340.7,1343.4,2.6,14.8,9.5,2.7,0.1757,0.6419,0.1824,1,1,-1,1,1,0,0,0,1,0,0,0,0
1358.0,1395.2,1357.0,1388.9,41027699,30.9,38.2,6.3,1.0,0.8089,0.1649,0.0262,1313.0,1371.6,1311.0,1365.8,52.8,60.6,5.8,2.0,0.8713,0.0957,0.033,1340.0,1345.9,1325.0,1327.8,12.2,20.9,5.9,2.8,0.5837,0.2823,0.134,1,1,-1,0,0,0,0,0,0,0,0,0,0
1392.0,1433.8,1391.3,1425.4,30542143,33.4,42.5,8.4,0.7,0.7859,0.1976,0.0165,1358.0,1395.2,1357.0,1388.9,30.9,38.2,6.3,1.0,0.8089,0.1649,0.0262,1313.0,1371.6,1311.0,1365.8,52.8,60.6,5.8,2.0,0.8713,0.0957,0.033,1,1,-1,0,0,0,0,0,0,0,0,0,0
1409.0,1437.0,1393.1,1430.8,30957881,21.8,43.9,6.2,15.9,0.4966,0.1412,0.3622,1392.0,1433.8,1391.3,1425.4,33.4,42.5,8.4,0.7,0.7859,0.1976,0.0165,1358.0,1395.2,1357.0,1388.9,30.9,38.2,6.3,1.0,0.8089,0.1649,0.0262,1,1,-1,0,0,0,0,0,0,0,0,0,0
1430.8,1430.8,1430.8,1430.8,0,0.0,0.0,0.0,0.0,0.0,0.0,0.0,1409.0,1437.0,1393.1,1430.8,21.8,43.9,6.2,15.9,0.4966,0.1412,0.3622,1392.0,1433.8,1391.3,1425.4,33.4,42.5,8.4,0.7,0.7859,0.1976,0.0165,1,1,-1,0,0,1,1,1,0,0,1,0,0
1433.4,1467.4,1433.4,1463.1,24035700,29.7,34.0,4.3,0.0,0.8735,0.1265,0.0,1430.8,1430.8,1430.8,1430.8,0.0,0.0,0.0,0.0,0.0,0.0,0.0,1409.0,1437.0,1393.1,1430.8,21.8,43.9,6.2,15.9,0.4966,0.1412,0.3622,1,1,-1,0,0,0,0,0,0,0,0,0,0
1460.0,1473.4,1450.0,1463.6,23543341,3.6,23.4,9.8,10.0,0.1538,0.4188,0.4274,1433.4,1467.4,1433.4,1463.1,29.7,34.0,4.3,0.0,0.8735,0.1265,0.0,1430.8,1430.8,1430.8,1430.8,0.0,0.0,0.0,0.0,0.0,0.0,0.0,1,1,-1,0,0,0,0,0,0,0,0,0,0
1463.0,1473.3,1427.5,1437.9,14221786,25.1,45.8,10.3,10.4,0.548,0.2249,0.2271,1460.0,1473.4,1450.0,1463.6,3.6,23.4,9.8,10.0,0.1538,0.4188,0.4274,1433.4,1467.4,1433.4,1463.1,29.7,34.0,4.3,0.0,0.8735,0.1265,0.0,1,1,-1,0,0,0,0,0,0,0,0,0,1
1438.8,1449.5,1430.3,1436.2,19816903,2.6,19.2,10.7,5.9,0.1354,0.5573,0.3073,1463.0,1473.3,1427.5,1437.9,25.1,45.8,10.3,10.4,0.548,0.2249,0.2271,1460.0,1473.4,1450.0,1463.6,3.6,23.4,9.8,10.0,0.1538,0.4188,0.4274,1,1,-1,0,0,0,0,0,0,0,0,0,0
1426.0,1442.8,1417.5,1435.2,8663105,9.2,25.3,7.6,8.5,0.3636,0.3004,0.336,1438.8,1449.5,1430.3,1436.2,2.6,19.2,10.7,5.9,0.1354,0.5573,0.3073,1463.0,1473.3,1427.5,1437.9,25.1,45.8,10.3,10.4,0.548,0.2249,0.2271,1,1,-1,0,0,0,0,0,0,0,0,1,0
1420.0,1428.0,1382.0,1388.2,15261787,31.8,46.0,8.0,6.2,0.6913,0.1739,0.1348,1426.0,1442.8,1417.5,1435.2,9.2,25.3,7.6,8.5,0.3636,0.3004,0.336,1438.8,1449.5,1430.3,1436.2,2.6,19.2,10.7,5.9,0.1354,0.5573,0.3073,1,1,-1,0,0,0,0,0,0,0,0,0,0
1392.0,1393.5,1360.3,1364.0,24357500,28.0,33.2,1.5,3.7,0.8434,0.0452,0.1114,1420.0,1428.0,1382.0,1388.2,31.8,46.0,8.0,6.2,0.6913,0.1739,0.1348,1426.0,1442.8,1417.5,1435.2,9.2,25.3,7.6,8.5,0.3636,0.3004,0.336,1,1,-1,0,0,0,0,0,0,0,0,0,0
1361.4,1372.4,1352.4,1358.8,13797989,2.6,20.0,11.0,6.4,0.13,0.55,0.32,1392.0,1393.5,1360.3,1364.0,28.0,33.2,1.5,3.7,0.8434,0.0452,0.1114,1420.0,1428.0,1382.0,1388.2,31.8,46.0,8.0,6.2,0.6913,0.1739,0.1348,1,1,-1,0,0,0,0,0,0,0,0,0,0
1365.2,1378.0,1358.4,1361.8,17303059,3.4,19.6,12.8,3.4,0.1735,0.6531,0.1735,1361.4,1372.4,1352.4,1358.8,2.6,20.0,11.0,6.4,0.13,0.55,0.32,1392.0,1393.5,1360.3,1364.0,28.0,33.2,1.5,3.7,0.8434,0.0452,0.1114,1,1,-1,0,0,0,1,0,0,0,0,0,0
1356.8,1364.8,1329.2,1336.4,19976192,20.4,35.6,8.0,7.2,0.573,0.2247,0.2022,1365.2,1378.0,1358.4,1361.8,3.4,19.6,12.8,3.4,0.1735,0.6531,0.1735,1361.4,1372.4,1352.4,1358.8,2.6,20.0,11.0,6.4,0.13,0.55,0.32,1,1,-1,0,0,0,0,0,0,0,0,0,0
1334.0,1342.0,1318.7,1335.9,13022473,1.9,23.3,6.1,15.3,0.0815,0.2618,0.6567,1356.8,1364.8,1329.2,1336.4,20.4,35.6,8.0,7.2,0.573,0.2247,0.2022,1365.2,1378.0,1358.4,1361.8,3.4,19.6,12.8,3.4,0.1735,0.6531,0.1735,1,1,-1,0,0,0,0,1,0,0,0,0,0
1338.7,1344.0,1318.4,1322.7,21665501,16.0,25.6,5.3,4.3,0.625,0.207,0.168,1334.0,1342.0,1318.7,1335.9,1.9,23.3,6.1,15.3,0.0815,0.2618,0.6567,1356.8,1364.8,1329.2,1336.4,20.4,35.6,8.0,7.2,0.573,0.2247,0.2022,1,1,-1,0,0,0,0,0,0,1,0,0,0
1318.7,1362.9,1312.6,1359.7,13248515,41.0,50.3,3.2,6.1,0.8151,0.0636,0.1213,1338.7,1344.0,1318.4,1322.7,16.0,25.6,5.3,4.3,0.625,0.207,0.168,1334.0,1342.0,1318.7,1335.9,1.9,23.3,6.1,15.3,0.0815,0.2618,0.6567,1,1,-1,0,0,0,0,0,1,0,0,0,0
1367.2,1370.9,1345.2,1349.6,17150630,17.6,25.7,3.7,4.4,0.6848,0.144,0.1712,1318.7,1362.9,1312.6,1359.7,41.0,50.3,3.2,6.1,0.8151,0.0636,0.1213,1338.7,1344.0,1318.4,1322.7,16.0,25.6,5.3,4.3,0.625,0.207,0.168,1,1,-1,0,0,0,0,0,0,0,0,0,0
1350.0,1367.4,1349.1,1354.5,7105813,4.5,18.3,12.9,0.9,0.2459,0.7049,0.0492,1367.2,1370.9,1345.2,1349.6,17.6,25.7,3.7,4.4,0.6848,0.144,0.1712,1318.7,1362.9,1312.6,1359.7,41.0,50.3,3.2,6.1,0.8151,0.0636,0.1213,1,1,-1,0,0,0,1,0,0,0,1,0,0
1366.8,1371.1,1357.0,1367.0,6750071,0.2,14.1,4.1,9.8,0.0142,0.2908,0.695,1350.0,1367.4,1349.1,1354.5,4.5,18.3,12.9,0.9,0.2459,0.7049,0.0492,1367.2,1370.9,1345.2,1349.6,17.6,25.7,3.7,4.4,0.6848,0.144,0.1712,-1,-1,-1,-1,0,0,0,1,0,0,0,1,0
1360.1,1368.5,1352.4,1356.3,13769747,3.8,16.1,8.4,3.9,0.236,0.5217,0.2422,1366.8,1371.1,1357.0,1367.0,0.2,14.1,4.1,9.8,0.0142,0.2908,0.695,1350.0,1367.4,1349.1,1354.5,4.5,18.3,12.9,0.9,0.2459,0.7049,0.0492,-1,-1,-1,0,0,0,0,0,0,0,0,0,1
1353.0,1361.0,1348.6,1350.5,13215138,2.5,12.4,8.0,1.9,0.2016,0.6452,0.1532,1360.1,1368.5,1352.4,1356.3,3.8,16.1,8.4,3.9,0.236,0.5217,0.2422,1366.8,1371.1,1357.0,1367.0,0.2,14.1,4.1,9.8,0.0142,0.2908,0.695,-1,-1,-1,0,0,0,1,0,0,0,0,0,0
1350.5,1350.5,1350.5,1350.5,0,0.0,0.0,0.0,0.0,0.0,0.0,0.0,1353.0,1361.0,1348.6,1350.5,2.5,12.4,8.0,1.9,0.2016,0.6452,0.1532,1360.1,1368.5,1352.4,1356.3,3.8,16.1,8.4,3.9,0.236,0.5217,0.2422,-1,-1,-1,0,0,1,1,1,0,0,1,0,0
1364.0,1369.0,1317.0,1321.2,42634247,42.8,52.0,5.0,4.2,0.8231,0.0962,0.0808,1350.5,1350.5,1350.5,1350.5,0.0,0.0,0.0,0.0,0.0,0.0,0.0,1353.0,1361.0,1348.6,1350.5,2.5,12.4,8.0,1.9,0.2016,0.6452,0.1532,-1,-1,-1,0,0,0,0,0,0,0,0,0,0
1332.5,1335.5,1318.5,1320.0,10700603,12.5,17.0,3.0,1.5,0.7353,0.1765,0.0882,1364.0,1369.0,1317.0,1321.2,42.8,52.0,5.0,4.2,0.8231,0.0962,0.0808,1350.5,1350.5,1350.5,1350.5,0.0,0.0,0.0,0.0,0.0,0.0,0.0,-1,-1,-1,0,0,0,0,0,0,0,0,0,0
1307.7,1327.8,1300.3,1314.6,23302785,6.9,27.5,13.2,7.4,0.2509,0.48,0.2691,1332.5,1335.5,1318.5,1320.0,12.5,17.0,3.0,1.5,0.7353,0.1765,0.0882,1364.0,1369.0,1317.0,1321.2,42.8,52.0,5.0,4.2,0.8231,0.0962,0.0808,-1,-1,-1,0,0,0,0,0,0,0,0,1,0
1315.0,1324.0,1301.0,1313.2,20012293,1.8,23.0,9.0,12.2,0.0783,0.3913,0.5304,1307.7,1327.8,1300.3,1314.6,6.9,27.5,13.2,7.4,0.2509,0.48,0.2691,1332.5,1335.5,1318.5,1320.0,12.5,17.0,3.0,1.5,0.7353,0.1765,0.0882,-1,-1,-1,0,0,0,0,1,0,0,0,0,0
1301.0,1311.2,1293.1,1303.7,23474327,2.7,18.1,7.5,7.9,0.1492,0.4144,0.4365,1315.0,1324.0,1301.0,1313.2,1.8,23.0,9.0,12.2,0.0783,0.3913,0.5304,1307.7,1327.8,1300.3,1314.6,6.9,27.5,13.2,7.4,0.2509,0.48,0.2691,-1,-1,-1,0,0,0,0,0,0,0,0,0,0
1304.5,1306.0,1288.0,1291.0,17785223,13.5,18.0,1.5,3.0,0.75,0.0833,0.1667,1301.0,1311.2,1293.1,1303.7,2.7,18.1,7.5,7.9,0.1492,0.4144,0.4365,1315.0,1324.0,1301.0,1313.2,1.8,23.0,9.0,12.2,0.0783,0.3913,0.5304,-1,-1,-1,0,0,0,0,0,0,1,0,0,0
1277.0,1282.6,1259.2,1263.3,16494759,13.7,23.4,5.6,4.1,0.5855,0.2393,0.1752,1304.5,1306.0,1288.0,1291.0,13.5,18.0,1.5,3.0,0.75,0.0833,0.1667,1301.0,1311.2,1293.1,1303.7,2.7,18.1,7.5,7.9,0.1492,0.4144,0.4365,-1,-1,-1,0,0,0,0,0,0,0,0,0,0
1269.0,1274.2,1257.5,1269.2,23620214,0.2,16.7,5.0,11.5,0.012,0.2994,0.6886,1277.0,1282.6,1259.2,1263.3,13.7,23.4,5.6,4.1,0.5855,0.2393,0.1752,1304.5,1306.0,1288.0,1291.0,13.5,18.0,1.5,3.0,0.75,0.0833,0.1667,-1,-1,-1,0,0,0,0,1,0,0,0,0,0
1275.0,1300.5,1254.4,1258.8,21012796,16.2,46.1,25.5,4.4,0.3514,0.5531,0.0954,1269.0,1274.2,1257.5,1269.2,0.2,16.7,5.0,11.5,0.012,0.2994,0.6886,1277.0,1282.6,1259.2,1263.3,13.7,23.4,5.6,4.1,0.5855,0.2393,0.1752,-1,-1,-1,0,0,0,0,0,0,1,0,0,0
1258.0,1276.0,1253.2,1263.0,13117486,5.0,22.8,13.0,4.8,0.2193,0.5702,0.2105,1275.0,1300.5,1254.4,1258.8,16.2,46.1,25.5,4.4,0.3514,0.5531,0.0954,1269.0,1274.2,1257.5,1269.2,0.2,16.7,5.0,11.5,0.012,0.2994,0.6886,-1,-1,-1,0,0,0,1,0,0,0,0,0,0
1277.0,1297.0,1262.5,1293.0,11988785,16.0,34.5,4.0,14.5,0.4638,0.1159,0.4203,1258.0,1276.0,1253.2,1263.0,5.0,22.8,13.0,4.8,0.2193,0.5702,0.2105,1275.0,1300.5,1254.4,1258.8,16.2,46.1,25.5,4.4,0.3514,0.5531,0.0954,-1,-1,-1,0,0,0,0,0,0,0,0,1,0
1315.3,1325.0,1303.3,1307.0,18633321,8.3,21.7,9.7,3.7,0.3825,0.447,0.1705,1277.0,1297.0,1262.5,1293.0,16.0,34.5,4.0,14.5,0.4638,0.1159,0.4203,1258.0,1276.0,1253.2,1263.0,5.0,22.8,13.0,4.8,0.2193,0.5702,0.2105,-1,-1,-1,0,0,0,0,0,0,0,0,0,0
1313.4,1333.4,1306.4,1328.8,18513223,15.4,27.0,4.6,7.0,0.5704,0.1704,0.2593,1315.3,1325.0,1303.3,1307.0,8.3,21.7,9.7,3.7,0.3825,0.447,0.1705,1277.0,1297.0,1262.5,1293.0,16.0,34.5,4.0,14.5,0.4638,0.1159,0.4203,-1,-1,-1,0,0,0,0,0,0,0,0,0,0
1333.0,1334.0,1317.0,1332.7,10029170,0.3,17.0,1.0,15.7,0.0176,0.0588,0.9235,1313.4,1333.4,1306.4,1328.8,15.4,27.0,4.6,7.0,0.5704,0.1704,0.2593,1315.3,1325.0,1303.3,1307.0,8.3,21.7,9.7,3.7,0.3825,0.447,0.1705,-1,-1,-1,0,0,0,0,1,0,0,0,0,0
1330.0,1333.9,1322.0,1328.1,15494549,1.9,11.9,3.9,6.1,0.1597,0.3277,0.5126,1333.0,1334.0,1317.0,1332.7,0.3,17.0,1.0,15.7,0.0176,0.0588,0.9235,1313.4,1333.4,1306.4,1328.8,15.4,27.0,4.6,7.0,0.5704,0.1704,0.2593,-1,-1,-1,0,0,0,0,0,0,0,0,0,1
1328.0,1338.2,1305.3,1309.5,24887034,18.5,32.9,10.2,4.2,0.5623,0.31,0.1277,1330.0,1333.9,1322.0,1328.1,1.9,11.9,3.9,6.1,0.1597,0.3277,0.5126,1333.0,1334.0,1317.0,1332.7,0.3,17.0,1.0,15.7,0.0176,0.0588,0.9235,-1,-1,-1,0,0,0,0,0,0,0,0,0,0
1316.7,1344.9,1314.1,1326.5,12931213,9.8,30.8,18.4,2.6,0.3182,0.5974,0.0844,1328.0,1338.2,1305.3,1309.5,18.5,32.9,10.2,4.2,0.5623,0.31,0.1277,1330.0,1333.9,1322.0,1328.1,1.9,11.9,3.9,6.1,0.1597,0.3277,0.5126,-1,-1,-1,0,0,0,0,0,0,0,0,0,0
1328.9,1333.0,1304.0,1309.5,15400184,19.4,29.0,4.1,5.5,0.669,0.1414,0.1897,1316.7,1344.9,1314.1,1326.5,9.8,30.8,18.4,2.6,0.3182,0.5974,0.0844,1328.0,1338.2,1305.3,1309.5,18.5,32.9,10.2,4.2,0.5623,0.31,0.1277,-1,-1,-1,0,0,0,0,0,0,1,0,0,0
1305.7,1322.0,1297.5,1313.6,11030917,7.9,24.5,8.4,8.2,0.3224,0.3429,0.3347,1328.9,1333.0,1304.0,1309.5,19.4,29.0,4.1,5.5,0.669,0.1414,0.1897,1316.7,1344.9,1314.1,1326.5,9.8,30.8,18.4,2.6,0.3182,0.5974,0.0844,-1,-1,-1,0,0,0,0,0,0,0,0,0,0
1318.0,1328.0,1314.6,1318.1,12694362,0.1,13.4,9.9,3.4,0.0075,0.7388,0.2537,1305.7,1322.0,1297.5,1313.6,7.9,24.5,8.4,8.2,0.3224,0.3429,0.3347,1328.9,1333.0,1304.0,1309.5,19.4,29.0,4.1,5.5,0.669,0.1414,0.1897,-1,-1,-1,0,0,0,0,1,0,0,0,1,0
1318.1,1318.1,1318.1,1318.1,0,0.0,0.0,0.0,0.0,0.0,0.0,0.0,1318.0,1328.0,1314.6,1318.1,0.1,13.4,9.9,3.4,0.0075,0.7388,0.2537,1305.7,1322.0,1297.5,1313.6,7.9,24.5,8.4,8.2,0.3224,0.3429,0.3347,-1,-1,-1,0,0,1,1,1,0,0,1,0,0
1308.0,1313.7,1292.6,1301.0,13757656,7.0,21.1,5.7,8.4,0.3318,0.2701,0.3981,1318.1,1318.1,1318.1,1318.1,0.0,0.0,0.0,0.0,0.0,0.0,0.0,1318.0,1328.0,1314.6,1318.1,0.1,13.4,9.9,3.4,0.0075,0.7388,0.2537,-1,-1,-1,0,0,0,0,0,0,0,0,0,1
1306.9,1306.9,1290.0,1293.9,15695263,13.0,16.9,0.0,3.9,0.7692,0.0,0.2308,1308.0,1313.7,1292.6,1301.0,7.0,21.1,5.7,8.4,0.3318,0.2701,0.3981,1318.1,1318.1,1318.1,1318.1,0.0,0.0,0.0,0.0,0.0,0.0,0.0,1,1,-1,1,0,0,0,0,0,0,0,0,0
1298.9,1312.2,1296.5,1308.0,7001401,9.1,15.7,4.2,2.4,0.5796,0.2675,0.1529,1306.9,1306.9,1290.0,1293.9,13.0,16.9,0.0,3.9,0.7692,0.0,0.2308,1308.0,1313.7,1292.6,1301.0,7.0,21.1,5.7,8.4,0.3318,0.2701,0.3981,1,1,-1,0,0,0,0,0,0,0,0,0,0
1310.0,1313.2,1299.0,1303.5,17795024,6.5,14.2,3.2,4.5,0.4577,0.2254,0.3169,1298.9,1312.2,1296.5,1308.0,9.1,15.7,4.2,2.4,0.5796,0.2675,0.1529,1306.9,1306.9,1290.0,1293.9,13.0,16.9,0.0,3.9,0.7692,0.0,0.2308,1,1,-1,0,0,0,0,0,0,0,0,0,0
1312.0,1312.0,1302.0,1304.0,7839550,8.0,10.0,0.0,2.0,0.8,0.0,0.2,1310.0,1313.2,1299.0,1303.5,6.5,14.2,3.2,4.5,0.4577,0.2254,0.3169,1298.9,1312.2,1296.5,1308.0,9.1,15.7,4.2,2.4,0.5796,0.2675,0.1529,1,1,-1,0,0,0,0,0,0,0,0,0,1
1304.0,1325.6,1299.4,1321.3,7610709,17.3,26.2,4.3,4.6,0.6603,0.1641,0.1756,1312.0,1312.0,1302.0,1304.0,8.0,10.0,0.0,2.0,0.8,0.0,0.2,1310.0,1313.2,1299.0,1303.5,6.5,14.2,3.2,4.5,0.4577,0.2254,0.3169,1,1,-1,0,0,0,0,0,0,0,0,0,0
1323.5,1328.0,1304.1,1308.4,14335554,15.1,23.9,4.5,4.3,0.6318,0.1883,0.1799,1304.0,1325.6,1299.4,1321.3,17.3,26.2,4.3,4.6,0.6603,0.1641,0.1756,1312.0,1312.0,1302.0,1304.0,8.0,10.0,0.0,2.0,0.8,0.0,0.2,-1,-1,-1,-1,0,0,0,0,0,0,0,0,0
1297.0,1302.3,1271.6,1275.9,19960868,21.1,30.7,5.3,4.3,0.6873,0.1726,0.1401,1323.5,1328.0,1304.1,1308.4,15.1,23.9,4.5,4.3,0.6318,0.1883,0.1799,1304.0,1325.6,1299.4,1321.3,17.3,26.2,4.3,4.6,0.6603,0.1641,0.1756,-1,-1,-1,0,0,0,0,0,0,0,0,0,1
1277.1,1296.5,1274.2,1279.8,14651963,2.7,22.3,16.7,2.9,0.1211,0.7489,0.13,1297.0,1302.3,1271.6,1275.9,21.1,30.7,5.3,4.3,0.6873,0.1726,0.1401,1323.5,1328.0,1304.1,1308.4,15.1,23.9,4.5,4.3,0.6318,0.1883,0.1799,-1,-1,-1,0,0,0,0,0,0,0,0,0,0
1291.9,1311.1,1287.8,1307.8,8412537,15.9,23.3,3.3,4.1,0.6824,0.1416,0.176,1277.1,1296.5,1274.2,1279.8,2.7,22.3,16.7,2.9,0.1211,0.7489,0.13,1297.0,1302.3,1271.6,1275.9,21.1,30.7,5.3,4.3,0.6873,0.1726,0.1401,-1,-1,-1,0,0,0,0,0,0,0,0,1,0
1300.0,1306.4,1295.0,1296.9,9488352,3.1,11.4,6.4,1.9,0.2719,0.5614,0.1667,1291.9,1311.1,1287.8,1307.8,15.9,23.3,3.3,4.1,0.6824,0.1416,0.176,1277.1,1296.5,1274.2,1279.8,2.7,22.3,16.7,2.9,0.1211,0.7489,0.13,-1,-1,-1,0,0,0,1,0,0,0,0,0,0
1290.0,1308.0,1286.9,1293.0,13511284,3.0,21.1,15.0,3.1,0.1422,0.7109,0.1469,1300.0,1306.4,1295.0,1296.9,3.1,11.4,6.4,1.9,0.2719,0.5614,0.1667,1291.9,1311.1,1287.8,1307.8,15.9,23.3,3.3,4.1,0.6824,0.1416,0.176,-1,-1,-1,0,0,0,0,0,0,0,0,0,0
1294.1,1310.9,1294.1,1295.5,9577965,1.4,16.8,15.4,0.0,0.0833,0.9167,0.0,1290.0,1308.0,1286.9,1293.0,3.0,21.1,15.0,3.1,0.1422,0.7109,0.1469,1300.0,1306.4,1295.0,1296.9,3.1,11.4,6.4,1.9,0.2719,0.5614,0.1667,-1,-1,-1,0,0,0,1,1,0,0,1,1,0
1295.5,1309.4,1291.8,1296.6,15631046,1.1,17.6,12.8,3.7,0.0625,0.7273,0.2102,1294.1,1310.9,1294.1,1295.5,1.4,16.8,15.4,0.0,0.0833,0.9167,0.0,1290.0,1308.0,1286.9,1293.0,3.0,21.1,15.0,3.1,0.1422,0.7109,0.1469,-1,-1,-1,0,0,0,0,1,0,0,0,0,0
1300.0,1330.3,1296.1,1327.2,18302218,27.2,34.2,3.1,3.9,0.7953,0.0906,0.114,1295.5,1309.4,1291.8,1296.6,1.1,17.6,12.8,3.7,0.0625,0.7273,0.2102,1294.1,1310.9,1294.1,1295.5,1.4,16.8,15.4,0.0,0.0833,0.9167,0.0,-1,-1,-1,0,0,0,0,0,0,0,0,0,0
1317.2,1345.9,1314.9,1323.1,14305844,5.9,31.0,22.8,2.3,0.1903,0.7355,0.0742,1300.0,1330.3,1296.1,1327.2,27.2,34.2,3.1,3.9,0.7953,0.0906,0.114,1295.5,1309.4,1291.8,1296.6,1.1,17.6,12.8,3.7,0.0625,0.7273,0.2102,1,1,-1,1,1,0,1,0,0,0,1,0,0
1321.0,1326.9,1302.7,1303.7,12753410,17.3,24.2,5.9,1.0,0.7149,0.2438,0.0413,1317.2,1345.9,1314.9,1323.1,5.9,31.0,22.8,2.3,0.1903,0.7355,0.0742,1300.0,1330.3,1296.1,1327.2,27.2,34.2,3.1,3.9,0.7953,0.0906,0.114,1,1,-1,0,0,0,0,0,0,0,0,0,1
1302.0,1304.6,1280.7,1288.6,10840383,13.4,23.9,2.6,7.9,0.5607,0.1088,0.3305,1321.0,1326.9,1302.7,1303.7,17.3,24.2,5.9,1.0,0.7149,0.2438,0.0413,1317.2,1345.9,1314.9,1323.1,5.9,31.0,22.8,2.3,0.1903,0.7355,0.0742,1,1,-1,0,0,0,0,0,0,0,0,0,0
1283.0,1287.3,1268.0,1272.2,12580741,10.8,19.3,4.3,4.2,0.5596,0.2228,0.2176,1302.0,1304.6,1280.7,1288.6,13.4,23.9,2.6,7.9,0.5607,0.1088,0.3305,1321.0,1326.9,1302.7,1303.7,17.3,24.2,5.9,1.0,0.7149,0.2438,0.0413,1,1,-1,0,0,0,0,0,0,0,0,0,0
1265.0,1283.4,1249.8,1278.0,9817000,13.0,33.6,5.4,15.2,0.3869,0.1607,0.4524,1283.0,1287.3,1268.0,1272.2,10.8,19.3,4.3,4.2,0.5596,0.2228,0.2176,1302.0,1304.6,1280.7,1288.6,13.4,23.9,2.6,7.9,0.5607,0.1088,0.3305,-1,-1,-1,-1,0,0,0,0,0,0,0,1,0
1288.2,1288.7,1278.0,1280.0,7163132,8.2,10.7,0.5,2.0,0.7664,0.0467,0.1869,1265.0,1283.4,1249.8,1278.0,13.0,33.6,5.4,15.2,0.3869,0.1607,0.4524,1283.0,1287.3,1268.0,1272.2,10.8,19.3,4.3,4.2,0.5596,0.2228,0.2176,-1,-1,-1,0,0,0,0,0,0,0,0,0,0
1275.0,1279.2,1265.9,1267.7,9312184,7.3,13.3,4.2,1.8,0.5489,0.3158,0.1353,1288.2,1288.7,1278.0,1280.0,8.2,10.7,0.5,2.0,0.7664,0.0467,0.1869,1265.0,1283.4,1249.8,1278.0,13.0,33.6,5.4,15.2,0.3869,0.1607,0.4524,-1,-1,-1,0,0,0,0,0,0,0,0,0,1
1275.0,1282.4,1268.7,1275.9,9448307,0.9,13.7,6.5,6.3,0.0657,0.4745,0.4599,1275.0,1279.2,1265.9,1267.7,7.3,13.3,4.2,1.8,0.5489,0.3158,0.1353,1288.2,1288.7,1278.0,1280.0,8.2,10.7,0.5,2.0,0.7664,0.0467,0.1869,-1,-1,-1,0,0,0,0,1,0,0,0,1,0
1279.8,1297.0,1275.3,1292.9,12158451,13.1,21.7,4.1,4.5,0.6037,0.1889,0.2074,1275.0,1282.4,1268.7,1275.9,0.9,13.7,6.5,6.3,0.0657,0.4745,0.4599,1275.0,1279.2,1265.9,1267.7,7.3,13.3,4.2,1.8,0.5489,0.3158,0.1353,-1,-1,-1,0,0,0,0,0,0,0,0,1,0
1295.0,1309.7,1293.6,1307.8,8624996,12.8,16.1,1.9,1.4,0.795,0.118,0.087,1279.8,1297.0,1275.3,1292.9,13.1,21.7,4.1,4.5,0.6037,0.1889,0.2074,1275.0,1282.4,1268.7,1275.9,0.9,13.7,6.5,6.3,0.0657,0.4745,0.4599,-1,-1,-1,0,0,0,0,0,0,0,0,0,0
1315.2,1319.0,1306.0,1319.0,7508023,3.8,13.0,0.0,9.2,0.2923,0.0,0.7077,1295.0,1309.7,1293.6,1307.8,12.8,16.1,1.9,1.4,0.795,0.118,0.087,1279.8,1297.0,1275.3,1292.9,13.1,21.7,4.1,4.5,0.6037,0.1889,0.2074,-1,-1,-1,0,0,1,0,0,0,0,0,0,0
1315.0,1315.0,1286.4,1290.9,10759546,24.1,28.6,0.0,4.5,0.8427,0.0,0.1573,1315.2,1319.0,1306.0,1319.0,3.8,13.0,0.0,9.2,0.2923,0.0,0.7077,1295.0,1309.7,1293.6,1307.8,12.8,16.1,1.9,1.4,0.795,0.118,0.087,-1,-1,-1,0,0,0,0,0,0,0,0,0,1
1293.0,1299.0,1270.1,1280.0,24820782,13.0,28.9,6.0,9.9,0.4498,0.2076,0.3426,1315.0,1315.0,1286.4,1290.9,24.1,28.6,0.0,4.5,0.8427,0.0,0.1573,1315.2,1319.0,1306.0,1319.0,3.8,13.0,0.0,9.2,0.2923,0.0,0.7077,-1,-1,-1,0,0,0,0,0,0,0,0,0,0
1285.0,1325.2,1281.2,1325.0,20342297,40.0,44.0,0.2,3.8,0.9091,0.0045,0.0864,1293.0,1299.0,1270.1,1280.0,13.0,28.9,6.0,9.9,0.4498,0.2076,0.3426,1315.0,1315.0,1286.4,1290.9,24.1,28.6,0.0,4.5,0.8427,0.0,0.1573,-1,-1,-1,0,0,0,0,0,0,0,0,1,0
1320.0,1337.0,1316.6,1334.8,9885638,14.8,20.4,2.2,3.4,0.7255,0.1078,0.1667,1285.0,1325.2,1281.2,1325.0,40.0,44.0,0.2,3.8,0.9091,0.0045,0.0864,1293.0,1299.0,1270.1,1280.0,13.0,28.9,6.0,9.9,0.4498,0.2076,0.3426,-1,-1,-1,0,0,0,0,0,0,0,0,0,0
1330.1,1332.9,1321.3,1327.3,8207102,2.8,11.6,2.8,6.0,0.2414,0.2414,0.5172,1320.0,1337.0,1316.6,1334.8,14.8,20.4,2.2,3.4,0.7255,0.1078,0.1667,1285.0,1325.2,1281.2,1325.0,40.0,44.0,0.2,3.8,0.9091,0.0045,0.0864,-1,-1,-1,0,0,1,0,0,0,0,0,0,1
1326.6,1328.7,1314.1,1323.9,9953124,2.7,14.6,2.1,9.8,0.1849,0.1438,0.6712,1330.1,1332.9,1321.3,1327.3,2.8,11.6,2.8,6.0,0.2414,0.2414,0.5172,1320.0,1337.0,1316.6,1334.8,14.8,20.4,2.2,3.4,0.7255,0.1078,0.1667,-1,-1,-1,0,0,1,0,0,0,0,0,0,1
1323.9,1329.0,1309.2,1329.0,7901012,5.1,19.8,0.0,14.7,0.2576,0.0,0.7424,1326.6,1328.7,1314.1,1323.9,2.7,14.6,2.1,9.8,0.1849,0.1438,0.6712,1330.1,1332.9,1321.3,1327.3,2.8,11.6,2.8,6.0,0.2414,0.2414,0.5172,-1,-1,-1,0,0,1,0,0,0,0,0,1,0
1327.8,1327.8,1307.2,1317.0,9397301,10.8,20.6,0.0,9.8,0.5243,0.0,0.4757,1323.9,1329.0,1309.2,1329.0,5.1,19.8,0.0,14.7,0.2576,0.0,0.7424,1326.6,1328.7,1314.1,1323.9,2.7,14.6,2.1,9.8,0.1849,0.1438,0.6712,-1,-1,-1,0,0,0,0,0,0,0,0,0,0
1317.0,1317.5,1301.5,1310.0,10497358,7.0,16.0,0.5,8.5,0.4375,0.0312,0.5312,1327.8,1327.8,1307.2,1317.0,10.8,20.6,0.0,9.8,0.5243,0.0,0.4757,1323.9,1329.0,1309.2,1329.0,5.1,19.8,0.0,14.7,0.2576,0.0,0.7424,-1,-1,-1,0,0,0,0,0,0,0,0,0,0
1314.0,1320.8,1298.1,1316.0,13383867,2.0,22.7,4.8,15.9,0.0881,0.2115,0.7004,1317.0,1317.5,1301.5,1310.0,7.0,16.0,0.5,8.5,0.4375,0.0312,0.5312,1327.8,1327.8,1307.2,1317.0,10.8,20.6,0.0,9.8,0.5243,0.0,0.4757,1,1,-1,1,0,0,0,1,0,0,0,1,0
1314.0,1328.6,1311.2,1322.0,10180567,8.0,17.4,6.6,2.8,0.4598,0.3793,0.1609,1314.0,1320.8,1298.1,1316.0,2.0,22.7,4.8,15.9,0.0881,0.2115,0.7004,1317.0,1317.5,1301.5,1310.0,7.0,16.0,0.5,8.5,0.4375,0.0312,0.5312,1,1,-1,0,0,0,0,0,0,0,0,1,0
1320.3,1321.6,1303.5,1311.0,7489365,9.3,18.1,1.3,7.5,0.5138,0.0718,0.4144,1314.0,1328.6,1311.2,1322.0,8.0,17.4,6.6,2.8,0.4598,0.3793,0.1609,1314.0,1320.8,1298.1,1316.0,2.0,22.7,4.8,15.9,0.0881,0.2115,0.7004,1,1,-1,0,0,0,0,0,0,0,0,0,0
1315.5,1316.5,1307.0,1313.2,5546227,2.3,9.5,1.0,6.2,0.2421,0.1053,0.6526,1320.3,1321.6,1303.5,1311.0,9.3,18.1,1.3,7.5,0.5138,0.0718,0.4144,1314.0,1328.6,1311.2,1322.0,8.0,17.4,6.6,2.8,0.4598,0.3793,0.1609,1,1,-1,0,0,1,0,0,0,0,0,0,0
1314.0,1316.0,1308.0,1316.0,5434871,2.0,8.0,0.0,6.0,0.25,0.0,0.75,1315.5,1316.5,1307.0,1313.2,2.3,9.5,1.0,6.2,0.2421,0.1053,0.6526,1320.3,1321.6,1303.5,1311.0,9.3,18.1,1.3,7.5,0.5138,0.0718,0.4144,1,1,-1,0,0,1,0,0,0,0,0,1,0
1316.6,1320.0,1302.4,1309.8,7277167,6.8,17.6,3.4,7.4,0.3864,0.1932,0.4205,1314.0,1316.0,1308.0,1316.0,2.0,8.0,0.0,6.0,0.25,0.0,0.75,1315.5,1316.5,1307.0,1313.2,2.3,9.5,1.0,6.2,0.2421,0.1053,0.6526,1,1,-1,0,0,0,0,0,0,1,0,0,0
1304.3,1317.1,1300.0,1317.0,7115355,12.7,17.1,0.1,4.3,0.7427,0.0058,0.2515,1316.6,1320.0,1302.4,1309.8,6.8,17.6,3.4,7.4,0.3864,0.1932,0.4205,1314.0,1316.0,1308.0,1316.0,2.0,8.0,0.0,6.0,0.25,0.0,0.75,1,1,-1,0,0,0,0,0,1,0,0,0,0
1310.0,1315.6,1298.0,1298.0,5744474,12.0,17.6,5.6,0.0,0.6818,0.3182,0.0,1304.3,1317.1,1300.0,1317.0,12.7,17.1,0.1,4.3,0.7427,0.0058,0.2515,1316.6,1320.0,1302.4,1309.8,6.8,17.6,3.4,7.4,0.3864,0.1932,0.4205,1,1,-1,0,0,0,0,0,0,0,0,0,0
1305.0,1308.4,1282.2,1282.2,11271497,22.8,26.2,3.4,0.0,0.8702,0.1298,0.0,1310.0,1315.6,1298.0,1298.0,12.0,17.6,5.6,0.0,0.6818,0.3182,0.0,1304.3,1317.1,1300.0,1317.0,12.7,17.1,0.1,4.3,0.7427,0.0058,0.2515,1,1,-1,0,0,0,0,0,0,0,0,0,1
1284.9,1291.8,1280.0,1287.0,6830228,2.1,11.8,4.8,4.9,0.178,0.4068,0.4153,1305.0,1308.4,1282.2,1282.2,22.8,26.2,3.4,0.0,0.8702,0.1298,0.0,1310.0,1315.6,1298.0,1298.0,12.0,17.6,5.6,0.0,0.6818,0.3182,0.0,1,1,-1,0,0,0,0,0,0,0,0,0,0
1278.7,1297.6,1271.0,1277.0,34871137,1.7,26.6,18.9,6.0,0.0639,0.7105,0.2256,1284.9,1291.8,1280.0,1287.0,2.1,11.8,4.8,4.9,0.178,0.4068,0.4153,1305.0,1308.4,1282.2,1282.2,22.8,26.2,3.4,0.0,0.8702,0.1298,0.0,-1,-1,-1,-1,0,0,0,1,0,0,0,0,0
1285.0,1311.8,1280.0,1309.0,12617528,24.0,31.8,2.8,5.0,0.7547,0.0881,0.1572,1278.7,1297.6,1271.0,1277.0,1.7,26.6,18.9,6.0,0.0639,0.7105,0.2256,1284.9,1291.8,1280.0,1287.0,2.1,11.8,4.8,4.9,0.178,0.4068,0.4153,-1,-1,-1,0,0,0,0,0,0,0,0,0,0
1298.0,1321.9,1293.1,1313.1,13497841,15.1,28.8,8.8,4.9,0.5243,0.3056,0.1701,1285.0,1311.8,1280.0,1309.0,24.0,31.8,2.8,5.0,0.7547,0.0881,0.1572,1278.7,1297.6,1271.0,1277.0,1.7,26.6,18.9,6.0,0.0639,0.7105,0.2256,-1,-1,-1,0,0,0,0,0,0,0,0,0,0
1313.1,1316.8,1302.5,1302.5,9721454,10.6,14.3,3.7,0.0,0.7413,0.2587,0.0,1298.0,1321.9,1293.1,1313.1,15.1,28.8,8.8,4.9,0.5243,0.3056,0.1701,1285.0,1311.8,1280.0,1309.0,24.0,31.8,2.8,5.0,0.7547,0.0881,0.1572,-1,-1,-1,0,0,0,0,0,0,0,0,0,1
1304.1,1333.0,1304.1,1322.0,13031534,17.9,28.9,11.0,0.0,0.6194,0.3806,0.0,1313.1,1316.8,1302.5,1302.5,10.6,14.3,3.7,0.0,0.7413,0.2587,0.0,1298.0,1321.9,1293.1,1313.1,15.1,28.8,8.8,4.9,0.5243,0.3056,0.1701,-1,-1,-1,0,0,0,0,0,0,0,0,0,0
1323.1,1324.2,1301.9,1309.5,10210522,13.6,22.3,1.1,7.6,0.6099,0.0493,0.3408,1304.1,1333.0,1304.1,1322.0,17.9,28.9,11.0,0.0,0.6194,0.3806,0.0,1313.1,1316.8,1302.5,1302.5,10.6,14.3,3.7,0.0,0.7413,0.2587,0.0,-1,-1,-1,0,0,0,0,0,0,0,0,0,0
1304.1,1306.8,1288.0,1294.9,9799528,9.2,18.8,2.7,6.9,0.4894,0.1436,0.367,1323.1,1324.2,1301.9,1309.5,13.6,22.3,1.1,7.6,0.6099,0.0493,0.3408,1304.1,1333.0,1304.1,1322.0,17.9,28.9,11.0,0.0,0.6194,0.3806,0.0,-1,-1,-1,0,0,0,0,0,0,0,0,0,1
1283.5,1294.7,1277.2,1279.0,12152819,4.5,17.5,11.2,1.8,0.2571,0.64,0.1029,1304.1,1306.8,1288.0,1294.9,9.2,18.8,2.7,6.9,0.4894,0.1436,0.367,1323.1,1324.2,1301.9,1309.5,13.6,22.3,1.1,7.6,0.6099,0.0493,0.3408,-1,-1,-1,0,0,0,1,0,0,0,1,0,0
1278.5,1285.3,1266.3,1274.0,9296079,4.5,19.0,6.8,7.7,0.2368,0.3579,0.4053,1283.5,1294.7,1277.2,1279.0,4.5,17.5,11.2,1.8,0.2571,0.64,0.1029,1304.1,1306.8,1288.0,1294.9,9.2,18.8,2.7,6.9,0.4894,0.1436,0.367,-1,-1,-1,0,0,0,0,0,0,0,0,0,0
1267.0,1267.4,1253.0,1257.5,8777736,9.5,14.4,0.4,4.5,0.6597,0.0278,0.3125,1278.5,1285.3,1266.3,1274.0,4.5,19.0,6.8,7.7,0.2368,0.3579,0.4053,1283.5,1294.7,1277.2,1279.0,4.5,17.5,11.2,1.8,0.2571,0.64,0.1029,-1,-1,-1,0,0,0,0,0,0,0,0,0,0
