Date,Adj Close,Close,High,Low,Open,Volume,Body,Range,Upper_Wick,Lower_Wick,Body_Ratio,Upper_Wick_Ratio,Lower_Wick_Ratio,PivotHigh,PivotLow,HH,HL,LH,LL,Structure,Trend,Market_Control,EMA50,EMA200,HTF_Bias,Hammer,Inverted_Hammer,Doji,Bullish_Engulfing,Bearish_Engulfing,Shooting_Star,Morning_Star,Evening_Star,Previous_Trend,Trend_Reversal,Pattern_Context,Reversal_Confirmed
2020-01-01,672.22,690.14,698.14,688.26,693.98,14004468,3.84,9.88,4.16,1.88,0.3887,0.4211,0.1903,,,False,False,False,False,,Sideways,Neutral,690.14,690.14,Bearish,0,0,0,0,0,0,0,0,,No Reversal,No Context,No
2020-01-02,683.66,701.89,704.47,691.24,691.24,17710316,10.65,13.23,2.58,0.0,0.805,0.195,0.0,,,False,False,False,False,,Sideways,Neutral,690.6,690.26,Bullish,0,0,0,0,0,0,0,0,Sideways,No Reversal,No Context,No
2020-01-03,684.48,702.73,704.79,696.26,700.84,20984698,1.89,8.53,2.06,4.58,0.2216,0.2415,0.5369,,,False,False,False,False,,Sideways,Neutral,691.08,690.38,Bullish,0,0,0,0,0,0,0,0,Sideways,No Reversal,No Context,No
2020-01-06,668.61,686.44,698.5,684.84,694.89,24519177,8.45,13.66,3.61,1.6,0.6186,0.2643,0.1171,,,False,False,False,False,,Sideways,Neutral,690.89,690.34,Bullish,0,0,0,0,0,0,0,1,Sideways,No Reversal,No Context,No
2020-01-07,678.9,697.0,701.52,691.92,694.44,16683622,2.56,9.6,4.52,2.52,0.2667,0.4708,0.2625,,,False,False,False,False,,Sideways,Neutral,691.13,690.41,Bullish,0,0,0,0,0,0,0,0,Sideways,No Reversal,No Context,No
2020-01-08,673.8,691.76,701.5,690.32,692.61,16047902,0.85,11.18,8.89,1.44,0.076,0.7952,0.1288,,,False,False,False,False,,Sideways,Neutral,691.16,690.42,Bullish,0,0,1,0,0,0,0,0,Sideways,No Reversal,Market Indecision,No
2020-01-09,689.32,707.69,708.61,700.04,703.4,14982742,4.29,8.57,0.92,3.36,0.5006,0.1074,0.3921,,,False,False,False,False,,Sideways,Neutral,691.81,690.59,Bullish,0,0,0,0,0,0,0,0,Sideways,No Reversal,No Context,No
2020-01-10,689.16,707.53,712.24,703.88,709.48,12478359,1.95,8.36,2.76,3.65,0.2333,0.3301,0.4366,,,False,False,False,False,,Sideways,Neutral,692.42,690.76,Bullish,0,0,0,0,0,0,0,0,Sideways,No Reversal,No Context,No
2020-01-13,687.4,705.73,712.59,703.3,706.34,18282382,0.61,9.29,6.25,2.43,0.0657,0.6728,0.2616,,,False,False,False,False,,Sideways,Neutral,692.95,690.91,Bullish,0,0,1,0,0,0,0,1,Sideways,No Reversal,Market Indecision,No
2020-01-14,681.03,699.19,708.61,695.74,704.04,15816535,4.85,12.87,4.57,3.45,0.3768,0.3551,0.2681,,,False,False,False,False,,Sideways,Neutral,693.19,690.99,Bullish,0,0,0,0,0,0,0,0,Sideways,No Reversal,No Context,No
2020-01-15,678.56,696.65,703.99,694.09,702.14,15817859,5.49,9.9,1.85,2.56,0.5545,0.1869,0.2586,,,False,False,False,False,,Sideways,Neutral,693.33,691.05,Bullish,0,0,0,0,0,0,0,0,Sideways,No Reversal,No Context,No
2020-01-16,684.82,703.08,705.57,698.55,699.01,12847975,4.07,7.02,2.49,0.46,0.5798,0.3547,0.0655,,,False,False,False,False,,Sideways,Neutral,693.71,691.17,Bullish,0,0,0,0,0,0,0,0,Sideways,No Reversal,No Context,No
2020-01-17,704.01,722.78,724.59,710.07,710.21,29463471,12.57,14.52,1.81,0.14,0.8657,0.1247,0.0096,,,False,False,False,False,,Sideways,Neutral,694.85,691.48,Bullish,0,0,0,0,0,0,1,0,Sideways,No Reversal,No Context,No
2020-01-20,682.35,700.54,735.58,697.82,735.58,32545850,35.04,37.76,0.0,2.72,0.928,0.0,0.072,735.58,,False,False,False,False,,Sideways,Neutral,695.07,691.57,Bullish,0,0,0,0,1,0,0,0,Sideways,No Reversal,No Context,No
2020-01-21,683.04,701.25,706.71,695.81,698.82,18922720,2.43,10.9,5.46,3.01,0.2229,0.5009,0.2761,,,False,False,False,False,,Sideways,Neutral,695.31,691.67,Bullish,0,0,0,0,0,0,0,0,Sideways,No Reversal,No Context,No
2020-01-22,682.79,701.0,707.12,699.97,705.86,10322817,4.86,7.15,1.26,1.03,0.6797,0.1762,0.1441,,,False,False,False,False,,Sideways,Neutral,695.54,691.76,Bullish,0,0,0,0,0,0,0,0,Sideways,No Reversal,No Context,No
2020-01-23,679.9,698.02,704.93,695.21,702.44,11247739,4.42,9.72,2.49,2.81,0.4547,0.2562,0.2891,,,False,False,False,False,,Sideways,Neutral,695.63,691.83,Bullish,0,0,0,0,0,0,0,0,Sideways,No Reversal,No Context,No
2020-01-24,677.54,695.6,702.37,694.23,698.09,14628445,2.49,8.14,4.28,1.37,0.3059,0.5258,0.1683,,,False,False,False,False,,Sideways,Neutral,695.63,691.86,Bullish,0,0,0,0,0,0,0,0,Sideways,No Reversal,No Context,No
2020-01-27,670.86,688.74,696.93,688.04,692.56,13387750,3.82,8.89,4.37,0.7,0.4297,0.4916,0.0787,,,False,False,False,False,,Sideways,Neutral,695.36,691.83,Bullish,0,0,0,0,0,0,0,0,Sideways,No Reversal,No Context,No
2020-01-28,655.36,672.83,690.32,669.11,689.68,24532236,16.85,21.21,0.64,3.72,0.7944,0.0302,0.1754,,,False,False,False,False,,Sideways,Neutral,694.48,691.64,Bullish,0,0,0,0,0,0,0,0,Sideways,No Reversal,No Context,No
2020-01-29,658.97,676.54,683.19,669.31,673.89,24746565,2.65,13.88,6.65,4.58,0.1909,0.4791,0.33,,,False,False,False,False,,Sideways,Neutral,693.78,691.49,Bullish,0,0,0,0,0,0,0,0,Sideways,No Reversal,No Context,No
2020-01-30,642.89,660.03,676.47,658.32,676.15,22402689,16.12,18.15,0.32,1.71,0.8882,0.0176,0.0942,,,False,False,False,False,,Sideways,Neutral,692.45,691.18,Bullish,0,0,0,0,0,0,0,0,Sideways,No Reversal,No Context,No
2020-01-31,628.6,645.36,664.38,643.32,664.26,34750310,18.9,21.06,0.12,2.04,0.8974,0.0057,0.0969,,,False,False,False,False,,Sideways,Neutral,690.61,690.72,Bearish,0,0,0,0,0,0,0,0,Sideways,No Reversal,No Context,No
2020-02-03,616.96,633.4,640.01,623.14,626.27,30712290,7.13,16.87,6.61,3.13,0.4226,0.3918,0.1855,,623.14,False,False,False,False,,Sideways,Neutral,688.36,690.15,Bearish,0,0,0,0,0,0,0,0,Sideways,No Reversal,No Context,No
2020-02-04,635.17,652.1,654.89,639.03,640.03,25383901,12.07,15.86,2.79,1.0,0.761,0.1759,0.0631,,,False,False,False,False,,Sideways,Neutral,686.94,689.77,Bearish,0,0,0,0,0,0,1,0,Sideways,No Reversal,No Context,No
2020-02-05,645.01,662.21,664.17,653.89,655.99,18472100,6.22,10.28,1.96,2.1,0.6051,0.1907,0.2043,,,False,False,False,False,,Sideways,Neutral,685.97,689.5,Bearish,0,0,0,0,0,0,0,0,Sideways,No Reversal,No Context,No
2020-02-06,649.15,666.46,670.66,658.37,664.77,15538577,1.69,12.29,4.2,6.4,0.1375,0.3417,0.5207,,,False,False,False,False,,Sideways,Neutral,685.21,689.27,Bearish,0,0,0,0,0,0,0,0,Sideways,No Reversal,No Context,No
2020-02-07,638.4,655.42,663.97,652.97,663.35,12209212,7.93,11.0,0.62,2.45,0.7209,0.0564,0.2227,,,False,False,False,False,,Sideways,Neutral,684.04,688.93,Bearish,0,0,0,0,0,0,0,1,Sideways,No Reversal,No Context,No
2020-02-10,639.26,656.31,660.83,644.81,652.83,15142476,3.48,16.02,4.52,8.02,0.2172,0.2821,0.5006,,,False,False,False,False,,Sideways,Neutral,682.95,688.61,Bearish,0,0,0,0,0,0,0,0,Sideways,No Reversal,No Context,No
2020-02-11,646.9,664.15,670.3,660.63,661.7,13999816,2.45,9.67,6.15,1.07,0.2534,0.636,0.1107,,,False,False,False,False,,Sideways,Neutral,682.21,688.37,Bearish,0,1,0,0,0,1,1,0,Sideways,No Reversal,No Context,No
2020-02-12,654.72,672.17,674.25,665.18,665.7,13533565,6.47,9.07,2.08,0.52,0.7133,0.2293,0.0573,,,False,False,False,False,,Sideways,Neutral,681.82,688.2,Bearish,0,0,0,0,0,0,0,0,Sideways,No Reversal,No Context,No
2020-02-13,656.43,673.93,675.58,668.65,675.58,13565659,1.65,6.93,0.0,5.28,0.2381,0.0,0.7619,,,False,False,False,False,,Sideways,Neutral,681.51,688.06,Bearish,1,0,0,0,0,0,0,0,Sideways,No Reversal,No Context,No
2020-02-14,662.42,680.08,686.41,664.31,675.35,21227841,4.73,22.1,6.33,11.04,0.214,0.2864,0.4995,,,False,False,False,False,,Sideways,Neutral,681.45,687.98,Bearish,0,0,0,0,0,0,0,0,Sideways,No Reversal,No Context,No
2020-02-17,658.26,675.81,688.56,674.0,680.72,13149130,4.91,14.56,7.84,1.81,0.3372,0.5385,0.1243,,,False,False,False,False,,Sideways,Neutral,681.23,687.86,Bearish,0,0,0,0,0,0,0,0,Sideways,No Reversal,No Context,No
2020-02-18,653.42,670.85,674.73,666.27,674.73,11127161,3.88,8.46,0.0,4.58,0.4586,0.0,0.5414,,,False,False,False,False,,Sideways,Neutral,680.82,687.69,Bearish,0,0,0,0,0,0,0,0,Sideways,No Reversal,No Context,No
2020-02-19,669.63,687.49,688.7,674.37,676.31,14084409,11.18,14.33,1.21,1.94,0.7802,0.0844,0.1354,,,False,False,False,False,,Sideways,Neutral,681.09,687.69,Bearish,0,0,0,0,0,0,1,0,Sideways,No Reversal,No Context,No
2020-02-20,661.68,679.33,689.41,678.34,684.38,16892268,5.05,11.07,5.03,0.99,0.4562,0.4544,0.0894,689.41,,False,False,True,False,LH,Downtrend,Sellers,681.02,687.61,Bearish,0,0,0,0,0,0,0,0,Sideways,Bearish Breakdown,No Context,No
2020-02-24,643.43,660.58,675.23,658.11,671.92,21370214,11.34,17.12,3.31,2.47,0.6624,0.1933,0.1443,,,False,False,False,False,,Downtrend,Sellers,680.22,687.34,Bearish,0,0,0,0,0,0,0,1,Downtrend,No Reversal,No Context,No
2020-02-25,630.71,647.53,663.53,644.6,663.53,27745062,16.0,18.93,0.0,2.93,0.8452,0.0,0.1548,,,False,False,False,False,,Downtrend,Sellers,678.93,686.94,Bearish,0,0,0,0,0,0,0,0,Downtrend,No Reversal,No Context,No
2020-02-26,619.85,636.38,645.68,634.25,644.6,29362748,8.22,11.43,1.08,2.13,0.7192,0.0945,0.1864,,,False,False,False,False,,Downtrend,Sellers,677.27,686.44,Bearish,0,0,0,0,0,0,0,0,Downtrend,No Reversal,No Context,No
2020-02-27,617.29,633.75,637.2,625.86,634.55,25054993,0.8,11.34,2.65,7.89,0.0705,0.2337,0.6958,,,False,False,False,False,,Downtrend,Sellers,675.56,685.92,Bearish,0,0,1,0,0,0,0,0,Downtrend,No Reversal,Market Indecision,No
2020-02-28,591.64,607.41,620.37,605.75,619.41,39315769,12.0,14.62,0.96,1.66,0.8208,0.0657,0.1135,,,False,False,False,False,,Downtrend,Sellers,672.89,685.13,Bearish,0,0,0,0,0,0,0,0,Downtrend,No Reversal,No Context,No
2020-03-02,586.07,601.7,625.86,594.82,619.51,29500495,17.81,31.04,6.35,6.88,0.5738,0.2046,0.2216,,,False,False,False,False,,Downtrend,Sellers,670.09,684.3,Bearish,0,0,0,0,0,0,0,0,Downtrend,No Reversal,No Context,No
2020-03-03,597.96,613.91,618.96,604.37,607.89,27398798,6.02,14.59,5.05,3.52,0.4126,0.3461,0.2413,,,False,False,False,False,,Downtrend,Sellers,667.89,683.6,Bearish,0,0,0,0,0,0,0,0,Downtrend,No Reversal,No Context,No
2020-03-04,596.56,612.47,618.91,597.93,618.09,22105261,5.62,20.98,0.82,14.54,0.2679,0.0391,0.693,,,False,False,False,False,,Downtrend,Sellers,665.72,682.9,Bearish,1,0,0,0,0,0,0,0,Downtrend,No Reversal,Bullish Pattern in Downtrend,No
2020-03-05,583.85,599.41,620.81,597.06,618.18,30510390,18.77,23.75,2.63,2.35,0.7903,0.1107,0.0989,,,False,False,False,False,,Downtrend,Sellers,663.12,682.07,Bearish,0,0,0,0,0,0,0,1,Downtrend,No Reversal,No Context,No
2020-03-06,565.97,581.06,588.9,567.39,580.6,33734039,0.46,21.51,7.84,13.21,0.0214,0.3645,0.6141,,,False,False,False,False,,Downtrend,Sellers,659.9,681.06,Bearish,0,0,1,0,0,0,0,0,Downtrend,No Reversal,Market Indecision,No
2020-03-09,496.12,509.35,567.34,500.6,566.91,88187018,57.56,66.74,0.43,8.75,0.8625,0.0064,0.1311,,,False,False,False,False,,Downtrend,Sellers,654.0,679.35,Bearish,0,0,0,0,0,0,0,0,Downtrend,No Reversal,No Context,No
2020-03-11,513.67,527.36,538.75,506.54,506.54,59578576,20.82,32.21,11.39,0.0,0.6464,0.3536,0.0,,,False,False,False,False,,Downtrend,Sellers,649.03,677.84,Bearish,0,0,0,0,0,0,0,0,Downtrend,No Reversal,No Context,No
2020-03-12,473.35,485.97,503.34,479.43,496.03,55970485,10.06,23.91,7.31,6.54,0.4207,0.3057,0.2735,,,False,False,False,False,,Downtrend,Sellers,642.64,675.93,Bearish,0,0,0,0,0,0,0,0,Downtrend,No Reversal,No Context,No
2020-03-13,492.18,505.31,521.17,430.83,456.25,73297403,49.06,90.34,15.86,25.42,0.5431,0.1756,0.2814,,,False,False,False,False,,Downtrend,Sellers,637.25,674.23,Bearish,0,0,0,1,0,0,0,0,Downtrend,No Reversal,Bullish Pattern in Downtrend,No
2020-03-16,452.29,464.34,493.6,459.45,484.85,38482258,20.51,34.15,8.75,4.89,0.6006,0.2562,0.1432,,,False,False,False,False,,Downtrend,Sellers,630.47,672.14,Bearish,0,0,0,0,0,0,0,0,Downtrend,No Reversal,No Context,No
2020-03-17,448.86,460.82,484.6,458.63,478.77,45445979,17.95,25.97,5.83,2.19,0.6912,0.2245,0.0843,,,False,False,False,False,,Downtrend,Sellers,623.82,670.04,Bearish,0,0,0,0,0,0,0,1,Downtrend,No Reversal,No Context,No
2020-03-18,431.27,442.77,473.58,439.34,468.73,44730415,25.96,34.24,4.85,3.43,0.7582,0.1416,0.1002,,,False,False,False,False,,Downtrend,Sellers,616.72,667.78,Bearish,0,0,0,0,0,0,0,0,Downtrend,No Reversal,No Context,No
2020-03-19,408.65,419.54,442.08,407.88,420.64,61404010,1.1,34.2,21.44,11.66,0.0322,0.6269,0.3409,,,False,False,False,False,,Downtrend,Sellers,608.98,665.31,Bearish,0,0,1,0,0,0,0,0,Downtrend,No Reversal,Market Indecision,No
2020-03-20,453.29,465.37,473.12,425.16,429.51,63360475,35.86,47.96,7.75,4.35,0.7477,0.1616,0.0907,,,False,False,False,False,,Downtrend,Sellers,603.35,663.32,Bearish,0,0,0,0,0,0,1,0,Downtrend,No Reversal,Bullish Pattern in Downtrend,No
2020-03-23,393.66,404.16,434.31,400.32,418.86,40670949,14.7,33.99,15.45,3.84,0.4325,0.4545,0.113,,400.32,False,False,False,True,LL,Downtrend,Sellers,595.54,660.74,Bearish,0,0,0,0,0,0,0,0,Downtrend,No Reversal,No Context,No
2020-03-24,420.09,431.29,443.45,409.53,425.16,45734887,6.13,33.92,12.16,15.63,0.1807,0.3585,0.4608,,,False,False,False,False,,Downtrend,Sellers,589.1,658.46,Bearish,0,0,0,0,0,0,0,0,Downtrend,No Reversal,No Context,No
2020-03-25,481.92,494.77,526.45,440.37,440.62,73130298,54.15,86.08,31.68,0.25,0.6291,0.368,0.0029,526.45,,False,False,True,False,LH,Downtrend,Sellers,585.4,656.83,Bearish,0,0,0,0,0,0,1,0,Downtrend,No Reversal,Bullish Pattern in Downtrend,No
2020-03-26,474.77,487.43,510.61,476.53,500.96,45744488,13.53,34.08,9.65,10.9,0.397,0.2832,0.3198,,,False,False,False,False,,Downtrend,Sellers,581.56,655.14,Bearish,0,0,0,0,0,0,0,0,Downtrend,No Reversal,No Context,No
2020-03-27,474.51,487.16,506.22,478.29,500.6,41657940,13.44,27.93,5.62,8.87,0.4812,0.2012,0.3176,,,False,False,False,False,,Downtrend,Sellers,577.86,653.47,Bearish,0,0,0,0,0,0,0,1,Downtrend,No Reversal,No Context,No
2020-03-30,458.85,471.09,491.36,466.31,475.73,30229866,4.64,25.05,15.63,4.78,0.1852,0.624,0.1908,,,False,False,False,False,,Downtrend,Sellers,573.67,651.66,Bearish,0,0,0,0,0,0,0,0,Downtrend,No Reversal,No Context,No
2020-03-31,495.95,509.17,516.51,479.11,490.97,44292810,18.2,37.4,7.34,11.86,0.4866,0.1963,0.3171,,,False,False,False,False,,Downtrend,Sellers,571.14,650.24,Bearish,0,0,0,0,0,0,1,0,Downtrend,No Reversal,Bullish Pattern in Downtrend,No
2020-04-01,481.12,493.95,514.13,477.83,513.05,41597459,19.1,36.3,1.08,16.12,0.5262,0.0298,0.4441,,,False,False,False,False,,Downtrend,Sellers,568.11,648.68,Bearish,0,0,0,0,0,0,0,0,Downtrend,No Reversal,No Context,No
2020-04-03,479.78,492.57,518.63,482.9,518.63,41367807,26.06,35.73,0.0,9.67,0.7294,0.0,0.2706,,,False,False,False,False,,Downtrend,Sellers,565.15,647.13,Bearish,0,0,0,0,0,0,0,0,Downtrend,No Reversal,No Context,No
2020-04-07,537.07,551.39,555.0,502.88,503.84,54373624,47.55,52.12,3.61,0.96,0.9123,0.0693,0.0184,,,False,False,False,False,,Downtrend,Sellers,564.61,646.18,Bearish,0,0,0,0,0,0,0,0,Downtrend,No Reversal,No Context,No
2020-04-08,530.86,545.01,561.86,530.31,539.46,49880330,5.55,31.55,16.85,9.15,0.1759,0.5341,0.29,,,False,False,False,False,,Downtrend,Sellers,563.84,645.17,Bearish,0,0,0,0,0,0,0,0,Downtrend,No Reversal,No Context,No
2020-04-09,543.24,557.72,563.59,545.4,555.0,33032857,2.72,18.19,5.87,9.6,0.1495,0.3227,0.5278,,,False,False,False,False,,Downtrend,Sellers,563.6,644.3,Bearish,0,0,0,0,0,0,0,0,Downtrend,No Reversal,No Context,No
2020-04-13,529.52,543.64,555.46,539.46,550.41,23673784,6.77,16.0,5.05,4.18,0.4231,0.3156,0.2612,,,False,False,False,False,,Downtrend,Sellers,562.82,643.3,Bearish,0,0,0,0,0,0,0,1,Downtrend,No Reversal,No Context,No
2020-04-15,512.02,525.67,565.06,522.54,547.25,35321842,21.58,42.52,17.81,3.13,0.5075,0.4189,0.0736,,,False,False,False,False,,Downtrend,Sellers,561.36,642.13,Bearish,0,0,0,0,0,0,0,0,Downtrend,No Reversal,No Context,No
2020-04-16,520.13,533.99,542.86,523.46,525.67,37455706,8.32,19.4,8.87,2.21,0.4289,0.4572,0.1139,,,False,False,False,False,,Downtrend,Sellers,560.29,641.05,Bearish,0,0,0,0,0,0,0,0,Downtrend,No Reversal,No Context,No
2020-04-17,545.04,559.57,562.31,545.24,555.91,33269335,3.66,17.07,2.74,10.67,0.2144,0.1605,0.6251,,,False,False,False,False,,Downtrend,Sellers,560.26,640.24,Bearish,1,0,0,0,0,0,1,0,Downtrend,No Reversal,Bullish Pattern in Downtrend,No
2020-04-20,553.86,568.62,574.66,549.51,560.49,36030932,8.13,25.15,6.04,10.98,0.3233,0.2402,0.4366,,,False,False,False,False,,Downtrend,Sellers,560.59,639.53,Bearish,0,0,0,0,0,0,0,0,Downtrend,No Reversal,No Context,No
2020-04-21,550.98,565.67,572.37,532.14,553.17,61371628,12.5,40.23,6.7,21.03,0.3107,0.1665,0.5227,,,False,False,False,False,,Downtrend,Sellers,560.79,638.8,Bearish,0,0,0,0,0,0,0,0,Downtrend,No Reversal,No Context,No
2020-04-22,607.2,623.39,633.13,594.32,603.46,142683366,19.93,38.81,9.74,9.14,0.5135,0.251,0.2355,,,False,False,False,False,,Downtrend,Sellers,563.24,638.64,Bearish,0,0,0,0,0,0,0,0,Downtrend,No Reversal,No Context,No
2020-04-23,610.45,626.73,633.56,618.68,625.11,65464502,1.62,14.88,6.83,6.43,0.1089,0.459,0.4321,,,False,False,False,False,,Downtrend,Sellers,565.73,638.52,Bearish,0,0,0,0,0,0,0,0,Downtrend,No Reversal,No Context,No
2020-04-24,630.98,647.8,683.44,615.89,617.24,134986308,30.56,67.55,35.64,1.35,0.4524,0.5276,0.02,683.44,,True,False,False,False,HH,Uptrend,Buyers,568.95,638.62,Bearish,0,0,0,0,0,0,0,0,Downtrend,Bullish Reversal,No Context,No
2020-04-27,636.66,653.63,674.32,650.55,655.58,58482901,1.95,23.77,18.74,3.08,0.082,0.7884,0.1296,,,False,False,False,False,,Uptrend,Buyers,572.27,638.77,Bearish,0,0,1,0,0,0,0,0,Uptrend,No Reversal,Market Indecision,No
2020-04-28,635.95,652.9,665.38,636.44,662.89,78453401,9.99,28.94,2.49,16.46,0.3452,0.086,0.5688,,,False,False,False,False,,Uptrend,Buyers,575.43,638.91,Bearish,0,0,0,0,0,0,0,1,Uptrend,No Reversal,Bearish Pattern in Uptrend,No
2020-04-29,635.41,652.35,664.56,649.18,660.56,37494672,8.21,15.38,4.0,3.17,0.5338,0.2601,0.2061,,,False,False,False,False,,Uptrend,Buyers,578.45,639.04,Bearish,0,0,0,0,0,0,0,0,Uptrend,No Reversal,No Context,No
2020-04-30,652.8,670.21,683.44,657.43,664.7,71345899,5.51,26.01,13.23,7.27,0.2118,0.5087,0.2795,,,False,False,False,False,,Uptrend,Buyers,582.05,639.35,Bearish,0,0,0,0,0,0,1,0,Uptrend,No Reversal,No Context,No
2020-05-04,639.09,656.13,669.75,648.01,658.32,53456868,2.19,21.74,11.43,8.12,0.1007,0.5258,0.3735,,,False,False,False,False,,Uptrend,Buyers,584.95,639.52,Bearish,0,0,0,0,0,0,0,0,Uptrend,No Reversal,No Context,No
2020-05-05,650.42,667.76,676.15,661.61,664.58,44903763,3.18,14.54,8.39,2.97,0.2187,0.577,0.2043,,,False,False,False,False,,Uptrend,Buyers,588.2,639.8,Bearish,0,1,0,0,0,0,0,0,Uptrend,No Reversal,No Context,No
2020-05-06,650.46,667.81,678.87,660.83,669.29,40489094,1.48,18.04,9.58,6.98,0.082,0.531,0.3869,,,False,False,False,False,,Uptrend,Buyers,591.32,640.08,Bearish,0,0,1,0,0,0,0,0,Uptrend,No Reversal,Market Indecision,No
2020-05-07,671.04,688.93,691.99,660.61,665.18,50026966,23.75,31.38,3.06,4.57,0.7569,0.0975,0.1456,,,False,False,False,False,,Uptrend,Buyers,595.15,640.56,Bearish,0,0,0,1,0,0,0,0,Uptrend,No Reversal,No Context,No
2020-05-08,695.46,714.0,722.28,702.71,706.32,84262770,7.68,19.57,8.28,3.61,0.3924,0.4231,0.1845,,,False,False,False,False,,Uptrend,Buyers,599.81,641.29,Bearish,0,0,0,0,0,0,0,0,Uptrend,No Reversal,No Context,No
2020-05-11,702.14,720.86,738.32,718.8,722.32,67085063,1.46,19.52,16.0,2.06,0.0748,0.8197,0.1055,738.32,,True,False,False,False,HH,Uptrend,Buyers,604.56,642.09,Bearish,0,0,1,0,0,0,0,1,Uptrend,No Reversal,Market Indecision,No
2020-05-12,658.7,676.26,717.0,669.75,715.37,100683202,39.11,47.25,1.63,6.51,0.8277,0.0345,0.1378,,,False,False,False,False,,Uptrend,Buyers,607.37,642.43,Bearish,0,0,0,0,0,0,0,1,Uptrend,No Reversal,Bearish Pattern in Uptrend,No
2020-05-13,672.68,690.61,704.71,671.02,704.71,66430125,14.1,33.69,0.0,19.59,0.4185,0.0,0.5815,,,False,False,False,False,,Uptrend,Buyers,610.63,642.9,Bearish,0,0,0,0,0,0,0,0,Uptrend,No Reversal,No Context,No
2020-05-14,645.48,662.69,690.73,659.97,677.94,49266771,15.25,30.76,12.79,2.72,0.4958,0.4158,0.0884,,,False,False,False,False,,Uptrend,Buyers,612.68,643.1,Bearish,0,0,0,0,0,0,0,0,Uptrend,No Reversal,No Context,No
2020-05-15,656.02,673.51,676.88,653.07,666.41,62152260,7.1,23.81,3.37,13.34,0.2982,0.1415,0.5603,,,False,False,False,False,,Uptrend,Buyers,615.06,643.4,Bearish,0,0,0,0,0,0,0,0,Uptrend,No Reversal,No Context,No
2020-05-18,647.64,664.91,683.94,659.02,678.4,62796089,13.49,24.92,5.54,5.89,0.5413,0.2223,0.2364,,,False,False,False,False,,Uptrend,Buyers,617.02,643.62,Bearish,0,0,0,0,1,0,0,0,Uptrend,No Reversal,Bearish Pattern in Uptrend,No
2020-05-19,633.32,650.21,674.57,647.6,672.41,42315854,22.2,26.97,2.16,2.61,0.8231,0.0801,0.0968,,,False,False,False,False,,Uptrend,Buyers,618.32,643.68,Bearish,0,0,0,0,0,0,0,0,Uptrend,No Reversal,No Context,No
2020-05-20,644.47,661.65,667.72,642.87,650.71,55320985,10.94,24.85,6.07,7.84,0.4402,0.2443,0.3155,,642.87,False,True,False,False,HL,Uptrend,Buyers,620.02,643.86,Bearish,0,0,0,0,0,0,0,0,Uptrend,No Reversal,No Context,No
2020-05-21,647.86,665.14,674.46,657.64,662.25,39167981,2.89,16.82,9.32,4.61,0.1718,0.5541,0.2741,,,False,False,False,False,,Uptrend,Buyers,621.79,644.07,Bearish,0,0,0,0,0,0,1,0,Uptrend,No Reversal,No Context,No
2020-05-22,643.5,660.66,672.87,658.33,670.01,37828973,9.35,14.54,2.86,2.33,0.6431,0.1967,0.1602,,,False,False,False,False,,Uptrend,Buyers,623.31,644.24,Bearish,0,0,0,0,1,0,0,1,Uptrend,No Reversal,Bearish Pattern in Uptrend,No
2020-05-26,640.13,657.2,669.04,653.62,668.32,33216635,11.12,15.42,0.72,3.58,0.7211,0.0467,0.2322,,,False,False,False,False,,Uptrend,Buyers,624.64,644.37,Bearish,0,0,0,0,0,0,0,0,Uptrend,No Reversal,No Context,No
2020-05-27,649.8,667.12,671.02,651.64,660.41,35667956,6.71,19.38,3.9,8.77,0.3462,0.2012,0.4525,,,False,False,False,False,,Uptrend,Buyers,626.31,644.59,Bearish,0,0,0,0,0,0,0,0,Uptrend,No Reversal,No Context,No
2020-05-28,661.8,679.44,682.9,668.71,671.48,40126278,7.96,14.19,3.46,2.77,0.561,0.2438,0.1952,,,False,False,False,False,,Uptrend,Buyers,628.39,644.94,Bearish,0,0,0,0,0,0,1,0,Uptrend,No Reversal,No Context,No
2020-05-29,658.27,675.82,679.33,670.4,677.48,40022527,1.66,8.93,1.85,5.42,0.1859,0.2072,0.6069,,,False,False,False,False,,Uptrend,Buyers,630.25,645.25,Bearish,0,0,0,0,0,0,0,0,Uptrend,No Reversal,No Context,No
2020-06-01,683.42,701.64,709.95,681.15,683.02,39943702,18.62,28.8,8.31,1.87,0.6465,0.2885,0.0649,,,False,False,False,False,,Uptrend,Buyers,633.05,645.81,Bearish,0,0,0,0,0,0,0,0,Uptrend,No Reversal,No Context,No
2020-06-02,690.32,708.73,710.71,701.85,704.25,22153960,4.48,8.86,1.98,2.4,0.5056,0.2235,0.2709,,,False,False,False,False,,Uptrend,Buyers,636.02,646.44,Bearish,0,0,0,0,0,0,0,0,Uptrend,No Reversal,No Context,No
2020-06-03,693.0,711.47,719.94,707.64,713.02,25381289,1.55,12.3,6.92,3.83,0.126,0.5626,0.3114,,,False,False,False,False,,Uptrend,Buyers,638.98,647.08,Bearish,0,0,0,0,0,0,0,1,Uptrend,No Reversal,Bearish Pattern in Uptrend,No
2020-06-04,710.14,729.08,733.55,711.17,712.56,34202350,16.52,22.38,4.47,1.39,0.7382,0.1997,0.0621,,,False,False,False,False,,Uptrend,Buyers,642.51,647.9,Bearish,0,0,0,0,0,0,0,0,Uptrend,No Reversal,No Context,No
2020-06-05,711.0,729.95,746.71,726.26,736.09,33076685,6.14,20.45,10.62,3.69,0.3002,0.5193,0.1804,,,False,False,False,False,,Uptrend,Buyers,645.94,648.72,Bearish,0,0,0,0,0,0,0,0,Uptrend,No Reversal,No Context,No
2020-06-08,705.51,724.32,746.89,722.25,746.89,31414953,22.57,24.64,0.0,2.07,0.916,0.0,0.084,,,False,False,False,False,,Uptrend,Buyers,649.01,649.47,Bearish,0,0,0,0,0,0,0,1,Uptrend,No Reversal,Bearish Pattern in Uptrend,No
2020-06-09,690.97,709.39,730.55,707.48,720.08,25857161,10.69,23.07,10.47,1.91,0.4634,0.4538,0.0828,,,False,False,False,False,,Uptrend,Buyers,651.38,650.06,Bullish,0,0,0,0,0,0,0,0,Uptrend,No Reversal,No Context,No
2020-06-10,706.71,725.55,728.96,710.73,712.14,22132647,13.41,18.23,3.41,1.41,0.7356,0.1871,0.0773,,,False,False,False,False,,Uptrend,Buyers,654.29,650.81,Bullish,0,0,0,0,0,0,1,0,Uptrend,No Reversal,No Context,No
2020-06-11,691.22,709.65,723.61,706.56,722.71,20385805,13.06,17.05,0.9,3.09,0.766,0.0528,0.1812,,,False,False,False,False,,Uptrend,Buyers,656.46,651.4,Bullish,0,0,0,0,0,0,0,0,Uptrend,No Reversal,No Context,No
2020-06-12,714.19,733.23,735.17,690.87,692.25,38548899,40.98,44.3,1.94,1.38,0.9251,0.0438,0.0312,,690.87,False,True,False,False,HL,Uptrend,Buyers,659.47,652.21,Bullish,0,0,0,1,0,0,0,0,Uptrend,No Reversal,No Context,No
2020-06-15,725.76,745.11,750.84,720.45,722.25,53107403,22.86,30.39,5.73,1.8,0.7522,0.1885,0.0592,,,False,False,False,False,,Uptrend,Buyers,662.83,653.14,Bullish,0,0,0,0,0,0,0,0,Uptrend,No Reversal,No Context,No
2020-06-16,727.18,746.57,760.81,731.62,758.24,51187003,11.67,29.19,2.57,14.95,0.3998,0.088,0.5122,,,False,False,False,False,,Uptrend,Buyers,666.11,654.07,Bullish,0,0,0,0,0,0,0,1,Uptrend,No Reversal,Bearish Pattern in Uptrend,No
2020-06-17,726.12,745.48,754.76,739.37,742.21,41782053,3.27,15.39,9.28,2.84,0.2125,0.603,0.1845,,,False,False,False,False,,Uptrend,Buyers,669.23,654.98,Bullish,0,1,0,0,0,0,0,0,Uptrend,No Reversal,No Context,No
2020-06-18,744.35,764.2,768.4,740.98,741.63,40471557,22.57,27.42,4.2,0.65,0.8231,0.1532,0.0237,,,False,False,False,False,,Uptrend,Buyers,672.95,656.06,Bullish,0,0,0,0,0,0,1,0,Uptrend,No Reversal,No Context,No
2020-06-19,790.88,811.96,825.53,767.01,770.7,105804173,41.26,58.52,13.57,3.69,0.7051,0.2319,0.0631,,,False,False,False,False,,Uptrend,Buyers,678.4,657.62,Bullish,0,0,0,0,0,0,0,0,Uptrend,No Reversal,No Context,No
2020-06-22,784.92,805.85,832.64,800.7,818.42,60198705,12.57,31.94,14.22,5.15,0.3936,0.4452,0.1612,832.64,,True,False,False,False,HH,Uptrend,Buyers,683.4,659.09,Bullish,0,0,0,0,0,0,0,0,Uptrend,No Reversal,No Context,No
2020-06-23,773.57,794.2,813.97,791.98,807.62,37962078,13.42,21.99,6.35,2.22,0.6103,0.2888,0.101,,,False,False,False,False,,Uptrend,Buyers,687.74,660.44,Bullish,0,0,0,0,0,0,0,1,Uptrend,No Reversal,Bearish Pattern in Uptrend,No
2020-06-24,776.69,797.4,818.1,789.95,801.12,51586221,3.72,28.15,16.98,7.45,0.1321,0.6032,0.2647,,,False,False,False,False,,Uptrend,Buyers,692.04,661.8,Bullish,0,0,0,0,0,0,0,0,Uptrend,No Reversal,No Context,No
2020-06-25,772.22,792.81,807.16,790.57,797.01,39679374,4.2,16.59,10.15,2.24,0.2532,0.6118,0.135,,,False,False,False,False,,Uptrend,Buyers,696.0,663.1,Bullish,0,1,0,0,0,0,0,0,Uptrend,No Reversal,No Context,No
2020-06-26,782.9,803.77,808.55,792.4,797.84,30921913,5.93,16.15,4.78,5.44,0.3672,0.296,0.3368,,,False,False,False,False,,Uptrend,Buyers,700.22,664.5,Bullish,0,0,0,0,0,0,0,0,Uptrend,No Reversal,No Context,No
2020-06-29,774.58,795.23,802.89,791.73,797.49,25621946,2.26,11.16,5.4,3.5,0.2025,0.4839,0.3136,,,False,False,False,False,,Uptrend,Buyers,703.95,665.8,Bullish,0,0,0,0,0,0,0,0,Uptrend,No Reversal,No Context,No
2020-06-30,766.02,786.44,803.47,782.5,801.63,30276420,15.19,20.97,1.84,3.94,0.7244,0.0877,0.1879,,782.5,False,True,False,False,HL,Uptrend,Buyers,707.18,667.0,Bullish,0,0,0,0,0,0,0,1,Uptrend,No Reversal,Bearish Pattern in Uptrend,No
2020-07-01,781.08,801.9,807.16,788.26,793.78,28464103,8.12,18.9,5.26,5.52,0.4296,0.2783,0.2921,,,False,False,False,False,,Uptrend,Buyers,710.9,668.34,Bullish,0,0,0,0,0,0,0,0,Uptrend,No Reversal,No Context,No
2020-07-02,794.52,812.4,815.75,800.73,804.39,28789533,8.01,15.02,3.35,3.66,0.5333,0.223,0.2437,,,False,False,False,False,,Uptrend,Buyers,714.88,669.78,Bullish,0,0,0,0,0,0,1,0,Uptrend,No Reversal,No Context,No
2020-07-03,806.96,825.12,827.47,815.93,821.38,29434266,3.74,11.54,2.35,5.45,0.3241,0.2036,0.4723,,,False,False,False,False,,Uptrend,Buyers,719.2,671.32,Bullish,0,0,0,0,0,0,0,0,Uptrend,No Reversal,No Context,No
2020-07-06,835.8,854.61,857.47,827.05,833.01,47016185,21.6,30.42,2.86,5.96,0.7101,0.094,0.1959,,,False,False,False,False,,Uptrend,Buyers,724.51,673.15,Bullish,0,0,0,0,0,0,0,0,Uptrend,No Reversal,No Context,No
2020-07-07,823.0,841.52,860.4,833.61,858.39,35189589,16.87,26.79,2.01,7.91,0.6297,0.075,0.2953,,,False,False,False,False,,Uptrend,Buyers,729.1,674.82,Bullish,0,0,0,0,0,0,0,0,Uptrend,No Reversal,No Context,No
2020-07-08,811.52,829.78,846.83,826.08,841.8,26204095,12.02,20.75,5.03,3.7,0.5793,0.2424,0.1783,,,False,False,False,False,,Uptrend,Buyers,733.05,676.36,Bullish,0,0,0,0,0,0,0,1,Uptrend,No Reversal,Bearish Pattern in Uptrend,No
2020-07-09,823.37,841.89,846.85,824.35,834.85,36418942,7.04,22.5,4.96,10.5,0.3129,0.2204,0.4667,,,False,False,False,False,,Uptrend,Buyers,737.32,678.01,Bullish,0,0,0,0,0,0,1,0,Uptrend,No Reversal,No Context,No
2020-07-10,847.65,866.72,869.74,841.89,843.85,43759967,22.87,27.85,3.02,1.96,0.8212,0.1084,0.0704,,,False,False,False,False,,Uptrend,Buyers,742.39,679.89,Bullish,0,0,0,0,0,0,1,0,Uptrend,No Reversal,No Context,No
2020-07-13,873.35,893.0,898.86,876.85,878.4,69608392,14.6,22.01,5.86,1.55,0.6633,0.2662,0.0704,,,False,False,False,False,,Uptrend,Buyers,748.3,682.01,Bullish,0,0,0,0,0,0,0,0,Uptrend,No Reversal,No Context,No
2020-07-14,865.23,884.7,896.09,870.99,892.54,67331128,7.84,25.1,3.55,13.71,0.3124,0.1414,0.5462,,,False,False,False,False,,Uptrend,Buyers,753.65,684.03,Bullish,0,0,0,0,0,0,0,1,Uptrend,No Reversal,Bearish Pattern in Uptrend,No
2020-07-15,832.28,851.01,913.22,829.78,894.36,139669773,43.35,83.44,18.86,21.23,0.5195,0.226,0.2544,,,False,False,False,False,,Uptrend,Buyers,757.46,685.69,Bullish,0,0,0,0,0,0,0,1,Uptrend,No Reversal,Bearish Pattern in Uptrend,No
2020-07-16,832.01,850.73,862.54,836.45,852.39,60961724,1.66,26.09,10.15,14.28,0.0636,0.389,0.5473,,,False,False,False,False,,Uptrend,Buyers,761.12,687.33,Bullish,0,0,1,0,0,0,0,0,Uptrend,No Reversal,Market Indecision,No
2020-07-17,862.84,882.25,886.08,848.24,851.47,49726765,30.78,37.84,3.83,3.23,0.8134,0.1012,0.0854,,,False,False,False,False,,Uptrend,Buyers,765.87,689.27,Bullish,0,0,0,0,0,0,1,0,Uptrend,No Reversal,No Context,No
2020-07-20,866.54,886.03,891.62,876.69,885.06,36592938,0.97,14.93,5.59,8.37,0.065,0.3744,0.5606,,,False,False,False,False,,Uptrend,Buyers,770.58,691.23,Bullish,0,0,1,0,0,0,0,0,Uptrend,No Reversal,Market Indecision,No
2020-07-21,889.85,909.87,912.39,893.69,894.85,42173371,15.02,18.7,2.52,1.16,0.8032,0.1348,0.062,,,False,False,False,False,,Uptrend,Buyers,776.05,693.4,Bullish,0,0,0,0,0,0,0,0,Uptrend,No Reversal,No Context,No
2020-07-22,904.49,924.85,927.61,904.86,915.15,59771457,9.7,22.75,2.76,10.29,0.4264,0.1213,0.4523,,,False,False,False,False,,Uptrend,Buyers,781.88,695.71,Bullish,0,0,0,0,0,0,0,0,Uptrend,No Reversal,No Context,No
2020-07-23,928.78,949.67,959.78,919.01,924.82,58333751,24.85,40.77,10.11,5.81,0.6095,0.248,0.1425,,,False,False,False,False,,Uptrend,Buyers,788.46,698.23,Bullish,0,0,0,0,0,0,0,0,Uptrend,No Reversal,No Context,No
2020-07-24,968.65,990.45,998.22,949.67,949.77,120597372,40.68,48.55,7.77,0.1,0.8379,0.16,0.0021,,,False,False,False,False,,Uptrend,Buyers,796.38,701.14,Bullish,0,0,0,0,0,0,0,0,Uptrend,No Reversal,No Context,No
2020-07-27,973.19,995.09,1014.75,982.03,1005.52,80304827,10.43,32.72,9.23,13.06,0.3188,0.2821,0.3991,1014.75,,True,False,False,False,HH,Uptrend,Buyers,804.18,704.07,Bullish,0,0,0,0,0,0,0,0,Uptrend,No Reversal,No Context,No
2020-07-28,982.89,1005.01,1012.53,992.52,995.09,55114422,9.92,20.01,7.52,2.57,0.4958,0.3758,0.1284,,,False,False,False,False,,Uptrend,Buyers,812.05,707.06,Bullish,0,0,0,0,0,0,0,0,Uptrend,No Reversal,No Context,No
2020-07-29,946.31,967.6,1007.36,955.51,1005.1,72663399,37.5,51.85,2.26,12.09,0.7232,0.0436,0.2332,,,False,False,False,False,,Uptrend,Buyers,818.15,709.65,Bullish,0,0,0,0,1,0,0,0,Uptrend,No Reversal,Bearish Pattern in Uptrend,No
2020-07-30,951.82,973.23,987.47,956.23,968.69,72857444,4.54,31.24,14.24,12.46,0.1453,0.4558,0.3988,,,False,False,False,False,,Uptrend,Buyers,824.23,712.28,Bullish,0,0,0,0,0,0,0,0,Uptrend,No Reversal,No Context,No
2020-07-31,932.97,953.97,982.53,947.37,975.84,74958061,21.87,35.16,6.69,6.6,0.622,0.1903,0.1877,,,False,False,False,False,,Uptrend,Buyers,829.32,714.68,Bullish,0,0,0,0,1,0,0,0,Uptrend,No Reversal,Bearish Pattern in Uptrend,No
2020-08-03,906.75,927.15,949.31,924.43,946.67,46715383,19.52,24.88,2.64,2.72,0.7846,0.1061,0.1093,,,False,False,False,False,,Uptrend,Buyers,833.16,716.79,Bullish,0,0,0,0,0,0,0,0,Uptrend,No Reversal,No Context,No
2020-08-04,970.66,992.5,1000.07,923.12,932.51,92041055,59.99,76.95,7.57,9.39,0.7796,0.0984,0.122,,923.12,False,True,False,False,HL,Uptrend,Buyers,839.41,719.54,Bullish,0,0,0,0,0,0,1,0,Uptrend,No Reversal,No Context,No
2020-08-05,959.76,981.36,1013.45,977.6,1000.99,74549993,19.63,35.85,12.46,3.76,0.5476,0.3476,0.1049,1013.45,,False,False,True,False,LH,Downtrend,Sellers,844.97,722.14,Bullish,0,0,0,0,0,0,0,0,Uptrend,Bearish Reversal,No Context,No
2020-08-06,963.21,984.89,1000.39,972.75,995.46,49322975,10.57,27.64,4.93,12.14,0.3824,0.1784,0.4392,,,False,False,False,False,,Downtrend,Sellers,850.46,724.76,Bullish,0,0,0,0,0,0,0,1,Downtrend,No Reversal,No Context,No
2020-08-07,968.79,990.59,995.82,978.47,982.9,32984416,7.69,17.35,5.23,4.43,0.4432,0.3014,0.2553,,,False,False,False,False,,Downtrend,Sellers,855.95,727.4,Bullish,0,0,0,0,0,0,1,0,Downtrend,No Reversal,Bullish Pattern in Downtrend,No
2020-08-10,956.78,978.31,999.15,972.89,996.42,26958997,18.11,26.26,2.73,5.42,0.6896,0.104,0.2064,,,False,False,False,False,,Downtrend,Sellers,860.75,729.9,Bullish,0,0,0,0,1,0,0,0,Downtrend,No Reversal,No Context,No
2020-08-11,963.08,984.75,996.84,969.31,985.21,46828306,0.46,27.53,11.63,15.44,0.0167,0.4224,0.5608,,,False,False,False,False,,Downtrend,Sellers,865.62,732.44,Bullish,0,0,1,0,0,0,0,0,Downtrend,No Reversal,Market Indecision,No
2020-08-12,960.28,981.89,989.92,972.29,978.84,30264617,3.05,17.63,8.03,6.55,0.173,0.4555,0.3715,,,False,False,False,False,,Downtrend,Sellers,870.18,734.92,Bullish,0,0,0,0,0,0,1,0,Downtrend,No Reversal,Bullish Pattern in Downtrend,No
2020-08-13,957.78,979.33,987.1,973.76,982.07,24830322,2.74,13.34,5.03,5.57,0.2054,0.3771,0.4175,,,False,False,False,False,,Downtrend,Sellers,874.46,737.35,Bullish,0,0,0,0,0,0,0,0,Downtrend,No Reversal,No Context,No
2020-08-14,954.05,975.52,995.46,964.19,979.56,33224635,4.04,31.27,15.9,11.33,0.1292,0.5085,0.3623,,,False,False,False,False,,Downtrend,Sellers,878.42,739.72,Bullish,0,0,0,0,0,0,0,1,Downtrend,No Reversal,No Context,No
2020-08-17,943.92,965.16,971.46,955.35,971.46,30979066,6.3,16.11,0.0,9.81,0.3911,0.0,0.6089,,955.35,False,True,False,False,HL,Uptrend,Buyers,881.82,741.96,Bullish,0,0,0,0,0,0,0,0,Downtrend,Bullish Reversal,No Context,No
2020-08-18,956.2,977.71,984.98,961.0,962.23,30547672,15.48,23.98,7.27,1.23,0.6455,0.3032,0.0513,,,False,False,False,False,,Uptrend,Buyers,885.58,744.31,Bullish,0,0,0,1,0,0,0,0,Uptrend,No Reversal,No Context,No
2020-08-19,962.06,983.71,994.07,979.0,988.07,34087543,4.36,15.07,6.0,4.71,0.2893,0.3981,0.3125,,,False,False,False,False,,Uptrend,Buyers,889.43,746.69,Bullish,0,0,0,0,0,0,0,0,Uptrend,No Reversal,No Context,No
2020-08-20,946.49,967.79,980.18,963.61,978.38,22537845,10.59,16.57,1.8,4.18,0.6391,0.1086,0.2523,,,False,False,False,False,,Uptrend,Buyers,892.5,748.89,Bullish,0,0,0,0,0,0,0,1,Uptrend,No Reversal,Bearish Pattern in Uptrend,No
2020-08-21,939.63,960.77,979.3,958.54,977.46,25280895,16.69,20.76,1.84,2.23,0.8039,0.0886,0.1074,,,False,False,False,False,,Uptrend,Buyers,895.18,751.0,Bullish,0,0,0,0,0,0,0,0,Uptrend,No Reversal,No Context,No
2020-08-24,945.91,967.19,971.23,955.54,965.18,32717218,2.01,15.69,4.04,9.64,0.1281,0.2575,0.6144,,,False,False,False,False,,Uptrend,Buyers,898.0,753.15,Bullish,0,0,0,0,0,0,0,0,Uptrend,No Reversal,No Context,No
2020-08-25,939.74,960.89,974.36,959.0,971.92,19388008,11.03,15.36,2.44,1.89,0.7181,0.1589,0.123,,,False,False,False,False,,Uptrend,Buyers,900.47,755.22,Bullish,0,0,0,0,1,0,0,0,Uptrend,No Reversal,Bearish Pattern in Uptrend,No
2020-08-26,964.66,986.36,991.28,944.69,962.23,59870421,24.13,46.59,4.92,17.54,0.5179,0.1056,0.3765,,944.69,False,False,False,True,LL,Downtrend,Sellers,903.84,757.52,Bullish,0,0,0,0,0,0,0,0,Uptrend,Bearish Reversal,No Context,No
2020-08-27,952.61,974.04,992.22,970.65,991.3,28085062,17.26,21.57,0.92,3.39,0.8002,0.0427,0.1572,,,False,False,False,False,,Downtrend,Sellers,906.59,759.67,Bullish,0,0,0,0,0,0,0,0,Downtrend,No Reversal,No Context,No
2020-08-28,955.11,976.6,984.33,972.03,978.38,27166900,1.78,12.3,5.95,4.57,0.1447,0.4837,0.3715,,,False,False,False,False,,Downtrend,Sellers,909.34,761.83,Bullish,0,0,0,0,0,0,0,1,Downtrend,No Reversal,No Context,No
2020-08-31,939.11,960.24,1003.3,950.85,1003.3,62076132,43.06,52.45,0.0,9.39,0.821,0.0,0.179,1003.3,,False,False,True,False,LH,Downtrend,Sellers,911.33,763.8,Bullish,0,0,0,0,0,0,0,0,Downtrend,No Reversal,No Context,No
2020-09-01,942.07,963.27,979.49,951.8,969.15,38616258,5.88,27.69,10.34,11.47,0.2124,0.3734,0.4142,,,False,False,False,False,,Downtrend,Sellers,913.37,765.79,Bullish,0,0,0,0,0,0,0,0,Downtrend,No Reversal,No Context,No
2020-09-02,960.55,982.16,986.69,962.23,965.46,26949439,16.7,24.46,4.53,3.23,0.6827,0.1852,0.1321,,,False,False,False,False,,Downtrend,Sellers,916.07,767.94,Bullish,0,0,0,0,0,0,1,0,Downtrend,No Reversal,Bullish Pattern in Downtrend,No
2020-09-03,953.28,974.73,987.03,970.53,982.07,18586429,7.34,16.5,4.96,4.2,0.4448,0.3006,0.2545,,,False,False,False,False,,Downtrend,Sellers,918.37,770.0,Bullish,0,0,0,0,0,0,0,0,Downtrend,No Reversal,No Context,No
2020-09-04,937.56,958.65,967.74,956.32,961.56,28475945,2.91,11.42,6.18,2.33,0.2548,0.5412,0.204,,,False,False,False,False,,Downtrend,Sellers,919.95,771.88,Bullish,0,1,0,0,0,0,0,1,Downtrend,No Reversal,Bullish Pattern in Downtrend,No
2020-09-07,939.99,961.14,971.8,943.42,961.77,21926473,0.63,28.38,10.03,17.72,0.0222,0.3534,0.6244,,943.42,False,False,False,True,LL,Downtrend,Sellers,921.56,773.76,Bullish,0,0,1,0,0,0,0,0,Downtrend,No Reversal,Market Indecision,No
2020-09-08,951.03,972.43,978.84,960.15,965.46,27397082,6.97,18.69,6.41,5.31,0.3729,0.343,0.2841,,,False,False,False,False,,Downtrend,Sellers,923.56,775.74,Bullish,0,0,0,0,0,0,1,0,Downtrend,No Reversal,Bullish Pattern in Downtrend,No
2020-09-09,975.51,997.46,1000.44,960.59,962.23,55310877,35.23,39.85,2.98,1.64,0.8841,0.0748,0.0412,,,False,False,False,False,,Downtrend,Sellers,926.46,777.94,Bullish,0,0,0,0,0,0,0,0,Downtrend,No Reversal,No Context,No
2020-09-10,1044.41,1067.91,1082.19,1003.92,1007.5,140304404,60.41,78.27,14.28,3.58,0.7718,0.1824,0.0457,,,False,False,False,False,,Downtrend,Sellers,932.0,780.83,Bullish,0,0,0,0,0,0,0,0,Downtrend,No Reversal,No Context,No
2020-09-11,1047.01,1070.56,1078.92,1055.5,1066.99,59470807,3.57,23.42,8.36,11.49,0.1524,0.357,0.4906,,,False,False,False,False,,Downtrend,Sellers,937.44,783.71,Bullish,0,0,0,0,0,0,0,0,Downtrend,No Reversal,No Context,No
2020-09-14,1039.24,1062.63,1089.14,1053.14,1072.99,44063445,10.36,36.0,16.15,9.49,0.2878,0.4486,0.2636,,,False,False,False,False,,Downtrend,Sellers,942.35,786.49,Bullish,0,0,0,0,1,0,0,1,Downtrend,No Reversal,No Context,No
2020-09-15,1046.6,1070.15,1073.33,1055.98,1066.96,27178393,3.19,17.35,3.18,10.98,0.1839,0.1833,0.6329,,,False,False,False,False,,Downtrend,Sellers,947.36,789.31,Bullish,1,0,0,0,0,0,0,0,Downtrend,No Reversal,Bullish Pattern in Downtrend,No
2020-09-16,1049.17,1072.78,1093.45,1066.32,1070.68,33952295,2.1,27.13,20.67,4.36,0.0774,0.7619,0.1607,1093.45,,True,False,False,False,HH,Uptrend,Buyers,952.28,792.13,Bullish,0,0,1,0,0,0,1,0,Downtrend,Bullish Reversal,Market Indecision,No
2020-09-17,1037.53,1060.87,1077.0,1057.69,1070.68,25828669,9.81,19.31,6.32,3.18,0.508,0.3273,0.1647,,,False,False,False,False,,Uptrend,Buyers,956.53,794.8,Bullish,0,0,0,0,0,0,0,1,Uptrend,No Reversal,Bearish Pattern in Uptrend,No
2020-09-18,1040.66,1064.08,1070.43,1050.63,1068.03,33074915,3.95,19.8,2.4,13.45,0.1995,0.1212,0.6793,,,False,False,False,False,,Uptrend,Buyers,960.75,797.48,Bullish,1,0,0,0,0,0,0,0,Uptrend,No Reversal,No Context,No
2020-09-21,1018.17,1041.07,1078.06,1037.15,1061.45,33627381,20.38,40.91,16.61,3.92,0.4982,0.406,0.0958,,,False,False,False,False,,Uptrend,Buyers,963.9,799.91,Bullish,0,0,0,0,0,0,0,0,Uptrend,No Reversal,No Context,No
2020-09-22,997.99,1020.45,1050.84,1016.01,1050.84,34792254,30.39,34.83,0.0,4.44,0.8725,0.0,0.1275,,,False,False,False,False,,Uptrend,Buyers,966.12,802.1,Bullish,0,0,0,0,0,0,0,0,Uptrend,No Reversal,No Context,No
2020-09-23,1006.86,1029.51,1050.72,1017.75,1042.99,42988708,13.48,32.97,7.73,11.76,0.4089,0.2345,0.3567,,,False,False,False,False,,Uptrend,Buyers,968.61,804.36,Bullish,0,0,0,0,0,0,0,0,Uptrend,No Reversal,No Context,No
2020-09-24,984.47,1006.62,1027.3,1004.25,1018.95,29826318,12.33,23.05,8.35,2.37,0.5349,0.3623,0.1028,,,False,False,False,False,,Uptrend,Buyers,970.1,806.38,Bullish,0,0,0,0,0,0,0,0,Uptrend,No Reversal,No Context,No
2020-09-25,993.73,1016.08,1021.21,1000.21,1010.22,28374935,5.86,21.0,5.13,10.01,0.279,0.2443,0.4767,,1000.21,False,True,False,False,HL,Uptrend,Buyers,971.9,808.46,Bullish,0,0,0,0,0,0,1,0,Uptrend,No Reversal,No Context,No
2020-09-28,1000.29,1022.8,1032.84,1018.55,1027.76,19666849,4.96,14.29,5.08,4.25,0.3471,0.3555,0.2974,,,False,False,False,False,,Uptrend,Buyers,973.9,810.6,Bullish,0,0,0,0,0,0,0,0,Uptrend,No Reversal,No Context,No
2020-09-29,1013.29,1036.09,1044.84,1022.8,1026.84,25842539,9.25,22.04,8.75,4.04,0.4197,0.397,0.1833,,,False,False,False,False,,Uptrend,Buyers,976.33,812.84,Bullish,0,0,0,0,0,0,0,0,Uptrend,No Reversal,No Context,No
2020-09-30,1008.46,1031.15,1046.22,1026.84,1042.99,24465159,11.84,19.38,3.23,4.31,0.6109,0.1667,0.2224,,,False,False,False,False,,Uptrend,Buyers,978.48,815.01,Bullish,0,0,0,0,0,0,0,0,Uptrend,No Reversal,No Context,No
2020-10-01,1004.35,1026.95,1044.74,1021.76,1044.74,20783227,17.79,22.98,0.0,5.19,0.7742,0.0,0.2258,,,False,False,False,False,,Uptrend,Buyers,980.38,817.12,Bullish,0,0,0,0,0,0,0,0,Uptrend,No Reversal,No Context,No
2020-10-05,998.46,1020.93,1037.98,1018.07,1035.61,18922799,14.68,19.91,2.37,2.86,0.7373,0.119,0.1436,,,False,False,False,False,,Uptrend,Buyers,981.97,819.15,Bullish,0,0,0,0,0,0,0,0,Uptrend,No Reversal,No Context,No
2020-10-06,997.63,1020.08,1030.94,1016.06,1026.95,18412175,6.87,14.88,3.99,4.02,0.4617,0.2681,0.2702,,1016.06,False,True,False,False,HL,Uptrend,Buyers,983.47,821.15,Bullish,0,0,0,0,0,0,0,0,Uptrend,No Reversal,No Context,No
2020-10-07,1018.91,1041.84,1065.6,1024.53,1031.45,53170865,10.39,41.07,23.76,6.92,0.253,0.5785,0.1685,1065.6,,False,False,True,False,LH,Downtrend,Sellers,985.76,823.34,Bullish,0,1,0,0,0,0,1,0,Uptrend,Bearish Reversal,No Context,No
2020-10-08,1010.67,1033.41,1046.68,1025.5,1042.53,21077808,9.12,21.18,4.15,7.91,0.4306,0.1959,0.3735,,,False,False,False,False,,Downtrend,Sellers,987.63,825.43,Bullish,0,0,0,0,0,0,0,0,Downtrend,No Reversal,No Context,No
2020-10-09,1008.06,1030.74,1039.76,1023.19,1031.45,18545499,0.71,16.57,8.31,7.55,0.0428,0.5015,0.4556,,,False,False,False,False,,Downtrend,Sellers,989.32,827.48,Bullish,0,0,1,0,0,0,0,1,Downtrend,No Reversal,Market Indecision,No
2020-10-12,1009.68,1032.4,1041.03,1027.41,1031.45,14226473,0.95,13.62,8.63,4.04,0.0698,0.6336,0.2966,,,False,False,False,False,,Downtrend,Sellers,991.01,829.52,Bullish,0,0,1,0,0,0,1,0,Downtrend,No Reversal,Market Indecision,No
2020-10-13,1029.38,1052.54,1054.87,1027.23,1029.42,23112012,23.12,27.64,2.33,2.19,0.8365,0.0843,0.0792,,,False,False,False,False,,Downtrend,Sellers,993.42,831.73,Bullish,0,0,0,0,0,0,0,0,Downtrend,No Reversal,No Context,No
2020-10-14,1032.45,1055.68,1063.3,1046.91,1051.71,26742011,3.97,16.39,7.62,4.8,0.2422,0.4649,0.2929,,,False,False,False,False,,Downtrend,Sellers,995.86,833.96,Bullish,0,0,0,0,0,0,0,0,Downtrend,No Reversal,No Context,No
2020-10-15,995.89,1018.3,1056.83,1012.99,1056.83,20036197,38.53,43.84,0.0,5.31,0.8789,0.0,0.1211,,,False,False,False,False,,Downtrend,Sellers,996.74,835.8,Bullish,0,0,0,0,1,0,0,1,Downtrend,No Reversal,No Context,No
2020-10-16,982.04,1004.13,1030.3,1002.68,1022.22,21583600,18.09,27.62,8.08,1.45,0.655,0.2925,0.0525,,,False,False,False,False,,Downtrend,Sellers,997.03,837.47,Bullish,0,0,0,0,0,0,0,0,Downtrend,No Reversal,No Context,No
2020-10-19,982.22,1004.32,1028.54,994.6,1010.71,31200385,6.39,33.94,17.83,9.72,0.1883,0.5253,0.2864,,,False,False,False,False,,Downtrend,Sellers,997.32,839.13,Bullish,0,0,0,0,0,0,0,0,Downtrend,No Reversal,No Context,No
2020-10-20,973.05,994.95,1012.07,993.26,1005.61,18482288,10.66,18.81,6.46,1.69,0.5667,0.3434,0.0898,,,False,False,False,False,,Downtrend,Sellers,997.22,840.68,Bullish,0,0,0,0,0,0,0,0,Downtrend,No Reversal,No Context,No
2020-10-21,958.93,980.5,1011.61,968.11,1000.53,34082321,20.03,43.5,11.08,12.39,0.4605,0.2547,0.2848,,,False,False,False,False,,Downtrend,Sellers,996.57,842.07,Bullish,0,0,0,0,0,0,0,0,Downtrend,No Reversal,No Context,No
2020-10-22,950.96,972.36,984.15,965.0,981.79,30802210,9.43,19.15,2.36,7.36,0.4924,0.1232,0.3843,,,False,False,False,False,,Downtrend,Sellers,995.62,843.37,Bullish,0,0,0,0,0,0,0,0,Downtrend,No Reversal,No Context,No
2020-10-23,953.71,975.17,985.3,967.49,971.92,23422125,3.25,17.81,10.13,4.43,0.1825,0.5688,0.2487,,,False,False,False,False,,Downtrend,Sellers,994.82,844.68,Bullish,0,0,0,0,0,0,1,0,Downtrend,No Reversal,Bullish Pattern in Downtrend,No
2020-10-26,915.82,936.43,970.05,931.54,970.05,37324416,33.62,38.51,0.0,4.89,0.873,0.0,0.127,,,False,False,False,False,,Downtrend,Sellers,992.53,845.59,Bullish,0,0,0,0,0,0,0,0,Downtrend,No Reversal,No Context,No
2020-10-27,918.26,938.92,950.62,925.31,939.11,36478896,0.19,25.31,11.51,13.61,0.0075,0.4548,0.5377,,,False,False,False,False,,Downtrend,Sellers,990.43,846.52,Bullish,0,0,1,0,0,0,0,0,Downtrend,No Reversal,Market Indecision,No
2020-10-28,907.86,928.28,949.63,926.41,942.29,29924017,14.01,23.22,7.34,1.87,0.6034,0.3161,0.0805,,,False,False,False,False,,Downtrend,Sellers,987.99,847.34,Bullish,0,0,0,0,0,0,0,0,Downtrend,No Reversal,No Context,No
2020-10-29,914.83,935.41,942.38,918.85,921.62,30655304,13.79,23.53,6.97,2.77,0.5861,0.2962,0.1177,,,False,False,False,False,,Downtrend,Sellers,985.93,848.21,Bullish,0,0,0,0,0,0,0,0,Downtrend,No Reversal,No Context,No
2020-10-30,927.29,948.15,953.04,933.06,938.46,34021563,9.69,19.98,4.89,5.4,0.485,0.2447,0.2703,,,False,False,False,False,,Downtrend,Sellers,984.44,849.21,Bullish,0,0,0,0,0,0,1,0,Downtrend,No Reversal,Bullish Pattern in Downtrend,No
2020-11-02,847.38,866.44,935.46,858.0,935.46,99366895,69.02,77.46,0.0,8.44,0.891,0.0,0.109,,,False,False,False,False,,Downtrend,Sellers,979.82,849.38,Bullish,0,0,0,0,0,0,0,1,Downtrend,No Reversal,No Context,No
2020-11-03,835.17,853.96,881.0,846.9,872.23,88691623,18.27,34.1,8.77,7.06,0.5358,0.2572,0.207,,846.9,False,False,False,True,LL,Downtrend,Sellers,974.88,849.42,Bullish,0,0,0,0,0,0,0,0,Downtrend,No Reversal,No Context,No
2020-11-04,863.51,882.94,890.23,847.78,847.78,80180117,35.16,42.45,7.29,0.0,0.8283,0.1717,0.0,,,False,False,False,False,,Downtrend,Sellers,971.28,849.76,Bullish,0,0,0,1,0,0,1,0,Downtrend,No Reversal,Bullish Pattern in Downtrend,No
2020-11-05,882.38,902.23,904.98,891.62,902.21,37205373,0.02,13.36,2.75,10.59,0.0015,0.2058,0.7927,,,False,False,False,False,,Downtrend,Sellers,968.57,850.28,Bullish,0,0,1,0,0,0,0,0,Downtrend,No Reversal,Market Indecision,No
2020-11-06,915.85,936.45,941.46,912.92,918.38,66674086,18.07,28.54,5.01,5.46,0.6331,0.1755,0.1913,,,False,False,False,False,,Downtrend,Sellers,967.31,851.14,Bullish,0,0,0,0,0,0,0,0,Downtrend,No Reversal,No Context,No
2020-11-09,925.57,946.4,954.84,939.61,951.66,35838510,5.26,15.23,3.18,6.79,0.3454,0.2088,0.4458,,,False,False,False,False,,Downtrend,Sellers,966.49,852.09,Bullish,0,0,0,0,0,0,0,0,Downtrend,No Reversal,No Context,No
2020-11-10,940.85,962.02,964.53,942.01,958.54,36934242,3.48,22.52,2.51,16.53,0.1545,0.1115,0.734,,,False,False,False,False,,Downtrend,Sellers,966.31,853.18,Bullish,1,0,0,0,0,0,0,0,Downtrend,No Reversal,Bullish Pattern in Downtrend,No
2020-11-11,901.43,921.71,966.84,912.89,964.07,56724780,42.36,53.95,2.77,8.82,0.7852,0.0513,0.1635,966.84,,False,False,True,False,LH,Downtrend,Sellers,964.56,853.86,Bullish,0,0,0,0,1,0,0,0,Downtrend,No Reversal,No Context,No
2020-11-12,893.66,913.77,926.9,906.85,914.23,40046527,0.46,20.05,12.67,6.92,0.0229,0.6319,0.3451,,,False,False,False,False,,Downtrend,Sellers,962.57,854.46,Bullish,0,0,1,0,0,0,0,0,Downtrend,No Reversal,Market Indecision,No
2020-11-13,901.06,921.34,939.91,914.58,914.69,45388670,6.65,25.33,18.57,0.11,0.2625,0.7331,0.0043,,,False,False,False,False,,Downtrend,Sellers,960.96,855.12,Bullish,0,1,0,0,0,1,1,0,Downtrend,No Reversal,Bullish Pattern in Downtrend,No
2020-11-14,903.73,924.06,930.06,920.85,929.88,5226220,5.82,9.21,0.18,3.21,0.6319,0.0195,0.3485,,,False,False,False,False,,Downtrend,Sellers,959.51,855.81,Bullish,0,0,0,0,0,0,0,0,Downtrend,No Reversal,No Context,No
2020-11-17,899.64,919.88,962.23,916.08,962.23,46542562,42.35,46.15,0.0,3.8,0.9177,0.0,0.0823,,,False,False,False,False,,Downtrend,Sellers,957.95,856.45,Bullish,0,0,0,0,0,0,0,1,Downtrend,No Reversal,No Context,No
2020-11-18,896.91,917.09,926.0,904.59,919.88,30402290,2.79,21.41,6.12,12.5,0.1303,0.2858,0.5838,,,False,False,False,False,,Downtrend,Sellers,956.35,857.05,Bullish,0,0,0,0,0,0,0,0,Downtrend,No Reversal,No Context,No
2020-11-19,890.57,910.61,927.82,908.32,917.09,27796343,6.48,19.5,10.73,2.29,0.3323,0.5503,0.1174,,,False,False,False,False,,Downtrend,Sellers,954.56,857.58,Bullish,0,0,0,0,0,0,0,0,Downtrend,No Reversal,No Context,No
2020-11-20,857.33,876.62,915.52,874.54,911.46,57471248,34.84,40.98,4.06,2.08,0.8502,0.0991,0.0508,,874.54,False,True,False,False,HL,Uptrend,Buyers,951.5,857.77,Bullish,0,0,0,0,0,0,0,0,Downtrend,Bullish Reversal,No Context,No
2020-11-23,880.44,900.25,909.15,888.96,900.39,45327567,0.14,20.19,8.76,11.29,0.0069,0.4339,0.5592,,,False,False,False,False,,Uptrend,Buyers,949.49,858.19,Bullish,0,0,1,0,0,0,0,0,Uptrend,No Reversal,Market Indecision,No
2020-11-24,886.46,906.41,911.0,891.62,906.39,30936268,0.02,19.38,4.59,14.77,0.001,0.2368,0.7621,,,False,False,False,False,,Uptrend,Buyers,947.8,858.67,Bullish,0,0,1,0,0,0,1,0,Uptrend,No Reversal,Market Indecision,No
2020-11-25,879.13,898.91,919.75,896.33,913.77,32637879,14.86,23.42,5.98,2.58,0.6345,0.2553,0.1102,,,False,False,False,False,,Uptrend,Buyers,945.89,859.07,Bullish,0,0,0,0,1,0,0,0,Uptrend,No Reversal,Bearish Pattern in Uptrend,No
2020-11-26,881.3,901.12,906.85,890.72,901.33,25838637,0.21,16.13,5.52,10.4,0.013,0.3422,0.6448,,,False,False,False,False,,Uptrend,Buyers,944.13,859.49,Bullish,0,0,1,0,0,0,0,0,Uptrend,No Reversal,Market Indecision,No
2020-11-27,871.0,890.6,902.74,886.73,895.54,47336811,4.94,16.01,7.2,3.87,0.3086,0.4497,0.2417,,,False,False,False,False,,Uptrend,Buyers,942.03,859.8,Bullish,0,0,0,0,0,0,0,0,Uptrend,No Reversal,No Context,No
2020-12-01,882.33,902.19,907.42,890.72,895.47,19750687,6.72,16.7,5.23,4.75,0.4024,0.3132,0.2844,,,False,False,False,False,,Uptrend,Buyers,940.47,860.22,Bullish,0,0,0,0,0,0,0,0,Uptrend,No Reversal,No Context,No
2020-12-02,883.8,903.69,905.46,893.0,903.85,22188887,0.16,12.46,1.61,10.69,0.0128,0.1292,0.8579,,,False,False,False,False,,Uptrend,Buyers,939.03,860.66,Bullish,0,0,1,0,0,0,0,0,Uptrend,No Reversal,Market Indecision,No
2020-12-03,886.46,906.41,914.28,903.92,910.08,27785372,3.67,10.36,4.2,2.49,0.3542,0.4054,0.2403,,,False,False,False,False,,Uptrend,Buyers,937.75,861.11,Bullish,0,0,0,0,0,0,0,1,Uptrend,No Reversal,Bearish Pattern in Uptrend,No
2020-12-04,878.65,898.42,908.69,895.31,908.69,18464552,10.27,13.38,0.0,3.11,0.7676,0.0,0.2324,,,False,False,False,False,,Uptrend,Buyers,936.2,861.48,Bullish,0,0,0,0,0,0,0,0,Uptrend,No Reversal,No Context,No
2020-12-07,883.82,903.71,906.85,895.59,895.59,18242188,8.12,11.26,3.14,0.0,0.7211,0.2789,0.0,,,False,False,False,False,,Uptrend,Buyers,934.93,861.9,Bullish,0,0,0,0,0,0,0,0,Uptrend,No Reversal,No Context,No
2020-12-08,899.87,920.12,929.58,899.92,905.07,43403061,15.05,29.66,9.46,5.15,0.5074,0.3189,0.1736,,,False,False,False,False,,Uptrend,Buyers,934.35,862.48,Bullish,0,0,0,0,0,0,1,0,Uptrend,No Reversal,No Context,No
2020-12-09,914.85,935.44,938.6,922.65,927.59,29175254,7.85,15.95,3.16,4.94,0.4922,0.1981,0.3097,,,False,False,False,False,,Uptrend,Buyers,934.39,863.21,Bullish,0,0,0,0,0,0,0,0,Uptrend,No Reversal,No Context,No
2020-12-10,905.85,926.23,936.15,923.46,932.97,16065507,6.74,12.69,3.18,2.77,0.5311,0.2506,0.2183,,,False,False,False,False,,Uptrend,Buyers,934.07,863.84,Bullish,0,0,0,0,0,0,0,1,Uptrend,No Reversal,Bearish Pattern in Uptrend,No
2020-12-11,905.31,925.68,940.54,911.12,929.0,26944202,3.32,29.42,11.54,14.56,0.1128,0.3923,0.4949,940.54,,False,False,True,False,LH,Downtrend,Sellers,933.74,864.45,Bullish,0,0,0,0,0,0,0,1,Uptrend,Bearish Reversal,Bearish Pattern in Uptrend,Yes
2020-12-14,898.76,918.98,929.92,916.7,926.67,17312747,7.69,13.22,3.25,2.28,0.5817,0.2458,0.1725,,,False,False,False,False,,Downtrend,Sellers,933.16,864.99,Bullish,0,0,0,0,0,0,0,0,Downtrend,No Reversal,No Context,No
2020-12-15,891.11,911.16,918.25,905.05,918.25,18551265,7.09,13.2,0.0,6.11,0.5371,0.0,0.4629,,,False,False,False,False,,Downtrend,Sellers,932.3,865.45,Bullish,0,0,0,0,0,0,0,0,Downtrend,No Reversal,No Context,No
2020-12-16,892.1,912.18,920.67,907.17,917.46,18561011,5.28,13.5,3.21,5.01,0.3911,0.2378,0.3711,,,False,False,False,False,,Downtrend,Sellers,931.51,865.92,Bullish,0,0,0,0,0,0,0,0,Downtrend,No Reversal,No Context,No
2020-12-17,896.19,916.35,925.31,912.45,915.85,20252358,0.5,12.86,8.96,3.4,0.0389,0.6967,0.2644,,,False,False,False,False,,Downtrend,Sellers,930.92,866.42,Bullish,0,0,1,0,0,0,1,0,Downtrend,No Reversal,Market Indecision,No
2020-12-18,898.88,919.1,925.26,906.85,913.82,18466344,5.28,18.41,6.16,6.97,0.2868,0.3346,0.3786,,,False,False,False,False,,Downtrend,Sellers,930.45,866.94,Bullish,0,0,0,0,0,0,1,0,Downtrend,No Reversal,Bullish Pattern in Downtrend,No
2020-12-21,875.47,895.17,933.15,856.2,927.61,44135540,32.44,76.95,5.54,38.97,0.4216,0.072,0.5064,933.15,856.2,False,False,True,True,LL,Downtrend,Sellers,929.07,867.22,Bullish,0,0,0,0,1,0,0,0,Downtrend,No Reversal,No Context,No
2020-12-22,874.12,893.79,904.03,871.52,899.46,28140001,5.67,32.51,4.57,22.27,0.1744,0.1406,0.685,,,False,False,False,False,,Downtrend,Sellers,927.69,867.49,Bullish,1,0,0,0,0,0,0,0,Downtrend,No Reversal,Bullish Pattern in Downtrend,No
2020-12-23,877.35,897.09,900.59,886.38,890.69,19501410,6.4,14.21,3.5,4.31,0.4504,0.2463,0.3033,,,False,False,False,False,,Downtrend,Sellers,926.49,867.78,Bullish,0,0,0,0,0,0,1,0,Downtrend,No Reversal,Bullish Pattern in Downtrend,No
2020-12-24,900.05,920.3,922.45,898.03,898.54,20776988,21.76,24.42,2.15,0.51,0.8911,0.088,0.0209,,,False,False,False,False,,Downtrend,Sellers,926.24,868.31,Bullish,0,0,0,0,0,0,0,0,Downtrend,No Reversal,No Context,No
2020-12-28,904.18,924.52,931.31,920.83,926.09,17221499,1.57,10.48,5.22,3.69,0.1498,0.4981,0.3521,,,False,False,False,False,,Downtrend,Sellers,926.18,868.87,Bullish,0,0,0,0,0,0,0,0,Downtrend,No Reversal,No Context,No
2020-12-29,898.2,918.41,928.68,914.95,927.15,18611939,8.74,13.73,1.53,3.46,0.6366,0.1114,0.252,,,False,False,False,False,,Downtrend,Sellers,925.87,869.36,Bullish,0,0,0,0,0,0,0,1,Downtrend,No Reversal,No Context,No
2020-12-30,900.66,920.92,926.32,911.72,920.81,22043630,0.11,14.6,5.4,9.09,0.0075,0.3699,0.6226,,,False,False,False,False,,Downtrend,Sellers,925.68,869.87,Bullish,0,0,1,0,0,0,0,0,Downtrend,No Reversal,Market Indecision,No
2020-12-31,896.05,916.22,928.49,913.12,920.0,18781189,3.78,15.37,8.49,3.1,0.2459,0.5524,0.2017,,,False,False,False,False,,Downtrend,Sellers,925.31,870.33,Bullish,0,1,0,0,0,0,0,0,Downtrend,No Reversal,Bullish Pattern in Downtrend,No
2021-01-01,897.05,917.23,921.62,914.69,917.46,10015175,0.23,6.93,4.16,2.54,0.0332,0.6003,0.3665,,,False,False,False,False,,Downtrend,Sellers,924.99,870.8,Bullish,0,0,1,0,0,0,0,0,Downtrend,No Reversal,Market Indecision,No
2021-01-04,898.56,918.78,922.49,908.23,920.74,24513534,1.96,14.26,1.75,10.55,0.1374,0.1227,0.7398,,,False,False,False,False,,Downtrend,Sellers,924.75,871.28,Bullish,1,0,0,0,0,0,0,0,Downtrend,No Reversal,Bullish Pattern in Downtrend,No
2021-01-05,887.39,907.35,915.43,902.69,908.69,24123091,1.34,12.74,6.74,4.66,0.1052,0.529,0.3658,,,False,False,False,False,,Downtrend,Sellers,924.06,871.64,Bullish,0,0,0,0,0,0,0,0,Downtrend,No Reversal,No Context,No
2021-01-06,863.99,883.43,907.31,879.23,907.26,46401468,23.83,28.08,0.05,4.2,0.8486,0.0018,0.1496,,,False,False,False,False,,Downtrend,Sellers,922.47,871.75,Bullish,0,0,0,0,0,0,0,0,Downtrend,No Reversal,No Context,No
2021-01-07,862.59,882.0,897.62,879.23,886.31,32325918,4.31,18.39,11.31,2.77,0.2344,0.615,0.1506,,,False,False,False,False,,Downtrend,Sellers,920.88,871.86,Bullish,0,1,0,0,0,0,0,0,Downtrend,No Reversal,Bullish Pattern in Downtrend,No
2021-01-08,872.76,892.4,894.57,882.43,885.16,27540187,7.24,12.14,2.17,2.73,0.5964,0.1787,0.2249,,,False,False,False,False,,Downtrend,Sellers,919.77,872.06,Bullish,0,0,0,0,0,0,1,0,Downtrend,No Reversal,Bullish Pattern in Downtrend,No
2021-01-11,856.31,875.58,894.76,873.39,894.76,33307825,19.18,21.37,0.0,2.19,0.8975,0.0,0.1025,,873.39,False,True,False,False,HL,Uptrend,Buyers,918.03,872.09,Bullish,0,0,0,0,1,0,0,0,Downtrend,Bullish Reversal,No Context,No
2021-01-12,883.3,903.18,904.54,876.8,878.23,41161546,24.95,27.74,1.36,1.43,0.8994,0.049,0.0516,,,False,False,False,False,,Uptrend,Buyers,917.45,872.4,Bullish,0,0,0,0,0,0,0,0,Uptrend,No Reversal,No Context,No
2021-01-13,875.07,894.76,911.44,885.36,906.18,26619458,11.42,26.08,5.26,9.4,0.4379,0.2017,0.3604,,,False,False,False,False,,Uptrend,Buyers,916.56,872.63,Bullish,0,0,0,0,0,0,0,0,Uptrend,No Reversal,No Context,No
2021-01-14,884.91,904.82,907.72,894.87,897.62,21553242,7.2,12.85,2.9,2.75,0.5603,0.2257,0.214,,,False,False,False,False,,Uptrend,Buyers,916.1,872.95,Bullish,0,0,0,0,0,0,0,0,Uptrend,No Reversal,No Context,No
2021-01-15,874.46,894.13,910.91,886.1,904.82,20593268,10.69,24.81,6.09,8.03,0.4309,0.2455,0.3237,,,False,False,False,False,,Uptrend,Buyers,915.24,873.16,Bullish,0,0,0,0,0,0,0,0,Uptrend,No Reversal,No Context,No
2021-01-18,895.44,915.59,921.62,887.63,899.51,35100458,16.08,33.99,6.03,11.88,0.4731,0.1774,0.3495,,,False,False,False,False,,Uptrend,Buyers,915.25,873.58,Bullish,0,0,0,0,0,0,0,0,Uptrend,No Reversal,No Context,No
2021-01-19,910.09,930.57,937.31,920.53,920.53,32006615,10.04,16.78,6.74,0.0,0.5983,0.4017,0.0,,,False,False,False,False,,Uptrend,Buyers,915.85,874.15,Bullish,0,0,0,0,0,0,0,0,Uptrend,No Reversal,No Context,No
2021-01-20,927.38,948.24,949.77,923.65,932.88,30924537,15.36,26.12,1.53,9.23,0.5881,0.0586,0.3534,,,False,False,False,False,,Uptrend,Buyers,917.12,874.88,Bullish,0,0,0,0,0,0,0,0,Uptrend,No Reversal,No Context,No
2021-01-21,947.55,968.87,978.38,957.61,960.84,39087742,8.03,20.77,9.51,3.23,0.3866,0.4579,0.1555,978.38,,True,False,False,False,HH,Uptrend,Buyers,919.15,875.82,Bullish,0,0,0,0,0,0,0,0,Uptrend,No Reversal,No Context,No
2021-01-22,925.08,945.89,976.23,939.22,974.23,30532660,28.34,37.01,2.0,6.67,0.7657,0.054,0.1802,,,False,False,False,False,,Uptrend,Buyers,920.2,876.52,Bullish,0,0,0,0,1,0,0,1,Uptrend,No Reversal,Bearish Pattern in Uptrend,No
2021-01-25,876.06,895.77,939.13,891.62,939.13,54207104,43.36,47.51,0.0,4.15,0.9126,0.0,0.0874,,,False,False,False,False,,Uptrend,Buyers,919.24,876.71,Bullish,0,0,0,0,0,0,0,0,Uptrend,No Reversal,No Context,No
2021-01-27,855.3,874.54,888.39,871.31,888.39,42370131,13.85,17.08,0.0,3.23,0.8109,0.0,0.1891,,,False,False,False,False,,Uptrend,Buyers,917.49,876.69,Bullish,0,0,0,0,0,0,0,0,Uptrend,No Reversal,No Context,No
2021-01-28,846.97,866.03,887.6,863.0,867.69,34067814,1.66,24.6,19.91,3.03,0.0675,0.8093,0.1232,,,False,False,False,False,,Uptrend,Buyers,915.47,876.58,Bullish,0,0,1,0,0,0,0,0,Uptrend,No Reversal,Market Indecision,No
2021-01-29,831.35,850.06,882.9,844.54,874.22,43712383,24.16,38.36,8.68,5.52,0.6298,0.2263,0.1439,,844.54,False,False,False,True,LL,Downtrend,Sellers,912.91,876.32,Bullish,0,0,0,0,0,0,0,0,Uptrend,Bearish Reversal,No Context,No
2021-02-01,855.43,874.68,879.16,852.85,858.11,34180952,16.57,26.31,4.48,5.26,0.6298,0.1703,0.1999,,,False,False,False,False,,Downtrend,Sellers,911.41,876.3,Bullish,0,0,0,0,0,0,0,0,Downtrend,No Reversal,No Context,No
2021-02-02,869.2,888.76,895.31,856.06,883.43,41470034,5.33,39.25,6.55,27.37,0.1358,0.1669,0.6973,,,False,False,False,False,,Downtrend,Sellers,910.52,876.42,Bullish,0,0,0,0,0,0,1,0,Downtrend,No Reversal,Bullish Pattern in Downtrend,No
2021-02-03,871.39,890.99,900.85,876.85,889.91,30301696,1.08,24.0,9.86,13.06,0.045,0.4108,0.5442,,,False,False,False,False,,Downtrend,Sellers,909.75,876.57,Bullish,0,0,1,0,0,0,0,0,Downtrend,No Reversal,Market Indecision,No
2021-02-04,868.52,888.06,895.31,879.16,887.93,25626981,0.13,16.15,7.25,8.77,0.008,0.4489,0.543,,,False,False,False,False,,Downtrend,Sellers,908.9,876.68,Bullish,0,0,1,0,0,0,0,0,Downtrend,No Reversal,Market Indecision,No
2021-02-05,868.27,887.81,897.46,886.08,890.72,20248046,2.91,11.38,6.74,1.73,0.2557,0.5923,0.152,,,False,False,False,False,,Downtrend,Sellers,908.08,876.79,Bullish,0,1,0,0,1,0,0,1,Downtrend,No Reversal,Bullish Pattern in Downtrend,No
2021-02-08,880.78,900.59,908.69,890.26,892.1,21183400,8.49,18.43,8.1,1.84,0.4607,0.4395,0.0998,,,False,False,False,False,,Downtrend,Sellers,907.78,877.03,Bullish,0,0,0,0,0,0,0,0,Downtrend,No Reversal,No Context,No
2021-02-09,882.9,902.76,918.2,900.99,905.44,19604141,2.68,17.21,12.76,1.77,0.1557,0.7414,0.1028,,,False,False,False,False,,Downtrend,Sellers,907.59,877.29,Bullish,0,1,0,0,0,0,0,0,Downtrend,No Reversal,Bullish Pattern in Downtrend,No
2021-02-10,891.09,911.14,915.96,889.45,901.66,21234156,9.48,26.51,4.82,12.21,0.3576,0.1818,0.4606,,,False,False,False,False,,Downtrend,Sellers,907.73,877.62,Bullish,0,0,0,1,0,0,0,0,Downtrend,No Reversal,Bullish Pattern in Downtrend,No
2021-02-11,927.83,948.71,952.63,910.19,913.77,42539278,34.94,42.44,3.92,3.58,0.8233,0.0924,0.0844,,,False,False,False,False,,Downtrend,Sellers,909.33,878.33,Bullish,0,0,0,0,0,0,0,0,Downtrend,No Reversal,No Context,No
2021-02-12,921.46,942.2,959.0,930.11,948.61,30497029,6.41,28.89,10.39,12.09,0.2219,0.3596,0.4185,,,False,False,False,False,,Downtrend,Sellers,910.62,878.97,Bullish,0,0,0,0,0,0,0,0,Downtrend,No Reversal,No Context,No
2021-02-15,917.4,938.04,951.29,934.54,945.17,15791099,7.13,16.75,6.12,3.5,0.4257,0.3654,0.209,,,False,False,False,False,,Downtrend,Sellers,911.7,879.55,Bullish,0,0,0,0,0,0,0,1,Downtrend,No Reversal,No Context,No
2021-02-16,929.54,950.46,959.64,939.15,941.34,21421660,9.12,20.49,9.18,2.19,0.4451,0.448,0.1069,,,False,False,False,False,,Downtrend,Sellers,913.22,880.26,Bullish,0,0,0,0,0,0,0,0,Downtrend,No Reversal,No Context,No
2021-02-17,940.26,961.42,967.28,946.35,950.69,23742994,10.73,20.93,5.86,4.34,0.5127,0.28,0.2074,,,False,False,False,False,,Downtrend,Sellers,915.11,881.07,Bullish,0,0,0,0,0,0,0,0,Downtrend,No Reversal,No Context,No
2021-02-18,933.24,954.24,973.03,950.27,962.23,18646877,7.99,22.76,10.8,3.97,0.3511,0.4745,0.1744,,,False,False,False,False,,Downtrend,Sellers,916.64,881.8,Bullish,0,0,0,0,0,0,0,0,Downtrend,No Reversal,No Context,No
2021-02-19,938.93,960.06,971.43,947.6,949.31,23403483,10.75,23.83,11.37,1.71,0.4511,0.4771,0.0718,,,False,False,False,False,,Downtrend,Sellers,918.34,882.57,Bullish,0,0,0,0,0,0,0,0,Downtrend,No Reversal,No Context,No
2021-02-22,906.34,926.74,964.49,920.67,959.92,23804335,33.18,43.82,4.57,6.07,0.7572,0.1043,0.1385,,920.67,False,True,False,False,HL,Uptrend,Buyers,918.67,883.01,Bullish,0,0,0,0,0,0,0,0,Downtrend,Bullish Reversal,No Context,No
2021-02-23,913.27,933.82,947.41,929.28,945.15,25644108,11.33,18.13,2.26,4.54,0.6249,0.1247,0.2504,,,False,False,False,False,,Uptrend,Buyers,919.27,883.52,Bullish,0,0,0,0,0,0,0,0,Uptrend,No Reversal,No Context,No
2021-02-24,930.22,951.15,953.11,935.07,936.84,10807663,14.31,18.04,1.96,1.77,0.7932,0.1086,0.0981,,,False,False,False,False,,Uptrend,Buyers,920.52,884.19,Bullish,0,0,0,0,0,0,1,0,Uptrend,No Reversal,No Context,No
2021-02-25,967.84,989.62,993.15,956.69,958.07,34855693,31.55,36.46,3.53,1.38,0.8653,0.0968,0.0378,,,False,False,False,False,,Uptrend,Buyers,923.23,885.24,Bullish,0,0,0,0,0,0,0,0,Uptrend,No Reversal,No Context,No
2021-02-26,941.41,962.6,984.79,955.63,977.0,37481215,14.4,29.16,7.79,6.97,0.4938,0.2671,0.239,,,False,False,False,False,,Uptrend,Buyers,924.77,886.01,Bullish,0,0,0,0,0,0,0,0,Uptrend,No Reversal,No Context,No
2021-03-01,948.59,969.93,974.69,951.84,973.86,17680764,3.93,22.85,0.83,18.09,0.172,0.0363,0.7917,,,False,False,False,False,,Uptrend,Buyers,926.54,886.85,Bullish,1,0,0,0,0,0,0,1,Uptrend,No Reversal,Bearish Pattern in Uptrend,No
2021-03-02,950.53,971.92,982.99,964.12,979.3,17150760,7.38,18.87,3.69,7.8,0.3911,0.1955,0.4134,,,False,False,False,False,,Uptrend,Buyers,928.32,887.69,Bullish,0,0,0,0,0,0,0,0,Uptrend,No Reversal,No Context,No
2021-03-03,993.91,1016.27,1024.48,972.47,978.86,31924461,37.41,52.01,8.21,6.39,0.7193,0.1579,0.1229,,,False,False,False,False,,Uptrend,Buyers,931.77,888.97,Bullish,0,0,0,0,0,0,0,0,Uptrend,No Reversal,No Context,No
2021-03-04,982.06,1004.15,1010.66,995.78,1006.07,21435754,1.92,14.88,4.59,8.37,0.129,0.3085,0.5625,,,False,False,False,False,,Uptrend,Buyers,934.61,890.12,Bullish,0,0,0,0,0,0,0,0,Uptrend,No Reversal,No Context,No
2021-03-05,983.34,1005.47,1020.81,993.63,994.99,25511666,10.48,27.18,15.34,1.36,0.3856,0.5644,0.05,,,False,False,False,False,,Uptrend,Buyers,937.39,891.27,Bullish,0,0,0,0,0,0,0,0,Uptrend,No Reversal,No Context,No
2021-03-08,988.94,1011.19,1030.02,1000.53,1000.76,19506841,10.43,29.49,18.83,0.23,0.3537,0.6385,0.0078,1030.02,,True,False,False,False,HH,Uptrend,Buyers,940.28,892.46,Bullish,0,0,0,0,0,0,0,0,Uptrend,No Reversal,No Context,No
2021-03-09,988.92,1011.17,1021.67,990.66,1015.3,15154484,4.13,31.01,6.37,20.51,0.1332,0.2054,0.6614,,,False,False,False,False,,Uptrend,Buyers,943.06,893.64,Bullish,0,0,0,0,0,0,0,1,Uptrend,No Reversal,Bearish Pattern in Uptrend,No
2021-03-10,984.81,1006.97,1022.27,1001.57,1018.53,11519358,11.56,20.7,3.74,5.4,0.5585,0.1807,0.2609,,,False,False,False,False,,Uptrend,Buyers,945.57,894.77,Bullish,0,0,0,0,0,0,0,1,Uptrend,No Reversal,Bearish Pattern in Uptrend,No
2021-03-12,964.79,986.5,1018.25,980.18,1012.99,16864952,26.49,38.07,5.26,6.32,0.6958,0.1382,0.166,,,False,False,False,False,,Uptrend,Buyers,947.17,895.68,Bullish,0,0,0,0,0,0,0,0,Uptrend,No Reversal,No Context,No
2021-03-15,951.84,973.26,991.72,960.15,987.63,16698099,14.37,31.57,4.09,13.11,0.4552,0.1296,0.4153,,,False,False,False,False,,Uptrend,Buyers,948.2,896.45,Bullish,0,0,0,0,0,0,0,0,Uptrend,No Reversal,No Context,No
2021-03-16,948.09,969.43,981.15,967.07,975.61,13873801,6.18,14.08,5.54,2.36,0.4389,0.3935,0.1676,,,False,False,False,False,,Uptrend,Buyers,949.03,897.18,Bullish,0,0,0,0,0,0,0,0,Uptrend,No Reversal,No Context,No
2021-03-17,927.67,948.54,970.53,939.2,968.25,19210236,19.71,31.33,2.28,9.34,0.6291,0.0728,0.2981,,,False,False,False,False,,Uptrend,Buyers,949.01,897.69,Bullish,0,0,0,0,0,0,0,0,Uptrend,No Reversal,No Context,No
2021-03-18,906.8,927.2,962.13,923.46,956.64,20647480,29.44,38.67,5.49,3.74,0.7613,0.142,0.0967,,,False,False,False,False,,Uptrend,Buyers,948.15,897.98,Bullish,0,0,0,0,0,0,0,0,Uptrend,No Reversal,No Context,No
2021-03-19,939.7,960.84,967.23,915.06,918.85,41787429,41.99,52.17,6.39,3.79,0.8049,0.1225,0.0726,,,False,False,False,False,,Uptrend,Buyers,948.65,898.61,Bullish,0,0,0,1,0,0,0,0,Uptrend,No Reversal,No Context,No
2021-03-22,930.85,951.8,957.15,938.32,955.77,18572478,3.97,18.83,1.38,13.48,0.2108,0.0733,0.7159,,,False,False,False,False,,Uptrend,Buyers,948.78,899.14,Bullish,1,0,0,0,0,0,0,0,Uptrend,No Reversal,No Context,No
2021-03-23,942.18,963.38,973.63,948.84,951.59,17421165,11.79,24.79,10.25,2.75,0.4756,0.4135,0.1109,,,False,False,False,False,,Uptrend,Buyers,949.35,899.78,Bullish,0,0,0,1,0,0,0,0,Uptrend,No Reversal,No Context,No
2021-03-24,924.04,944.83,959.8,941.64,959.8,16822814,14.97,18.16,0.0,3.19,0.8243,0.0,0.1757,,,False,False,False,False,,Uptrend,Buyers,949.17,900.23,Bullish,0,0,0,0,0,0,0,0,Uptrend,No Reversal,No Context,No
2021-03-25,898.83,919.05,947.92,916.08,947.92,22001648,28.87,31.84,0.0,2.97,0.9067,0.0,0.0933,,,False,False,False,False,,Uptrend,Buyers,947.99,900.41,Bullish,0,0,0,0,0,0,0,0,Uptrend,No Reversal,No Context,No
2021-03-26,900.27,920.53,929.32,910.86,928.54,20180202,8.01,18.46,0.78,9.67,0.4339,0.0423,0.5238,,,False,False,False,False,,Uptrend,Buyers,946.91,900.61,Bullish,0,0,0,0,0,0,0,0,Uptrend,No Reversal,No Context,No
2021-03-30,915.91,936.52,945.57,919.1,926.69,20441701,9.83,26.47,9.05,7.59,0.3714,0.3419,0.2867,,,False,False,False,False,,Uptrend,Buyers,946.51,900.97,Bullish,0,0,0,0,0,0,1,0,Uptrend,No Reversal,No Context,No
2021-03-31,904.09,924.43,946.03,922.54,931.31,16250796,6.88,23.49,14.72,1.89,0.2929,0.6266,0.0805,,,False,False,False,False,,Uptrend,Buyers,945.64,901.2,Bullish,0,1,0,0,0,1,0,0,Uptrend,No Reversal,Bearish Pattern in Uptrend,No
2021-04-01,912.55,933.08,936.84,924.45,931.31,11723312,1.77,12.39,3.76,6.86,0.1429,0.3035,0.5537,,,False,False,False,False,,Uptrend,Buyers,945.15,901.52,Bullish,0,0,0,0,0,0,0,0,Uptrend,No Reversal,No Context,No
2021-04-05,899.35,919.58,934.54,905.51,934.51,14875099,14.93,29.03,0.03,14.07,0.5143,0.001,0.4847,,,False,False,False,False,,Uptrend,Buyers,944.14,901.7,Bullish,0,0,0,0,1,0,0,0,Uptrend,No Reversal,Bearish Pattern in Uptrend,No
2021-04-06,895.6,915.75,925.28,908.69,924.85,14009194,9.1,16.59,0.43,7.06,0.5485,0.0259,0.4256,,,False,False,False,False,,Uptrend,Buyers,943.03,901.84,Bullish,0,0,0,0,0,0,0,0,Uptrend,No Reversal,No Context,No
2021-04-07,903.98,924.31,944.64,919.91,923.0,24266353,1.31,24.73,20.33,3.09,0.053,0.8221,0.1249,,,False,False,False,False,,Uptrend,Buyers,942.3,902.06,Bullish,0,0,1,0,0,0,1,0,Uptrend,No Reversal,Market Indecision,No
2021-04-08,905.1,925.47,933.15,919.77,928.08,15369188,2.61,13.38,5.07,5.7,0.1951,0.3789,0.426,,,False,False,False,False,,Uptrend,Buyers,941.64,902.3,Bullish,0,0,0,0,0,0,0,0,Uptrend,No Reversal,No Context,No
2021-04-09,894.59,914.72,925.93,913.77,922.28,14037885,7.56,12.16,3.65,0.95,0.6217,0.3002,0.0781,,,False,False,False,False,,Uptrend,Buyers,940.58,902.42,Bullish,0,0,0,0,0,0,0,0,Uptrend,No Reversal,No Context,No
2021-04-12,862.59,882.0,905.19,876.97,904.08,20901482,22.08,28.22,1.11,5.03,0.7824,0.0393,0.1782,,,False,False,False,False,,Uptrend,Buyers,938.28,902.22,Bullish,0,0,0,0,0,0,0,0,Uptrend,No Reversal,No Context,No
2021-04-13,871.91,891.53,895.59,885.09,887.93,19411189,3.6,10.5,4.06,2.84,0.3429,0.3867,0.2705,,,False,False,False,False,,Uptrend,Buyers,936.45,902.11,Bullish,0,0,0,0,0,0,0,0,Uptrend,No Reversal,No Context,No
2021-04-15,877.55,897.29,905.0,882.85,888.99,19723716,8.3,22.15,7.71,6.14,0.3747,0.3481,0.2772,,,False,False,False,False,,Uptrend,Buyers,934.92,902.06,Bullish,0,0,0,0,0,0,1,0,Uptrend,No Reversal,No Context,No
2021-04-16,872.04,891.66,899.88,889.06,893.74,15656948,2.08,10.82,6.14,2.6,0.1922,0.5675,0.2403,,,False,False,False,False,,Uptrend,Buyers,933.22,901.96,Bullish,0,0,0,0,0,0,0,0,Uptrend,No Reversal,No Context,No
2021-04-19,858.32,877.63,884.42,872.23,878.7,18478808,1.07,12.19,5.72,5.4,0.0878,0.4692,0.443,,,False,False,False,False,,Uptrend,Buyers,931.04,901.72,Bullish,0,0,1,0,0,0,0,1,Uptrend,No Reversal,Market Indecision,No
2021-04-20,858.07,877.38,885.62,872.44,881.7,17203668,4.32,13.18,3.92,4.94,0.3278,0.2974,0.3748,,,False,False,False,False,,Uptrend,Buyers,928.93,901.48,Bullish,0,0,0,0,0,0,0,0,Uptrend,No Reversal,No Context,No
2021-04-22,860.44,879.8,883.52,866.1,873.27,14490954,6.53,17.42,3.72,7.17,0.3749,0.2135,0.4116,,866.1,False,False,False,True,LL,Downtrend,Sellers,927.01,901.26,Bullish,0,0,0,0,0,0,0,0,Uptrend,Bearish Reversal,No Context,No
2021-04-23,859.52,878.86,885.57,874.7,879.62,11828857,0.76,10.87,5.95,4.16,0.0699,0.5474,0.3827,,,False,False,False,False,,Downtrend,Sellers,925.12,901.04,Bullish,0,0,1,0,0,0,0,0,Downtrend,No Reversal,Market Indecision,No
2021-04-26,874.64,894.32,905.46,882.16,886.08,20846778,8.24,23.3,11.14,3.92,0.3536,0.4781,0.1682,,,False,False,False,False,,Downtrend,Sellers,923.91,900.97,Bullish,0,0,0,0,0,0,0,0,Downtrend,No Reversal,No Context,No
2021-04-27,897.57,917.76,921.71,894.5,895.31,19992524,22.45,27.21,3.95,0.81,0.8251,0.1452,0.0298,,,False,False,False,False,,Downtrend,Sellers,923.67,901.14,Bullish,0,0,0,0,0,0,0,0,Downtrend,No Reversal,No Context,No
2021-04-28,901.47,921.75,926.69,913.84,922.01,17122437,0.26,12.85,4.68,7.91,0.0202,0.3642,0.6156,,,False,False,False,False,,Downtrend,Sellers,923.6,901.34,Bullish,0,0,1,0,0,0,0,0,Downtrend,No Reversal,Market Indecision,No
2021-04-29,913.54,934.1,943.54,926.37,933.57,17412606,0.53,17.17,9.44,7.2,0.0309,0.5498,0.4193,943.54,,False,False,True,False,LH,Downtrend,Sellers,924.01,901.67,Bullish,0,0,1,0,0,0,0,0,Downtrend,No Reversal,Market Indecision,No
2021-04-30,900.21,920.46,939.61,917.25,926.92,19828769,6.46,22.36,12.69,3.21,0.2889,0.5675,0.1436,,,False,False,False,False,,Downtrend,Sellers,923.87,901.86,Bullish,0,0,0,0,0,0,0,0,Downtrend,No Reversal,No Context,No
2021-05-03,884.21,904.1,913.31,896.74,907.31,23640186,3.21,16.57,6.0,7.36,0.1937,0.3621,0.4442,,,False,False,False,False,,Downtrend,Sellers,923.09,901.88,Bullish,0,0,0,0,0,0,0,0,Downtrend,No Reversal,No Context,No
2021-05-04,865.05,884.51,908.14,881.93,899.92,21849830,15.41,26.21,8.22,2.58,0.5879,0.3136,0.0984,,,False,False,False,False,,Downtrend,Sellers,921.58,901.7,Bullish,0,0,0,0,0,0,0,0,Downtrend,No Reversal,No Context,No
2021-05-05,866.63,886.13,894.62,880.56,887.63,12393609,1.5,14.06,6.99,5.57,0.1067,0.4972,0.3962,,,False,False,False,False,,Downtrend,Sellers,920.19,901.55,Bullish,0,0,0,0,0,0,0,0,Downtrend,No Reversal,No Context,No
2021-05-06,871.55,891.16,893.0,879.9,886.93,14624666,4.23,13.1,1.84,7.03,0.3229,0.1405,0.5366,,,False,False,False,False,,Downtrend,Sellers,919.05,901.45,Bullish,0,0,0,0,0,0,1,0,Downtrend,No Reversal,Bullish Pattern in Downtrend,No
2021-05-07,871.88,891.5,902.53,888.85,894.27,12288548,2.77,13.68,8.26,2.65,0.2025,0.6038,0.1937,,,False,False,False,False,,Downtrend,Sellers,917.97,901.35,Bullish,0,1,0,0,0,0,0,0,Downtrend,No Reversal,Bullish Pattern in Downtrend,No
2021-05-10,869.38,888.94,898.45,886.52,894.85,13941237,5.91,11.93,3.6,2.42,0.4954,0.3018,0.2028,,,False,False,False,False,,Downtrend,Sellers,916.83,901.22,Bullish,0,0,0,0,0,0,0,1,Downtrend,No Reversal,No Context,No
2021-05-11,872.52,892.15,894.64,881.46,883.77,13478264,8.38,13.18,2.49,2.31,0.6358,0.1889,0.1753,,,False,False,False,False,,Downtrend,Sellers,915.86,901.13,Bullish,0,0,0,0,0,0,0,0,Downtrend,No Reversal,No Context,No
2021-05-12,863.49,882.92,892.03,880.08,890.74,13177961,7.82,11.95,1.29,2.84,0.6544,0.1079,0.2377,,,False,False,False,False,,Downtrend,Sellers,914.57,900.95,Bullish,0,0,0,0,0,0,0,0,Downtrend,No Reversal,No Context,No
2021-05-14,874.39,894.06,896.23,879.62,889.79,13291616,4.27,16.61,2.17,10.17,0.2571,0.1306,0.6123,,879.62,False,True,False,False,HL,Uptrend,Buyers,913.77,900.88,Bullish,1,0,0,0,0,0,0,0,Downtrend,Bullish Reversal,Bullish Pattern in Downtrend,Yes
2021-05-17,884.79,904.7,906.13,890.88,894.06,11873078,10.64,15.25,1.43,3.18,0.6977,0.0938,0.2085,,,False,False,False,False,,Uptrend,Buyers,913.41,900.92,Bullish,0,0,0,0,0,0,1,0,Uptrend,No Reversal,No Context,No
2021-05-18,897.25,917.44,924.2,910.31,914.23,12064918,3.21,13.89,6.76,3.92,0.2311,0.4867,0.2822,,,False,False,False,False,,Uptrend,Buyers,913.57,901.09,Bullish,0,0,0,0,0,0,0,0,Uptrend,No Reversal,No Context,No
2021-05-19,901.36,921.64,930.59,910.08,913.77,16317002,7.87,20.51,8.95,3.69,0.3837,0.4364,0.1799,930.59,,False,False,True,False,LH,Downtrend,Sellers,913.89,901.29,Bullish,0,0,0,0,0,0,0,0,Uptrend,Bearish Reversal,No Context,No
2021-05-20,896.1,916.26,928.03,914.23,922.03,11422532,5.77,13.8,6.0,2.03,0.4181,0.4348,0.1471,,,False,False,False,False,,Downtrend,Sellers,913.98,901.44,Bullish,0,0,0,0,0,0,0,0,Downtrend,No Reversal,No Context,No
2021-05-21,903.84,924.18,927.43,916.54,919.31,10785605,4.87,10.89,3.25,2.77,0.4472,0.2984,0.2544,,,False,False,False,False,,Downtrend,Sellers,914.38,901.67,Bullish,0,0,0,0,0,0,0,0,Downtrend,No Reversal,No Context,No
2021-05-24,896.21,916.38,927.52,914.69,926.69,8551760,10.31,12.83,0.83,1.69,0.8036,0.0647,0.1317,,,False,False,False,False,,Downtrend,Sellers,914.46,901.81,Bullish,0,0,0,0,1,0,0,0,Downtrend,No Reversal,No Context,No
2021-05-25,886.06,905.99,921.62,904.54,921.34,14780102,15.35,17.08,0.28,1.45,0.8987,0.0164,0.0849,,904.54,False,True,False,False,HL,Uptrend,Buyers,914.13,901.85,Bullish,0,0,0,0,0,0,0,0,Downtrend,Bullish Reversal,No Context,No
2021-05-26,889.17,909.18,913.54,906.99,911.46,7480204,2.28,6.55,2.08,2.19,0.3481,0.3176,0.3344,,,False,False,False,False,,Uptrend,Buyers,913.93,901.93,Bullish,0,0,0,0,0,0,0,0,Uptrend,No Reversal,No Context,No
2021-05-27,891.9,911.97,919.77,905.58,909.29,26819294,2.68,14.19,7.8,3.71,0.1889,0.5497,0.2615,,,False,False,False,False,,Uptrend,Buyers,913.86,902.03,Bullish,0,0,0,0,0,0,1,0,Uptrend,No Reversal,No Context,No
2021-05-28,945.48,966.75,971.46,918.38,918.38,56469931,48.37,53.08,4.71,0.0,0.9113,0.0887,0.0,,,False,False,False,False,,Uptrend,Buyers,915.93,902.67,Bullish,0,0,0,0,0,0,0,0,Uptrend,No Reversal,No Context,No
2021-05-31,975.04,996.98,1011.47,962.25,970.07,59124142,26.91,49.22,14.49,7.82,0.5467,0.2944,0.1589,,,False,False,False,False,,Uptrend,Buyers,919.11,903.61,Bullish,0,0,0,0,0,0,0,0,Uptrend,No Reversal,No Context,No
2021-06-01,978.92,1000.95,1016.22,990.61,999.61,28013832,1.34,25.61,15.27,9.0,0.0523,0.5963,0.3514,,,False,False,False,False,,Uptrend,Buyers,922.32,904.58,Bullish,0,0,1,0,0,0,0,0,Uptrend,No Reversal,Market Indecision,No
2021-06-02,993.52,1015.88,1019.68,995.46,995.46,24630162,20.42,24.22,3.8,0.0,0.8431,0.1569,0.0,,,False,False,False,False,,Uptrend,Buyers,925.99,905.69,Bullish,0,0,0,0,0,0,0,0,Uptrend,No Reversal,No Context,No
2021-06-03,997.31,1019.75,1038.37,1013.5,1024.99,23974257,5.24,24.87,13.38,6.25,0.2107,0.538,0.2513,1038.37,,True,False,False,False,HH,Uptrend,Buyers,929.66,906.82,Bullish,0,0,0,0,0,0,0,0,Uptrend,No Reversal,No Context,No
2021-06-04,988.67,1010.92,1022.89,1008.03,1022.13,14468646,11.21,14.86,0.76,2.89,0.7544,0.0511,0.1945,,,False,False,False,False,,Uptrend,Buyers,932.85,907.86,Bullish,0,0,0,0,0,0,0,1,Uptrend,No Reversal,Bearish Pattern in Uptrend,No
2021-06-07,1005.32,1027.94,1034.68,1008.38,1016.22,16336573,11.72,26.3,6.74,7.84,0.4456,0.2563,0.2981,,,False,False,False,False,,Uptrend,Buyers,936.58,909.05,Bullish,0,0,0,0,0,0,0,0,Uptrend,No Reversal,No Context,No
2021-06-08,999.55,1022.04,1027.83,1014.45,1027.58,9674735,5.54,13.38,0.25,7.59,0.4141,0.0187,0.5673,,,False,False,False,False,,Uptrend,Buyers,939.93,910.18,Bullish,0,0,0,0,0,0,0,0,Uptrend,No Reversal,No Context,No
2021-06-09,981.67,1003.76,1024.99,995.89,1024.07,11409161,20.31,29.1,0.92,7.87,0.6979,0.0316,0.2704,,,False,False,False,False,,Uptrend,Buyers,942.43,911.11,Bullish,0,0,0,0,0,0,0,1,Uptrend,No Reversal,Bearish Pattern in Uptrend,No
2021-06-10,985.28,1007.45,1029.14,1004.94,1012.25,14155653,4.8,24.2,16.89,2.51,0.1983,0.6979,0.1037,,,False,False,False,False,,Uptrend,Buyers,944.98,912.06,Bullish,0,1,0,0,0,0,0,0,Uptrend,No Reversal,No Context,No
2021-06-11,1002.38,1021.37,1028.22,1006.12,1007.41,13762778,13.96,22.1,6.85,1.29,0.6317,0.31,0.0584,,,False,False,False,False,,Uptrend,Buyers,947.98,913.15,Bullish,0,0,0,1,0,0,1,0,Uptrend,No Reversal,No Context,No
2021-06-14,1016.76,1036.02,1042.18,1013.02,1022.22,20332436,13.8,29.16,6.16,9.2,0.4733,0.2112,0.3155,,,False,False,False,False,,Uptrend,Buyers,951.43,914.38,Bullish,0,0,0,0,0,0,0,0,Uptrend,No Reversal,No Context,No
2021-06-15,1019.07,1038.37,1049.87,1033.9,1043.45,15174215,5.08,15.97,6.42,4.47,0.3181,0.402,0.2799,1049.87,,True,False,False,False,HH,Uptrend,Buyers,954.84,915.61,Bullish,0,0,0,0,0,0,0,1,Uptrend,No Reversal,Bearish Pattern in Uptrend,No
2021-06-16,1001.67,1020.65,1037.01,1018.0,1036.02,10797349,15.37,19.01,0.99,2.65,0.8085,0.0521,0.1394,,,False,False,False,False,,Uptrend,Buyers,957.42,916.65,Bullish,0,0,0,0,0,0,0,1,Uptrend,No Reversal,Bearish Pattern in Uptrend,No
2021-06-17,1003.51,1022.52,1031.45,1006.02,1015.3,15745975,7.22,25.43,8.93,9.28,0.2839,0.3512,0.3649,,,False,False,False,False,,Uptrend,Buyers,959.97,917.71,Bullish,0,0,0,0,0,0,0,0,Uptrend,No Reversal,No Context,No
2021-06-18,1008.04,1027.14,1031.45,1008.08,1027.07,29369026,0.07,23.37,4.31,18.99,0.003,0.1844,0.8126,,,False,False,False,False,,Uptrend,Buyers,962.61,918.8,Bullish,0,0,1,0,0,0,1,0,Uptrend,No Reversal,Market Indecision,No
2021-06-21,1013.29,1032.49,1037.22,1015.37,1016.91,12186448,15.58,21.85,4.73,1.54,0.713,0.2165,0.0705,,,False,False,False,False,,Uptrend,Buyers,965.35,919.93,Bullish,0,0,0,0,0,0,0,0,Uptrend,No Reversal,No Context,No
2021-06-22,1008.08,1027.18,1043.45,1024.23,1040.22,12871913,13.04,19.22,3.23,2.95,0.6785,0.1681,0.1535,,,False,False,False,False,,Uptrend,Buyers,967.77,920.99,Bullish,0,0,0,0,0,0,0,0,Uptrend,No Reversal,No Context,No
2021-06-23,998.84,1017.77,1038.65,1016.08,1038.37,16653951,20.6,22.57,0.28,1.69,0.9127,0.0124,0.0749,,,False,False,False,False,,Uptrend,Buyers,969.73,921.96,Bullish,0,0,0,0,0,0,0,1,Uptrend,No Reversal,Bearish Pattern in Uptrend,No
2021-06-24,975.36,993.84,1022.04,987.61,1018.46,91461975,24.62,34.43,3.58,6.23,0.7151,0.104,0.1809,,,False,False,False,False,,Uptrend,Buyers,970.68,922.67,Bullish,0,0,0,0,0,0,0,0,Uptrend,No Reversal,No Context,No
2021-06-25,953.14,971.2,993.84,960.43,993.84,55355022,22.64,33.41,0.0,10.77,0.6776,0.0,0.3224,,,False,False,False,False,,Uptrend,Buyers,970.7,923.16,Bullish,0,0,0,0,0,0,0,0,Uptrend,No Reversal,No Context,No
2021-06-28,944.79,962.69,981.38,960.38,979.3,20277042,16.61,21.0,2.08,2.31,0.791,0.099,0.11,,960.38,False,True,False,False,HL,Uptrend,Buyers,970.39,923.55,Bullish,0,0,0,0,0,0,0,0,Uptrend,No Reversal,No Context,No
2021-06-29,945.6,963.52,973.3,961.81,964.3,27144063,0.78,11.49,9.0,1.71,0.0679,0.7833,0.1488,,,False,False,False,False,,Uptrend,Buyers,970.12,923.95,Bullish,0,0,1,0,0,0,0,0,Uptrend,No Reversal,Market Indecision,No
2021-06-30,955.95,974.06,979.6,965.02,967.42,19762858,6.64,14.58,5.54,2.4,0.4554,0.38,0.1646,,,False,False,False,False,,Uptrend,Buyers,970.27,924.45,Bullish,0,0,0,0,0,0,1,0,Uptrend,No Reversal,No Context,No
2021-07-01,950.2,968.2,979.83,966.84,977.46,12534407,9.26,12.99,2.37,1.36,0.7129,0.1824,0.1047,,,False,False,False,False,,Uptrend,Buyers,970.19,924.88,Bullish,0,0,0,0,0,0,0,0,Uptrend,No Reversal,No Context,No
2021-07-02,964.28,982.56,984.33,965.9,967.77,14086620,14.79,18.43,1.77,1.87,0.8025,0.096,0.1015,,,False,False,False,False,,Uptrend,Buyers,970.68,925.45,Bullish,0,0,0,1,0,0,0,0,Uptrend,No Reversal,No Context,No
2021-07-05,973.86,992.32,993.86,983.69,985.97,11702287,6.35,10.17,1.54,2.28,0.6244,0.1514,0.2242,993.86,,False,False,True,False,LH,Downtrend,Sellers,971.52,926.12,Bullish,0,0,0,0,0,0,0,0,Uptrend,Bearish Reversal,No Context,No
2021-07-06,962.36,980.59,991.72,978.47,989.89,10070124,9.3,13.25,1.83,2.12,0.7019,0.1381,0.16,,,False,False,False,False,,Downtrend,Sellers,971.88,926.66,Bullish,0,0,0,0,0,0,0,1,Downtrend,No Reversal,No Context,No
2021-07-07,955.68,973.79,981.96,968.23,981.96,10454892,8.17,13.73,0.0,5.56,0.595,0.0,0.405,,,False,False,False,False,,Downtrend,Sellers,971.95,927.13,Bullish,0,0,0,0,0,0,0,0,Downtrend,No Reversal,No Context,No
2021-07-08,947.78,965.73,976.97,960.38,976.97,11185460,11.24,16.59,0.0,5.35,0.6775,0.0,0.3225,,,False,False,False,False,,Downtrend,Sellers,971.71,927.52,Bullish,0,0,0,0,0,0,0,0,Downtrend,No Reversal,No Context,No
2021-07-09,938.08,955.86,965.32,953.5,963.61,9037675,7.75,11.82,1.71,2.36,0.6557,0.1447,0.1997,,953.5,False,False,False,True,LL,Downtrend,Sellers,971.09,927.8,Bullish,0,0,0,0,0,0,0,0,Downtrend,No Reversal,No Context,No
2021-07-12,943.93,961.81,969.84,957.38,959.8,8585292,2.01,12.46,8.03,2.42,0.1613,0.6445,0.1942,,,False,False,False,False,,Downtrend,Sellers,970.72,928.14,Bullish,0,0,0,0,0,0,1,0,Downtrend,No Reversal,Bullish Pattern in Downtrend,No
2021-07-13,950.99,969.01,970.56,963.63,969.15,6717133,0.14,6.93,1.41,5.38,0.0202,0.2035,0.7763,,,False,False,False,False,,Downtrend,Sellers,970.66,928.54,Bullish,0,0,1,0,0,0,0,0,Downtrend,No Reversal,Market Indecision,No
2021-07-14,944.79,962.69,972.31,960.5,969.31,8532544,6.62,11.81,3.0,2.19,0.5605,0.254,0.1854,,,False,False,False,False,,Downtrend,Sellers,970.35,928.88,Bullish,0,0,0,0,0,0,0,1,Downtrend,No Reversal,No Context,No
2021-07-15,943.13,961.0,966.84,959.23,966.84,9448356,5.84,7.61,0.0,1.77,0.7674,0.0,0.2326,,,False,False,False,False,,Downtrend,Sellers,969.98,929.2,Bullish,0,0,0,0,0,0,0,0,Downtrend,No Reversal,No Context,No
2021-07-16,956.74,974.87,975.96,963.43,963.5,8828185,11.37,12.53,1.09,0.07,0.9074,0.087,0.0056,,,False,False,False,False,,Downtrend,Sellers,970.17,929.66,Bullish,0,0,0,0,0,0,1,0,Downtrend,No Reversal,Bullish Pattern in Downtrend,No
2021-07-19,950.65,968.67,980.23,965.57,969.15,8354449,0.48,14.66,11.08,3.1,0.0327,0.7558,0.2115,,,False,False,False,False,,Downtrend,Sellers,970.11,930.04,Bullish,0,0,1,0,0,0,0,0,Downtrend,No Reversal,Market Indecision,No
2021-07-20,948.32,966.29,972.84,961.77,968.92,6741464,2.63,11.07,3.92,4.52,0.2376,0.3541,0.4083,,,False,False,False,False,,Downtrend,Sellers,969.96,930.4,Bullish,0,0,0,0,0,0,0,1,Downtrend,No Reversal,No Context,No
2021-07-22,960.5,978.7,980.18,968.3,977.92,7972397,0.78,11.88,1.48,9.62,0.0657,0.1246,0.8098,,,False,False,False,False,,Downtrend,Sellers,970.3,930.89,Bullish,0,0,1,0,0,0,0,0,Downtrend,No Reversal,Market Indecision,No
2021-07-23,953.71,971.78,985.05,970.1,985.05,9937030,13.27,14.95,0.0,1.68,0.8876,0.0,0.1124,985.05,,False,False,True,False,LH,Downtrend,Sellers,970.36,931.29,Bullish,0,0,0,0,1,0,0,0,Downtrend,No Reversal,No Context,No
2021-07-26,940.64,958.47,978.84,955.81,972.84,12389668,14.37,23.03,6.0,2.66,0.624,0.2605,0.1155,,,False,False,False,False,,Downtrend,Sellers,969.9,931.56,Bullish,0,0,0,0,0,0,0,0,Downtrend,No Reversal,No Context,No
2021-07-27,930.75,948.38,961.63,942.38,958.44,10824523,10.06,19.25,3.19,6.0,0.5226,0.1657,0.3117,,,False,False,False,False,,Downtrend,Sellers,969.05,931.73,Bullish,0,0,0,0,0,0,0,0,Downtrend,No Reversal,No Context,No
2021-07-28,922.75,940.24,949.77,930.5,949.77,12897848,9.53,19.27,0.0,9.74,0.4946,0.0,0.5054,,930.5,False,False,False,True,LL,Downtrend,Sellers,967.92,931.81,Bullish,0,0,0,0,0,0,0,0,Downtrend,No Reversal,No Context,No
2021-07-29,929.95,947.57,957.34,943.03,947.92,13765738,0.35,14.31,9.42,4.54,0.0245,0.6583,0.3173,,,False,False,False,False,,Downtrend,Sellers,967.12,931.97,Bullish,0,0,1,0,0,0,0,0,Downtrend,No Reversal,Market Indecision,No
2021-07-30,921.82,939.29,954.36,937.35,949.77,11350608,10.48,17.01,4.59,1.94,0.6161,0.2698,0.1141,,,False,False,False,False,,Downtrend,Sellers,966.03,932.04,Bullish,0,0,0,0,0,0,0,0,Downtrend,No Reversal,No Context,No
2021-08-02,938.67,956.46,959.64,941.99,948.06,10925104,8.4,17.65,3.18,6.07,0.4759,0.1802,0.3439,,,False,False,False,False,,Downtrend,Sellers,965.66,932.29,Bullish,0,0,0,0,0,0,0,0,Downtrend,No Reversal,No Context,No
2021-08-03,945.58,963.5,965.0,952.63,964.53,11817299,1.03,12.37,0.47,10.87,0.0833,0.038,0.8787,,,False,False,False,False,,Downtrend,Sellers,965.57,932.6,Bullish,1,0,1,0,0,0,0,0,Downtrend,No Reversal,Market Indecision,No
2021-08-04,952.83,970.88,975.61,963.15,966.57,13169800,4.31,12.46,4.73,3.42,0.3459,0.3796,0.2745,,,False,False,False,False,,Downtrend,Sellers,965.78,932.98,Bullish,0,0,0,0,0,0,0,0,Downtrend,No Reversal,No Context,No
2021-08-05,966.64,984.96,994.44,971.11,975.75,21252078,9.21,23.33,9.48,4.64,0.3948,0.4063,0.1989,994.44,,True,False,False,False,HH,Uptrend,Buyers,966.53,933.5,Bullish,0,0,0,0,0,0,0,0,Downtrend,Bullish Reversal,No Context,No
2021-08-06,946.17,964.1,990.82,959.34,982.97,16620987,18.87,31.48,7.85,4.76,0.5994,0.2494,0.1512,,,False,False,False,False,,Uptrend,Buyers,966.44,933.8,Bullish,0,0,0,0,0,0,0,0,Uptrend,No Reversal,No Context,No
2021-08-09,940.78,958.6,964.44,953.69,960.38,7494143,1.78,10.75,4.06,4.91,0.1656,0.3777,0.4567,,,False,False,False,False,,Uptrend,Buyers,966.13,934.05,Bullish,0,0,0,0,0,0,0,0,Uptrend,No Reversal,No Context,No
2021-08-10,945.72,963.63,975.15,957.04,960.84,11919198,2.79,18.11,11.52,3.8,0.1541,0.6361,0.2098,,,False,False,False,False,,Uptrend,Buyers,966.03,934.34,Bullish,0,0,0,0,0,0,1,0,Uptrend,No Reversal,No Context,No
2021-08-11,958.96,977.13,978.38,961.49,967.74,9184963,9.39,16.89,1.25,6.25,0.556,0.074,0.37,,,False,False,False,False,,Uptrend,Buyers,966.47,934.77,Bullish,0,0,0,0,0,0,0,0,Uptrend,No Reversal,No Context,No
2021-08-12,955.88,974.0,981.24,971.46,980.64,8137612,6.64,9.78,0.6,2.54,0.6789,0.0613,0.2597,,,False,False,False,False,,Uptrend,Buyers,966.76,935.16,Bullish,0,0,0,0,0,0,0,0,Uptrend,No Reversal,No Context,No
2021-08-13,971.8,990.22,992.18,973.28,977.13,12780901,13.09,18.9,1.96,3.85,0.6926,0.1037,0.2037,,,False,False,False,False,,Uptrend,Buyers,967.68,935.71,Bullish,0,0,0,0,0,0,0,0,Uptrend,No Reversal,No Context,No
2021-08-16,984.42,1003.07,1016.68,982.14,991.92,21935444,11.15,34.54,13.61,9.78,0.3228,0.394,0.2831,1016.68,,True,False,False,False,HH,Uptrend,Buyers,969.07,936.38,Bullish,0,0,0,0,0,0,0,0,Uptrend,No Reversal,No Context,No
2021-08-17,980.23,998.8,1008.47,991.23,1000.92,12658169,2.12,17.24,7.55,7.57,0.123,0.4379,0.4391,,,False,False,False,False,,Uptrend,Buyers,970.24,937.0,Bullish,0,0,0,0,0,0,0,1,Uptrend,No Reversal,Bearish Pattern in Uptrend,No
2021-08-18,984.03,1002.68,1009.21,993.42,1003.3,10075860,0.62,15.79,5.91,9.26,0.0393,0.3743,0.5864,,,False,False,False,False,,Uptrend,Buyers,971.51,937.65,Bullish,0,0,1,0,0,0,0,1,Uptrend,No Reversal,Market Indecision,No
2021-08-20,972.98,991.42,1002.38,986.23,988.99,9426282,2.43,16.15,10.96,2.76,0.1505,0.6786,0.1709,,,False,False,False,False,,Uptrend,Buyers,972.29,938.19,Bullish,0,0,0,0,0,0,1,0,Uptrend,No Reversal,No Context,No
2021-08-23,979.37,997.92,1003.3,984.06,1003.3,9854395,5.38,19.24,0.0,13.86,0.2796,0.0,0.7204,,,False,False,False,False,,Uptrend,Buyers,973.29,938.78,Bullish,1,0,0,0,0,0,0,0,Uptrend,No Reversal,No Context,No
2021-08-24,989.04,1007.78,1011.61,994.81,999.17,11864472,8.61,16.8,3.83,4.36,0.5125,0.228,0.2595,,,False,False,False,False,,Uptrend,Buyers,974.65,939.47,Bullish,0,0,0,0,0,0,0,0,Uptrend,No Reversal,No Context,No
2021-08-25,997.6,1016.5,1024.53,1006.12,1008.56,13380559,7.94,18.41,8.03,2.44,0.4313,0.4362,0.1325,,,False,False,False,False,,Uptrend,Buyers,976.29,940.23,Bullish,0,0,0,0,0,0,0,0,Uptrend,No Reversal,No Context,No
2021-08-26,1010.21,1029.35,1036.02,1017.61,1018.99,18589616,10.36,18.41,6.67,1.38,0.5627,0.3623,0.075,,,False,False,False,False,,Uptrend,Buyers,978.37,941.12,Bullish,0,0,0,0,0,0,0,0,Uptrend,No Reversal,No Context,No
2021-08-27,1008.83,1027.94,1035.03,1022.71,1032.38,10480636,4.44,12.32,2.65,5.23,0.3604,0.2151,0.4245,,,False,False,False,False,,Uptrend,Buyers,980.31,941.98,Bullish,0,0,0,0,0,0,0,0,Uptrend,No Reversal,No Context,No
2021-08-30,1028.24,1047.72,1050.3,1032.28,1038.37,14027062,9.35,18.02,2.58,6.09,0.5189,0.1432,0.338,,,False,False,False,False,,Uptrend,Buyers,982.96,943.04,Bullish,0,0,0,0,0,0,0,0,Uptrend,No Reversal,No Context,No
2021-08-31,1022.76,1042.14,1053.95,1034.8,1050.79,26485463,8.65,19.15,3.16,7.34,0.4517,0.165,0.3833,,,False,False,False,False,,Uptrend,Buyers,985.28,944.02,Bullish,0,0,0,0,0,0,0,0,Uptrend,No Reversal,No Context,No
2021-09-01,1026.81,1046.27,1058.17,1044.37,1048.99,11145486,2.72,13.8,9.18,1.9,0.1971,0.6652,0.1377,,,False,False,False,False,,Uptrend,Buyers,987.67,945.04,Bullish,0,1,0,0,0,0,0,1,Uptrend,No Reversal,Bearish Pattern in Uptrend,No
2021-09-02,1039.17,1058.87,1065.05,1040.68,1040.68,9956770,18.19,24.37,6.18,0.0,0.7464,0.2536,0.0,,,False,False,False,False,,Uptrend,Buyers,990.46,946.17,Bullish,0,0,0,1,0,0,1,0,Uptrend,No Reversal,No Context,No
2021-09-03,1081.79,1102.29,1105.29,1062.6,1066.06,30664428,36.23,42.69,3.0,3.46,0.8487,0.0703,0.081,,,False,False,False,False,,Uptrend,Buyers,994.85,947.73,Bullish,0,0,0,0,0,0,0,0,Uptrend,No Reversal,No Context,No
2021-09-06,1098.6,1119.41,1144.52,1113.14,1113.6,33641710,5.81,31.38,25.11,0.46,0.1851,0.8002,0.0147,1144.52,,True,False,False,False,HH,Uptrend,Buyers,999.73,949.43,Bullish,0,1,0,0,0,1,0,0,Uptrend,No Reversal,Bearish Pattern in Uptrend,No
2021-09-07,1105.53,1126.47,1134.37,1113.14,1121.44,17349882,5.03,21.23,7.9,8.3,0.2369,0.3721,0.391,,,False,False,False,False,,Uptrend,Buyers,1004.7,951.2,Bullish,0,0,0,0,0,0,0,0,Uptrend,No Reversal,No Context,No
2021-09-08,1101.2,1122.07,1132.52,1110.67,1131.6,14301651,9.53,21.85,0.92,11.4,0.4362,0.0421,0.5217,,,False,False,False,False,,Uptrend,Buyers,1009.3,952.9,Bullish,0,0,0,0,0,0,0,1,Uptrend,No Reversal,Bearish Pattern in Uptrend,No
2021-09-09,1098.6,1119.41,1125.07,1115.03,1120.48,8963249,1.07,10.04,4.59,4.38,0.1066,0.4572,0.4363,,,False,False,False,False,,Uptrend,Buyers,1013.62,954.55,Bullish,0,0,0,0,0,0,0,0,Uptrend,No Reversal,No Context,No
2021-09-13,1074.12,1094.47,1122.83,1092.85,1122.83,16311160,28.36,29.98,0.0,1.62,0.946,0.0,0.054,,,False,False,False,False,,Uptrend,Buyers,1016.79,955.94,Bullish,0,0,0,0,0,0,0,0,Uptrend,No Reversal,No Context,No
2021-09-14,1072.71,1093.04,1104.83,1091.91,1096.06,8908356,3.02,12.92,8.77,1.13,0.2337,0.6788,0.0875,,1091.91,False,True,False,False,HL,Uptrend,Buyers,1019.78,957.31,Bullish,0,1,0,0,0,1,0,0,Uptrend,No Reversal,Bearish Pattern in Uptrend,No
2021-09-15,1077.17,1097.59,1105.64,1093.06,1093.06,9071075,4.53,12.58,8.05,0.0,0.3601,0.6399,0.0,,,False,False,False,False,,Uptrend,Buyers,1022.83,958.7,Bullish,0,0,0,0,0,0,1,0,Uptrend,No Reversal,No Context,No
2021-09-16,1099.78,1120.61,1124.56,1092.37,1099.08,13448882,21.53,32.19,3.95,6.71,0.6688,0.1227,0.2084,,,False,False,False,False,,Uptrend,Buyers,1026.67,960.32,Bullish,0,0,0,0,0,0,0,0,Uptrend,No Reversal,No Context,No
2021-09-17,1082.72,1103.24,1133.37,1096.34,1128.83,34882133,25.59,37.03,4.54,6.9,0.6911,0.1226,0.1863,,,False,False,False,False,,Uptrend,Buyers,1029.67,961.74,Bullish,0,0,0,0,0,0,0,0,Uptrend,No Reversal,No Context,No
2021-09-20,1084.44,1104.99,1116.07,1093.75,1094.72,11779819,10.27,22.32,11.08,0.97,0.4601,0.4964,0.0435,,,False,False,False,False,,Uptrend,Buyers,1032.62,963.16,Bullish,0,0,0,0,0,0,0,0,Uptrend,No Reversal,No Context,No
2021-09-21,1089.13,1109.77,1115.26,1100.22,1109.91,9915736,0.14,15.04,5.35,9.55,0.0093,0.3557,0.635,,,False,False,False,False,,Uptrend,Buyers,1035.65,964.62,Bullish,0,0,1,0,0,0,0,0,Uptrend,No Reversal,Market Indecision,No
2021-09-22,1100.82,1121.68,1126.98,1106.79,1111.29,10995912,10.39,20.19,5.3,4.5,0.5146,0.2625,0.2229,,,False,False,False,False,,Uptrend,Buyers,1039.02,966.18,Bullish,0,0,0,0,0,0,0,0,Uptrend,No Reversal,No Context,No
2021-09-23,1127.72,1149.09,1152.37,1128.6,1129.47,15748397,19.62,23.77,3.28,0.87,0.8254,0.138,0.0366,,,False,False,False,False,,Uptrend,Buyers,1043.34,968.0,Bullish,0,0,0,0,0,0,0,0,Uptrend,No Reversal,No Context,No
2021-09-24,1124.46,1145.77,1156.26,1140.83,1155.39,15192163,9.62,15.43,0.87,4.94,0.6235,0.0564,0.3202,,,False,False,False,False,,Uptrend,Buyers,1047.36,969.77,Bullish,0,0,0,0,0,0,0,0,Uptrend,No Reversal,No Context,No
2021-09-27,1143.37,1165.03,1167.55,1142.35,1147.75,15373834,17.28,25.2,2.52,5.4,0.6857,0.1,0.2143,,,False,False,False,False,,Uptrend,Buyers,1051.97,971.72,Bullish,0,0,0,0,0,0,0,0,Uptrend,No Reversal,No Context,No
2021-09-28,1154.06,1175.92,1183.7,1159.66,1169.44,18035258,6.48,24.04,7.78,9.78,0.2696,0.3236,0.4068,,,False,False,False,False,,Uptrend,Buyers,1056.83,973.75,Bullish,0,0,0,0,0,0,0,0,Uptrend,No Reversal,No Context,No
2021-09-29,1144.91,1166.6,1186.05,1163.0,1186.05,9719875,19.45,23.05,0.0,3.6,0.8438,0.0,0.1562,,,False,False,False,False,,Uptrend,Buyers,1061.14,975.67,Bullish,0,0,0,0,1,0,0,1,Uptrend,No Reversal,Bearish Pattern in Uptrend,No
2021-09-30,1141.01,1162.63,1169.72,1153.91,1165.29,13590654,2.66,15.81,4.43,8.72,0.1682,0.2802,0.5515,,,False,False,False,False,,Uptrend,Buyers,1065.12,977.53,Bullish,0,0,0,0,0,0,0,0,Uptrend,No Reversal,No Context,No
2021-10-01,1143.03,1164.69,1172.12,1151.44,1154.65,8958928,10.04,20.68,7.43,3.21,0.4855,0.3593,0.1552,,,False,False,False,False,,Uptrend,Buyers,1069.02,979.39,Bullish,0,0,0,0,0,0,1,0,Uptrend,No Reversal,No Context,No
2021-10-04,1157.73,1179.66,1188.29,1170.85,1178.21,10918552,1.45,17.44,8.63,7.36,0.0831,0.4948,0.422,,,False,False,False,False,,Uptrend,Buyers,1073.36,981.38,Bullish,0,0,1,0,0,0,0,0,Uptrend,No Reversal,Market Indecision,No
2021-10-05,1181.75,1204.15,1205.44,1175.6,1179.18,13533634,24.97,29.84,1.29,3.58,0.8368,0.0432,0.12,,,False,False,False,False,,Uptrend,Buyers,1078.49,983.6,Bullish,0,0,0,0,0,0,0,0,Uptrend,No Reversal,No Context,No
2021-10-06,1159.4,1181.37,1209.11,1177.33,1209.11,10258881,27.74,31.78,0.0,4.04,0.8729,0.0,0.1271,,,False,False,False,False,,Uptrend,Buyers,1082.52,985.57,Bullish,0,0,0,0,0,0,0,0,Uptrend,No Reversal,No Context,No
2021-10-07,1165.09,1187.16,1199.32,1184.99,1197.59,6336665,10.43,14.33,1.73,2.17,0.7278,0.1207,0.1514,,,False,False,False,False,,Uptrend,Buyers,1086.63,987.57,Bullish,0,0,0,0,0,0,0,0,Uptrend,No Reversal,No Context,No
2021-10-08,1209.86,1232.78,1238.85,1191.36,1193.09,15772493,39.69,47.49,6.07,1.73,0.8358,0.1278,0.0364,,,False,False,False,False,,Uptrend,Buyers,1092.36,990.01,Bullish,0,0,0,0,0,0,1,0,Uptrend,No Reversal,No Context,No
2021-10-11,1201.43,1224.2,1255.28,1220.83,1246.7,14768666,22.5,34.45,8.58,3.37,0.6531,0.2491,0.0978,,,False,False,False,False,,Uptrend,Buyers,1097.53,992.34,Bullish,0,0,0,0,0,0,0,0,Uptrend,No Reversal,No Context,No
2021-10-12,1208.29,1231.19,1238.2,1218.94,1220.67,6682011,10.52,19.26,7.01,1.73,0.5462,0.364,0.0898,,,False,False,False,False,,Uptrend,Buyers,1102.77,994.72,Bullish,0,0,0,0,0,0,0,0,Uptrend,No Reversal,No Context,No
2021-10-13,1220.59,1243.72,1255.05,1231.88,1236.36,9959762,7.36,23.17,11.33,4.48,0.3177,0.489,0.1934,,,False,False,False,False,,Uptrend,Buyers,1108.3,997.2,Bullish,0,0,0,0,0,0,1,0,Uptrend,No Reversal,No Context,No
2021-10-14,1223.06,1246.23,1254.1,1240.14,1246.21,8623469,0.02,13.96,7.87,6.07,0.0014,0.5638,0.4348,,,False,False,False,False,,Uptrend,Buyers,1113.71,999.68,Bullish,0,0,1,0,0,0,0,0,Uptrend,No Reversal,Market Indecision,No
2021-10-18,1226.32,1249.56,1266.82,1228.65,1231.56,13594479,18.0,38.17,17.26,2.91,0.4716,0.4522,0.0762,,,False,False,False,False,,Uptrend,Buyers,1119.03,1002.16,Bullish,0,0,0,0,0,0,0,0,Uptrend,No Reversal,No Context,No
2021-10-19,1237.3,1260.75,1269.75,1249.74,1257.03,8833409,3.72,20.01,9.0,7.29,0.1859,0.4498,0.3643,1269.75,,True,False,False,False,HH,Uptrend,Buyers,1124.59,1004.73,Bullish,0,0,0,0,0,0,0,0,Uptrend,No Reversal,No Context,No
2021-10-20,1223.06,1246.23,1265.78,1242.13,1265.78,12710570,19.55,23.65,0.0,4.1,0.8266,0.0,0.1734,,,False,False,False,False,,Uptrend,Buyers,1129.36,1007.14,Bullish,0,0,0,0,1,0,0,1,Uptrend,No Reversal,Bearish Pattern in Uptrend,No
2021-10-21,1187.78,1210.28,1258.97,1201.38,1258.69,20831669,48.41,57.59,0.28,8.9,0.8406,0.0049,0.1545,,,False,False,False,False,,Uptrend,Buyers,1132.54,1009.16,Bullish,0,0,0,0,0,0,0,0,Uptrend,No Reversal,No Context,No
2021-10-22,1190.0,1212.54,1229.85,1205.21,1209.13,11027475,3.41,24.64,17.31,3.92,0.1384,0.7025,0.1591,,,False,False,False,False,,Uptrend,Buyers,1135.67,1011.18,Bullish,0,0,0,0,0,0,0,0,Uptrend,No Reversal,No Context,No
2021-10-25,1178.4,1200.73,1236.82,1186.05,1236.82,17198417,36.09,50.77,0.0,14.68,0.7109,0.0,0.2891,,,False,False,False,False,,Uptrend,Buyers,1138.22,1013.07,Bullish,0,0,0,0,1,0,0,0,Uptrend,No Reversal,Bearish Pattern in Uptrend,No
2021-10-26,1205.24,1228.07,1231.7,1201.35,1207.79,9750178,20.28,30.35,3.63,6.44,0.6682,0.1196,0.2122,,,False,False,False,False,,Uptrend,Buyers,1141.75,1015.21,Bullish,0,0,0,0,0,0,0,0,Uptrend,No Reversal,No Context,No
2021-10-27,1190.0,1212.54,1235.34,1209.11,1223.9,9896298,11.36,26.23,11.44,3.43,0.4331,0.4361,0.1308,,,False,False,False,False,,Uptrend,Buyers,1144.52,1017.17,Bullish,0,0,0,0,0,0,0,0,Uptrend,No Reversal,No Context,No
2021-10-28,1176.95,1199.25,1217.41,1195.52,1209.13,9886181,9.88,21.89,8.28,3.73,0.4513,0.3783,0.1704,,,False,False,False,False,,Uptrend,Buyers,1146.67,1018.98,Bullish,0,0,0,0,0,0,0,1,Uptrend,No Reversal,Bearish Pattern in Uptrend,No
2021-10-29,1148.71,1170.48,1198.12,1154.53,1198.12,14233025,27.64,43.59,0.0,15.95,0.6341,0.0,0.3659,,,False,False,False,False,,Uptrend,Buyers,1147.6,1020.49,Bullish,0,0,0,0,0,0,0,0,Uptrend,No Reversal,No Context,No
2021-11-01,1149.42,1171.19,1179.59,1151.03,1170.48,15481114,0.71,28.56,8.4,19.45,0.0249,0.2941,0.681,,,False,False,False,False,,Uptrend,Buyers,1148.53,1021.99,Bullish,0,0,1,0,0,0,0,0,Uptrend,No Reversal,Market Indecision,No
2021-11-02,1132.66,1154.12,1175.9,1151.56,1174.52,10569130,20.4,24.34,1.38,2.56,0.8381,0.0567,0.1052,,,False,False,False,False,,Uptrend,Buyers,1148.75,1023.3,Bullish,0,0,0,0,1,0,0,0,Uptrend,No Reversal,Bearish Pattern in Uptrend,No
2021-11-03,1124.87,1146.18,1162.98,1135.75,1156.54,11989430,10.36,27.23,6.44,10.43,0.3805,0.2365,0.383,,,False,False,False,False,,Uptrend,Buyers,1148.65,1024.53,Bullish,0,0,0,0,0,0,0,0,Uptrend,No Reversal,No Context,No
2021-11-04,1131.77,1153.22,1156.01,1149.13,1150.5,1705656,2.72,6.88,2.79,1.37,0.3953,0.4055,0.1991,,,False,False,False,False,,Uptrend,Buyers,1148.83,1025.81,Bullish,0,0,0,0,0,0,1,0,Uptrend,No Reversal,No Context,No
2021-11-08,1133.18,1154.65,1162.98,1133.63,1162.7,20337183,8.05,29.35,0.28,21.02,0.2743,0.0095,0.7162,,1133.63,False,True,False,False,HL,Uptrend,Buyers,1149.05,1027.09,Bullish,1,0,0,0,0,0,0,0,Uptrend,No Reversal,No Context,No
2021-11-09,1142.12,1163.76,1167.09,1147.77,1156.06,15682497,7.7,19.32,3.33,8.29,0.3986,0.1724,0.4291,,,False,False,False,False,,Uptrend,Buyers,1149.63,1028.45,Bullish,0,0,0,0,0,0,0,0,Uptrend,No Reversal,No Context,No
2021-11-10,1154.9,1176.78,1180.52,1155.43,1161.46,10253470,15.32,25.09,3.74,6.03,0.6106,0.1491,0.2403,,,False,False,False,False,,Uptrend,Buyers,1150.7,1029.93,Bullish,0,0,0,0,0,0,1,0,Uptrend,No Reversal,No Context,No
2021-11-11,1157.0,1178.92,1186.29,1170.16,1172.23,10722478,6.69,16.13,7.37,2.07,0.4148,0.4569,0.1283,,,False,False,False,False,,Uptrend,Buyers,1151.8,1031.41,Bullish,0,0,0,0,0,0,0,0,Uptrend,No Reversal,No Context,No
2021-11-12,1174.46,1196.72,1199.32,1180.06,1182.78,8712341,13.94,19.26,2.6,2.72,0.7238,0.135,0.1412,,,False,False,False,False,,Uptrend,Buyers,1153.56,1033.05,Bullish,0,0,0,0,0,0,0,0,Uptrend,No Reversal,No Context,No
2021-11-15,1167.53,1189.65,1200.91,1186.05,1199.9,4803269,10.25,14.86,1.01,3.6,0.6898,0.068,0.2423,1200.91,,False,False,True,False,LH,Downtrend,Sellers,1154.98,1034.61,Bullish,0,0,0,0,0,0,0,0,Uptrend,Bearish Reversal,No Context,No
2021-11-16,1140.4,1162.01,1188.36,1151.44,1187.0,11337581,24.99,36.92,1.36,10.57,0.6769,0.0368,0.2863,,,False,False,False,False,,Downtrend,Sellers,1155.26,1035.88,Bullish,0,0,0,0,0,0,0,1,Downtrend,No Reversal,No Context,No
2021-11-17,1115.99,1137.14,1153.27,1135.75,1153.27,10202029,16.13,17.52,0.0,1.39,0.9207,0.0,0.0793,,,False,False,False,False,,Downtrend,Sellers,1154.54,1036.89,Bullish,0,0,0,0,0,0,0,0,Downtrend,No Reversal,No Context,No
2021-11-18,1120.2,1141.43,1148.67,1130.7,1135.29,8505625,6.14,17.97,7.24,4.59,0.3417,0.4029,0.2554,,,False,False,False,False,,Downtrend,Sellers,1154.03,1037.93,Bullish,0,0,0,0,0,0,1,0,Downtrend,No Reversal,Bullish Pattern in Downtrend,No
2021-11-22,1070.58,1090.87,1130.21,1084.99,1124.26,24124307,33.39,45.22,5.95,5.88,0.7384,0.1316,0.13,,,False,False,False,False,,Downtrend,Sellers,1151.55,1038.45,Bullish,0,0,0,0,0,0,0,0,Downtrend,No Reversal,No Context,No
2021-11-23,1080.59,1101.07,1108.18,1065.6,1076.7,25326999,24.37,42.58,7.11,11.1,0.5723,0.167,0.2607,,1065.6,False,False,False,True,LL,Downtrend,Sellers,1149.57,1039.08,Bullish,0,0,0,0,0,0,0,0,Downtrend,No Reversal,No Context,No
2021-11-24,1064.99,1085.17,1112.17,1081.55,1098.37,16820296,13.2,30.62,13.8,3.62,0.4311,0.4507,0.1182,,,False,False,False,False,,Downtrend,Sellers,1147.05,1039.54,Bullish,0,0,0,0,0,0,0,0,Downtrend,No Reversal,No Context,No
2021-11-25,1129.1,1150.5,1154.67,1087.82,1095.14,42401936,55.36,66.85,4.17,7.32,0.8281,0.0624,0.1095,1154.67,,False,False,True,False,LH,Downtrend,Sellers,1147.18,1040.64,Bullish,0,0,0,0,0,0,0,0,Downtrend,No Reversal,No Context,No
2021-11-26,1092.71,1113.41,1143.41,1108.29,1138.89,15763138,25.48,35.12,4.52,5.12,0.7255,0.1287,0.1458,,,False,False,False,False,,Downtrend,Sellers,1145.86,1041.36,Bullish,0,0,0,0,0,0,0,0,Downtrend,No Reversal,No Context,No
2021-11-29,1105.8,1126.75,1153.75,1107.18,1125.64,24325354,1.11,46.57,27.0,18.46,0.0238,0.5798,0.3964,,,False,False,False,False,,Downtrend,Sellers,1145.11,1042.21,Bullish,0,0,1,0,0,0,0,0,Downtrend,No Reversal,Market Indecision,No
2021-11-30,1089.45,1110.09,1142.63,1102.45,1138.98,32172299,28.89,40.18,3.65,7.64,0.719,0.0908,0.1901,,,False,False,False,False,,Downtrend,Sellers,1143.74,1042.89,Bullish,0,0,0,0,1,0,0,0,Downtrend,No Reversal,No Context,No
2021-12-01,1117.35,1138.52,1141.75,1119.18,1122.83,10104610,15.69,22.57,3.23,3.65,0.6952,0.1431,0.1617,,,False,False,False,False,,Downtrend,Sellers,1143.53,1043.84,Bullish,0,0,0,0,0,0,0,0,Downtrend,No Reversal,No Context,No
2021-12-02,1124.53,1145.83,1152.0,1136.03,1139.77,12720411,6.06,15.97,6.17,3.74,0.3795,0.3863,0.2342,,,False,False,False,False,,Downtrend,Sellers,1143.62,1044.85,Bullish,0,0,0,0,0,0,1,0,Downtrend,No Reversal,Bullish Pattern in Downtrend,No
2021-12-03,1090.74,1111.41,1153.06,1107.6,1153.01,19222481,41.6,45.46,0.05,3.81,0.9151,0.0011,0.0838,,,False,False,False,False,,Downtrend,Sellers,1142.36,1045.52,Bullish,0,0,0,0,1,0,0,1,Downtrend,No Reversal,No Context,No
2021-12-06,1070.06,1090.34,1119.14,1087.82,1114.98,10332254,24.64,31.32,4.16,2.52,0.7867,0.1328,0.0805,,1087.82,False,True,False,False,HL,Uptrend,Buyers,1140.32,1045.96,Bullish,0,0,0,0,0,0,0,0,Downtrend,Bullish Reversal,No Context,No
2021-12-07,1078.78,1099.22,1109.45,1089.14,1096.59,11235122,2.63,20.31,10.23,7.45,0.1295,0.5037,0.3668,,,False,False,False,False,,Uptrend,Buyers,1138.71,1046.49,Bullish,0,0,0,0,0,0,1,0,Uptrend,No Reversal,No Context,No
2021-12-08,1095.2,1115.95,1122.28,1110.51,1118.72,8744178,2.77,11.77,3.56,5.44,0.2353,0.3025,0.4622,,,False,False,False,False,,Uptrend,Buyers,1137.81,1047.18,Bullish,0,0,0,0,0,0,0,0,Uptrend,No Reversal,No Context,No
2021-12-09,1112.57,1133.65,1142.17,1119.14,1123.75,13213547,9.9,23.03,8.52,4.61,0.4299,0.37,0.2002,,,False,False,False,False,,Uptrend,Buyers,1137.65,1048.04,Bullish,0,0,0,0,0,0,0,0,Uptrend,No Reversal,No Context,No
2021-12-10,1113.7,1134.81,1138.06,1121.61,1126.17,8364414,8.64,16.45,3.25,4.56,0.5252,0.1976,0.2772,,,False,False,False,False,,Uptrend,Buyers,1137.54,1048.91,Bullish,0,0,0,0,0,0,0,0,Uptrend,No Reversal,No Context,No
2021-12-13,1091.37,1112.05,1141.8,1109.45,1141.52,12901733,29.47,32.35,0.28,2.6,0.911,0.0087,0.0804,,,False,False,False,False,,Uptrend,Buyers,1136.54,1049.54,Bullish,0,0,0,0,1,0,0,1,Uptrend,No Reversal,Bearish Pattern in Uptrend,No
2021-12-14,1078.01,1098.44,1110.37,1095.32,1098.37,12991523,0.07,15.05,11.93,3.05,0.0047,0.7927,0.2027,,,False,False,False,False,,Uptrend,Buyers,1135.05,1050.02,Bullish,0,0,1,0,0,0,0,0,Uptrend,No Reversal,Market Indecision,No
2021-12-15,1074.86,1095.23,1109.91,1089.65,1100.22,9366969,4.99,20.26,9.69,5.58,0.2463,0.4783,0.2754,,,False,False,False,False,,Uptrend,Buyers,1133.48,1050.47,Bullish,0,0,0,0,1,0,0,0,Uptrend,No Reversal,Bearish Pattern in Uptrend,No
2021-12-16,1088.77,1109.4,1114.75,1093.13,1110.23,9761279,0.83,21.62,4.52,16.27,0.0384,0.2091,0.7525,,,False,False,False,False,,Uptrend,Buyers,1132.54,1051.06,Bullish,0,0,1,0,0,0,0,0,Uptrend,No Reversal,Market Indecision,No
2021-12-17,1060.03,1080.12,1111.29,1070.68,1106.7,21049821,26.58,40.61,4.59,9.44,0.6545,0.113,0.2325,,,False,False,False,False,,Uptrend,Buyers,1130.48,1051.35,Bullish,0,0,0,0,0,0,0,0,Uptrend,No Reversal,No Context,No
2021-12-20,1031.45,1051.0,1069.69,1037.04,1069.69,14325846,18.69,32.65,0.0,13.96,0.5724,0.0,0.4276,,1037.04,False,False,False,True,LL,Downtrend,Sellers,1127.37,1051.34,Bullish,0,0,0,0,0,0,0,0,Uptrend,Bearish Reversal,No Context,No
2021-12-21,1046.81,1066.64,1082.68,1057.85,1066.69,12836561,0.05,24.83,15.99,8.79,0.002,0.644,0.354,,,False,False,False,False,,Downtrend,Sellers,1124.99,1051.5,Bullish,0,0,1,0,0,0,0,0,Downtrend,No Reversal,Market Indecision,No
2021-12-22,1071.65,1091.95,1094.63,1071.6,1072.94,17658543,19.01,23.03,2.68,1.34,0.8254,0.1164,0.0582,,,False,False,False,False,,Downtrend,Sellers,1123.69,1051.9,Bullish,0,0,0,0,0,0,1,0,Downtrend,No Reversal,Bullish Pattern in Downtrend,No
2021-12-23,1071.26,1091.56,1098.37,1088.24,1095.6,9072401,4.04,10.13,2.77,3.32,0.3988,0.2734,0.3277,,,False,False,False,False,,Downtrend,Sellers,1122.43,1052.29,Bullish,0,0,0,0,0,0,0,0,Downtrend,No Reversal,No Context,No
2021-12-24,1074.68,1095.05,1103.91,1078.78,1093.75,7886494,1.3,25.13,8.86,14.97,0.0517,0.3526,0.5957,,,False,False,False,False,,Downtrend,Sellers,1121.36,1052.72,Bullish,0,0,1,0,0,0,0,0,Downtrend,No Reversal,Market Indecision,No
2021-12-27,1073.53,1093.87,1097.45,1083.65,1089.85,4017223,4.02,13.8,3.58,6.2,0.2913,0.2594,0.4493,,,False,False,False,False,,Downtrend,Sellers,1120.28,1053.13,Bullish,0,0,0,0,0,0,1,0,Downtrend,No Reversal,Bullish Pattern in Downtrend,No
2021-12-28,1086.28,1106.86,1109.84,1095.16,1096.34,6374613,10.52,14.68,2.98,1.18,0.7166,0.203,0.0804,,,False,False,False,False,,Downtrend,Sellers,1119.75,1053.66,Bullish,0,0,0,0,0,0,0,0,Downtrend,No Reversal,No Context,No
2021-12-29,1088.14,1108.75,1116.37,1099.34,1103.45,15425312,5.3,17.03,7.62,4.11,0.3112,0.4474,0.2413,,,False,False,False,False,,Downtrend,Sellers,1119.32,1054.21,Bullish,0,0,0,0,0,0,0,0,Downtrend,No Reversal,No Context,No
2021-12-30,1068.48,1088.72,1109.88,1082.49,1107.6,29333171,18.88,27.39,2.28,6.23,0.6893,0.0832,0.2275,,,False,False,False,False,,Downtrend,Sellers,1118.12,1054.55,Bullish,0,0,0,0,0,0,0,1,Downtrend,No Reversal,No Context,No
2021-12-31,1072.58,1092.9,1100.17,1089.14,1095.14,9477290,2.24,11.03,5.03,3.76,0.2031,0.456,0.3409,,,False,False,False,False,,Downtrend,Sellers,1117.13,1054.94,Bullish,0,0,0,0,0,0,0,0,Downtrend,No Reversal,No Context,No
2022-01-03,1088.75,1109.38,1111.27,1090.78,1091.45,5421611,17.93,20.49,1.89,0.67,0.8751,0.0922,0.0327,,,False,False,False,False,,Downtrend,Sellers,1116.83,1055.48,Bullish,0,0,0,1,0,0,1,0,Downtrend,No Reversal,Bullish Pattern in Downtrend,No
2022-01-04,1113.32,1134.41,1135.75,1109.45,1114.94,10847728,19.47,26.3,1.34,5.49,0.7403,0.051,0.2087,,,False,False,False,False,,Downtrend,Sellers,1117.52,1056.26,Bullish,0,0,0,0,0,0,0,0,Downtrend,No Reversal,No Context,No
2022-01-05,1118.53,1139.72,1143.14,1122.81,1136.21,11643813,3.51,20.33,3.42,13.4,0.1727,0.1682,0.6591,,,False,False,False,False,,Downtrend,Sellers,1118.39,1057.09,Bullish,1,0,0,0,0,0,0,0,Downtrend,No Reversal,Bullish Pattern in Downtrend,No
2022-01-06,1094.48,1115.21,1132.52,1111.75,1131.23,14447422,16.02,20.77,1.29,3.46,0.7713,0.0621,0.1666,,,False,False,False,False,,Downtrend,Sellers,1118.26,1057.67,Bullish,0,0,0,0,0,0,0,1,Downtrend,No Reversal,No Context,No
2022-01-07,1103.31,1124.21,1134.39,1112.93,1121.88,13112115,2.33,21.46,10.18,8.95,0.1086,0.4744,0.4171,,,False,False,False,False,,Downtrend,Sellers,1118.5,1058.33,Bullish,0,0,0,0,0,0,0,0,Downtrend,No Reversal,No Context,No
2022-01-10,1104.21,1125.14,1133.91,1115.01,1131.6,9246731,6.46,18.9,2.31,10.13,0.3418,0.1222,0.536,,,False,False,False,False,,Downtrend,Sellers,1118.76,1059.0,Bullish,0,0,0,0,0,0,0,0,Downtrend,No Reversal,No Context,No
2022-01-11,1112.16,1133.24,1142.19,1123.75,1124.21,16205164,9.03,18.44,8.95,0.46,0.4897,0.4854,0.0249,,,False,False,False,False,,Downtrend,Sellers,1119.33,1059.74,Bullish,0,0,0,1,0,0,0,0,Downtrend,No Reversal,Bullish Pattern in Downtrend,No
2022-01-12,1141.85,1163.49,1165.26,1137.6,1140.5,14800442,22.99,27.66,1.77,2.9,0.8312,0.064,0.1048,,,False,False,False,False,,Downtrend,Sellers,1121.06,1060.77,Bullish,0,0,0,0,0,0,0,0,Downtrend,No Reversal,No Context,No
2022-01-13,1148.28,1170.04,1172.67,1157.63,1163.56,11856712,6.48,15.04,2.63,5.93,0.4309,0.1749,0.3943,,,False,False,False,False,,Downtrend,Sellers,1122.98,1061.86,Bullish,0,0,0,0,0,0,0,0,Downtrend,No Reversal,No Context,No
2022-01-14,1149.96,1171.75,1184.81,1165.68,1169.9,19930176,1.85,19.13,13.06,4.22,0.0967,0.6827,0.2206,1184.81,,True,False,False,False,HH,Uptrend,Buyers,1124.89,1062.95,Bullish,0,0,1,0,0,0,0,0,Downtrend,Bullish Reversal,Market Indecision,No
2022-01-17,1155.96,1177.86,1183.75,1170.83,1171.29,8036453,6.57,12.92,5.89,0.46,0.5085,0.4559,0.0356,,,False,False,False,False,,Uptrend,Buyers,1126.97,1064.09,Bullish,0,0,0,0,0,0,0,0,Uptrend,No Reversal,No Context,No
2022-01-18,1142.17,1163.81,1182.52,1161.02,1179.02,6215029,15.21,21.5,3.5,2.79,0.7074,0.1628,0.1298,,,False,False,False,False,,Uptrend,Buyers,1128.41,1065.09,Bullish,0,0,0,0,1,0,0,0,Uptrend,No Reversal,Bearish Pattern in Uptrend,No
2022-01-19,1142.08,1163.72,1173.13,1157.9,1167.59,9755485,3.87,15.23,5.54,5.82,0.2541,0.3638,0.3821,,,False,False,False,False,,Uptrend,Buyers,1129.8,1066.07,Bullish,0,0,0,0,0,0,0,0,Uptrend,No Reversal,No Context,No
2022-01-20,1122.08,1143.34,1158.34,1132.98,1153.77,16494486,10.43,25.36,4.57,10.36,0.4113,0.1802,0.4085,,,False,False,False,False,,Uptrend,Buyers,1130.33,1066.84,Bullish,0,0,0,0,0,0,0,0,Uptrend,No Reversal,No Context,No
2022-01-21,1122.26,1143.53,1154.79,1131.6,1131.6,13338594,11.93,23.19,11.26,0.0,0.5144,0.4856,0.0,,,False,False,False,False,,Uptrend,Buyers,1130.85,1067.6,Bullish,0,0,0,0,0,0,0,0,Uptrend,No Reversal,No Context,No
2022-01-24,1076.99,1097.4,1155.94,1086.88,1142.21,21868937,44.81,69.06,13.73,10.52,0.6489,0.1988,0.1523,,,False,False,False,False,,Uptrend,Buyers,1129.53,1067.9,Bullish,0,0,0,0,0,0,0,0,Uptrend,No Reversal,No Context,No
2022-01-25,1074.89,1095.25,1102.36,1063.76,1084.32,24510205,10.93,38.6,7.11,20.56,0.2832,0.1842,0.5326,,1063.76,False,True,False,False,HL,Uptrend,Buyers,1128.19,1068.17,Bullish,0,0,0,0,0,0,0,0,Uptrend,No Reversal,No Context,No
2022-01-27,1058.97,1079.03,1087.34,1066.55,1078.06,20020431,0.97,20.79,8.31,11.51,0.0467,0.3997,0.5536,,,False,False,False,False,,Uptrend,Buyers,1126.26,1068.28,Bullish,0,0,1,0,0,0,1,0,Uptrend,No Reversal,Market Indecision,No
2022-01-28,1057.95,1077.99,1096.48,1074.56,1091.45,14667727,13.46,21.92,5.03,3.43,0.6141,0.2295,0.1565,,,False,False,False,False,,Uptrend,Buyers,1124.37,1068.37,Bullish,0,0,0,0,1,0,0,1,Uptrend,No Reversal,Bearish Pattern in Uptrend,No
2022-01-31,1080.93,1101.42,1110.55,1087.39,1089.23,12143683,12.19,23.16,9.13,1.84,0.5263,0.3942,0.0794,,,False,False,False,False,,Uptrend,Buyers,1123.47,1068.7,Bullish,0,0,0,0,0,0,0,0,Uptrend,No Reversal,No Context,No
2022-02-01,1077.36,1097.77,1117.11,1083.19,1111.29,13200509,13.52,33.92,5.82,14.58,0.3986,0.1716,0.4298,,,False,False,False,False,,Uptrend,Buyers,1122.46,1068.99,Bullish,0,0,0,0,0,0,0,0,Uptrend,No Reversal,No Context,No
2022-02-02,1079.55,1100.01,1110.83,1096.11,1110.83,10017691,10.82,14.72,0.0,3.9,0.7351,0.0,0.2649,,,False,False,False,False,,Uptrend,Buyers,1121.58,1069.3,Bullish,0,0,0,0,0,0,0,0,Uptrend,No Reversal,No Context,No
2022-02-03,1065.6,1085.79,1108.27,1083.23,1103.91,9572839,18.12,25.04,4.36,2.56,0.7236,0.1741,0.1022,,,False,False,False,False,,Uptrend,Buyers,1120.18,1069.46,Bullish,0,0,0,0,0,0,0,0,Uptrend,No Reversal,No Context,No
2022-02-04,1055.89,1075.89,1083.81,1071.19,1080.37,11061241,4.48,12.62,3.44,4.7,0.355,0.2726,0.3724,,,False,False,False,False,,Uptrend,Buyers,1118.44,1069.53,Bullish,0,0,0,0,0,0,0,0,Uptrend,No Reversal,No Context,No
2022-02-07,1049.46,1069.34,1087.66,1063.76,1080.83,10714467,11.49,23.9,6.83,5.58,0.4808,0.2858,0.2335,,1063.76,False,False,False,False,,Uptrend,Buyers,1116.52,1069.53,Bullish,0,0,0,0,0,0,0,0,Uptrend,No Reversal,No Context,No
2022-02-08,1067.1,1087.32,1089.14,1066.06,1075.59,12060849,11.73,23.08,1.82,9.53,0.5082,0.0789,0.4129,,,False,False,False,False,,Uptrend,Buyers,1115.37,1069.7,Bullish,0,0,0,0,0,0,0,0,Uptrend,No Reversal,No Context,No
2022-02-09,1079.53,1099.98,1101.69,1088.22,1094.29,11486225,5.69,13.47,1.71,6.07,0.4224,0.1269,0.4506,,,False,False,False,False,,Uptrend,Buyers,1114.77,1070.0,Bullish,0,0,0,0,0,0,0,0,Uptrend,No Reversal,No Context,No
2022-02-10,1078.42,1098.85,1105.62,1091.49,1105.62,12464491,6.77,14.13,0.0,7.36,0.4791,0.0,0.5209,,,False,False,False,False,,Uptrend,Buyers,1114.14,1070.29,Bullish,0,0,0,0,0,0,0,1,Uptrend,No Reversal,Bearish Pattern in Uptrend,No
2022-02-11,1076.31,1096.71,1100.45,1081.8,1095.25,15943370,1.46,18.65,3.74,13.45,0.0783,0.2005,0.7212,,,False,False,False,False,,Uptrend,Buyers,1113.46,1070.55,Bullish,0,0,1,0,0,0,0,0,Uptrend,No Reversal,Market Indecision,No
2022-02-14,1059.17,1079.24,1086.81,1067.45,1080.03,10719633,0.79,19.36,6.78,11.79,0.0408,0.3502,0.609,,,False,False,False,False,,Uptrend,Buyers,1112.12,1070.64,Bullish,0,0,1,0,0,0,0,0,Uptrend,No Reversal,Market Indecision,No
2022-02-15,1095.13,1115.88,1118.63,1077.93,1085.08,11212671,30.8,40.7,2.75,7.15,0.7568,0.0676,0.1757,,,False,False,False,False,,Uptrend,Buyers,1112.26,1071.09,Bullish,0,0,0,0,0,0,0,0,Uptrend,No Reversal,No Context,No
2022-02-16,1092.87,1113.58,1122.83,1105.73,1121.44,10392840,7.86,17.1,1.39,7.85,0.4596,0.0813,0.4591,,,False,False,False,False,,Uptrend,Buyers,1112.32,1071.51,Bullish,0,0,0,0,0,0,0,0,Uptrend,No Reversal,No Context,No
2022-02-17,1106.7,1127.67,1132.94,1112.21,1116.88,12853252,10.79,20.73,5.27,4.67,0.5205,0.2542,0.2253,,,False,False,False,False,,Uptrend,Buyers,1112.92,1072.07,Bullish,0,0,0,0,0,0,0,0,Uptrend,No Reversal,No Context,No
2022-02-18,1098.05,1118.86,1133.63,1116.9,1128.09,6775458,9.23,16.73,5.54,1.96,0.5517,0.3311,0.1172,1133.63,,False,False,True,False,LH,Downtrend,Sellers,1113.15,1072.54,Bullish,0,0,0,0,0,0,0,0,Uptrend,Bearish Reversal,No Context,No
2022-02-21,1086.96,1107.55,1124.91,1100.49,1113.14,11107193,5.59,24.42,11.77,7.06,0.2289,0.482,0.2891,,,False,False,False,False,,Downtrend,Sellers,1112.93,1072.89,Bullish,0,0,0,0,0,0,0,1,Downtrend,No Reversal,No Context,No
2022-02-22,1082.02,1102.52,1105.71,1083.21,1085.86,13494914,16.66,22.5,3.19,2.65,0.7404,0.1418,0.1178,,,False,False,False,False,,Downtrend,Sellers,1112.52,1073.18,Bullish,0,0,0,0,0,0,1,0,Downtrend,No Reversal,Bullish Pattern in Downtrend,No
2022-02-23,1075.25,1095.62,1110.62,1092.83,1108.11,7310110,12.49,17.79,2.51,2.79,0.7021,0.1411,0.1568,,,False,False,False,False,,Downtrend,Sellers,1111.86,1073.4,Bullish,0,0,0,0,0,0,0,0,Downtrend,No Reversal,No Context,No
2022-02-24,1021.67,1041.03,1079.86,1035.33,1063.76,24846650,22.73,44.53,16.1,5.7,0.5104,0.3616,0.128,,,False,False,False,False,,Downtrend,Sellers,1109.08,1073.08,Bullish,0,0,0,0,0,0,0,1,Downtrend,No Reversal,No Context,No
2022-02-25,1034.44,1054.04,1065.12,1050.49,1052.27,14570089,1.77,14.63,11.08,1.78,0.121,0.7573,0.1217,,,False,False,False,False,,Downtrend,Sellers,1106.92,1072.89,Bullish,0,0,0,0,0,0,0,0,Downtrend,No Reversal,No Context,No
2022-02-28,1068.68,1088.93,1092.53,1035.14,1035.14,21297446,53.79,57.39,3.6,0.0,0.9373,0.0627,0.0,,,False,False,False,False,,Downtrend,Sellers,1106.22,1073.05,Bullish,0,0,0,0,0,0,1,0,Downtrend,No Reversal,Bullish Pattern in Downtrend,No
2022-03-02,1086.35,1106.93,1108.06,1074.93,1077.35,21471786,29.58,33.13,1.13,2.42,0.8928,0.0341,0.073,,,False,False,False,False,,Downtrend,Sellers,1106.25,1073.39,Bullish,0,0,0,0,0,0,0,0,Downtrend,No Reversal,No Context,No
2022-03-03,1077.17,1097.59,1114.45,1093.78,1107.6,10186748,10.01,20.67,6.85,3.81,0.4843,0.3314,0.1843,1114.45,,False,False,True,False,LH,Downtrend,Sellers,1105.91,1073.63,Bullish,0,0,0,0,0,0,0,1,Downtrend,No Reversal,No Context,No
2022-03-04,1053.28,1073.24,1091.12,1070.84,1085.91,10805667,12.67,20.28,5.21,2.4,0.6248,0.2569,0.1183,,,False,False,False,False,,Downtrend,Sellers,1104.63,1073.63,Bullish,0,0,0,0,0,0,0,1,Downtrend,No Reversal,No Context,No
2022-03-07,1014.33,1033.55,1067.03,1025.45,1051.62,17983310,18.07,41.58,15.41,8.1,0.4346,0.3706,0.1948,,,False,False,False,False,,Downtrend,Sellers,1101.84,1073.23,Bullish,0,0,0,0,0,0,0,0,Downtrend,No Reversal,No Context,No
2022-03-08,1012.5,1031.68,1036.53,1006.07,1020.61,21289374,11.07,30.46,4.85,14.54,0.3634,0.1592,0.4773,,1006.07,False,False,False,True,LL,Downtrend,Sellers,1099.09,1072.81,Bullish,0,0,0,0,0,0,0,0,Downtrend,No Reversal,No Context,No
2022-03-09,1066.21,1086.42,1092.37,1031.06,1031.91,20414228,54.51,61.31,5.95,0.85,0.8891,0.097,0.0139,,,False,False,False,False,,Downtrend,Sellers,1098.59,1072.95,Bullish,0,0,0,0,0,0,1,0,Downtrend,No Reversal,Bullish Pattern in Downtrend,No
2022-03-10,1083.49,1104.02,1109.91,1089.14,1107.6,17980493,3.58,20.77,2.31,14.88,0.1724,0.1112,0.7164,,,False,False,False,False,,Downtrend,Sellers,1098.8,1073.26,Bullish,1,0,0,0,0,0,0,0,Downtrend,No Reversal,Bullish Pattern in Downtrend,No
2022-03-11,1086.62,1107.21,1112.68,1096.55,1096.55,12257423,10.66,16.13,5.47,0.0,0.6609,0.3391,0.0,,,False,False,False,False,,Downtrend,Sellers,1099.13,1073.6,Bullish,0,0,0,0,0,0,0,0,Downtrend,No Reversal,No Context,No
2022-03-14,1095.54,1116.3,1118.86,1095.6,1101.55,8340678,14.75,23.26,2.56,5.95,0.6341,0.1101,0.2558,,,False,False,False,False,,Downtrend,Sellers,1099.81,1074.02,Bullish,0,0,0,0,0,0,0,0,Downtrend,No Reversal,No Context,No
2022-03-15,1070.45,1090.73,1120.5,1080.3,1120.5,15925769,29.77,40.2,0.0,10.43,0.7405,0.0,0.2595,,,False,False,False,False,,Downtrend,Sellers,1099.45,1074.19,Bullish,0,0,0,0,1,0,0,0,Downtrend,No Reversal,No Context,No
2022-03-16,1088.52,1109.15,1111.25,1097.03,1099.29,11149828,9.86,14.22,2.1,2.26,0.6934,0.1477,0.1589,,,False,False,False,False,,Downtrend,Sellers,1099.83,1074.54,Bullish,0,0,0,0,0,0,0,0,Downtrend,No Reversal,No Context,No
2022-03-17,1124.01,1145.3,1152.55,1114.57,1122.71,21422098,22.59,37.98,7.25,8.14,0.5948,0.1909,0.2143,,,False,False,False,False,,Downtrend,Sellers,1101.61,1075.24,Bullish,0,0,0,0,0,0,1,0,Downtrend,No Reversal,Bullish Pattern in Downtrend,No
2022-03-21,1117.53,1138.7,1146.37,1125.6,1127.91,11999466,10.79,20.77,7.67,2.31,0.5195,0.3693,0.1112,,,False,False,False,False,,Downtrend,Sellers,1103.07,1075.87,Bullish,0,0,0,0,0,0,0,0,Downtrend,No Reversal,No Context,No
2022-03-22,1146.4,1168.13,1169.88,1132.34,1135.34,22557065,32.79,37.54,1.75,3.0,0.8735,0.0466,0.0799,,,False,False,False,False,,Downtrend,Sellers,1105.62,1076.79,Bullish,0,0,0,0,0,0,0,0,Downtrend,No Reversal,No Context,No
2022-03-23,1150.05,1171.84,1183.68,1164.36,1164.36,15462187,7.48,19.32,11.84,0.0,0.3872,0.6128,0.0,,,False,False,False,False,,Downtrend,Sellers,1108.22,1077.74,Bullish,0,0,0,0,0,0,0,0,Downtrend,No Reversal,No Context,No
2022-03-24,1167.92,1190.05,1192.58,1158.36,1158.36,13168266,31.69,34.22,2.53,0.0,0.9261,0.0739,0.0,,,False,False,False,False,,Downtrend,Sellers,1111.43,1078.85,Bullish,0,0,0,0,0,0,0,0,Downtrend,No Reversal,No Context,No
2022-03-25,1175.71,1197.98,1207.28,1189.29,1191.82,14222488,6.16,17.99,9.3,2.53,0.3424,0.517,0.1406,,,False,False,False,False,,Downtrend,Sellers,1114.82,1080.04,Bullish,0,0,0,0,0,0,0,0,Downtrend,No Reversal,No Context,No
2022-03-28,1187.53,1210.03,1213.63,1193.67,1204.51,9891424,5.52,19.96,3.6,10.84,0.2766,0.1804,0.5431,,,False,False,False,False,,Downtrend,Sellers,1118.55,1081.33,Bullish,0,0,0,0,0,0,0,0,Downtrend,No Reversal,No Context,No
2022-03-29,1187.8,1210.31,1217.44,1203.31,1217.44,8684065,7.13,14.13,0.0,7.0,0.5046,0.0,0.4954,,,False,False,False,False,,Downtrend,Sellers,1122.15,1082.61,Bullish,0,0,0,0,0,0,0,1,Downtrend,No Reversal,No Context,No
2022-03-30,1210.63,1233.57,1240.51,1207.79,1218.31,15811550,15.26,32.72,6.94,10.52,0.4664,0.2121,0.3215,1240.51,,True,False,False,False,HH,Uptrend,Buyers,1126.52,1084.12,Bullish,0,0,0,0,0,0,0,0,Downtrend,Bullish Reversal,No Context,No
2022-03-31,1193.33,1215.94,1232.07,1213.1,1229.87,13223718,13.93,18.97,2.2,2.84,0.7343,0.116,0.1497,,,False,False,False,False,,Uptrend,Buyers,1130.03,1085.43,Bullish,0,0,0,0,0,0,0,0,Uptrend,No Reversal,No Context,No
2022-04-01,1202.88,1225.67,1229.97,1210.05,1216.51,7922880,9.16,19.92,4.3,6.46,0.4598,0.2159,0.3243,,,False,False,False,False,,Uptrend,Buyers,1133.78,1086.82,Bullish,0,0,0,0,0,0,0,0,Uptrend,No Reversal,No Context,No
2022-04-04,1206.44,1229.3,1234.51,1219.12,1225.49,7929162,3.81,15.39,5.21,6.37,0.2476,0.3385,0.4139,,,False,False,False,False,,Uptrend,Buyers,1137.52,1088.24,Bullish,0,0,0,0,0,0,1,0,Uptrend,No Reversal,No Context,No
2022-04-05,1189.38,1211.92,1232.16,1209.45,1223.48,13149870,11.56,22.71,8.68,2.47,0.509,0.3822,0.1088,,,False,False,False,False,,Uptrend,Buyers,1140.44,1089.47,Bullish,0,0,0,0,0,0,0,1,Uptrend,No Reversal,Bearish Pattern in Uptrend,No
2022-04-06,1186.21,1208.69,1215.82,1193.95,1193.95,12257215,14.74,21.87,7.13,0.0,0.674,0.326,0.0,,,False,False,False,False,,Uptrend,Buyers,1143.12,1090.66,Bullish,0,0,0,0,0,0,0,0,Uptrend,No Reversal,No Context,No
2022-04-07,1165.29,1187.37,1202.67,1184.67,1197.64,15496499,10.27,18.0,5.03,2.7,0.5706,0.2794,0.15,,,False,False,False,False,,Uptrend,Buyers,1144.85,1091.62,Bullish,0,0,0,0,0,0,0,0,Uptrend,No Reversal,No Context,No
2022-04-08,1184.67,1207.12,1211.44,1181.44,1181.44,15152495,25.68,30.0,4.32,0.0,0.856,0.144,0.0,,,False,False,False,False,,Uptrend,Buyers,1147.3,1092.77,Bullish,0,0,0,1,0,0,0,0,Uptrend,No Reversal,No Context,No
2022-04-11,1182.21,1204.61,1217.69,1192.05,1199.9,9254209,4.71,25.64,13.08,7.85,0.1837,0.5101,0.3062,,,False,False,False,False,,Uptrend,Buyers,1149.54,1093.88,Bullish,0,0,0,0,0,0,0,0,Uptrend,No Reversal,No Context,No
2022-04-12,1159.95,1181.92,1201.1,1179.32,1193.9,13217742,11.98,21.78,7.2,2.6,0.55,0.3306,0.1194,,,False,False,False,False,,Uptrend,Buyers,1150.81,1094.76,Bullish,0,0,0,0,0,0,0,1,Uptrend,No Reversal,Bearish Pattern in Uptrend,No
2022-04-13,1155.69,1177.59,1196.48,1174.75,1188.13,10354235,10.54,21.73,8.35,2.84,0.485,0.3843,0.1307,,,False,False,False,False,,Uptrend,Buyers,1151.86,1095.58,Bullish,0,0,0,0,0,0,0,0,Uptrend,No Reversal,No Context,No
2022-04-18,1152.16,1173.99,1181.35,1163.81,1168.98,9974224,5.01,17.54,7.36,5.17,0.2856,0.4196,0.2948,,1163.81,False,True,False,False,HL,Uptrend,Buyers,1152.73,1096.36,Bullish,0,0,0,0,0,0,1,0,Uptrend,No Reversal,No Context,No
2022-04-19,1196.07,1218.73,1231.28,1177.31,1180.52,26141820,38.21,53.97,12.55,3.21,0.708,0.2325,0.0595,,,False,False,False,False,,Uptrend,Buyers,1155.32,1097.58,Bullish,0,0,0,0,0,0,1,0,Uptrend,No Reversal,No Context,No
2022-04-20,1231.23,1254.56,1261.74,1222.56,1226.25,25072240,28.31,39.18,7.18,3.69,0.7226,0.1833,0.0942,,,False,False,False,False,,Uptrend,Buyers,1159.21,1099.14,Bullish,0,0,0,0,0,0,0,0,Uptrend,No Reversal,No Context,No
2022-04-21,1260.06,1283.94,1287.12,1260.82,1269.54,21708633,14.4,26.3,3.18,8.72,0.5475,0.1209,0.3316,,,False,False,False,False,,Uptrend,Buyers,1164.1,1100.98,Bullish,0,0,0,0,0,0,0,0,Uptrend,No Reversal,No Context,No
2022-04-22,1249.51,1273.19,1293.12,1266.45,1273.23,15054154,0.04,26.67,19.89,6.74,0.0015,0.7458,0.2527,,,False,False,False,False,,Uptrend,Buyers,1168.38,1102.7,Bullish,0,0,1,0,0,0,0,1,Uptrend,No Reversal,Market Indecision,No
2022-04-25,1220.61,1243.74,1273.0,1229.27,1265.62,17063215,21.88,43.73,7.38,14.47,0.5003,0.1688,0.3309,,,False,False,False,False,,Uptrend,Buyers,1171.34,1104.1,Bullish,0,0,0,0,0,0,0,1,Uptrend,No Reversal,Bearish Pattern in Uptrend,No
2022-04-26,1257.14,1280.96,1289.89,1249.6,1250.66,12227666,30.3,40.29,8.93,1.06,0.752,0.2216,0.0263,,,False,False,False,False,,Uptrend,Buyers,1175.63,1105.86,Bullish,0,0,0,0,0,0,0,0,Uptrend,No Reversal,No Context,No
2022-04-27,1258.36,1282.21,1305.12,1271.46,1271.82,19338945,10.39,33.66,22.91,0.36,0.3087,0.6806,0.0107,,,False,False,False,False,,Uptrend,Buyers,1179.81,1107.61,Bullish,0,1,0,0,0,1,0,0,Uptrend,No Reversal,Bearish Pattern in Uptrend,No
2022-04-28,1277.16,1301.36,1315.74,1285.78,1296.79,25614076,4.57,29.96,14.38,11.01,0.1525,0.48,0.3675,,,False,False,False,False,,Uptrend,Buyers,1184.58,1109.54,Bullish,0,0,0,0,0,0,0,0,Uptrend,No Reversal,No Context,No
2022-04-29,1263.75,1287.7,1318.11,1281.72,1318.11,18214862,30.41,36.39,0.0,5.98,0.8357,0.0,0.1643,1318.11,,True,False,False,False,HH,Uptrend,Buyers,1188.62,1111.31,Bullish,0,0,0,0,1,0,0,1,Uptrend,No Reversal,Bearish Pattern in Uptrend,No
2022-05-02,1259.32,1283.18,1294.74,1272.84,1274.66,9467006,8.52,21.9,11.56,1.82,0.389,0.5279,0.0831,,,False,False,False,False,,Uptrend,Buyers,1192.33,1113.02,Bullish,0,0,0,0,0,0,0,0,Uptrend,No Reversal,No Context,No
2022-05-04,1220.0,1243.12,1287.58,1235.11,1285.28,19247660,42.16,52.47,2.3,8.01,0.8035,0.0438,0.1527,,,False,False,False,False,,Uptrend,Buyers,1194.32,1114.32,Bullish,0,0,0,0,1,0,0,0,Uptrend,No Reversal,Bearish Pattern in Uptrend,No
2022-05-05,1196.11,1218.77,1259.89,1214.67,1256.89,17210669,38.12,45.22,3.0,4.1,0.843,0.0663,0.0907,,,False,False,False,False,,Uptrend,Buyers,1195.28,1115.36,Bullish,0,0,0,0,0,0,0,0,Uptrend,No Reversal,No Context,No
2022-05-06,1186.94,1209.43,1227.13,1196.92,1205.53,19649948,3.9,30.21,17.7,8.61,0.1291,0.5859,0.285,,,False,False,False,False,,Uptrend,Buyers,1195.84,1116.29,Bullish,0,0,0,0,0,0,1,0,Uptrend,No Reversal,No Context,No
2022-05-09,1140.58,1162.2,1198.56,1156.98,1188.34,18083752,26.14,41.58,10.22,5.22,0.6287,0.2458,0.1255,,,False,False,False,False,,Uptrend,Buyers,1194.52,1116.75,Bullish,0,0,0,0,0,0,0,0,Uptrend,No Reversal,No Context,No
2022-05-10,1120.81,1142.05,1166.03,1134.37,1151.44,19511677,9.39,31.66,14.59,7.68,0.2966,0.4608,0.2426,,,False,False,False,False,,Uptrend,Buyers,1192.46,1117.0,Bullish,0,0,0,0,0,0,0,0,Uptrend,No Reversal,No Context,No
2022-05-11,1109.33,1130.35,1146.8,1117.73,1141.13,16643899,10.78,29.07,5.67,12.62,0.3708,0.195,0.4341,,,False,False,False,False,,Uptrend,Buyers,1190.02,1117.13,Bullish,0,0,0,0,0,0,0,0,Uptrend,No Reversal,No Context,No
2022-05-12,1086.73,1107.32,1123.68,1093.75,1120.29,20490321,12.97,29.93,3.39,13.57,0.4333,0.1133,0.4534,,1093.75,False,False,False,True,LL,Downtrend,Sellers,1186.78,1117.04,Bullish,0,0,0,0,0,0,0,0,Uptrend,Bearish Reversal,No Context,No
2022-05-13,1099.05,1119.88,1143.6,1114.68,1119.6,19308778,0.28,28.92,23.72,4.92,0.0097,0.8202,0.1701,,,False,False,False,False,,Downtrend,Sellers,1184.16,1117.07,Bullish,0,0,1,0,0,0,0,0,Downtrend,No Reversal,Market Indecision,No
2022-05-16,1099.32,1120.15,1144.98,1115.28,1123.5,13437911,3.35,29.7,21.48,4.87,0.1128,0.7232,0.164,,,False,False,False,False,,Downtrend,Sellers,1181.65,1117.1,Bullish,0,0,0,0,0,0,0,0,Downtrend,No Reversal,No Context,No
2022-05-17,1145.5,1167.2,1172.16,1122.37,1123.8,16551828,43.4,49.79,4.96,1.43,0.8717,0.0996,0.0287,,,False,False,False,False,,Downtrend,Sellers,1181.08,1117.59,Bullish,0,0,0,0,0,0,0,0,Downtrend,No Reversal,No Context,No
2022-05-18,1149.66,1171.45,1186.05,1157.56,1172.05,17276788,0.6,28.49,14.0,13.89,0.0211,0.4914,0.4875,,,False,False,False,False,,Downtrend,Sellers,1180.7,1118.13,Bullish,0,0,1,0,0,0,0,0,Downtrend,No Reversal,Market Indecision,No
2022-05-19,1123.17,1144.45,1159.52,1138.08,1146.37,14699118,1.92,21.44,13.15,6.37,0.0896,0.6133,0.2971,,,False,False,False,False,,Downtrend,Sellers,1179.28,1118.39,Bullish,0,0,1,0,0,0,0,1,Downtrend,No Reversal,Market Indecision,No
2022-05-20,1188.66,1211.18,1220.39,1154.67,1159.52,21793091,51.66,65.72,9.21,4.85,0.7861,0.1401,0.0738,,,False,False,False,False,,Downtrend,Sellers,1180.53,1119.32,Bullish,0,0,0,0,0,0,0,0,Downtrend,No Reversal,No Context,No
2022-05-23,1180.71,1203.08,1224.61,1196.67,1214.44,15252755,11.36,27.94,10.17,6.41,0.4066,0.364,0.2294,,,False,False,False,False,,Downtrend,Sellers,1181.42,1120.15,Bullish,0,0,0,0,0,0,0,0,Downtrend,No Reversal,No Context,No
2022-05-24,1184.77,1207.21,1217.44,1198.84,1203.13,13527818,4.08,18.6,10.23,4.29,0.2194,0.55,0.2306,,,False,False,False,False,,Downtrend,Sellers,1182.43,1121.02,Bullish,0,0,0,0,0,0,0,0,Downtrend,No Reversal,No Context,No
2022-05-25,1183.02,1205.44,1226.07,1200.59,1216.05,12714544,10.61,25.48,10.02,4.85,0.4164,0.3932,0.1903,,,False,False,False,False,,Downtrend,Sellers,1183.33,1121.86,Bullish,0,0,0,0,0,0,0,0,Downtrend,No Reversal,No Context,No
2022-05-26,1171.74,1193.95,1216.01,1175.9,1211.16,17882023,17.21,40.11,4.85,18.05,0.4291,0.1209,0.45,,,False,False,False,False,,Downtrend,Sellers,1183.75,1122.57,Bullish,0,0,0,0,0,0,0,0,Downtrend,No Reversal,No Context,No
2022-05-27,1166.31,1188.41,1202.28,1172.26,1196.69,16521973,8.28,30.02,5.59,16.15,0.2758,0.1862,0.538,,,False,False,False,False,,Downtrend,Sellers,1183.93,1123.23,Bullish,0,0,0,0,0,0,0,0,Downtrend,No Reversal,No Context,No
2022-05-30,1206.94,1229.8,1234.05,1197.22,1206.82,13853398,22.98,36.83,4.25,9.6,0.6239,0.1154,0.2607,,,False,False,False,False,,Downtrend,Sellers,1185.73,1124.29,Bullish,0,0,0,0,0,0,1,0,Downtrend,No Reversal,Bullish Pattern in Downtrend,No
2022-05-31,1192.37,1214.97,1236.27,1207.15,1219.01,70620653,4.04,29.12,17.26,7.82,0.1387,0.5927,0.2685,,,False,False,False,False,,Downtrend,Sellers,1186.88,1125.19,Bullish,0,0,0,0,0,0,0,0,Downtrend,No Reversal,No Context,No
2022-06-01,1192.76,1215.36,1225.37,1207.38,1215.73,9776989,0.37,17.99,9.64,7.98,0.0206,0.5359,0.4436,,,False,False,False,False,,Downtrend,Sellers,1187.99,1126.09,Bullish,0,0,1,0,0,0,0,1,Downtrend,No Reversal,Market Indecision,No
2022-06-02,1233.88,1257.26,1261.03,1215.59,1215.59,22126569,41.67,45.44,3.77,0.0,0.917,0.083,0.0,,,False,False,False,False,,Downtrend,Sellers,1190.71,1127.39,Bullish,0,0,0,0,0,0,1,0,Downtrend,No Reversal,Bullish Pattern in Downtrend,No
2022-06-03,1258.89,1282.74,1300.21,1265.43,1266.36,23939791,16.38,34.78,17.47,0.93,0.471,0.5023,0.0267,1300.21,,False,False,True,False,LH,Downtrend,Sellers,1194.32,1128.94,Bullish,0,0,0,0,0,0,0,0,Downtrend,No Reversal,No Context,No
2022-06-06,1253.47,1277.22,1298.66,1269.96,1282.97,11093152,5.75,28.7,15.69,7.26,0.2003,0.5467,0.253,,,False,False,False,False,,Downtrend,Sellers,1197.57,1130.41,Bullish,0,0,0,0,0,0,0,1,Downtrend,No Reversal,No Context,No
2022-06-07,1255.83,1279.62,1288.09,1270.07,1278.31,12358255,1.31,18.02,8.47,8.24,0.0727,0.47,0.4573,,,False,False,False,False,,Downtrend,Sellers,1200.79,1131.9,Bullish,0,0,1,0,0,0,0,0,Downtrend,No Reversal,Market Indecision,No
2022-06-08,1233.77,1257.15,1283.43,1253.57,1279.62,12479250,22.47,29.86,3.81,3.58,0.7525,0.1276,0.1199,,,False,False,False,False,,Downtrend,Sellers,1203.0,1133.15,Bullish,0,0,0,0,0,0,0,0,Downtrend,No Reversal,No Context,No
2022-06-09,1267.6,1291.62,1293.58,1250.66,1250.66,17278305,40.96,42.92,1.96,0.0,0.9543,0.0457,0.0,,,False,False,False,False,,Downtrend,Sellers,1206.47,1134.72,Bullish,0,0,0,1,0,0,0,0,Downtrend,No Reversal,Bullish Pattern in Downtrend,No
2022-06-10,1229.33,1252.63,1287.54,1246.74,1279.23,18093057,26.6,40.8,8.31,5.89,0.652,0.2037,0.1444,,,False,False,False,False,,Downtrend,Sellers,1208.28,1135.9,Bullish,0,0,0,0,0,0,0,0,Downtrend,No Reversal,No Context,No
2022-06-13,1206.08,1228.93,1233.5,1207.42,1222.97,17620803,5.96,26.08,4.57,15.55,0.2285,0.1752,0.5962,,,False,False,False,False,,Downtrend,Sellers,1209.09,1136.82,Bullish,1,0,0,0,0,0,0,0,Downtrend,No Reversal,Bullish Pattern in Downtrend,No
2022-06-14,1190.31,1212.87,1233.06,1206.11,1223.0,14714312,10.13,26.95,10.06,6.76,0.3759,0.3733,0.2508,,,False,False,False,False,,Downtrend,Sellers,1209.24,1137.58,Bullish,0,0,0,0,0,0,0,0,Downtrend,No Reversal,No Context,No
2022-06-15,1175.91,1198.19,1217.11,1192.7,1208.0,11195535,9.81,24.41,9.11,5.49,0.4019,0.3732,0.2249,,,False,False,False,False,,Downtrend,Sellers,1208.81,1138.18,Bullish,0,0,0,0,0,0,0,0,Downtrend,No Reversal,No Context,No
2022-06-16,1159.47,1181.44,1227.15,1178.67,1210.51,17111475,29.07,48.48,16.64,2.77,0.5996,0.3432,0.0571,,,False,False,False,False,,Downtrend,Sellers,1207.73,1138.61,Bullish,0,0,0,0,0,0,0,0,Downtrend,No Reversal,No Context,No
2022-06-17,1173.06,1195.28,1211.37,1179.64,1181.44,24457187,13.84,31.73,16.09,1.8,0.4362,0.5071,0.0567,,,False,False,False,False,,Downtrend,Sellers,1207.25,1139.18,Bullish,0,0,0,0,0,0,0,0,Downtrend,No Reversal,No Context,No
2022-06-20,1151.79,1173.62,1207.79,1163.49,1202.21,12066797,28.59,44.3,5.58,10.13,0.6454,0.126,0.2287,,,False,False,False,False,,Downtrend,Sellers,1205.93,1139.52,Bullish,0,0,0,0,1,0,0,0,Downtrend,No Reversal,No Context,No
2022-06-21,1170.39,1192.56,1196.85,1166.81,1181.44,11720049,11.12,30.04,4.29,14.63,0.3702,0.1428,0.487,,,False,False,False,False,,Downtrend,Sellers,1205.4,1140.05,Bullish,0,0,0,0,0,0,0,0,Downtrend,No Reversal,No Context,No
2022-06-22,1134.83,1156.33,1180.66,1154.21,1180.56,10617206,24.23,26.45,0.1,2.12,0.9161,0.0038,0.0802,,,False,False,False,False,,Downtrend,Sellers,1203.48,1140.21,Bullish,0,0,0,0,0,0,0,0,Downtrend,No Reversal,No Context,No
2022-06-23,1116.42,1137.57,1165.29,1128.37,1160.7,19446323,23.13,36.92,4.59,9.2,0.6265,0.1243,0.2492,,1128.37,False,True,False,False,HL,Uptrend,Buyers,1200.89,1140.18,Bullish,0,0,0,0,0,0,0,0,Downtrend,Bullish Reversal,No Context,No
2022-06-24,1132.32,1153.77,1158.83,1138.98,1144.52,14240234,9.25,19.85,5.06,5.54,0.466,0.2549,0.2791,,,False,False,False,False,,Uptrend,Buyers,1199.05,1140.32,Bullish,0,0,0,0,0,0,1,0,Uptrend,No Reversal,No Context,No
2022-06-27,1128.97,1150.36,1174.49,1145.23,1174.49,15474529,24.13,29.26,0.0,5.13,0.8247,0.0,0.1753,,,False,False,False,False,,Uptrend,Buyers,1197.14,1140.42,Bullish,0,0,0,0,0,0,0,0,Uptrend,No Reversal,No Context,No
2022-06-28,1144.84,1166.53,1169.42,1145.49,1145.49,13572847,21.04,23.93,2.89,0.0,0.8792,0.1208,0.0,,,False,False,False,False,,Uptrend,Buyers,1195.94,1140.68,Bullish,0,0,0,0,0,0,0,0,Uptrend,No Reversal,No Context,No
2022-06-29,1168.6,1190.74,1198.52,1154.21,1157.07,19205146,33.67,44.31,7.78,2.86,0.7599,0.1756,0.0645,,,False,False,False,False,,Uptrend,Buyers,1195.73,1141.17,Bullish,0,0,0,0,0,0,1,0,Uptrend,No Reversal,No Context,No
2022-06-30,1175.62,1197.89,1207.24,1184.21,1190.67,23112959,7.22,23.03,9.35,6.46,0.3135,0.406,0.2805,1207.24,,False,False,True,False,LH,Downtrend,Sellers,1195.82,1141.74,Bullish,0,0,0,0,0,0,0,0,Uptrend,Bearish Reversal,No Context,No
2022-07-01,1090.94,1111.61,1196.21,1091.45,1188.32,81997149,76.71,104.76,7.89,20.16,0.7322,0.0753,0.1924,,1091.45,False,False,False,True,LL,Downtrend,Sellers,1192.51,1141.44,Bullish,0,0,0,0,0,0,0,1,Downtrend,No Reversal,No Context,No
2022-07-04,1093.21,1113.92,1126.98,1091.95,1097.89,41857728,16.03,35.03,13.06,5.94,0.4576,0.3728,0.1696,,,False,False,False,False,,Downtrend,Sellers,1189.43,1141.17,Bullish,0,0,0,0,0,0,0,0,Downtrend,No Reversal,No Context,No
2022-07-05,1102.06,1122.94,1137.55,1115.49,1118.21,17647327,4.73,22.06,14.61,2.72,0.2144,0.6623,0.1233,,,False,False,False,False,,Downtrend,Sellers,1186.83,1140.98,Bullish,0,1,0,0,0,0,1,0,Downtrend,No Reversal,Bullish Pattern in Downtrend,No
2022-07-06,1092.37,1113.07,1126.96,1102.06,1116.88,23943726,3.81,24.9,10.08,11.01,0.153,0.4048,0.4422,,,False,False,False,False,,Downtrend,Sellers,1183.93,1140.71,Bullish,0,0,0,0,0,0,0,1,Downtrend,No Reversal,No Context,No
2022-07-07,1081.61,1102.11,1122.94,1096.06,1119.55,23301033,17.44,26.88,3.39,6.05,0.6488,0.1261,0.2251,,,False,False,False,False,,Downtrend,Sellers,1180.72,1140.32,Bullish,0,0,0,0,0,0,0,1,Downtrend,No Reversal,No Context,No
2022-07-08,1083.11,1103.63,1115.91,1099.55,1115.91,19010108,12.28,16.36,0.0,4.08,0.7506,0.0,0.2494,,,False,False,False,False,,Downtrend,Sellers,1177.7,1139.96,Bullish,0,0,0,0,0,0,0,0,Downtrend,No Reversal,No Context,No
2022-07-11,1097.83,1118.63,1120.89,1093.75,1096.75,13847467,21.88,27.14,2.26,3.0,0.8062,0.0833,0.1105,,,False,False,False,False,,Downtrend,Sellers,1175.38,1139.74,Bullish,0,0,0,1,0,0,1,0,Downtrend,No Reversal,Bullish Pattern in Downtrend,No
2022-07-12,1096.27,1117.04,1125.92,1109.45,1109.45,10778989,7.59,16.47,8.88,0.0,0.4608,0.5392,0.0,,,False,False,False,False,,Downtrend,Sellers,1173.1,1139.52,Bullish,0,0,0,0,0,0,0,0,Downtrend,No Reversal,No Context,No
2022-07-13,1076.83,1097.24,1123.29,1095.14,1120.2,14224132,22.96,28.15,3.09,2.1,0.8156,0.1098,0.0746,,,False,False,False,False,,Downtrend,Sellers,1170.12,1139.1,Bullish,0,0,0,0,1,0,0,1,Downtrend,No Reversal,No Context,No
2022-07-14,1085.71,1106.28,1123.27,1096.96,1102.06,16970315,4.22,26.31,16.99,5.1,0.1604,0.6458,0.1938,,,False,False,False,False,,Downtrend,Sellers,1167.62,1138.77,Bullish,0,0,0,0,0,0,0,0,Downtrend,No Reversal,No Context,No
2022-07-15,1087.82,1108.43,1114.52,1099.8,1114.52,9603210,6.09,14.72,0.0,8.63,0.4137,0.0,0.5863,,,False,False,False,False,,Downtrend,Sellers,1165.3,1138.47,Bullish,0,0,0,0,0,0,0,0,Downtrend,No Reversal,No Context,No
2022-07-18,1097.08,1117.87,1119.14,1104.05,1117.29,15160908,0.58,15.09,1.27,13.24,0.0384,0.0842,0.8774,,,False,False,False,False,,Downtrend,Sellers,1163.44,1138.26,Bullish,0,0,1,0,0,0,0,0,Downtrend,No Reversal,Market Indecision,No
2022-07-19,1103.81,1124.72,1129.29,1107.74,1107.74,16439888,16.98,21.55,4.57,0.0,0.7879,0.2121,0.0,,,False,False,False,False,,Downtrend,Sellers,1161.92,1138.13,Bullish,0,0,0,0,0,0,1,0,Downtrend,No Reversal,Bullish Pattern in Downtrend,No
2022-07-20,1133.65,1155.13,1173.36,1147.4,1172.21,23924246,17.08,25.96,1.15,7.73,0.6579,0.0443,0.2978,1173.36,,False,False,True,False,LH,Downtrend,Sellers,1161.65,1138.3,Bullish,0,0,0,0,0,0,0,0,Downtrend,No Reversal,No Context,No
2022-07-21,1126.09,1147.43,1153.75,1138.66,1150.98,16523230,3.55,15.09,2.77,8.77,0.2353,0.1836,0.5812,,,False,False,False,False,,Downtrend,Sellers,1161.09,1138.39,Bullish,1,0,0,0,0,0,0,0,Downtrend,No Reversal,Bullish Pattern in Downtrend,No
2022-07-22,1133.7,1155.18,1161.27,1151.44,1153.75,10969995,1.43,9.83,6.09,2.31,0.1455,0.6195,0.235,,,False,False,False,False,,Downtrend,Sellers,1160.86,1138.56,Bullish,0,0,0,0,0,0,1,0,Downtrend,No Reversal,Bullish Pattern in Downtrend,No
2022-07-25,1096.24,1117.01,1138.73,1108.98,1138.73,23110452,21.72,29.75,0.0,8.03,0.7301,0.0,0.2699,,,False,False,False,False,,Downtrend,Sellers,1159.14,1138.34,Bullish,0,0,0,0,0,0,0,0,Downtrend,No Reversal,No Context,No
2022-07-26,1096.74,1117.52,1127.86,1112.84,1117.34,11303288,0.18,15.02,10.34,4.5,0.012,0.6884,0.2996,,,False,False,False,False,,Downtrend,Sellers,1157.51,1138.14,Bullish,0,0,1,0,0,0,0,0,Downtrend,No Reversal,Market Indecision,No
2022-07-27,1095.7,1116.46,1120.06,1108.52,1116.81,8655086,0.35,11.54,3.25,7.94,0.0303,0.2816,0.688,,1108.52,False,True,False,False,HL,Uptrend,Buyers,1155.9,1137.92,Bullish,0,0,1,0,0,0,0,0,Downtrend,Bullish Reversal,Market Indecision,No
2022-07-28,1112.86,1133.95,1138.96,1117.29,1124.21,12496073,9.74,21.67,5.01,6.92,0.4495,0.2312,0.3193,,,False,False,False,False,,Uptrend,Buyers,1155.04,1137.88,Bullish,0,0,0,0,0,0,0,0,Uptrend,No Reversal,No Context,No
2022-07-29,1136.57,1158.11,1161.64,1137.14,1142.07,15130683,16.04,24.5,3.53,4.93,0.6547,0.1441,0.2012,,,False,False,False,False,,Uptrend,Buyers,1155.16,1138.08,Bullish,0,0,0,0,0,0,0,0,Uptrend,No Reversal,No Context,No
2022-08-01,1166.2,1188.29,1194.25,1157.26,1162.59,15700044,25.7,36.99,5.96,5.33,0.6948,0.1611,0.1441,,,False,False,False,False,,Uptrend,Buyers,1156.46,1138.58,Bullish,0,0,0,0,0,0,0,0,Uptrend,No Reversal,No Context,No
2022-08-02,1170.63,1192.82,1203.5,1182.15,1187.21,13917913,5.61,21.35,10.68,5.06,0.2628,0.5002,0.237,,,False,False,False,False,,Uptrend,Buyers,1157.89,1139.12,Bullish,0,0,0,0,0,0,0,0,Uptrend,No Reversal,No Context,No
2022-08-03,1180.46,1202.83,1204.51,1184.88,1199.9,14250977,2.93,19.63,1.68,15.02,0.1493,0.0856,0.7652,,,False,False,False,False,,Uptrend,Buyers,1159.65,1139.75,Bullish,1,0,0,0,0,0,0,0,Uptrend,No Reversal,No Context,No
2022-08-04,1164.86,1186.93,1208.09,1169.9,1204.51,14467127,17.58,38.19,3.58,17.03,0.4603,0.0937,0.4459,,,False,False,False,False,,Uptrend,Buyers,1160.72,1140.22,Bullish,0,0,0,0,1,0,0,1,Uptrend,No Reversal,Bearish Pattern in Uptrend,No
2022-08-05,1147.69,1169.44,1190.12,1166.19,1188.82,13942438,19.38,23.93,1.3,3.25,0.8099,0.0543,0.1358,,,False,False,False,False,,Uptrend,Buyers,1161.06,1140.51,Bullish,0,0,0,0,0,0,0,0,Uptrend,No Reversal,No Context,No
2022-08-08,1162.71,1184.74,1192.31,1168.06,1168.06,10165178,16.68,24.25,7.57,0.0,0.6878,0.3122,0.0,,,False,False,False,False,,Uptrend,Buyers,1161.99,1140.96,Bullish,0,0,0,0,0,0,0,0,Uptrend,No Reversal,No Context,No
2022-08-10,1169.66,1191.82,1195.24,1180.08,1189.24,10724688,2.58,15.16,3.42,9.16,0.1702,0.2256,0.6042,,,False,False,False,False,,Uptrend,Buyers,1163.16,1141.46,Bullish,0,0,0,0,0,0,1,0,Uptrend,No Reversal,No Context,No
2022-08-11,1173.56,1195.79,1204.47,1190.76,1201.33,8198226,5.54,13.71,3.14,5.03,0.4041,0.229,0.3669,,,False,False,False,False,,Uptrend,Buyers,1164.44,1142.0,Bullish,0,0,0,0,0,0,0,1,Uptrend,No Reversal,Bearish Pattern in Uptrend,No
2022-08-12,1192.53,1215.13,1218.98,1191.68,1195.42,12650587,19.71,27.3,3.85,3.74,0.722,0.141,0.137,,,False,False,False,False,,Uptrend,Buyers,1166.43,1142.73,Bullish,0,0,0,1,0,0,0,0,Uptrend,No Reversal,No Context,No
2022-08-16,1200.82,1223.57,1226.34,1212.5,1221.22,6607378,2.35,13.84,2.77,8.72,0.1698,0.2001,0.6301,,,False,False,False,False,,Uptrend,Buyers,1168.67,1143.53,Bullish,0,0,0,0,0,0,0,0,Uptrend,No Reversal,No Context,No
2022-08-17,1207.09,1229.97,1235.39,1225.54,1229.9,6595965,0.07,9.85,5.42,4.36,0.0071,0.5503,0.4426,1235.39,,True,False,False,False,HH,Uptrend,Buyers,1171.07,1144.39,Bullish,0,0,1,0,0,0,0,0,Uptrend,No Reversal,Market Indecision,No
2022-08-18,1209.28,1228.19,1231.74,1218.45,1227.59,7410035,0.6,13.29,3.55,9.14,0.0451,0.2671,0.6877,,,False,False,False,False,,Uptrend,Buyers,1173.31,1145.23,Bullish,0,0,1,0,0,0,0,0,Uptrend,No Reversal,Market Indecision,No
2022-08-19,1187.72,1206.29,1228.37,1202.18,1222.97,9460724,16.68,26.19,5.4,4.11,0.6369,0.2062,0.1569,,,False,False,False,False,,Uptrend,Buyers,1174.6,1145.84,Bullish,0,0,0,0,0,0,0,0,Uptrend,No Reversal,No Context,No
2022-08-22,1184.43,1202.95,1214.34,1193.44,1207.75,9471680,4.8,20.9,6.59,9.51,0.2297,0.3153,0.455,,,False,False,False,False,,Uptrend,Buyers,1175.72,1146.4,Bullish,0,0,0,0,0,0,0,0,Uptrend,No Reversal,No Context,No
2022-08-23,1202.69,1221.5,1224.45,1195.91,1197.13,9678484,24.37,28.54,2.95,1.22,0.8539,0.1034,0.0427,,,False,False,False,False,,Uptrend,Buyers,1177.51,1147.15,Bullish,0,0,0,1,0,0,1,0,Uptrend,No Reversal,No Context,No
2022-08-24,1199.49,1218.24,1232.2,1216.21,1218.41,10369622,0.17,15.99,13.79,2.03,0.0106,0.8624,0.127,,,False,False,False,False,,Uptrend,Buyers,1179.11,1147.86,Bullish,0,0,1,0,0,0,0,0,Uptrend,No Reversal,Market Indecision,No
2022-08-25,1195.99,1214.69,1228.93,1210.33,1222.49,7871946,7.8,18.6,6.44,4.36,0.4194,0.3462,0.2344,,,False,False,False,False,,Uptrend,Buyers,1180.5,1148.52,Bullish,0,0,0,0,0,0,0,1,Uptrend,No Reversal,Bearish Pattern in Uptrend,No
2022-08-26,1189.61,1208.21,1222.97,1203.13,1215.13,10742038,6.92,19.84,7.84,5.08,0.3488,0.3952,0.256,,,False,False,False,False,,Uptrend,Buyers,1181.59,1149.12,Bullish,0,0,0,0,0,0,0,0,Uptrend,No Reversal,No Context,No
2022-08-29,1180.36,1198.82,1225.28,1189.77,1192.98,19838975,5.84,35.51,26.46,3.21,0.1645,0.7451,0.0904,,,False,False,False,False,,Uptrend,Buyers,1182.27,1149.61,Bullish,0,1,0,0,0,0,1,0,Uptrend,No Reversal,No Context,No
2022-08-30,1198.67,1217.41,1220.78,1189.1,1206.36,23139054,11.05,31.68,3.37,17.26,0.3488,0.1064,0.5448,,,False,False,False,False,,Uptrend,Buyers,1183.64,1150.29,Bullish,0,0,0,0,0,0,1,0,Uptrend,No Reversal,No Context,No
2022-09-01,1163.43,1181.62,1202.18,1177.15,1191.89,19909939,10.27,25.03,10.29,4.47,0.4103,0.4111,0.1786,,,False,False,False,False,,Uptrend,Buyers,1183.56,1150.6,Bullish,0,0,0,0,0,0,0,0,Uptrend,No Reversal,No Context,No
2022-09-02,1149.85,1167.83,1188.52,1165.61,1181.62,12999345,13.79,22.91,6.9,2.22,0.6019,0.3012,0.0969,,1165.61,False,True,False,False,HL,Uptrend,Buyers,1182.95,1150.77,Bullish,0,0,0,0,0,0,0,1,Uptrend,No Reversal,Bearish Pattern in Uptrend,No
2022-09-05,1167.71,1185.96,1191.36,1168.06,1168.06,11327815,17.9,23.3,5.4,0.0,0.7682,0.2318,0.0,,,False,False,False,False,,Uptrend,Buyers,1183.07,1151.12,Bullish,0,0,0,0,0,0,0,0,Uptrend,No Reversal,No Context,No
2022-09-06,1180.0,1198.45,1202.67,1186.98,1187.44,10899618,11.01,15.69,4.22,0.46,0.7017,0.269,0.0293,,,False,False,False,False,,Uptrend,Buyers,1183.67,1151.59,Bullish,0,0,0,0,0,0,0,0,Uptrend,No Reversal,No Context,No
2022-09-07,1173.14,1191.48,1197.55,1186.05,1188.36,7488501,3.12,11.5,6.07,2.31,0.2713,0.5278,0.2009,,,False,False,False,False,,Uptrend,Buyers,1183.98,1151.99,Bullish,0,0,0,0,0,0,0,0,Uptrend,No Reversal,No Context,No
2022-09-08,1174.79,1193.16,1198.98,1186.52,1194.48,7057077,1.32,12.46,4.5,6.64,0.1059,0.3612,0.5329,,,False,False,False,False,,Uptrend,Buyers,1184.34,1152.4,Bullish,0,0,0,0,0,0,0,1,Uptrend,No Reversal,Bearish Pattern in Uptrend,No
2022-09-09,1167.48,1185.73,1204.51,1183.29,1204.51,8314850,18.78,21.22,0.0,2.44,0.885,0.0,0.115,,,False,False,False,False,,Uptrend,Buyers,1184.39,1152.73,Bullish,0,0,0,0,0,0,0,1,Uptrend,No Reversal,Bearish Pattern in Uptrend,No
2022-09-12,1180.54,1199.0,1205.44,1186.31,1186.31,7435419,12.69,19.13,6.44,0.0,0.6634,0.3366,0.0,,,False,False,False,False,,Uptrend,Buyers,1184.96,1153.19,Bullish,0,0,0,0,0,0,0,0,Uptrend,No Reversal,No Context,No
2022-09-13,1190.4,1209.01,1213.61,1200.36,1208.21,8888657,0.8,13.25,4.6,7.85,0.0604,0.3472,0.5925,1213.61,,False,False,True,False,LH,Downtrend,Sellers,1185.91,1153.74,Bullish,0,0,1,0,0,0,1,0,Uptrend,Bearish Reversal,Market Indecision,No
2022-09-14,1176.14,1194.52,1204.51,1187.32,1188.36,8678219,6.16,17.19,9.99,1.04,0.3583,0.5812,0.0605,,,False,False,False,False,,Downtrend,Sellers,1186.24,1154.15,Bullish,0,0,0,0,0,0,0,0,Downtrend,No Reversal,No Context,No
2022-09-15,1164.48,1182.69,1201.54,1179.94,1192.05,10365600,9.36,21.6,9.49,2.75,0.4333,0.4394,0.1273,,,False,False,False,False,,Downtrend,Sellers,1186.1,1154.43,Bullish,0,0,0,0,0,0,0,0,Downtrend,No Reversal,No Context,No
2022-09-16,1135.63,1153.38,1178.21,1149.6,1173.94,20217708,20.56,28.61,4.27,3.78,0.7186,0.1492,0.1321,,,False,False,False,False,,Downtrend,Sellers,1184.82,1154.42,Bullish,0,0,0,0,0,0,0,0,Downtrend,No Reversal,No Context,No
2022-09-19,1137.1,1154.88,1164.23,1145.14,1153.38,7580254,1.5,19.09,9.35,8.24,0.0786,0.4898,0.4316,,,False,False,False,False,,Downtrend,Sellers,1183.65,1154.43,Bullish,0,0,1,0,0,0,0,0,Downtrend,No Reversal,Market Indecision,No
2022-09-20,1137.28,1155.06,1171.15,1151.3,1164.11,8411448,9.05,19.85,7.04,3.76,0.4559,0.3547,0.1894,,,False,False,False,False,,Downtrend,Sellers,1182.53,1154.43,Bullish,0,0,0,0,0,0,0,0,Downtrend,No Reversal,No Context,No
2022-09-21,1140.42,1158.25,1168.98,1151.44,1152.25,9207309,6.0,17.54,10.73,0.81,0.3421,0.6117,0.0462,,,False,False,False,False,,Downtrend,Sellers,1181.57,1154.47,Bullish,0,0,0,0,0,0,0,0,Downtrend,No Reversal,No Context,No
2022-09-22,1129.67,1147.33,1155.13,1140.87,1147.29,10308170,0.04,14.26,7.8,6.42,0.0028,0.547,0.4502,,,False,False,False,False,,Downtrend,Sellers,1180.23,1154.4,Bullish,0,0,1,0,0,0,1,0,Downtrend,No Reversal,Market Indecision,No
2022-09-23,1108.5,1125.83,1151.88,1124.26,1146.83,9528051,21.0,27.62,5.05,1.57,0.7603,0.1828,0.0568,,,False,False,False,False,,Downtrend,Sellers,1178.1,1154.12,Bullish,0,0,0,0,0,0,0,1,Downtrend,No Reversal,No Context,No
2022-09-26,1080.26,1097.15,1115.81,1096.13,1104.85,12479523,7.7,19.68,10.96,1.02,0.3913,0.5569,0.0518,,,False,False,False,False,,Downtrend,Sellers,1174.92,1153.55,Bullish,0,0,0,0,0,0,0,0,Downtrend,No Reversal,No Context,No
2022-09-27,1088.85,1105.87,1119.6,1089.19,1104.83,16154822,1.04,30.41,13.73,15.64,0.0342,0.4515,0.5143,,,False,False,False,False,,Downtrend,Sellers,1172.22,1153.08,Bullish,0,0,1,0,0,0,1,0,Downtrend,No Reversal,Market Indecision,No
2022-09-28,1059.86,1076.43,1097.45,1073.96,1089.3,16997059,12.87,23.49,8.15,2.47,0.5479,0.347,0.1052,,,False,False,False,False,,Downtrend,Sellers,1168.46,1152.31,Bullish,0,0,0,0,0,0,0,0,Downtrend,No Reversal,No Context,No
2022-09-29,1056.61,1073.13,1092.6,1067.45,1089.14,14671827,16.01,25.15,3.46,5.68,0.6366,0.1376,0.2258,,,False,False,False,False,,Downtrend,Sellers,1164.72,1151.53,Bullish,0,0,0,0,0,0,0,0,Downtrend,No Reversal,No Context,No
2022-09-30,1080.44,1097.33,1108.52,1066.53,1066.53,18613024,30.8,41.99,11.19,0.0,0.7335,0.2665,0.0,,1066.53,False,False,False,True,LL,Downtrend,Sellers,1162.08,1150.99,Bullish,0,0,0,1,0,0,0,0,Downtrend,No Reversal,Bullish Pattern in Downtrend,No
2022-10-03,1076.69,1093.52,1115.42,1090.52,1103.68,11852723,10.16,24.9,11.74,3.0,0.408,0.4715,0.1205,,,False,False,False,False,,Downtrend,Sellers,1159.39,1150.41,Bullish,0,0,0,0,0,0,0,0,Downtrend,No Reversal,No Context,No
2022-10-04,1096.55,1113.69,1115.91,1103.05,1106.58,8948850,7.11,12.86,2.22,3.53,0.5529,0.1726,0.2745,,,False,False,False,False,,Downtrend,Sellers,1157.6,1150.05,Bullish,0,0,0,0,0,0,0,0,Downtrend,No Reversal,No Context,No
2022-10-06,1100.59,1117.8,1130.67,1115.98,1120.98,13352162,3.18,14.69,9.69,1.82,0.2165,0.6596,0.1239,1130.67,,False,False,True,False,LH,Downtrend,Sellers,1156.04,1149.73,Bullish,0,1,0,0,0,0,0,0,Downtrend,No Reversal,Bullish Pattern in Downtrend,No
2022-10-07,1105.25,1122.53,1127.86,1114.36,1114.36,7714340,8.17,13.5,5.33,0.0,0.6052,0.3948,0.0,,,False,False,False,False,,Downtrend,Sellers,1154.72,1149.46,Bullish,0,0,0,1,0,0,0,0,Downtrend,No Reversal,Bullish Pattern in Downtrend,No
2022-10-10,1093.19,1110.28,1115.72,1102.06,1109.91,6329527,0.37,13.66,5.44,7.85,0.0271,0.3982,0.5747,,,False,False,False,False,,Downtrend,Sellers,1152.98,1149.07,Bullish,0,0,1,0,0,0,0,0,Downtrend,No Reversal,Market Indecision,No
2022-10-11,1071.42,1088.17,1114.06,1085.03,1114.06,9215177,25.89,29.03,0.0,3.14,0.8918,0.0,0.1082,,,False,False,False,False,,Downtrend,Sellers,1150.44,1148.46,Bullish,0,0,0,0,1,0,0,1,Downtrend,No Reversal,No Context,No
2022-10-12,1079.3,1096.18,1099.15,1081.34,1085.45,7417103,10.73,17.81,2.97,4.11,0.6025,0.1668,0.2308,,1081.34,False,True,False,False,HL,Uptrend,Buyers,1148.31,1147.94,Bullish,0,0,0,0,0,0,0,0,Downtrend,Bullish Reversal,No Context,No
2022-10-13,1082.73,1099.66,1104.83,1089.19,1094.4,7328492,5.26,15.64,5.17,5.21,0.3363,0.3306,0.3331,,,False,False,False,False,,Uptrend,Buyers,1146.4,1147.46,Bearish,0,0,0,0,0,0,1,0,Uptrend,No Reversal,No Context,No
2022-10-14,1077.24,1094.08,1115.15,1093.34,1114.52,9106089,20.44,21.81,0.63,0.74,0.9372,0.0289,0.0339,,,False,False,False,False,,Uptrend,Buyers,1144.35,1146.93,Bearish,0,0,0,0,1,0,0,1,Uptrend,No Reversal,Bearish Pattern in Uptrend,No
2022-10-17,1094.53,1111.64,1114.06,1081.57,1086.83,16729355,24.81,32.49,2.42,5.26,0.7636,0.0745,0.1619,,,False,False,False,False,,Uptrend,Buyers,1143.07,1146.58,Bearish,0,0,0,0,0,0,0,0,Uptrend,No Reversal,No Context,No
2022-10-18,1113.84,1131.25,1136.67,1116.9,1117.75,12415820,13.5,19.77,5.42,0.85,0.6829,0.2742,0.043,,,False,False,False,False,,Uptrend,Buyers,1142.6,1146.43,Bearish,0,0,0,0,0,0,0,0,Uptrend,No Reversal,No Context,No
2022-10-19,1133.22,1150.93,1166.6,1126.84,1132.75,19247142,18.18,39.76,15.67,5.91,0.4572,0.3941,0.1486,1166.6,,True,False,False,False,HH,Uptrend,Buyers,1142.93,1146.47,Bearish,0,0,0,0,0,0,0,0,Uptrend,No Reversal,No Context,No
2022-10-20,1136.26,1154.03,1162.52,1146.83,1146.83,8717053,7.2,15.69,8.49,0.0,0.4589,0.5411,0.0,,,False,False,False,False,,Uptrend,Buyers,1143.37,1146.55,Bearish,0,0,0,0,0,0,0,0,Uptrend,No Reversal,No Context,No
2022-10-21,1123.08,1140.64,1161.5,1138.52,1157.3,8243452,16.66,22.98,4.2,2.12,0.725,0.1828,0.0923,,,False,False,False,False,,Uptrend,Buyers,1143.26,1146.49,Bearish,0,0,0,0,1,0,0,1,Uptrend,No Reversal,Bearish Pattern in Uptrend,No
2022-10-24,1126.83,1144.45,1154.9,1133.12,1135.29,3370033,9.16,21.78,10.45,2.17,0.4206,0.4798,0.0996,,,False,False,False,False,,Uptrend,Buyers,1143.31,1146.47,Bearish,0,0,0,0,0,0,0,0,Uptrend,No Reversal,No Context,No
2022-10-25,1109.43,1126.77,1153.29,1125.14,1153.29,12233241,26.52,28.15,0.0,1.63,0.9421,0.0,0.0579,,,False,False,False,False,,Uptrend,Buyers,1142.66,1146.27,Bearish,0,0,0,0,1,0,0,0,Uptrend,No Reversal,Bearish Pattern in Uptrend,No
2022-10-27,1113.79,1131.21,1139.19,1122.74,1134.37,12513059,3.16,16.45,4.82,8.47,0.1921,0.293,0.5149,,1122.74,False,True,False,False,HL,Uptrend,Buyers,1142.21,1146.12,Bearish,0,0,0,0,0,0,0,0,Uptrend,No Reversal,No Context,No
2022-10-28,1147.87,1165.82,1169.9,1135.04,1137.6,17609592,28.22,34.86,4.08,2.56,0.8095,0.117,0.0734,,,False,False,False,False,,Uptrend,Buyers,1143.13,1146.32,Bearish,0,0,0,0,0,0,1,0,Uptrend,No Reversal,No Context,No
2022-10-31,1158.53,1176.64,1181.88,1168.61,1172.67,12419943,3.97,13.27,5.24,4.06,0.2992,0.3949,0.306,,,False,False,False,False,,Uptrend,Buyers,1144.45,1146.62,Bearish,0,0,0,0,0,0,0,0,Uptrend,No Reversal,No Context,No
2022-11-01,1149.55,1167.53,1199.9,1157.44,1199.9,13963166,32.37,42.46,0.0,10.09,0.7624,0.0,0.2376,,,False,False,False,False,,Uptrend,Buyers,1145.35,1146.83,Bearish,0,0,0,0,1,0,0,1,Uptrend,No Reversal,Bearish Pattern in Uptrend,No
2022-11-02,1156.73,1174.82,1176.92,1160.67,1168.66,8981896,6.16,16.25,2.1,7.99,0.3791,0.1292,0.4917,,,False,False,False,False,,Uptrend,Buyers,1146.51,1147.11,Bearish,0,0,0,0,0,0,0,0,Uptrend,No Reversal,No Context,No
2022-11-03,1161.05,1179.2,1181.23,1165.31,1167.53,6693449,11.67,15.92,2.03,2.22,0.733,0.1275,0.1394,,,False,False,False,False,,Uptrend,Buyers,1147.79,1147.43,Bullish,0,0,0,0,0,0,1,0,Uptrend,No Reversal,No Context,No
2022-11-04,1178.13,1196.55,1199.9,1177.33,1178.62,12575815,17.93,22.57,3.35,1.29,0.7944,0.1484,0.0572,,,False,False,False,False,,Uptrend,Buyers,1149.7,1147.91,Bullish,0,0,0,0,0,0,0,0,Uptrend,No Reversal,No Context,No
2022-11-07,1184.43,1202.95,1204.65,1187.9,1195.75,11789748,7.2,16.75,1.7,7.85,0.4299,0.1015,0.4687,,,False,False,False,False,,Uptrend,Buyers,1151.79,1148.46,Bullish,0,0,0,0,0,0,0,0,Uptrend,No Reversal,No Context,No
2022-11-09,1183.25,1201.75,1210.03,1195.31,1204.65,11254205,2.9,14.72,5.38,6.44,0.197,0.3655,0.4375,,,False,False,False,False,,Uptrend,Buyers,1153.75,1148.99,Bullish,0,0,0,0,0,0,0,1,Uptrend,No Reversal,Bearish Pattern in Uptrend,No
2022-11-10,1168.93,1187.21,1198.31,1182.82,1195.28,5966242,8.07,15.49,3.03,4.39,0.521,0.1956,0.2834,,,False,False,False,False,,Uptrend,Buyers,1155.06,1149.37,Bullish,0,0,0,0,0,0,0,1,Uptrend,No Reversal,Bearish Pattern in Uptrend,No
2022-11-11,1195.88,1214.58,1216.51,1194.36,1199.9,12310132,14.68,22.15,1.93,5.54,0.6628,0.0871,0.2501,,,False,False,False,False,,Uptrend,Buyers,1157.4,1150.02,Bullish,0,0,0,0,0,0,0,0,Uptrend,No Reversal,No Context,No
2022-11-14,1190.09,1208.69,1219.28,1202.28,1214.09,9043112,5.4,17.0,5.19,6.41,0.3176,0.3053,0.3771,1219.28,,True,False,False,False,HH,Uptrend,Buyers,1159.41,1150.6,Bullish,0,0,0,0,0,0,0,0,Uptrend,No Reversal,No Context,No
2022-11-15,1184.75,1203.27,1212.08,1195.28,1210.19,7086433,6.92,16.8,1.89,7.99,0.4119,0.1125,0.4756,,,False,False,False,False,,Uptrend,Buyers,1161.13,1151.13,Bullish,0,0,0,0,0,0,0,1,Uptrend,No Reversal,Bearish Pattern in Uptrend,No
2022-11-16,1177.95,1196.37,1207.26,1191.29,1204.51,9716161,8.14,15.97,2.75,5.08,0.5097,0.1722,0.3181,,,False,False,False,False,,Uptrend,Buyers,1162.51,1151.58,Bullish,0,0,0,0,0,0,0,0,Uptrend,No Reversal,No Context,No
2022-11-17,1181.0,1199.46,1205.9,1190.67,1192.95,6661451,6.51,15.23,6.44,2.28,0.4274,0.4228,0.1497,,,False,False,False,False,,Uptrend,Buyers,1163.96,1152.06,Bullish,0,0,0,0,0,0,0,0,Uptrend,No Reversal,No Context,No
2022-11-18,1180.36,1198.82,1204.05,1186.56,1203.01,5303197,4.19,17.49,1.04,12.26,0.2396,0.0595,0.701,,,False,False,False,False,,Uptrend,Buyers,1165.33,1152.52,Bullish,1,0,0,0,0,0,0,0,Uptrend,No Reversal,No Context,No
2022-11-21,1159.12,1177.24,1194.36,1173.64,1194.36,6390268,17.12,20.72,0.0,3.6,0.8263,0.0,0.1737,,,False,False,False,False,,Uptrend,Buyers,1165.79,1152.77,Bullish,0,0,0,0,0,0,0,1,Uptrend,No Reversal,Bearish Pattern in Uptrend,No
2022-11-22,1165.55,1183.77,1185.36,1170.59,1174.52,6611488,9.25,14.77,1.59,3.93,0.6263,0.1077,0.2661,,,False,False,False,False,,Uptrend,Buyers,1166.5,1153.07,Bullish,0,0,0,0,0,0,0,0,Uptrend,No Reversal,No Context,No
2022-11-23,1161.91,1180.08,1189.7,1177.86,1188.36,6413408,8.28,11.84,1.34,2.22,0.6993,0.1132,0.1875,,,False,False,False,False,,Uptrend,Buyers,1167.03,1153.34,Bullish,0,0,0,0,0,0,0,0,Uptrend,No Reversal,No Context,No
2022-11-24,1171.93,1190.25,1197.13,1175.99,1184.21,9389439,6.04,21.14,6.88,8.22,0.2857,0.3254,0.3888,,,False,False,False,False,,Uptrend,Buyers,1167.94,1153.71,Bullish,0,0,0,0,0,0,0,0,Uptrend,No Reversal,No Context,No
2022-11-25,1189.43,1208.02,1211.39,1191.64,1194.82,7349922,13.2,19.75,3.37,3.18,0.6684,0.1706,0.161,,,False,False,False,False,,Uptrend,Buyers,1169.51,1154.25,Bullish,0,0,0,0,0,0,1,0,Uptrend,No Reversal,No Context,No
2022-11-28,1230.3,1249.53,1255.76,1154.67,1204.01,31527484,45.52,101.09,6.23,49.34,0.4503,0.0616,0.4881,,1154.67,False,True,False,False,HL,Uptrend,Buyers,1172.65,1155.2,Bullish,0,0,0,0,0,0,0,0,Uptrend,No Reversal,No Context,No
2022-11-29,1232.41,1251.68,1260.66,1243.28,1247.87,11058913,3.81,17.38,8.98,4.59,0.2192,0.5167,0.2641,,,False,False,False,False,,Uptrend,Buyers,1175.75,1156.16,Bullish,0,0,0,0,0,0,0,0,Uptrend,No Reversal,No Context,No
2022-11-30,1241.11,1260.52,1267.02,1245.22,1251.82,26164986,8.7,21.8,6.5,6.6,0.3991,0.2982,0.3028,,,False,False,False,False,,Uptrend,Buyers,1179.07,1157.2,Bullish,0,0,0,0,0,0,0,0,Uptrend,No Reversal,No Context,No
2022-12-01,1237.46,1256.8,1271.43,1253.43,1265.34,9485801,8.54,18.0,6.09,3.37,0.4744,0.3383,0.1872,1271.43,,True,False,False,False,HH,Uptrend,Buyers,1182.12,1158.19,Bullish,0,0,0,0,0,0,0,0,Uptrend,No Reversal,No Context,No
2022-12-02,1236.93,1256.27,1268.2,1246.33,1259.89,11589592,3.62,21.87,8.31,9.94,0.1655,0.38,0.4545,,,False,False,False,False,,Uptrend,Buyers,1185.03,1159.16,Bullish,0,0,0,0,0,0,0,1,Uptrend,No Reversal,Bearish Pattern in Uptrend,No
2022-12-05,1218.89,1237.95,1253.78,1235.9,1251.59,14828536,13.64,17.88,2.19,2.05,0.7629,0.1225,0.1147,,,False,False,False,False,,Uptrend,Buyers,1187.11,1159.95,Bullish,0,0,0,0,0,0,0,0,Uptrend,No Reversal,No Context,No
2022-12-06,1222.42,1241.53,1244.67,1228.05,1229.94,8594245,11.59,16.62,3.14,1.89,0.6974,0.1889,0.1137,,,False,False,False,False,,Uptrend,Buyers,1189.24,1160.76,Bullish,0,0,0,0,0,0,0,0,Uptrend,No Reversal,No Context,No
2022-12-07,1204.38,1223.21,1243.74,1219.35,1239.13,8462111,15.92,24.39,4.61,3.86,0.6527,0.189,0.1583,,,False,False,False,False,,Uptrend,Buyers,1190.57,1161.38,Bullish,0,0,0,0,0,0,0,0,Uptrend,No Reversal,No Context,No
2022-12-08,1203.81,1222.63,1229.9,1218.41,1227.59,7757008,4.96,11.49,2.31,4.22,0.4317,0.201,0.3673,,,False,False,False,False,,Uptrend,Buyers,1191.83,1161.99,Bullish,0,0,0,0,0,0,0,0,Uptrend,No Reversal,No Context,No
2022-12-09,1185.56,1204.1,1227.59,1200.75,1221.13,12655763,17.03,26.84,6.46,3.35,0.6345,0.2407,0.1248,,,False,False,False,False,,Uptrend,Buyers,1192.31,1162.41,Bullish,0,0,0,0,0,0,0,0,Uptrend,No Reversal,No Context,No
2022-12-12,1187.38,1205.95,1210.51,1192.98,1193.21,9479842,12.74,17.53,4.56,0.23,0.7268,0.2601,0.0131,,,False,False,False,False,,Uptrend,Buyers,1192.85,1162.84,Bullish,0,0,0,0,0,0,0,0,Uptrend,No Reversal,No Context,No
2022-12-13,1192.79,1211.44,1215.13,1202.99,1205.95,8333348,5.49,12.14,3.69,2.96,0.4522,0.304,0.2438,,,False,False,False,False,,Uptrend,Buyers,1193.57,1163.33,Bullish,0,0,0,0,0,0,1,0,Uptrend,No Reversal,No Context,No
2022-12-14,1188.47,1207.05,1217.88,1204.98,1217.28,7268947,10.23,12.9,0.6,2.07,0.793,0.0465,0.1605,,,False,False,False,False,,Uptrend,Buyers,1194.1,1163.76,Bullish,0,0,0,0,0,0,0,1,Uptrend,No Reversal,Bearish Pattern in Uptrend,No
2022-12-15,1171.59,1189.91,1206.82,1186.52,1201.05,8688551,11.14,20.3,5.77,3.39,0.5488,0.2842,0.167,,,False,False,False,False,,Uptrend,Buyers,1193.94,1164.02,Bullish,0,0,0,0,0,0,0,0,Uptrend,No Reversal,No Context,No
2022-12-16,1165.8,1184.02,1208.58,1180.59,1186.52,15837349,2.5,27.99,22.06,3.43,0.0893,0.7881,0.1225,,,False,False,False,False,,Uptrend,Buyers,1193.55,1164.22,Bullish,0,0,1,0,0,0,0,0,Uptrend,No Reversal,Market Indecision,No
2022-12-19,1181.11,1199.58,1201.75,1184.53,1191.13,7729933,8.45,17.22,2.17,6.6,0.4907,0.126,0.3833,,,False,False,False,False,,Uptrend,Buyers,1193.79,1164.57,Bullish,0,0,0,0,0,0,1,0,Uptrend,No Reversal,No Context,No
2022-12-20,1191.33,1209.96,1211.9,1184.21,1192.47,7467588,17.49,27.69,1.94,8.26,0.6316,0.0701,0.2983,,,False,False,False,False,,Uptrend,Buyers,1194.42,1165.02,Bullish,0,0,0,0,0,0,0,0,Uptrend,No Reversal,No Context,No
2022-12-21,1174.39,1192.75,1215.13,1188.87,1209.59,8527550,16.84,26.26,5.54,3.88,0.6413,0.211,0.1478,,,False,False,False,False,,Uptrend,Buyers,1194.35,1165.3,Bullish,0,0,0,0,0,0,0,0,Uptrend,No Reversal,No Context,No
2022-12-22,1171.34,1189.65,1202.05,1184.55,1198.98,7451122,9.33,17.5,3.07,5.1,0.5331,0.1754,0.2914,,,False,False,False,False,,Uptrend,Buyers,1194.17,1165.54,Bullish,0,0,0,0,0,0,0,1,Uptrend,No Reversal,Bearish Pattern in Uptrend,No
2022-12-23,1136.99,1154.76,1195.52,1150.17,1182.96,10257115,28.2,45.35,12.56,4.59,0.6218,0.277,0.1012,,1150.17,False,False,False,True,LL,Downtrend,Sellers,1192.62,1165.44,Bullish,0,0,0,0,0,0,0,0,Uptrend,Bearish Reversal,No Context,No
2022-12-26,1146.92,1164.85,1173.13,1150.24,1160.56,5990242,4.29,22.89,8.28,10.32,0.1874,0.3617,0.4509,,,False,False,False,False,,Downtrend,Sellers,1191.54,1165.43,Bullish,0,0,0,0,0,0,0,0,Downtrend,No Reversal,No Context,No
2022-12-27,1156.3,1174.38,1176.27,1160.79,1167.59,5763271,6.79,15.48,1.89,6.8,0.4386,0.1221,0.4393,,,False,False,False,False,,Downtrend,Sellers,1190.86,1165.52,Bullish,0,0,0,0,0,0,1,0,Downtrend,No Reversal,Bullish Pattern in Downtrend,No
2022-12-28,1156.19,1174.26,1176.73,1163.67,1171.29,7459393,2.97,13.06,2.47,7.62,0.2274,0.1891,0.5835,,,False,False,False,False,,Downtrend,Sellers,1190.21,1165.61,Bullish,1,0,0,0,0,0,0,0,Downtrend,No Reversal,Bullish Pattern in Downtrend,No
2022-12-29,1155.66,1173.73,1176.32,1165.52,1166.21,6930648,7.52,10.8,2.59,0.69,0.6963,0.2398,0.0639,,,False,False,False,False,,Downtrend,Sellers,1189.57,1165.69,Bullish,0,0,0,0,0,0,0,0,Downtrend,No Reversal,No Context,No
2022-12-30,1157.44,1175.53,1189.29,1172.72,1174.56,7289476,0.97,16.57,13.76,1.84,0.0585,0.8304,0.111,,,False,False,False,False,,Downtrend,Sellers,1189.02,1165.78,Bullish,0,0,1,0,0,0,0,0,Downtrend,No Reversal,Market Indecision,No
2023-01-02,1170.48,1188.78,1190.21,1175.99,1176.82,5316175,11.96,14.22,1.43,0.83,0.8411,0.1006,0.0584,,,False,False,False,False,,Downtrend,Sellers,1189.01,1166.01,Bullish,0,0,0,0,0,0,0,0,Downtrend,No Reversal,No Context,No
2023-01-03,1161.91,1180.08,1187.44,1175.81,1183.77,7658932,3.69,11.63,3.67,4.27,0.3173,0.3156,0.3672,,,False,False,False,False,,Downtrend,Sellers,1188.66,1166.15,Bullish,0,0,0,0,0,0,0,0,Downtrend,No Reversal,No Context,No
2023-01-04,1144.42,1162.31,1181.92,1160.21,1180.06,9264891,17.75,21.71,1.86,2.1,0.8176,0.0857,0.0967,,,False,False,False,False,,Downtrend,Sellers,1187.62,1166.12,Bullish,0,0,0,0,0,0,0,1,Downtrend,No Reversal,No Context,No
2023-01-05,1142.37,1160.23,1170.55,1155.6,1164.59,13637099,4.36,14.95,5.96,4.63,0.2916,0.3987,0.3097,,,False,False,False,False,,Downtrend,Sellers,1186.55,1166.06,Bullish,0,0,0,0,0,0,0,0,Downtrend,No Reversal,No Context,No
2023-01-06,1152.76,1170.78,1175.88,1162.2,1166.05,6349597,4.73,13.68,5.1,3.85,0.3458,0.3728,0.2814,,,False,False,False,False,,Downtrend,Sellers,1185.93,1166.1,Bullish,0,0,0,0,0,0,1,0,Downtrend,No Reversal,Bullish Pattern in Downtrend,No
2023-01-09,1179.97,1198.42,1200.82,1173.76,1174.66,10722753,23.76,27.06,2.4,0.9,0.878,0.0887,0.0333,,,False,False,False,False,,Downtrend,Sellers,1186.42,1166.43,Bullish,0,0,0,0,0,0,0,0,Downtrend,No Reversal,No Context,No
2023-01-10,1162.53,1180.7,1202.67,1174.98,1202.67,8047142,21.97,27.69,0.0,5.72,0.7934,0.0,0.2066,1202.67,,False,False,True,False,LH,Downtrend,Sellers,1186.2,1166.57,Bullish,0,0,0,0,0,0,0,0,Downtrend,No Reversal,No Context,No
2023-01-11,1147.87,1165.82,1180.52,1163.49,1177.98,11509553,12.16,17.03,2.54,2.33,0.714,0.1491,0.1368,,,False,False,False,False,,Downtrend,Sellers,1185.4,1166.56,Bullish,0,0,0,0,0,0,0,1,Downtrend,No Reversal,No Context,No
2023-01-12,1123.08,1140.64,1168.75,1137.6,1165.22,17688773,24.58,31.15,3.53,3.04,0.7891,0.1133,0.0976,,,False,False,False,False,,Downtrend,Sellers,1183.64,1166.3,Bullish,0,0,0,0,0,0,0,0,Downtrend,No Reversal,No Context,No
2023-01-13,1121.27,1138.8,1141.24,1123.57,1134.55,20618583,4.25,17.67,2.44,10.98,0.2405,0.1381,0.6214,,,False,False,False,False,,Downtrend,Sellers,1181.88,1166.03,Bullish,1,0,0,0,0,0,0,0,Downtrend,No Reversal,Bullish Pattern in Downtrend,No
2023-01-16,1110.59,1127.95,1144.36,1120.06,1141.15,13623855,13.2,24.3,3.21,7.89,0.5432,0.1321,0.3247,,,False,False,False,False,,Downtrend,Sellers,1179.77,1165.65,Bullish,0,0,0,0,1,0,0,0,Downtrend,No Reversal,No Context,No
2023-01-17,1126.36,1143.97,1145.9,1130.95,1134.37,10751000,9.6,14.95,1.93,3.42,0.6421,0.1291,0.2288,,,False,False,False,False,,Downtrend,Sellers,1178.36,1165.43,Bullish,0,0,0,0,0,0,0,0,Downtrend,No Reversal,No Context,No
2023-01-18,1124.49,1142.07,1149.64,1135.45,1141.52,13448286,0.55,14.19,7.57,6.07,0.0388,0.5335,0.4278,,,False,False,False,False,,Downtrend,Sellers,1176.94,1165.2,Bullish,0,0,1,0,0,0,1,0,Downtrend,No Reversal,Market Indecision,No
2023-01-19,1123.29,1140.85,1145.05,1133.74,1141.24,11940054,0.39,11.31,3.81,7.11,0.0345,0.3369,0.6286,,,False,False,False,False,,Downtrend,Sellers,1175.53,1164.96,Bullish,0,0,1,0,0,0,0,1,Downtrend,No Reversal,Market Indecision,No
2023-01-20,1109.93,1127.28,1142.21,1124.79,1142.21,14930286,14.93,17.42,0.0,2.49,0.8571,0.0,0.1429,,,False,False,False,False,,Downtrend,Sellers,1173.63,1164.58,Bullish,0,0,0,0,0,0,0,1,Downtrend,No Reversal,No Context,No
2023-01-23,1104.32,1121.58,1138.15,1119.14,1130.21,10954118,8.63,19.01,7.94,2.44,0.454,0.4177,0.1284,,,False,False,False,False,,Downtrend,Sellers,1171.59,1164.16,Bullish,0,0,0,0,0,0,0,0,Downtrend,No Reversal,No Context,No
2023-01-24,1097.8,1114.96,1127.74,1101.76,1126.06,16488755,11.1,25.98,1.68,13.2,0.4273,0.0647,0.5081,,,False,False,False,False,,Downtrend,Sellers,1169.37,1163.67,Bullish,0,0,0,0,0,0,0,0,Downtrend,No Reversal,No Context,No
2023-01-25,1082.62,1099.55,1114.38,1098.37,1113.35,12385018,13.8,16.01,1.03,1.18,0.862,0.0643,0.0737,,,False,False,False,False,,Downtrend,Sellers,1166.63,1163.03,Bullish,0,0,0,0,0,0,0,0,Downtrend,No Reversal,No Context,No
2023-01-27,1062.08,1078.69,1101.76,1066.83,1100.4,25830975,21.71,34.93,1.36,11.86,0.6215,0.0389,0.3395,,,False,False,False,False,,Downtrend,Sellers,1163.18,1162.19,Bullish,0,0,0,0,0,0,0,0,Downtrend,No Reversal,No Context,No
2023-01-30,1072.26,1089.02,1094.63,1061.91,1076.08,21772103,12.94,32.72,5.61,14.17,0.3955,0.1715,0.4331,,,False,False,False,False,,Downtrend,Sellers,1160.28,1161.46,Bearish,0,0,0,0,0,0,0,0,Downtrend,No Reversal,No Context,No
2023-01-31,1069.58,1086.3,1101.9,1080.37,1099.29,22691594,12.99,21.53,2.61,5.93,0.6033,0.1212,0.2754,,,False,False,False,False,,Downtrend,Sellers,1157.37,1160.71,Bearish,0,0,0,0,0,0,0,0,Downtrend,No Reversal,No Context,No
2023-02-01,1063.24,1079.86,1098.35,1063.76,1098.35,19347800,18.49,34.59,0.0,16.1,0.5345,0.0,0.4655,,,False,False,False,False,,Downtrend,Sellers,1154.34,1159.91,Bearish,0,0,0,0,0,0,0,0,Downtrend,No Reversal,No Context,No
2023-02-02,1057.36,1073.89,1083.6,1066.53,1069.76,13662663,4.13,17.07,9.71,3.23,0.2419,0.5688,0.1892,,,False,False,False,False,,Downtrend,Sellers,1151.18,1159.05,Bearish,0,1,0,0,0,0,0,0,Downtrend,No Reversal,Bullish Pattern in Downtrend,No
2023-02-03,1058.29,1074.83,1084.06,1058.22,1084.06,24699575,9.23,25.84,0.0,16.61,0.3572,0.0,0.6428,,1058.22,False,False,False,True,LL,Downtrend,Sellers,1148.19,1158.21,Bearish,0,0,0,0,0,0,0,0,Downtrend,No Reversal,No Context,No
2023-02-06,1050.31,1066.73,1071.14,1064.13,1068.37,14837879,1.64,7.01,2.77,2.6,0.234,0.3951,0.3709,,,False,False,False,False,,Downtrend,Sellers,1144.99,1157.3,Bearish,0,0,0,0,0,0,0,0,Downtrend,No Reversal,No Context,No
2023-02-07,1047.79,1064.17,1074.09,1058.22,1066.99,15135435,2.82,15.87,7.1,5.95,0.1777,0.4474,0.3749,,,False,False,False,False,,Downtrend,Sellers,1141.82,1156.38,Bearish,0,0,0,0,0,0,0,0,Downtrend,No Reversal,No Context,No
2023-02-08,1068.72,1085.42,1089.09,1064.68,1067.45,21160332,17.97,24.41,3.67,2.77,0.7362,0.1503,0.1135,,,False,False,False,False,,Downtrend,Sellers,1139.61,1155.67,Bearish,0,0,0,0,0,0,0,0,Downtrend,No Reversal,No Context,No
2023-02-09,1070.58,1087.32,1094.15,1077.14,1086.12,13172763,1.2,17.01,6.83,8.98,0.0705,0.4015,0.5279,,,False,False,False,False,,Downtrend,Sellers,1137.56,1154.99,Bearish,0,0,1,0,0,0,0,0,Downtrend,No Reversal,Market Indecision,No
2023-02-10,1061.76,1078.36,1086.79,1071.28,1086.79,10790445,8.43,15.51,0.0,7.08,0.5435,0.0,0.4565,,,False,False,False,False,,Downtrend,Sellers,1135.24,1154.23,Bearish,0,0,0,0,0,0,0,1,Downtrend,No Reversal,No Context,No
2023-02-13,1055.72,1072.23,1084.52,1067.7,1080.0,10352493,7.77,16.82,4.52,4.53,0.462,0.2687,0.2693,,,False,False,False,False,,Downtrend,Sellers,1132.77,1153.41,Bearish,0,0,0,0,0,0,0,0,Downtrend,No Reversal,No Context,No
2023-02-14,1080.6,1097.49,1099.25,1072.36,1075.27,14321920,22.22,26.89,1.76,2.91,0.8263,0.0655,0.1082,,,False,False,False,False,,Downtrend,Sellers,1131.38,1152.86,Bearish,0,0,0,0,0,0,1,0,Downtrend,No Reversal,Bullish Pattern in Downtrend,No
2023-02-15,1105.07,1122.34,1124.77,1095.14,1096.52,33503591,25.82,29.63,2.43,1.38,0.8714,0.082,0.0466,,,False,False,False,False,,Downtrend,Sellers,1131.03,1152.55,Bearish,0,0,0,0,0,0,0,0,Downtrend,No Reversal,No Context,No
2023-02-16,1104.2,1121.47,1137.04,1119.16,1130.42,17264487,8.95,17.88,6.62,2.31,0.5006,0.3702,0.1292,1137.04,,False,False,True,False,LH,Downtrend,Sellers,1130.65,1152.24,Bearish,0,0,0,0,0,0,0,0,Downtrend,No Reversal,No Context,No
2023-02-17,1108.82,1126.15,1129.52,1112.49,1116.83,11809520,9.32,17.03,3.37,4.34,0.5473,0.1979,0.2548,,,False,False,False,False,,Downtrend,Sellers,1130.48,1151.98,Bearish,0,0,0,0,0,0,0,0,Downtrend,No Reversal,No Context,No
2023-02-20,1097.09,1114.25,1130.56,1112.26,1128.37,8836937,14.12,18.3,2.19,1.99,0.7716,0.1197,0.1087,,,False,False,False,False,,Downtrend,Sellers,1129.84,1151.61,Bearish,0,0,0,0,1,0,0,0,Downtrend,No Reversal,No Context,No
2023-02-21,1106.04,1123.34,1129.2,1113.3,1118.68,13311592,4.66,15.9,5.86,5.38,0.2931,0.3686,0.3384,,,False,False,False,False,,Downtrend,Sellers,1129.59,1151.33,Bearish,0,0,0,0,0,0,0,0,Downtrend,No Reversal,No Context,No
2023-02-22,1080.96,1097.86,1121.44,1096.09,1119.58,11024335,21.72,25.35,1.86,1.77,0.8568,0.0734,0.0698,,,False,False,False,False,,Downtrend,Sellers,1128.34,1150.8,Bearish,0,0,0,0,0,0,0,0,Downtrend,No Reversal,No Context,No
2023-02-23,1075.78,1092.6,1105.18,1089.76,1097.45,9851910,4.85,15.42,7.73,2.84,0.3145,0.5013,0.1842,,,False,False,False,False,,Downtrend,Sellers,1126.94,1150.22,Bearish,0,0,0,0,0,0,0,0,Downtrend,No Reversal,No Context,No
2023-02-24,1083.14,1100.08,1105.82,1092.83,1094.68,9434053,5.4,12.99,5.74,1.85,0.4157,0.4419,0.1424,,,False,False,False,False,,Downtrend,Sellers,1125.89,1149.72,Bearish,0,0,0,0,0,0,1,0,Downtrend,No Reversal,Bullish Pattern in Downtrend,No
2023-02-27,1075.94,1092.76,1102.82,1085.31,1099.29,11199715,6.53,17.51,3.53,7.45,0.3729,0.2016,0.4255,,,False,False,False,False,,Downtrend,Sellers,1124.59,1149.15,Bearish,0,0,0,0,0,0,0,0,Downtrend,No Reversal,No Context,No
2023-02-28,1055.36,1071.86,1092.37,1067.75,1087.34,21994038,15.48,24.62,5.03,4.11,0.6288,0.2043,0.1669,,1067.75,False,True,False,False,HL,Uptrend,Buyers,1122.52,1148.38,Bearish,0,0,0,0,0,0,0,0,Downtrend,Bullish Reversal,No Context,No
2023-03-01,1065.06,1081.71,1082.45,1072.18,1081.76,11551145,0.05,10.27,0.69,9.53,0.0049,0.0672,0.9279,,,False,False,False,False,,Uptrend,Buyers,1120.92,1147.72,Bearish,0,0,1,0,0,0,0,0,Uptrend,No Reversal,Market Indecision,No
2023-03-02,1056.95,1073.47,1085.29,1071.42,1078.53,9333535,5.06,13.87,6.76,2.05,0.3648,0.4874,0.1478,,,False,False,False,False,,Uptrend,Buyers,1119.06,1146.98,Bearish,0,0,0,0,0,0,0,0,Uptrend,No Reversal,No Context,No
2023-03-03,1083.92,1100.86,1104.58,1080.62,1084.13,14643807,16.73,23.96,3.72,3.51,0.6982,0.1553,0.1465,,,False,False,False,False,,Uptrend,Buyers,1118.35,1146.52,Bearish,0,0,0,0,0,0,0,0,Uptrend,No Reversal,No Context,No
2023-03-06,1094.5,1111.61,1118.95,1107.6,1107.6,10171916,4.01,11.35,7.34,0.0,0.3533,0.6467,0.0,1118.95,,False,False,True,False,LH,Downtrend,Sellers,1118.08,1146.17,Bearish,0,0,0,0,0,0,0,0,Uptrend,Bearish Reversal,No Context,No
2023-03-08,1098.43,1115.61,1116.37,1100.68,1111.61,15782657,4.0,15.69,0.76,10.93,0.2549,0.0484,0.6966,,,False,False,False,False,,Downtrend,Sellers,1117.98,1145.87,Bearish,1,0,0,0,0,0,0,0,Downtrend,No Reversal,Bullish Pattern in Downtrend,No
2023-03-09,1072.03,1088.79,1115.4,1086.88,1114.98,16235128,26.19,28.52,0.42,1.91,0.9183,0.0147,0.067,,,False,False,False,False,,Downtrend,Sellers,1116.84,1145.3,Bearish,0,0,0,0,0,0,0,1,Downtrend,No Reversal,No Context,No
2023-03-10,1055.42,1071.93,1081.76,1068.4,1080.6,13334091,8.67,13.36,1.16,3.53,0.649,0.0868,0.2642,,,False,False,False,False,,Downtrend,Sellers,1115.08,1144.57,Bearish,0,0,0,0,0,0,0,0,Downtrend,No Reversal,No Context,No
2023-03-13,1038.07,1054.3,1081.76,1049.91,1074.83,12771592,20.53,31.85,6.93,4.39,0.6446,0.2176,0.1378,,,False,False,False,False,,Downtrend,Sellers,1112.69,1143.67,Bearish,0,0,0,0,0,0,0,0,Downtrend,No Reversal,No Context,No
2023-03-14,1034.18,1050.35,1063.73,1047.17,1052.22,16027522,1.87,16.56,11.51,3.18,0.1129,0.695,0.192,,,False,False,False,False,,Downtrend,Sellers,1110.25,1142.74,Bearish,0,0,0,0,0,0,0,0,Downtrend,No Reversal,No Context,No
2023-03-15,1016.51,1032.4,1060.67,1027.94,1054.11,21728555,21.71,32.73,6.56,4.46,0.6633,0.2004,0.1363,,,False,False,False,False,,Downtrend,Sellers,1107.2,1141.65,Bearish,0,0,0,0,0,0,0,0,Downtrend,No Reversal,No Context,No
2023-03-16,1011.44,1027.25,1040.22,1016.31,1035.14,18363159,7.89,23.91,5.08,10.94,0.33,0.2125,0.4575,,,False,False,False,False,,Downtrend,Sellers,1104.06,1140.51,Bearish,0,0,0,0,0,0,0,0,Downtrend,No Reversal,No Context,No
2023-03-17,1010.17,1025.96,1039.27,1021.16,1035.95,34014213,9.99,18.11,3.32,4.8,0.5516,0.1833,0.265,,,False,False,False,False,,Downtrend,Sellers,1101.0,1139.37,Bearish,0,0,0,0,0,0,0,0,Downtrend,No Reversal,No Context,No
2023-03-20,1000.24,1015.88,1024.53,1006.07,1022.22,19524589,6.34,18.46,2.31,9.81,0.3434,0.1251,0.5314,,1006.07,False,False,False,True,LL,Downtrend,Sellers,1097.66,1138.14,Bearish,0,0,0,0,0,0,0,0,Downtrend,No Reversal,No Context,No
2023-03-21,1031.34,1047.47,1049.45,1023.15,1024.05,21400360,23.42,26.3,1.98,0.9,0.8905,0.0753,0.0342,,,False,False,False,False,,Downtrend,Sellers,1095.69,1137.24,Bearish,0,0,0,0,0,0,1,0,Downtrend,No Reversal,Bullish Pattern in Downtrend,No
2023-03-22,1034.48,1050.65,1057.5,1047.6,1054.53,10920094,3.88,9.9,2.97,3.05,0.3919,0.3,0.3081,,,False,False,False,False,,Downtrend,Sellers,1093.93,1136.38,Bearish,0,0,0,0,0,0,0,0,Downtrend,No Reversal,No Context,No
2023-03-23,1021.39,1037.36,1047.56,1035.17,1046.68,16249370,9.32,12.39,0.88,2.19,0.7522,0.071,0.1768,,,False,False,False,False,,Downtrend,Sellers,1091.71,1135.39,Bearish,0,0,0,0,0,0,0,1,Downtrend,No Reversal,No Context,No
2023-03-24,1001.17,1016.82,1038.37,1014.38,1036.18,12375945,19.36,23.99,2.19,2.44,0.807,0.0913,0.1017,,,False,False,False,False,,Downtrend,Sellers,1088.77,1134.21,Bearish,0,0,0,0,0,0,0,0,Downtrend,No Reversal,No Context,No
2023-03-27,1016.73,1032.63,1040.22,1015.39,1023.38,14054323,9.25,24.83,7.59,7.99,0.3725,0.3057,0.3218,,,False,False,False,False,,Downtrend,Sellers,1086.57,1133.2,Bearish,0,0,0,0,0,0,0,0,Downtrend,No Reversal,No Context,No
2023-03-28,1021.48,1037.45,1041.37,1032.38,1036.07,12576424,1.38,8.99,3.92,3.69,0.1535,0.436,0.4105,,,False,False,False,False,,Downtrend,Sellers,1084.64,1132.25,Bearish,0,0,0,0,0,0,1,0,Downtrend,No Reversal,Bullish Pattern in Downtrend,No
2023-03-29,1015.44,1031.31,1035.97,1020.42,1033.3,18804065,1.99,15.55,2.67,10.89,0.128,0.1717,0.7003,,,False,False,False,False,,Downtrend,Sellers,1082.55,1131.24,Bearish,0,0,0,0,0,0,0,1,Downtrend,No Reversal,No Context,No
2023-03-31,1059.22,1075.78,1081.5,1040.54,1040.68,28171201,35.1,40.96,5.72,0.14,0.8569,0.1396,0.0034,,,False,False,False,False,,Downtrend,Sellers,1082.29,1130.69,Bearish,0,0,0,0,0,0,0,0,Downtrend,No Reversal,No Context,No
2023-04-03,1059.4,1075.96,1084.06,1068.37,1082.22,10293043,6.26,15.69,1.84,7.59,0.399,0.1173,0.4837,,,False,False,False,False,,Downtrend,Sellers,1082.04,1130.15,Bearish,0,0,0,0,0,0,0,0,Downtrend,No Reversal,No Context,No
2023-04-05,1056.86,1073.38,1083.6,1065.4,1083.6,16262928,10.22,18.2,0.0,7.98,0.5615,0.0,0.4385,,,False,False,False,False,,Downtrend,Sellers,1081.7,1129.58,Bearish,0,0,0,0,0,0,0,1,Downtrend,No Reversal,No Context,No
2023-04-06,1063.94,1080.58,1086.37,1069.83,1069.83,18435046,10.75,16.54,5.79,0.0,0.6499,0.3501,0.0,,,False,False,False,False,,Downtrend,Sellers,1081.65,1129.09,Bearish,0,0,0,0,0,0,0,0,Downtrend,No Reversal,No Context,No
2023-04-10,1056.4,1072.92,1084.71,1071.39,1084.52,12961408,11.6,13.32,0.19,1.53,0.8709,0.0143,0.1149,,,False,False,False,False,,Downtrend,Sellers,1081.31,1128.54,Bearish,0,0,0,0,0,0,0,0,Downtrend,No Reversal,No Context,No
2023-04-11,1061.63,1078.23,1080.37,1072.55,1077.14,10542367,1.09,7.82,2.14,4.59,0.1394,0.2737,0.587,,,False,False,False,False,,Downtrend,Sellers,1081.19,1128.03,Bearish,0,0,0,0,0,0,0,0,Downtrend,No Reversal,No Context,No
2023-04-12,1066.31,1082.98,1092.74,1075.32,1078.23,18179087,4.75,17.42,9.76,2.91,0.2727,0.5603,0.167,,,False,False,False,False,,Downtrend,Sellers,1081.26,1127.59,Bearish,0,1,0,0,0,0,1,0,Downtrend,No Reversal,Bullish Pattern in Downtrend,No
2023-04-13,1070.33,1087.06,1091.82,1080.83,1085.91,12378208,1.15,10.99,4.76,5.08,0.1046,0.4331,0.4622,,,False,False,False,False,,Downtrend,Sellers,1081.49,1127.18,Bearish,0,0,0,0,0,0,0,0,Downtrend,No Reversal,No Context,No
2023-04-17,1075.76,1092.58,1119.11,1084.09,1119.11,17929479,26.53,35.02,0.0,8.49,0.7576,0.0,0.2424,1119.11,,True,False,False,False,HH,Uptrend,Buyers,1081.92,1126.84,Bearish,0,0,0,0,0,0,0,1,Downtrend,Bullish Reversal,No Context,No
2023-04-18,1063.44,1080.07,1096.99,1073.45,1096.99,10405576,16.92,23.54,0.0,6.62,0.7188,0.0,0.2812,,,False,False,False,False,,Uptrend,Buyers,1081.85,1126.37,Bearish,0,0,0,0,0,0,0,0,Uptrend,No Reversal,No Context,No
2023-04-19,1068.74,1085.45,1088.17,1076.31,1079.47,12273475,5.98,11.86,2.72,3.16,0.5042,0.2293,0.2664,,,False,False,False,False,,Uptrend,Buyers,1081.99,1125.97,Bearish,0,0,0,0,0,0,1,0,Uptrend,No Reversal,No Context,No
2023-04-20,1066.03,1082.7,1088.68,1076.26,1086.42,7007330,3.72,12.42,2.26,6.44,0.2995,0.182,0.5185,,,False,False,False,False,,Uptrend,Buyers,1082.02,1125.54,Bearish,0,0,0,0,0,0,0,0,Uptrend,No Reversal,No Context,No
2023-04-21,1067.38,1084.06,1089.6,1078.25,1084.82,7647317,0.76,11.35,4.78,5.81,0.067,0.4211,0.5119,,,False,False,False,False,,Uptrend,Buyers,1082.1,1125.12,Bearish,0,0,1,0,0,0,0,1,Uptrend,No Reversal,Market Indecision,No
2023-04-24,1071.47,1088.22,1098.78,1083.6,1096.06,12936186,7.84,15.18,2.72,4.62,0.5165,0.1792,0.3043,,,False,False,False,False,,Uptrend,Buyers,1082.34,1124.76,Bearish,0,0,0,0,0,0,0,0,Uptrend,No Reversal,No Context,No
2023-04-25,1079.67,1096.55,1098.65,1084.76,1091.91,9236126,4.64,13.89,2.1,7.15,0.3341,0.1512,0.5148,,,False,False,False,False,,Uptrend,Buyers,1082.9,1124.48,Bearish,0,0,0,0,0,0,0,0,Uptrend,No Reversal,No Context,No
2023-04-26,1073.33,1090.11,1101.18,1086.39,1097.91,8617834,7.8,14.79,3.27,3.72,0.5274,0.2211,0.2515,,,False,False,False,False,,Uptrend,Buyers,1083.18,1124.13,Bearish,0,0,0,0,1,0,0,0,Uptrend,No Reversal,Bearish Pattern in Uptrend,No
2023-04-27,1080.12,1097.01,1100.22,1090.99,1096.06,9167125,0.95,9.23,3.21,5.07,0.1029,0.3478,0.5493,,,False,False,False,False,,Uptrend,Buyers,1083.72,1123.86,Bearish,0,0,0,0,0,0,0,0,Uptrend,No Reversal,No Context,No
2023-04-28,1099.86,1117.06,1118.63,1099.18,1099.29,15565210,17.77,19.45,1.57,0.11,0.9136,0.0807,0.0057,,,False,False,False,False,,Uptrend,Buyers,1085.03,1123.8,Bearish,0,0,0,0,0,0,1,0,Uptrend,No Reversal,No Context,No
2023-05-02,1109.2,1126.54,1128.74,1120.57,1124.31,12981805,2.23,8.17,2.2,3.74,0.2729,0.2693,0.4578,,,False,False,False,False,,Uptrend,Buyers,1086.66,1123.82,Bearish,0,0,0,0,0,0,0,0,Uptrend,No Reversal,No Context,No
2023-05-03,1099.68,1116.88,1128.37,1113.62,1128.37,7061872,11.49,14.75,0.0,3.26,0.779,0.0,0.221,,,False,False,False,False,,Uptrend,Buyers,1087.84,1123.75,Bearish,0,0,0,0,1,0,0,1,Uptrend,No Reversal,Bearish Pattern in Uptrend,No
2023-05-04,1112.36,1129.75,1131.99,1114.34,1117.36,8635233,12.39,17.65,2.24,3.02,0.702,0.1269,0.1711,,,False,False,False,False,,Uptrend,Buyers,1089.49,1123.81,Bearish,0,0,0,0,0,0,0,0,Uptrend,No Reversal,No Context,No
2023-05-05,1109.52,1126.87,1135.91,1124.21,1126.52,8746585,0.35,11.7,9.04,2.31,0.0299,0.7726,0.1974,,,False,False,False,False,,Uptrend,Buyers,1090.95,1123.84,Bearish,0,0,1,0,0,0,0,0,Uptrend,No Reversal,Market Indecision,No
2023-05-08,1123.22,1140.78,1146.2,1127.97,1130.67,9153782,10.11,18.23,5.42,2.7,0.5546,0.2973,0.1481,,,False,False,False,False,,Uptrend,Buyers,1092.91,1124.01,Bearish,0,0,0,0,0,0,0,0,Uptrend,No Reversal,No Context,No
2023-05-09,1126.7,1144.31,1147.66,1136.79,1142.21,6464721,2.1,10.87,3.35,5.42,0.1932,0.3082,0.4986,,,False,False,False,False,,Uptrend,Buyers,1094.92,1124.21,Bearish,0,0,0,0,0,0,0,0,Uptrend,No Reversal,No Context,No
2023-05-10,1134.44,1152.18,1153.68,1145.07,1149.13,10872255,3.05,8.61,1.5,4.06,0.3542,0.1742,0.4715,,,False,False,False,False,,Uptrend,Buyers,1097.17,1124.49,Bearish,0,0,0,0,0,0,0,0,Uptrend,No Reversal,No Context,No
2023-05-11,1127.04,1144.66,1158.13,1142.93,1153.27,10557860,8.61,15.2,4.86,1.73,0.5664,0.3197,0.1138,1158.13,,True,False,False,False,HH,Uptrend,Buyers,1099.03,1124.69,Bearish,0,0,0,0,1,0,0,0,Uptrend,No Reversal,Bearish Pattern in Uptrend,No
2023-05-12,1128.88,1146.53,1147.93,1133.67,1139.81,6955341,6.72,14.26,1.4,6.14,0.4712,0.0982,0.4306,,,False,False,False,False,,Uptrend,Buyers,1100.89,1124.91,Bearish,0,0,0,0,0,0,0,0,Uptrend,No Reversal,No Context,No
2023-05-15,1131.1,1148.79,1155.85,1141.36,1149.09,6833343,0.3,14.49,6.76,7.43,0.0207,0.4665,0.5128,,,False,False,False,False,,Uptrend,Buyers,1102.77,1125.15,Bearish,0,0,1,0,0,0,0,0,Uptrend,No Reversal,Market Indecision,No
2023-05-16,1115.0,1132.43,1153.56,1130.74,1150.98,8717229,18.55,22.82,2.58,1.69,0.8129,0.1131,0.0741,,,False,False,False,False,,Uptrend,Buyers,1103.93,1125.22,Bearish,0,0,0,0,0,0,0,1,Uptrend,No Reversal,Bearish Pattern in Uptrend,No
2023-05-17,1108.41,1125.74,1137.6,1120.98,1136.67,8798967,10.93,16.62,0.93,4.76,0.6576,0.056,0.2864,,,False,False,False,False,,Uptrend,Buyers,1104.79,1125.23,Bearish,0,0,0,0,0,0,0,0,Uptrend,No Reversal,No Context,No
2023-05-18,1106.02,1123.31,1133.91,1120.13,1130.47,10525531,7.16,13.78,3.44,3.18,0.5196,0.2496,0.2308,,,False,False,False,False,,Uptrend,Buyers,1105.52,1125.21,Bearish,0,0,0,0,0,0,0,0,Uptrend,No Reversal,No Context,No
2023-05-19,1109.61,1126.96,1128.81,1116.3,1123.31,8050447,3.65,12.51,1.85,7.01,0.2918,0.1479,0.5604,,,False,False,False,False,,Uptrend,Buyers,1106.36,1125.22,Bearish,0,0,0,0,0,0,1,0,Uptrend,No Reversal,No Context,No
2023-05-22,1115.54,1132.98,1138.06,1122.53,1123.75,7434906,9.23,15.53,5.08,1.22,0.5943,0.3271,0.0786,,,False,False,False,False,,Uptrend,Buyers,1107.4,1125.3,Bearish,0,0,0,0,0,0,1,0,Uptrend,No Reversal,No Context,No
2023-05-23,1115.34,1132.77,1138.98,1131.34,1135.59,6092034,2.82,7.64,3.39,1.43,0.3691,0.4437,0.1872,,,False,False,False,False,,Uptrend,Buyers,1108.4,1125.38,Bearish,0,0,0,0,0,0,0,0,Uptrend,No Reversal,No Context,No
2023-05-24,1108.84,1126.17,1137.14,1123.04,1128.78,8112254,2.61,14.1,8.36,3.13,0.1851,0.5929,0.222,,,False,False,False,False,,Uptrend,Buyers,1109.09,1125.38,Bearish,0,0,0,0,0,0,0,1,Uptrend,No Reversal,Bearish Pattern in Uptrend,No
2023-05-25,1108.7,1126.04,1130.21,1115.01,1123.24,11487863,2.8,15.2,4.17,8.23,0.1842,0.2743,0.5414,,1115.01,False,True,False,False,HL,Uptrend,Buyers,1109.76,1125.39,Bearish,0,0,0,0,0,0,1,0,Uptrend,No Reversal,No Context,No
2023-05-26,1138.94,1156.75,1157.9,1131.02,1134.37,12626260,22.38,26.88,1.15,3.35,0.8326,0.0428,0.1246,,,False,False,False,False,,Uptrend,Buyers,1111.6,1125.7,Bearish,0,0,0,0,0,0,0,0,Uptrend,No Reversal,No Context,No
2023-05-29,1145.35,1163.26,1167.59,1157.07,1163.44,10010304,0.18,10.52,4.15,6.19,0.0171,0.3945,0.5884,,,False,False,False,False,,Uptrend,Buyers,1113.63,1126.08,Bearish,0,0,1,0,0,0,0,0,Uptrend,No Reversal,Market Indecision,No
2023-05-30,1145.05,1162.96,1171.15,1160.37,1163.26,11342504,0.3,10.78,7.89,2.59,0.0278,0.7319,0.2403,1171.15,,True,False,False,False,HH,Uptrend,Buyers,1115.56,1126.44,Bearish,0,0,1,0,0,0,0,1,Uptrend,No Reversal,Market Indecision,No
2023-05-31,1122.31,1139.86,1158.3,1135.75,1153.75,27107927,13.89,22.55,4.55,4.11,0.616,0.2018,0.1823,,,False,False,False,False,,Uptrend,Buyers,1116.51,1126.58,Bearish,0,0,0,0,0,0,0,0,Uptrend,No Reversal,No Context,No
2023-06-01,1119.29,1136.79,1146.78,1134.37,1144.59,14592692,7.8,12.41,2.19,2.42,0.6285,0.1765,0.195,,,False,False,False,False,,Uptrend,Buyers,1117.31,1126.68,Bearish,0,0,0,0,0,0,0,0,Uptrend,No Reversal,No Context,No
2023-06-02,1115.63,1133.07,1145.83,1131.14,1140.37,15800644,7.3,14.69,5.46,1.93,0.4969,0.3717,0.1314,,,False,False,False,False,,Uptrend,Buyers,1117.93,1126.74,Bearish,0,0,0,0,0,0,0,0,Uptrend,No Reversal,No Context,No
2023-06-05,1125.65,1143.25,1146.25,1134.57,1138.61,10908682,4.64,11.68,3.0,4.04,0.3973,0.2568,0.3459,,,False,False,False,False,,Uptrend,Buyers,1118.92,1126.91,Bearish,0,0,0,0,0,0,1,0,Uptrend,No Reversal,No Context,No
2023-06-06,1126.61,1144.22,1148.07,1136.21,1146.11,7493309,1.89,11.86,1.96,8.01,0.1594,0.1653,0.6754,,,False,False,False,False,,Uptrend,Buyers,1119.91,1127.08,Bearish,0,0,0,0,0,0,0,0,Uptrend,No Reversal,No Context,No
2023-06-07,1135.15,1152.9,1153.75,1141.1,1147.75,10312545,5.15,12.65,0.85,6.65,0.4071,0.0672,0.5257,,,False,False,False,False,,Uptrend,Buyers,1121.21,1127.34,Bearish,0,0,0,0,0,0,0,0,Uptrend,No Reversal,No Context,No
2023-06-08,1135.83,1153.59,1161.53,1149.6,1156.52,12071109,2.93,11.93,5.01,3.99,0.2456,0.4199,0.3345,,,False,False,False,False,,Uptrend,Buyers,1122.48,1127.6,Bearish,0,0,0,0,0,0,0,0,Uptrend,No Reversal,No Context,No
2023-06-09,1127.79,1145.42,1157.7,1143.6,1156.98,5877018,11.56,14.1,0.72,1.82,0.8199,0.0511,0.1291,,,False,False,False,False,,Uptrend,Buyers,1123.38,1127.77,Bearish,0,0,0,0,0,0,0,1,Uptrend,No Reversal,Bearish Pattern in Uptrend,No
2023-06-12,1128.79,1146.43,1148.77,1137.6,1142.44,6391969,3.99,11.17,2.34,4.84,0.3572,0.2095,0.4333,,,False,False,False,False,,Uptrend,Buyers,1124.28,1127.96,Bearish,0,0,0,0,0,0,0,0,Uptrend,No Reversal,No Context,No
2023-06-13,1145.46,1163.37,1164.57,1147.4,1151.44,11248016,11.93,17.17,1.2,4.04,0.6948,0.0699,0.2353,,,False,False,False,False,,Uptrend,Buyers,1125.81,1128.31,Bearish,0,0,0,0,0,0,1,0,Uptrend,No Reversal,No Context,No
2023-06-14,1159.55,1177.68,1179.13,1161.6,1163.44,13277380,14.24,17.53,1.45,1.84,0.8123,0.0827,0.105,,,False,False,False,False,,Uptrend,Buyers,1127.85,1128.8,Bearish,0,0,0,0,0,0,0,0,Uptrend,No Reversal,No Context,No
2023-06-15,1159.87,1178.0,1182.62,1170.13,1177.66,11813494,0.34,12.49,4.62,7.53,0.0272,0.3699,0.6029,,,False,False,False,False,,Uptrend,Buyers,1129.81,1129.29,Bullish,0,0,1,0,0,0,0,0,Uptrend,No Reversal,Market Indecision,No
2023-06-16,1171.16,1189.47,1191.78,1181.53,1181.53,24171579,7.94,10.25,2.31,0.0,0.7746,0.2254,0.0,,,False,False,False,False,,Uptrend,Buyers,1132.15,1129.89,Bullish,0,0,0,0,0,0,0,0,Uptrend,No Reversal,No Context,No
2023-06-19,1159.53,1177.66,1192.52,1173.43,1192.52,6798554,14.86,19.09,0.0,4.23,0.7784,0.0,0.2216,1192.52,,True,False,False,False,HH,Uptrend,Buyers,1133.94,1130.37,Bullish,0,0,0,0,1,0,0,0,Uptrend,No Reversal,Bearish Pattern in Uptrend,No
2023-06-20,1161.94,1180.1,1183.29,1169.9,1175.69,6921096,4.41,13.39,3.19,5.79,0.3294,0.2382,0.4324,,,False,False,False,False,,Uptrend,Buyers,1135.75,1130.86,Bullish,0,0,0,0,0,0,0,0,Uptrend,No Reversal,No Context,No
2023-06-21,1165.21,1183.42,1185.99,1175.9,1180.06,6961603,3.36,10.09,2.57,4.16,0.333,0.2547,0.4123,,,False,False,False,False,,Uptrend,Buyers,1137.62,1131.38,Bullish,0,0,0,0,0,0,1,0,Uptrend,No Reversal,No Context,No
2023-06-22,1152.12,1170.13,1187.58,1168.52,1179.59,7619166,9.46,19.06,7.99,1.61,0.4963,0.4192,0.0845,,,False,False,False,False,,Uptrend,Buyers,1138.89,1131.77,Bullish,0,0,0,0,0,0,0,1,Uptrend,No Reversal,Bearish Pattern in Uptrend,No
2023-06-23,1142.69,1160.56,1169.16,1159.29,1167.09,6628570,6.53,9.87,2.07,1.27,0.6616,0.2097,0.1287,,,False,False,False,False,,Uptrend,Buyers,1139.74,1132.06,Bullish,0,0,0,0,0,0,0,0,Uptrend,No Reversal,No Context,No
2023-06-26,1133.97,1151.7,1160.86,1148.53,1156.98,12641159,5.28,12.33,3.88,3.17,0.4282,0.3147,0.2571,,,False,False,False,False,,Uptrend,Buyers,1140.21,1132.25,Bullish,0,0,0,0,0,0,0,0,Uptrend,No Reversal,No Context,No
2023-06-27,1134.38,1152.11,1158.13,1147.59,1152.16,9689466,0.05,10.54,5.97,4.52,0.0047,0.5664,0.4288,,1147.59,False,True,False,False,HL,Uptrend,Buyers,1140.68,1132.45,Bullish,0,0,1,0,0,0,0,0,Uptrend,No Reversal,Market Indecision,No
2023-06-28,1149.39,1167.36,1171.22,1152.76,1159.75,11354006,7.61,18.46,3.86,6.99,0.4122,0.2091,0.3787,,,False,False,False,False,,Uptrend,Buyers,1141.72,1132.8,Bullish,0,0,0,0,0,0,1,0,Uptrend,No Reversal,No Context,No
2023-06-30,1158.82,1176.94,1179.89,1169.19,1175.16,11151555,1.78,10.7,2.95,5.97,0.1664,0.2757,0.5579,,,False,False,False,False,,Uptrend,Buyers,1143.1,1133.24,Bullish,0,0,0,0,0,0,0,0,Uptrend,No Reversal,No Context,No
2023-07-03,1188.56,1207.15,1210.05,1179.29,1180.54,12154387,26.61,30.76,2.9,1.25,0.8651,0.0943,0.0406,,,False,False,False,False,,Uptrend,Buyers,1145.62,1133.97,Bullish,0,0,0,0,0,0,0,0,Uptrend,No Reversal,No Context,No
2023-07-04,1176.32,1194.71,1211.44,1187.55,1211.44,8061643,16.73,23.89,0.0,7.16,0.7003,0.0,0.2997,,,False,False,False,False,,Uptrend,Buyers,1147.54,1134.58,Bullish,0,0,0,0,0,0,0,0,Uptrend,No Reversal,No Context,No
2023-07-05,1174.39,1192.75,1204.05,1188.73,1204.05,10248062,11.3,15.32,0.0,4.02,0.7376,0.0,0.2624,,,False,False,False,False,,Uptrend,Buyers,1149.31,1135.15,Bullish,0,0,0,0,0,0,0,1,Uptrend,No Reversal,Bearish Pattern in Uptrend,No
2023-07-06,1199.04,1217.78,1220.41,1188.85,1188.85,19117987,28.93,31.56,2.63,0.0,0.9167,0.0833,0.0,,,False,False,False,False,,Uptrend,Buyers,1152.0,1135.98,Bullish,0,0,0,1,0,0,1,0,Uptrend,No Reversal,No Context,No
2023-07-07,1196.7,1215.41,1229.87,1212.82,1216.05,13375267,0.64,17.05,13.82,2.59,0.0375,0.8106,0.1519,,,False,False,False,False,,Uptrend,Buyers,1154.49,1136.77,Bullish,0,0,1,0,0,0,0,0,Uptrend,No Reversal,Market Indecision,No
2023-07-10,1242.79,1262.23,1271.89,1234.51,1240.93,33240016,21.3,37.38,9.66,6.42,0.5698,0.2584,0.1717,,,False,False,False,False,,Uptrend,Buyers,1158.71,1138.02,Bullish,0,0,0,0,0,0,0,0,Uptrend,No Reversal,No Context,No
2023-07-11,1256.27,1275.91,1278.35,1263.4,1270.46,20069348,5.45,14.95,2.44,7.06,0.3645,0.1632,0.4722,,,False,False,False,False,,Uptrend,Buyers,1163.31,1139.39,Bullish,0,0,0,0,0,0,0,0,Uptrend,No Reversal,No Context,No
2023-07-12,1257.65,1277.32,1293.12,1274.5,1276.65,18733835,0.67,18.62,15.8,2.15,0.036,0.8485,0.1155,,,False,False,False,False,,Uptrend,Buyers,1167.78,1140.76,Bullish,0,0,1,0,0,0,0,0,Uptrend,No Reversal,Market Indecision,No
2023-07-13,1246.41,1265.89,1291.74,1263.24,1284.77,14682934,18.88,28.5,6.97,2.65,0.6625,0.2446,0.093,,,False,False,False,False,,Uptrend,Buyers,1171.63,1142.01,Bullish,0,0,0,0,1,0,0,1,Uptrend,No Reversal,Bearish Pattern in Uptrend,No
2023-07-14,1245.36,1264.83,1274.15,1257.63,1269.12,15124144,4.29,16.52,5.03,7.2,0.2597,0.3045,0.4358,,,False,False,False,False,,Uptrend,Buyers,1175.28,1143.23,Bullish,0,0,0,0,0,0,0,0,Uptrend,No Reversal,No Context,No
2023-07-17,1270.81,1290.68,1299.15,1258.97,1267.74,22220040,22.94,40.18,8.47,8.77,0.5709,0.2108,0.2183,,,False,False,False,False,,Uptrend,Buyers,1179.81,1144.69,Bullish,0,0,0,0,0,0,1,0,Uptrend,No Reversal,No Context,No
2023-07-18,1281.6,1301.64,1309.48,1288.97,1300.05,25867313,1.59,20.51,7.84,11.08,0.0775,0.3823,0.5402,,,False,False,False,False,,Uptrend,Buyers,1184.58,1146.26,Bullish,0,0,1,0,0,0,0,0,Uptrend,No Reversal,Market Indecision,No
2023-07-19,1291.32,1311.51,1318.04,1290.82,1306.04,39122156,5.47,27.22,6.53,15.22,0.201,0.2399,0.5591,1318.04,,True,False,False,False,HH,Uptrend,Buyers,1189.56,1147.9,Bullish,0,0,0,0,0,0,0,0,Uptrend,No Reversal,No Context,No
2023-07-20,1289.76,1309.93,1315.47,1290.0,1290.0,38717624,19.93,25.47,5.54,0.0,0.7825,0.2175,0.0,,,False,False,False,False,,Uptrend,Buyers,1194.28,1149.51,Bullish,0,0,0,0,0,0,0,0,Uptrend,No Reversal,No Context,No
2023-07-21,1249.83,1269.38,1307.45,1261.8,1304.5,30249238,35.12,45.65,2.95,7.58,0.7693,0.0646,0.166,,,False,False,False,False,,Uptrend,Buyers,1197.23,1150.71,Bullish,0,0,0,0,0,0,0,0,Uptrend,No Reversal,No Context,No
2023-07-24,1224.55,1243.7,1257.47,1234.65,1240.5,23727866,3.2,22.82,13.77,5.85,0.1402,0.6034,0.2564,,1234.65,False,True,False,False,HL,Uptrend,Buyers,1199.05,1151.63,Bullish,0,0,0,0,0,0,0,0,Uptrend,No Reversal,No Context,No
2023-07-25,1223.77,1242.9,1252.6,1240.0,1247.0,12026020,4.1,12.6,5.6,2.9,0.3254,0.4444,0.2302,,,False,False,False,False,,Uptrend,Buyers,1200.77,1152.54,Bullish,0,0,0,0,0,0,0,0,Uptrend,No Reversal,No Context,No
2023-07-26,1243.66,1263.1,1273.5,1242.5,1242.5,12911012,20.6,31.0,10.4,0.0,0.6645,0.3355,0.0,,,False,False,False,False,,Uptrend,Buyers,1203.21,1153.64,Bullish,0,0,0,1,0,0,0,0,Uptrend,No Reversal,No Context,No
2023-07-27,1232.09,1251.35,1268.82,1245.18,1267.03,17226898,15.68,23.64,1.79,6.17,0.6633,0.0757,0.261,,,False,False,False,False,,Uptrend,Buyers,1205.1,1154.61,Bullish,0,0,0,0,0,0,0,0,Uptrend,No Reversal,No Context,No
2023-07-28,1244.47,1263.93,1271.43,1250.28,1256.03,20827852,7.9,21.15,7.5,5.75,0.3735,0.3546,0.2719,,,False,False,False,False,,Uptrend,Buyers,1207.41,1155.7,Bullish,0,0,0,0,0,0,0,0,Uptrend,No Reversal,No Context,No
2023-07-31,1255.0,1274.62,1276.95,1258.97,1263.93,8551174,10.69,17.98,2.33,4.96,0.5945,0.1296,0.2759,,,False,False,False,False,,Uptrend,Buyers,1210.04,1156.88,Bullish,0,0,0,0,0,0,1,0,Uptrend,No Reversal,No Context,No
2023-08-01,1237.26,1256.6,1279.5,1252.65,1277.5,9536632,20.9,26.85,2.0,3.95,0.7784,0.0745,0.1471,1279.5,,False,False,True,False,LH,Downtrend,Sellers,1211.87,1157.87,Bullish,0,0,0,0,1,0,0,0,Uptrend,Bearish Reversal,Bearish Pattern in Uptrend,Yes
2023-08-02,1224.04,1243.18,1256.0,1231.8,1254.6,12748214,11.42,24.2,1.4,11.38,0.4719,0.0579,0.4702,,,False,False,False,False,,Downtrend,Sellers,1213.1,1158.72,Bullish,0,0,0,0,0,0,0,0,Downtrend,No Reversal,No Context,No
2023-08-03,1218.89,1237.95,1250.45,1229.03,1237.65,10168350,0.3,21.42,12.5,8.62,0.014,0.5836,0.4024,,1229.03,False,False,False,True,LL,Downtrend,Sellers,1214.07,1159.51,Bullish,0,0,1,0,0,0,1,0,Downtrend,No Reversal,Market Indecision,No
2023-08-04,1235.46,1254.78,1258.0,1235.8,1249.4,22885610,5.38,22.2,3.22,13.6,0.2423,0.145,0.6126,,,False,False,False,False,,Downtrend,Sellers,1215.67,1160.46,Bullish,1,0,0,0,0,0,1,0,Downtrend,No Reversal,Bullish Pattern in Downtrend,No
2023-08-07,1242.5,1261.93,1264.2,1252.5,1260.5,5982870,1.43,11.7,2.27,8.0,0.1222,0.194,0.6838,,,False,False,False,False,,Downtrend,Sellers,1217.48,1161.47,Bullish,0,0,0,0,0,0,0,0,Downtrend,No Reversal,No Context,No
2023-08-08,1235.02,1254.32,1267.22,1249.78,1264.0,9844072,9.68,17.44,3.22,4.54,0.555,0.1846,0.2603,,,False,False,False,False,,Downtrend,Sellers,1218.93,1162.39,Bullish,0,0,0,0,1,0,0,1,Downtrend,No Reversal,No Context,No
2023-08-09,1243.16,1262.6,1264.5,1240.55,1252.43,11486586,10.17,23.95,1.9,11.88,0.4246,0.0793,0.496,,,False,False,False,False,,Downtrend,Sellers,1220.64,1163.39,Bullish,0,0,0,0,0,0,0,0,Downtrend,No Reversal,No Context,No
2023-08-10,1248.7,1268.22,1275.0,1254.22,1262.47,15470598,5.75,20.78,6.78,8.25,0.2767,0.3263,0.397,,,False,False,False,False,,Downtrend,Sellers,1222.51,1164.43,Bullish,0,0,0,0,0,0,0,0,Downtrend,No Reversal,No Context,No
2023-08-11,1253.97,1273.57,1279.43,1256.18,1266.22,22179330,7.35,23.25,5.86,10.04,0.3161,0.252,0.4318,,,False,False,False,False,,Downtrend,Sellers,1224.51,1165.52,Bullish,0,0,0,0,0,0,0,0,Downtrend,No Reversal,No Context,No
2023-08-14,1268.79,1288.62,1291.15,1262.5,1269.5,9575812,19.12,28.65,2.53,7.0,0.6674,0.0883,0.2443,,,False,False,False,False,,Downtrend,Sellers,1227.02,1166.74,Bullish,0,0,0,0,0,0,0,0,Downtrend,No Reversal,No Context,No
2023-08-16,1267.75,1287.57,1291.4,1275.5,1275.5,10203112,12.07,15.9,3.83,0.0,0.7591,0.2409,0.0,1291.4,,True,False,False,False,HH,Uptrend,Buyers,1229.4,1167.95,Bullish,0,0,0,0,0,0,0,0,Downtrend,Bullish Reversal,No Context,No
2023-08-17,1249.47,1269.0,1289.05,1266.43,1283.55,13673744,14.55,22.62,5.5,2.57,0.6432,0.2431,0.1136,,,False,False,False,False,,Uptrend,Buyers,1230.95,1168.95,Bullish,0,0,0,0,0,0,0,1,Uptrend,No Reversal,Bearish Pattern in Uptrend,No
2023-08-18,1258.72,1278.4,1288.8,1254.28,1265.62,18639978,12.78,34.52,10.4,11.34,0.3702,0.3013,0.3285,,,False,False,False,False,,Uptrend,Buyers,1232.81,1170.04,Bullish,0,0,0,0,0,0,0,0,Uptrend,No Reversal,No Context,No
2023-08-21,1244.99,1260.0,1277.72,1257.82,1269.97,9221746,9.97,19.9,7.75,2.18,0.501,0.3894,0.1095,,,False,False,False,False,,Uptrend,Buyers,1233.88,1170.94,Bullish,0,0,0,0,0,0,0,0,Uptrend,No Reversal,No Context,No
2023-08-22,1244.69,1259.7,1268.97,1249.5,1258.45,7713044,1.25,19.47,9.27,8.95,0.0642,0.4761,0.4597,,,False,False,False,False,,Uptrend,Buyers,1234.89,1171.82,Bullish,0,0,1,0,0,0,0,0,Uptrend,No Reversal,Market Indecision,No
2023-08-23,1246.07,1261.1,1271.43,1258.47,1262.1,9517952,1.0,12.96,9.33,2.63,0.0772,0.7199,0.2029,,,False,False,False,False,,Uptrend,Buyers,1235.92,1172.71,Bullish,0,0,1,0,0,0,0,0,Uptrend,No Reversal,Market Indecision,No
2023-08-24,1225.13,1239.9,1269.95,1235.5,1269.95,14140020,30.05,34.45,0.0,4.4,0.8723,0.0,0.1277,,,False,False,False,False,,Uptrend,Buyers,1236.07,1173.38,Bullish,0,0,0,0,0,0,0,1,Uptrend,No Reversal,Bearish Pattern in Uptrend,No
2023-08-25,1219.47,1234.18,1252.5,1221.3,1228.0,22222400,6.18,31.2,18.32,6.7,0.1981,0.5872,0.2147,,,False,False,False,False,,Uptrend,Buyers,1236.0,1173.98,Bullish,0,0,0,0,0,0,0,0,Uptrend,No Reversal,No Context,No
2023-08-28,1207.32,1221.88,1242.0,1215.55,1236.0,12580826,14.12,26.45,6.0,6.33,0.5338,0.2268,0.2393,,,False,False,False,False,,Uptrend,Buyers,1235.45,1174.46,Bullish,0,0,0,0,1,0,0,0,Uptrend,No Reversal,Bearish Pattern in Uptrend,No
2023-08-29,1195.76,1210.18,1226.72,1204.07,1226.03,16876644,15.85,22.65,0.69,6.11,0.6998,0.0305,0.2698,,,False,False,False,False,,Uptrend,Buyers,1234.45,1174.81,Bullish,0,0,0,0,0,0,0,0,Uptrend,No Reversal,No Context,No
2023-08-30,1194.62,1209.03,1221.5,1207.5,1216.0,12168946,6.97,14.0,5.5,1.53,0.4979,0.3929,0.1093,,,False,False,False,False,,Uptrend,Buyers,1233.46,1175.15,Bullish,0,0,0,0,0,0,0,0,Uptrend,No Reversal,No Context,No
2023-08-31,1189.16,1203.5,1212.5,1199.95,1211.5,21638600,8.0,12.55,1.0,3.55,0.6375,0.0797,0.2829,,1199.95,False,False,False,True,LL,Downtrend,Sellers,1232.28,1175.44,Bullish,0,0,0,0,0,0,0,0,Uptrend,Bearish Reversal,No Context,No
2023-09-01,1191.95,1206.32,1212.82,1200.82,1203.28,18112842,3.04,12.0,6.5,2.46,0.2533,0.5417,0.205,,,False,False,False,False,,Downtrend,Sellers,1231.26,1175.74,Bullish,0,1,0,0,0,0,0,0,Downtrend,No Reversal,Bullish Pattern in Downtrend,No
2023-09-04,1190.99,1205.35,1211.82,1202.65,1206.32,9347626,0.97,9.17,5.5,2.7,0.1058,0.5998,0.2944,,,False,False,False,False,,Downtrend,Sellers,1230.25,1176.04,Bullish,0,0,0,0,0,0,0,0,Downtrend,No Reversal,No Context,No
2023-09-05,1197.36,1211.8,1216.97,1206.22,1210.0,8675876,1.8,10.75,5.17,3.78,0.1674,0.4809,0.3516,,,False,False,False,False,,Downtrend,Sellers,1229.53,1176.39,Bullish,0,0,0,0,0,0,0,0,Downtrend,No Reversal,No Context,No
2023-09-06,1199.88,1214.35,1218.07,1208.62,1210.55,8200370,3.8,9.45,3.72,1.93,0.4021,0.3937,0.2042,,,False,False,False,False,,Downtrend,Sellers,1228.93,1176.77,Bullish,0,0,0,0,0,0,0,0,Downtrend,No Reversal,No Context,No
2023-09-07,1201.51,1216.0,1219.12,1205.5,1210.85,13652572,5.15,13.62,3.12,5.35,0.3781,0.2291,0.3928,,,False,False,False,False,,Downtrend,Sellers,1228.42,1177.16,Bullish,0,0,0,0,0,0,0,0,Downtrend,No Reversal,No Context,No
2023-09-08,1209.51,1224.1,1228.0,1211.47,1220.0,23109288,4.1,16.53,3.9,8.53,0.248,0.2359,0.516,,,False,False,False,False,,Downtrend,Sellers,1228.25,1177.63,Bullish,1,0,0,0,0,0,0,0,Downtrend,No Reversal,Bullish Pattern in Downtrend,No
2023-09-11,1222.56,1237.3,1238.43,1226.0,1226.0,13271074,11.3,12.43,1.13,0.0,0.9091,0.0909,0.0,,,False,False,False,False,,Downtrend,Sellers,1228.61,1178.22,Bullish,0,0,0,0,0,0,0,0,Downtrend,No Reversal,No Context,No
2023-09-12,1204.89,1219.43,1241.5,1217.97,1241.5,16255666,22.07,23.53,0.0,1.46,0.938,0.0,0.062,1241.5,,False,False,True,False,LH,Downtrend,Sellers,1228.25,1178.63,Bullish,0,0,0,0,1,0,0,0,Downtrend,No Reversal,No Context,No
2023-09-13,1210.92,1225.53,1231.32,1213.12,1220.0,12803338,5.53,18.2,5.79,6.88,0.3038,0.3181,0.378,,,False,False,False,False,,Downtrend,Sellers,1228.14,1179.1,Bullish,0,0,0,0,0,0,0,0,Downtrend,No Reversal,No Context,No
2023-09-14,1212.03,1226.65,1232.9,1222.5,1230.0,9209636,3.35,10.4,2.9,4.15,0.3221,0.2788,0.399,,,False,False,False,False,,Downtrend,Sellers,1228.08,1179.57,Bullish,0,0,0,0,0,0,0,0,Downtrend,No Reversal,No Context,No
2023-09-15,1214.28,1228.93,1234.0,1224.75,1234.0,25468592,5.07,9.25,0.0,4.18,0.5481,0.0,0.4519,,,False,False,False,False,,Downtrend,Sellers,1228.12,1180.06,Bullish,0,0,0,0,0,0,0,1,Downtrend,No Reversal,No Context,No
2023-09-18,1203.71,1218.22,1225.5,1216.03,1220.03,7516300,1.81,9.47,5.47,2.19,0.1911,0.5776,0.2313,,,False,False,False,False,,Downtrend,Sellers,1227.73,1180.44,Bullish,0,0,0,0,0,0,0,0,Downtrend,No Reversal,No Context,No
2023-09-20,1176.88,1191.07,1213.8,1177.5,1211.53,57081884,20.46,36.3,2.27,13.57,0.5636,0.0625,0.3738,,,False,False,False,False,,Downtrend,Sellers,1226.29,1180.55,Bullish,0,0,0,0,0,0,0,0,Downtrend,No Reversal,No Context,No
2023-09-21,1168.31,1182.4,1195.05,1180.0,1187.47,12226182,5.07,15.05,7.58,2.4,0.3369,0.5037,0.1595,,,False,False,False,False,,Downtrend,Sellers,1224.57,1180.57,Bullish,0,0,0,0,0,0,0,0,Downtrend,No Reversal,No Context,No
2023-09-22,1163.44,1177.47,1191.22,1175.0,1188.0,19176786,10.53,16.22,3.22,2.47,0.6492,0.1985,0.1523,,,False,False,False,False,,Downtrend,Sellers,1222.72,1180.54,Bullish,0,0,0,0,0,0,0,0,Downtrend,No Reversal,No Context,No
2023-09-25,1156.28,1170.22,1180.35,1167.55,1175.2,14254884,4.98,12.8,5.15,2.67,0.3891,0.4023,0.2086,,,False,False,False,False,,Downtrend,Sellers,1220.66,1180.43,Bullish,0,0,0,0,0,0,0,0,Downtrend,No Reversal,No Context,No
2023-09-26,1157.29,1171.25,1175.1,1167.8,1169.28,10087782,1.97,7.3,3.85,1.48,0.2699,0.5274,0.2027,,,False,False,False,False,,Downtrend,Sellers,1218.73,1180.34,Bullish,0,0,0,0,0,0,1,0,Downtrend,No Reversal,Bullish Pattern in Downtrend,No
2023-09-27,1170.34,1184.45,1185.9,1169.25,1171.75,11722778,12.7,16.65,1.45,2.5,0.7628,0.0871,0.1502,,,False,False,False,False,,Downtrend,Sellers,1217.38,1180.38,Bullish,0,0,0,0,0,0,1,0,Downtrend,No Reversal,Bullish Pattern in Downtrend,No
2023-09-28,1153.14,1167.05,1191.5,1162.5,1191.5,14518346,24.45,29.0,0.0,4.55,0.8431,0.0,0.1569,,,False,False,False,False,,Downtrend,Sellers,1215.41,1180.25,Bullish,0,0,0,0,1,0,0,0,Downtrend,No Reversal,No Context,No
2023-09-29,1158.53,1172.5,1184.55,1167.05,1170.9,12342014,1.6,17.5,12.05,3.85,0.0914,0.6886,0.22,,,False,False,False,False,,Downtrend,Sellers,1213.73,1180.17,Bullish,0,0,1,0,0,0,0,0,Downtrend,No Reversal,Market Indecision,No
2023-10-03,1145.26,1159.07,1167.8,1158.0,1164.97,8859056,5.9,9.8,2.83,1.07,0.602,0.2888,0.1092,,,False,False,False,False,,Downtrend,Sellers,1211.58,1179.96,Bullish,0,0,0,0,0,0,0,0,Downtrend,No Reversal,No Context,No
2023-10-04,1143.29,1157.07,1159.5,1147.55,1154.5,10286386,2.57,11.95,2.43,6.95,0.2151,0.2033,0.5816,,,False,False,False,False,,Downtrend,Sellers,1209.44,1179.74,Bullish,1,0,0,0,0,0,0,0,Downtrend,No Reversal,Bullish Pattern in Downtrend,No
2023-10-05,1143.26,1157.05,1164.7,1154.5,1159.62,10953682,2.57,10.2,5.08,2.55,0.252,0.498,0.25,,,False,False,False,False,,Downtrend,Sellers,1207.39,1179.51,Bullish,0,0,0,0,0,0,0,0,Downtrend,No Reversal,No Context,No
2023-10-06,1145.19,1159.0,1162.4,1156.03,1158.53,5431026,0.47,6.37,3.4,2.5,0.0738,0.5338,0.3925,,,False,False,False,False,,Downtrend,Sellers,1205.49,1179.31,Bullish,0,0,1,0,0,0,0,0,Downtrend,No Reversal,Market Indecision,No
2023-10-09,1135.43,1149.12,1155.97,1147.5,1154.05,7576878,4.93,8.47,1.92,1.62,0.5821,0.2267,0.1913,,1147.5,False,False,False,True,LL,Downtrend,Sellers,1203.28,1179.01,Bullish,0,0,0,0,0,0,0,0,Downtrend,No Reversal,No Context,No
2023-10-10,1140.45,1154.2,1158.95,1151.88,1153.28,10236032,0.92,7.07,4.75,1.4,0.1301,0.6719,0.198,,,False,False,False,False,,Downtrend,Sellers,1201.36,1178.76,Bullish,0,0,0,0,0,0,0,0,Downtrend,No Reversal,No Context,No
2023-10-11,1158.55,1172.53,1174.85,1156.5,1157.22,9814118,15.31,18.35,2.32,0.72,0.8343,0.1264,0.0392,,,False,False,False,False,,Downtrend,Sellers,1200.23,1178.7,Bullish,0,0,0,0,0,0,1,0,Downtrend,No Reversal,Bullish Pattern in Downtrend,No
2023-10-12,1160.7,1174.7,1179.68,1169.07,1171.93,12554450,2.77,10.61,4.98,2.86,0.2611,0.4694,0.2696,,,False,False,False,False,,Downtrend,Sellers,1199.22,1178.66,Bullish,0,0,0,0,0,0,0,0,Downtrend,No Reversal,No Context,No
2023-10-13,1160.65,1174.65,1178.75,1164.57,1170.0,10150316,4.65,14.18,4.1,5.43,0.3279,0.2891,0.3829,,,False,False,False,False,,Downtrend,Sellers,1198.26,1178.62,Bullish,0,0,0,0,0,0,0,0,Downtrend,No Reversal,No Context,No
2023-10-16,1158.06,1172.03,1177.28,1168.0,1172.5,5929036,0.47,9.28,4.78,4.03,0.0506,0.5151,0.4343,,,False,False,False,False,,Downtrend,Sellers,1197.23,1178.55,Bullish,0,0,1,0,0,0,0,0,Downtrend,No Reversal,Market Indecision,No
2023-10-17,1163.59,1177.62,1179.85,1170.65,1178.0,7928180,0.38,9.2,1.85,6.97,0.0413,0.2011,0.7576,,,False,False,False,False,,Downtrend,Sellers,1196.46,1178.54,Bullish,0,0,1,0,0,0,0,1,Downtrend,No Reversal,Market Indecision,No
2023-10-18,1148.15,1162.0,1183.5,1160.5,1177.62,8918320,15.62,23.0,5.88,1.5,0.6791,0.2557,0.0652,1183.5,,False,False,True,False,LH,Downtrend,Sellers,1195.11,1178.38,Bullish,0,0,0,0,0,0,0,0,Downtrend,No Reversal,No Context,No
2023-10-19,1139.34,1153.07,1160.9,1150.5,1156.0,12032556,2.93,10.4,4.9,2.57,0.2817,0.4712,0.2471,,,False,False,False,False,,Downtrend,Sellers,1193.46,1178.13,Bullish,0,0,0,0,0,0,0,0,Downtrend,No Reversal,No Context,No
2023-10-20,1135.85,1149.55,1157.35,1148.15,1150.0,8913312,0.45,9.2,7.35,1.4,0.0489,0.7989,0.1522,,,False,False,False,False,,Downtrend,Sellers,1191.74,1177.84,Bullish,0,0,1,0,0,0,0,0,Downtrend,No Reversal,Market Indecision,No
2023-10-23,1118.12,1131.6,1153.12,1127.62,1145.0,7853962,13.4,25.5,8.12,3.98,0.5255,0.3184,0.1561,,,False,False,False,False,,Downtrend,Sellers,1189.38,1177.38,Bullish,0,0,0,0,0,0,0,0,Downtrend,No Reversal,No Context,No
2023-10-25,1115.52,1128.97,1140.6,1121.5,1125.03,11620688,3.94,19.1,11.63,3.53,0.2063,0.6089,0.1848,,,False,False,False,False,,Downtrend,Sellers,1187.01,1176.9,Bullish,0,1,0,0,0,0,0,0,Downtrend,No Reversal,Bullish Pattern in Downtrend,No
2023-10-26,1099.98,1113.25,1129.0,1110.15,1125.5,15222534,12.25,18.85,3.5,3.1,0.6499,0.1857,0.1645,,1110.15,False,False,False,True,LL,Downtrend,Sellers,1184.12,1176.27,Bullish,0,0,0,0,0,0,0,0,Downtrend,No Reversal,No Context,No
2023-10-27,1119.4,1132.9,1136.75,1117.97,1120.0,11771084,12.9,18.78,3.85,2.03,0.6869,0.205,0.1081,,,False,False,False,False,,Downtrend,Sellers,1182.11,1175.83,Bullish,0,0,0,0,0,0,0,0,Downtrend,No Reversal,No Context,No
2023-10-30,1142.47,1156.25,1162.5,1134.97,1137.0,16813304,19.25,27.53,6.25,2.03,0.6992,0.227,0.0737,,,False,False,False,False,,Downtrend,Sellers,1181.1,1175.64,Bullish,0,0,0,0,0,0,0,0,Downtrend,No Reversal,No Context,No
2023-10-31,1130.32,1143.95,1164.0,1141.45,1164.0,12808438,20.05,22.55,0.0,2.5,0.8891,0.0,0.1109,,,False,False,False,False,,Downtrend,Sellers,1179.64,1175.32,Bullish,0,0,0,0,0,0,0,0,Downtrend,No Reversal,No Context,No
2023-11-01,1135.01,1148.7,1158.75,1137.6,1144.57,10309190,4.13,21.15,10.05,6.97,0.1953,0.4752,0.3296,,,False,False,False,False,,Downtrend,Sellers,1178.43,1175.06,Bullish,0,0,0,0,0,0,0,0,Downtrend,No Reversal,No Context,No
2023-11-02,1146.28,1160.1,1162.15,1153.97,1156.97,10562104,3.13,8.18,2.05,3.0,0.3826,0.2506,0.3667,,,False,False,False,False,,Downtrend,Sellers,1177.71,1174.91,Bullish,0,0,0,0,0,0,1,0,Downtrend,No Reversal,Bullish Pattern in Downtrend,No
2023-11-03,1146.03,1159.85,1167.47,1157.88,1163.6,8850156,3.75,9.59,3.87,1.97,0.391,0.4035,0.2054,,,False,False,False,False,,Downtrend,Sellers,1177.01,1174.76,Bullish,0,0,0,0,0,0,0,1,Downtrend,No Reversal,No Context,No
2023-11-06,1155.56,1169.5,1170.0,1162.8,1166.15,10647304,3.35,7.2,0.5,3.35,0.4653,0.0694,0.4653,,,False,False,False,False,,Downtrend,Sellers,1176.71,1174.71,Bullish,0,0,0,0,0,0,0,0,Downtrend,No Reversal,No Context,No
2023-11-07,1148.06,1161.9,1169.55,1159.78,1167.03,6960204,5.13,9.77,2.52,2.12,0.5251,0.2579,0.217,,,False,False,False,False,,Downtrend,Sellers,1176.13,1174.58,Bullish,0,0,0,0,0,0,0,0,Downtrend,No Reversal,No Context,No
2023-11-08,1154.03,1167.95,1170.5,1160.88,1166.0,7884494,1.95,9.62,2.55,5.12,0.2027,0.2651,0.5322,,,False,False,False,False,,Downtrend,Sellers,1175.81,1174.52,Bullish,0,0,0,0,0,0,0,0,Downtrend,No Reversal,No Context,No
2023-11-09,1141.51,1155.28,1167.95,1152.1,1167.93,14513610,12.65,15.85,0.02,3.18,0.7981,0.0013,0.2006,,,False,False,False,False,,Downtrend,Sellers,1175.01,1174.32,Bullish,0,0,0,0,0,0,0,0,Downtrend,No Reversal,No Context,No
2023-11-10,1143.66,1157.45,1158.18,1149.03,1152.78,7734954,4.67,9.15,0.73,3.75,0.5104,0.0798,0.4098,,1149.03,False,True,False,False,HL,Uptrend,Buyers,1174.32,1174.16,Bullish,0,0,0,0,0,0,0,0,Downtrend,Bullish Reversal,No Context,No
2023-11-13,1143.51,1157.3,1162.3,1155.85,1161.45,3854810,4.15,6.45,0.85,1.45,0.6434,0.1318,0.2248,,,False,False,False,False,,Uptrend,Buyers,1173.65,1173.99,Bearish,0,0,0,0,0,0,0,0,Uptrend,No Reversal,No Context,No
2023-11-15,1164.19,1178.22,1180.97,1163.5,1170.0,12220648,8.22,17.47,2.75,6.5,0.4705,0.1574,0.3721,,,False,False,False,False,,Uptrend,Buyers,1173.83,1174.03,Bearish,0,0,0,0,0,0,0,0,Uptrend,No Reversal,No Context,No
2023-11-16,1166.29,1180.35,1187.07,1173.47,1175.55,13134910,4.8,13.6,6.72,2.08,0.3529,0.4941,0.1529,,,False,False,False,False,,Uptrend,Buyers,1174.09,1174.09,Bearish,0,0,0,0,0,0,0,0,Uptrend,No Reversal,No Context,No
2023-11-17,1163.74,1177.78,1186.62,1176.03,1176.45,7758634,1.33,10.59,8.84,0.42,0.1256,0.8347,0.0397,,,False,False,False,False,,Uptrend,Buyers,1174.23,1174.13,Bullish,0,1,0,0,0,1,0,0,Uptrend,No Reversal,Bearish Pattern in Uptrend,No
2023-11-20,1160.68,1174.68,1179.2,1168.2,1174.28,4490186,0.4,11.0,4.52,6.08,0.0364,0.4109,0.5527,,,False,False,False,False,,Uptrend,Buyers,1174.25,1174.14,Bullish,0,0,1,0,0,0,0,0,Uptrend,No Reversal,Market Indecision,No
2023-11-21,1175.28,1189.45,1194.0,1180.1,1183.0,8214450,6.45,13.9,4.55,2.9,0.464,0.3273,0.2086,,,False,False,False,False,,Uptrend,Buyers,1174.84,1174.29,Bullish,0,0,0,0,0,0,0,0,Uptrend,No Reversal,No Context,No
2023-11-22,1179.87,1194.1,1197.22,1186.1,1187.5,8534814,6.6,11.12,3.12,1.4,0.5935,0.2806,0.1259,,,False,False,False,False,,Uptrend,Buyers,1175.6,1174.48,Bullish,0,0,0,0,0,0,0,0,Uptrend,No Reversal,No Context,No
2023-11-23,1183.48,1197.75,1200.0,1194.1,1194.1,8531542,3.65,5.9,2.25,0.0,0.6186,0.3814,0.0,,,False,False,False,False,,Uptrend,Buyers,1176.47,1174.72,Bullish,0,0,0,0,0,0,0,0,Uptrend,No Reversal,No Context,No
2023-11-24,1182.69,1196.95,1201.3,1195.53,1195.8,6749486,1.15,5.77,4.35,0.27,0.1993,0.7539,0.0468,,,False,False,False,False,,Uptrend,Buyers,1177.27,1174.94,Bullish,0,1,0,0,0,1,0,0,Uptrend,No Reversal,Bearish Pattern in Uptrend,No
2023-11-28,1182.93,1197.2,1199.85,1187.62,1196.95,13792174,0.25,12.23,2.65,9.33,0.0204,0.2167,0.7629,,,False,False,False,False,,Uptrend,Buyers,1178.05,1175.16,Bullish,0,0,1,0,0,0,0,0,Uptrend,No Reversal,Market Indecision,No
2023-11-29,1186.05,1200.35,1205.97,1199.03,1204.0,12531306,3.65,6.94,1.97,1.32,0.5259,0.2839,0.1902,,,False,False,False,False,,Uptrend,Buyers,1178.93,1175.41,Bullish,0,0,0,0,0,0,0,1,Uptrend,No Reversal,Bearish Pattern in Uptrend,No
2023-11-30,1174.56,1188.72,1200.35,1184.95,1197.35,28439984,8.63,15.4,3.0,3.77,0.5604,0.1948,0.2448,,1184.95,False,True,False,False,HL,Uptrend,Buyers,1179.31,1175.54,Bullish,0,0,0,0,0,0,0,0,Uptrend,No Reversal,No Context,No
2023-12-01,1182.89,1197.15,1198.2,1188.8,1189.0,14342842,8.15,9.4,1.05,0.2,0.867,0.1117,0.0213,,,False,False,False,False,,Uptrend,Buyers,1180.01,1175.76,Bullish,0,0,0,0,0,0,0,0,Uptrend,No Reversal,No Context,No
2023-12-04,1195.68,1210.1,1225.0,1199.3,1225.0,15590990,14.9,25.7,0.0,10.8,0.5798,0.0,0.4202,,,False,False,False,False,,Uptrend,Buyers,1181.19,1176.1,Bullish,0,0,0,0,0,0,0,0,Uptrend,No Reversal,No Context,No
2023-12-05,1204.35,1218.88,1220.43,1210.82,1219.5,12693624,0.62,9.61,0.93,8.06,0.0645,0.0968,0.8387,,,False,False,False,False,,Uptrend,Buyers,1182.67,1176.52,Bullish,0,0,1,0,0,0,0,0,Uptrend,No Reversal,Market Indecision,No
2023-12-06,1215.89,1230.55,1236.47,1217.5,1223.55,16422442,7.0,18.97,5.92,6.05,0.369,0.3121,0.3189,,,False,False,False,False,,Uptrend,Buyers,1184.55,1177.06,Bullish,0,0,0,0,0,0,1,0,Uptrend,No Reversal,No Context,No
2023-12-07,1213.89,1228.53,1230.47,1221.0,1230.0,8142096,1.47,9.47,0.47,7.53,0.1552,0.0496,0.7951,,,False,False,False,False,,Uptrend,Buyers,1186.27,1177.57,Bullish,1,0,0,0,0,0,0,0,Uptrend,No Reversal,No Context,No
2023-12-08,1213.24,1227.88,1238.35,1222.5,1231.93,10204894,4.05,15.85,6.42,5.38,0.2555,0.405,0.3394,,,False,False,False,False,,Uptrend,Buyers,1187.9,1178.07,Bullish,0,0,0,0,0,0,0,1,Uptrend,No Reversal,Bearish Pattern in Uptrend,No
2023-12-11,1215.02,1229.68,1233.8,1226.2,1228.0,7066138,1.68,7.6,4.12,1.8,0.2211,0.5421,0.2368,,,False,False,False,False,,Uptrend,Buyers,1189.54,1178.59,Bullish,0,0,0,0,0,0,0,0,Uptrend,No Reversal,No Context,No
2023-12-12,1197.58,1212.03,1232.47,1210.07,1230.0,9197124,17.97,22.4,2.47,1.96,0.8022,0.1103,0.0875,,,False,False,False,False,,Uptrend,Buyers,1190.42,1178.92,Bullish,0,0,0,0,1,0,0,0,Uptrend,No Reversal,Bearish Pattern in Uptrend,No
2023-12-13,1202.47,1216.97,1219.18,1203.15,1211.0,10031182,5.97,16.03,2.21,7.85,0.3724,0.1379,0.4897,,1203.15,False,True,False,False,HL,Uptrend,Buyers,1191.46,1179.3,Bullish,0,0,0,0,0,0,0,0,Uptrend,No Reversal,No Context,No
2023-12-14,1217.39,1232.07,1237.47,1221.32,1227.0,16972354,5.07,16.15,5.4,5.68,0.3139,0.3344,0.3517,,,False,False,False,False,,Uptrend,Buyers,1193.06,1179.82,Bullish,0,0,0,0,0,0,1,0,Uptrend,No Reversal,No Context,No
2023-12-15,1232.93,1247.8,1250.0,1235.03,1239.0,15932152,8.8,14.97,2.2,3.97,0.5878,0.147,0.2652,,,False,False,False,False,,Uptrend,Buyers,1195.2,1180.5,Bullish,0,0,0,0,0,0,0,0,Uptrend,No Reversal,No Context,No
2023-12-18,1245.48,1260.5,1267.45,1245.47,1247.8,14165188,12.7,21.98,6.95,2.33,0.5778,0.3162,0.106,,,False,False,False,False,,Uptrend,Buyers,1197.76,1181.3,Bullish,0,0,0,0,0,0,0,0,Uptrend,No Reversal,No Context,No
2023-12-19,1263.81,1279.05,1286.95,1262.6,1277.5,16820604,1.55,24.35,7.9,14.9,0.0637,0.3244,0.6119,,,False,False,False,False,,Uptrend,Buyers,1200.95,1182.27,Bullish,0,0,1,0,0,0,0,0,Uptrend,No Reversal,Market Indecision,No
2023-12-20,1248.52,1263.57,1299.43,1260.0,1285.53,17736722,21.96,39.43,13.9,3.57,0.5569,0.3525,0.0905,,,False,False,False,False,,Uptrend,Buyers,1203.41,1183.08,Bullish,0,0,0,0,1,0,0,1,Uptrend,No Reversal,Bearish Pattern in Uptrend,No
2023-12-21,1266.01,1281.28,1286.75,1259.12,1263.5,13765454,17.78,27.63,5.47,4.38,0.6435,0.198,0.1585,,,False,False,False,False,,Uptrend,Buyers,1206.46,1184.06,Bullish,0,0,0,0,0,0,0,0,Uptrend,No Reversal,No Context,No
2023-12-22,1267.24,1282.53,1290.45,1273.82,1279.8,16541784,2.73,16.63,7.92,5.98,0.1642,0.4762,0.3596,,,False,False,False,False,,Uptrend,Buyers,1209.44,1185.04,Bullish,0,0,0,0,0,0,1,0,Uptrend,No Reversal,No Context,No
2023-12-26,1273.67,1289.03,1295.97,1281.35,1284.0,7465664,5.03,14.62,6.94,2.65,0.344,0.4747,0.1813,,,False,False,False,False,,Uptrend,Buyers,1212.57,1186.07,Bullish,0,0,0,0,0,0,0,0,Uptrend,No Reversal,No Context,No
2023-12-27,1278.01,1293.43,1299.95,1286.55,1291.0,9204156,2.43,13.4,6.52,4.45,0.1813,0.4866,0.3321,,,False,False,False,False,,Uptrend,Buyers,1215.74,1187.14,Bullish,0,0,0,0,0,0,0,0,Uptrend,No Reversal,No Context,No
2023-12-28,1287.25,1302.78,1306.0,1293.43,1294.9,12302636,7.88,12.57,3.22,1.47,0.6269,0.2562,0.1169,,,False,False,False,False,,Uptrend,Buyers,1219.15,1188.29,Bullish,0,0,0,0,0,0,0,0,Uptrend,No Reversal,No Context,No
2023-12-29,1277.07,1292.47,1307.0,1289.65,1305.55,10864584,13.08,17.35,1.45,2.82,0.7539,0.0836,0.1625,,,False,False,False,False,,Uptrend,Buyers,1222.03,1189.33,Bullish,0,0,0,0,1,0,0,0,Uptrend,No Reversal,Bearish Pattern in Uptrend,No
2024-01-01,1279.69,1295.12,1303.43,1286.57,1290.28,4030540,4.84,16.86,8.31,3.71,0.2871,0.4929,0.22,,,False,False,False,False,,Uptrend,Buyers,1224.89,1190.38,Bullish,0,0,0,0,0,0,0,0,Uptrend,No Reversal,No Context,No
2024-01-02,1290.29,1305.85,1307.5,1286.5,1292.5,7448800,13.35,21.0,1.65,6.0,0.6357,0.0786,0.2857,,,False,False,False,False,,Uptrend,Buyers,1228.07,1191.53,Bullish,0,0,0,0,0,0,1,0,Uptrend,No Reversal,No Context,No
2024-01-03,1276.26,1291.65,1317.0,1288.6,1305.0,9037536,13.35,28.4,12.0,3.05,0.4701,0.4225,0.1074,,,False,False,False,False,,Uptrend,Buyers,1230.56,1192.52,Bullish,0,0,0,0,0,0,0,0,Uptrend,No Reversal,No Context,No
2024-01-04,1282.85,1298.32,1304.93,1289.55,1294.0,9612778,4.32,15.38,6.61,4.45,0.2809,0.4298,0.2893,,,False,False,False,False,,Uptrend,Buyers,1233.22,1193.58,Bullish,0,0,0,0,0,0,0,0,Uptrend,No Reversal,No Context,No
2024-01-05,1288.31,1303.85,1309.93,1299.0,1301.45,8086406,2.4,10.93,6.08,2.45,0.2196,0.5563,0.2242,,,False,False,False,False,,Uptrend,Buyers,1235.99,1194.67,Bullish,0,0,0,0,0,0,1,0,Uptrend,No Reversal,No Context,No
2024-01-08,1278.26,1293.68,1315.97,1284.47,1305.0,7734652,11.32,31.5,10.97,9.21,0.3594,0.3483,0.2924,,1284.47,False,True,False,False,HL,Uptrend,Buyers,1238.25,1195.66,Bullish,0,0,0,0,1,0,0,1,Uptrend,No Reversal,Bearish Pattern in Uptrend,No
2024-01-09,1274.88,1290.25,1303.4,1288.6,1300.0,5403074,9.75,14.8,3.4,1.65,0.6588,0.2297,0.1115,,,False,False,False,False,,Uptrend,Buyers,1240.29,1196.6,Bullish,0,0,0,0,0,0,0,0,Uptrend,No Reversal,No Context,No
2024-01-10,1309.26,1325.05,1329.5,1287.53,1288.5,11102740,36.55,41.97,4.45,0.97,0.8709,0.106,0.0231,,,False,False,False,False,,Uptrend,Buyers,1243.61,1197.88,Bullish,0,0,0,1,0,0,1,0,Uptrend,No Reversal,No Context,No
2024-01-11,1343.7,1359.9,1362.5,1328.5,1329.5,23725852,30.4,34.0,2.6,1.0,0.8941,0.0765,0.0294,,,False,False,False,False,,Uptrend,Buyers,1248.17,1199.49,Bullish,0,0,0,0,0,0,0,0,Uptrend,No Reversal,No Context,No
2024-01-12,1354.39,1370.72,1373.32,1345.75,1359.9,15012164,10.82,27.57,2.6,14.15,0.3925,0.0943,0.5132,,,False,False,False,False,,Uptrend,Buyers,1252.98,1201.19,Bullish,0,0,0,0,0,0,0,0,Uptrend,No Reversal,No Context,No
2024-01-15,1377.51,1394.12,1396.45,1366.0,1375.0,8610594,19.12,30.45,2.33,9.0,0.6279,0.0765,0.2956,1396.45,,True,False,False,False,HH,Uptrend,Buyers,1258.51,1203.11,Bullish,0,0,0,0,0,0,0,0,Uptrend,No Reversal,No Context,No
2024-01-16,1358.25,1374.62,1396.3,1370.5,1389.97,9069024,15.35,25.8,6.33,4.12,0.595,0.2453,0.1597,,,False,False,False,False,,Uptrend,Buyers,1263.07,1204.82,Bullish,0,0,0,0,0,0,0,0,Uptrend,No Reversal,No Context,No
2024-01-17,1345.35,1361.57,1386.28,1355.03,1359.5,12197382,2.07,31.25,24.71,4.47,0.0662,0.7907,0.143,,,False,False,False,False,,Uptrend,Buyers,1266.93,1206.38,Bullish,0,0,1,0,0,0,0,0,Uptrend,No Reversal,Market Indecision,No
2024-01-18,1351.65,1367.95,1371.0,1351.25,1351.4,10279438,16.55,19.75,3.05,0.15,0.838,0.1544,0.0076,,,False,False,False,False,,Uptrend,Buyers,1270.89,1207.99,Bullish,0,0,0,0,0,0,1,0,Uptrend,No Reversal,No Context,No
2024-01-19,1351.16,1367.45,1376.0,1359.0,1376.0,10422704,8.55,17.0,0.0,8.45,0.5029,0.0,0.4971,,,False,False,False,False,,Uptrend,Buyers,1274.68,1209.57,Bullish,0,0,0,0,0,0,0,0,Uptrend,No Reversal,No Context,No
2024-01-23,1312.74,1328.57,1371.75,1322.55,1371.75,20055420,43.18,49.2,0.0,6.02,0.8776,0.0,0.1224,,1322.55,False,True,False,False,HL,Uptrend,Buyers,1276.79,1210.76,Bullish,0,0,0,0,0,0,0,1,Uptrend,No Reversal,Bearish Pattern in Uptrend,No
2024-01-24,1327.86,1343.88,1349.5,1323.93,1335.22,21919128,8.66,25.57,5.62,11.29,0.3387,0.2198,0.4415,,,False,False,False,False,,Uptrend,Buyers,1279.42,1212.08,Bullish,0,0,0,0,0,0,0,0,Uptrend,No Reversal,No Context,No
2024-01-25,1336.95,1353.07,1364.15,1335.2,1342.95,11808872,10.12,28.95,11.08,7.75,0.3496,0.3827,0.2677,,,False,False,False,False,,Uptrend,Buyers,1282.31,1213.49,Bullish,0,0,0,0,0,0,1,0,Uptrend,No Reversal,No Context,No
2024-01-29,1430.8,1448.05,1452.5,1360.18,1364.5,23893438,83.55,92.32,4.45,4.32,0.905,0.0482,0.0468,,,False,False,False,False,,Uptrend,Buyers,1288.81,1215.82,Bullish,0,0,0,0,0,0,0,0,Uptrend,No Reversal,No Context,No
2024-01-30,1390.85,1407.62,1459.97,1404.43,1459.95,14093978,52.33,55.54,0.02,3.19,0.9422,0.0004,0.0574,,,False,False,False,False,,Uptrend,Buyers,1293.47,1217.73,Bullish,0,0,0,0,0,0,0,0,Uptrend,No Reversal,No Context,No
2024-01-31,1409.63,1426.62,1434.25,1402.5,1404.0,15130226,22.62,31.75,7.63,1.5,0.7124,0.2403,0.0472,,,False,False,False,False,,Uptrend,Buyers,1298.69,1219.81,Bullish,0,0,0,0,0,0,0,0,Uptrend,No Reversal,No Context,No
2024-02-01,1409.65,1426.65,1443.35,1418.05,1435.0,13349362,8.35,25.3,8.35,8.6,0.33,0.33,0.3399,,,False,False,False,False,,Uptrend,Buyers,1303.71,1221.87,Bullish,0,0,0,0,0,0,0,0,Uptrend,No Reversal,No Context,No
2024-02-02,1440.33,1457.7,1474.9,1433.18,1433.18,19652588,24.52,41.72,17.2,0.0,0.5877,0.4123,0.0,1474.9,,True,False,False,False,HH,Uptrend,Buyers,1309.75,1224.21,Bullish,0,0,0,0,0,0,0,0,Uptrend,No Reversal,No Context,No
2024-02-05,1421.88,1439.03,1470.5,1431.53,1460.75,8814432,21.72,38.97,9.75,7.5,0.5574,0.2502,0.1925,,,False,False,False,False,,Uptrend,Buyers,1314.82,1226.35,Bullish,0,0,0,0,0,0,0,0,Uptrend,No Reversal,No Context,No
2024-02-06,1410.79,1427.8,1441.85,1419.82,1441.85,9047984,14.05,22.03,0.0,7.98,0.6378,0.0,0.3622,,,False,False,False,False,,Uptrend,Buyers,1319.25,1228.35,Bullish,0,0,0,0,0,0,0,1,Uptrend,No Reversal,Bearish Pattern in Uptrend,No
2024-02-07,1424.97,1442.15,1449.5,1429.25,1435.93,9296568,6.22,20.25,7.35,6.68,0.3072,0.363,0.3299,,,False,False,False,False,,Uptrend,Buyers,1324.07,1230.48,Bullish,0,0,0,0,0,0,1,0,Uptrend,No Reversal,No Context,No
2024-02-08,1432.85,1450.12,1459.47,1427.53,1450.0,14694634,0.12,31.94,9.35,22.47,0.0038,0.2927,0.7035,,,False,False,False,False,,Uptrend,Buyers,1329.01,1232.67,Bullish,0,0,1,0,0,0,1,0,Uptrend,No Reversal,Market Indecision,No
2024-02-09,1443.34,1460.75,1471.97,1450.95,1454.0,12556798,6.75,21.02,11.22,3.05,0.3211,0.5338,0.1451,,,False,False,False,False,,Uptrend,Buyers,1334.18,1234.94,Bullish,0,0,0,0,0,0,0,0,Uptrend,No Reversal,No Context,No
2024-02-12,1435.04,1452.35,1461.0,1442.35,1460.75,6674430,8.4,18.65,0.25,10.0,0.4504,0.0134,0.5362,,,False,False,False,False,,Uptrend,Buyers,1338.81,1237.1,Bullish,0,0,0,0,0,0,0,0,Uptrend,No Reversal,No Context,No
2024-02-13,1447.64,1465.1,1479.0,1454.0,1455.5,7715594,9.6,25.0,13.9,1.5,0.384,0.556,0.06,,,False,False,False,False,,Uptrend,Buyers,1343.76,1239.37,Bullish,0,0,0,0,0,0,0,0,Uptrend,No Reversal,No Context,No
2024-02-14,1463.72,1481.38,1483.65,1457.5,1457.5,7117888,23.88,26.15,2.27,0.0,0.9132,0.0868,0.0,,,False,False,False,False,,Uptrend,Buyers,1349.16,1241.78,Bullish,0,0,0,0,0,0,0,0,Uptrend,No Reversal,No Context,No
2024-02-15,1453.08,1470.6,1484.72,1466.53,1483.35,10006782,12.75,18.19,1.37,4.07,0.7009,0.0753,0.2237,,,False,False,False,False,,Uptrend,Buyers,1353.92,1244.05,Bullish,0,0,0,0,0,0,0,0,Uptrend,No Reversal,No Context,No
2024-02-16,1443.17,1460.57,1477.0,1458.55,1476.47,9767498,15.9,18.45,0.53,2.02,0.8618,0.0287,0.1095,,,False,False,False,False,,Uptrend,Buyers,1358.11,1246.21,Bullish,0,0,0,0,0,0,0,1,Uptrend,No Reversal,Bearish Pattern in Uptrend,No
2024-02-19,1456.44,1474.0,1479.5,1453.53,1462.05,6729828,11.95,25.97,5.5,8.52,0.4601,0.2118,0.3281,,,False,False,False,False,,Uptrend,Buyers,1362.65,1248.47,Bullish,0,0,0,0,0,0,0,0,Uptrend,No Reversal,No Context,No
2024-02-20,1453.5,1471.03,1475.5,1461.8,1475.03,7117496,4.0,13.7,0.47,9.23,0.292,0.0343,0.6737,,,False,False,False,False,,Uptrend,Buyers,1366.9,1250.69,Bullish,1,0,0,0,0,0,0,0,Uptrend,No Reversal,No Context,No
2024-02-21,1450.21,1467.7,1488.53,1457.55,1474.0,12720292,6.3,30.98,14.53,10.15,0.2034,0.469,0.3276,,,False,False,False,False,,Uptrend,Buyers,1370.85,1252.85,Bullish,0,0,0,0,0,0,0,1,Uptrend,No Reversal,Bearish Pattern in Uptrend,No
2024-02-22,1464.09,1481.75,1484.95,1458.0,1468.15,18493728,13.6,26.95,3.2,10.15,0.5046,0.1187,0.3766,,,False,False,False,False,,Uptrend,Buyers,1375.2,1255.13,Bullish,0,0,0,0,0,0,0,0,Uptrend,No Reversal,No Context,No
2024-02-23,1475.83,1493.62,1497.55,1483.35,1489.5,14438584,4.12,14.2,3.93,6.15,0.2901,0.2768,0.4331,,,False,False,False,False,,Uptrend,Buyers,1379.85,1257.5,Bullish,0,0,0,0,0,0,0,0,Uptrend,No Reversal,No Context,No
2024-02-26,1469.6,1487.32,1494.53,1482.5,1493.55,7513106,6.23,12.03,0.98,4.82,0.5179,0.0815,0.4007,,,False,False,False,False,,Uptrend,Buyers,1384.06,1259.79,Bullish,0,0,0,0,0,0,0,1,Uptrend,No Reversal,Bearish Pattern in Uptrend,No
2024-02-27,1467.95,1485.65,1499.95,1478.05,1483.03,10826044,2.62,21.9,14.3,4.98,0.1196,0.653,0.2274,,,False,False,False,False,,Uptrend,Buyers,1388.04,1262.03,Bullish,0,0,0,0,0,0,0,0,Uptrend,No Reversal,No Context,No
2024-02-28,1438.28,1455.62,1491.28,1450.18,1483.0,8647950,27.38,41.1,8.28,5.44,0.6662,0.2015,0.1324,,1450.18,False,True,False,False,HL,Uptrend,Buyers,1390.69,1263.96,Bullish,0,0,0,0,0,0,0,0,Uptrend,No Reversal,No Context,No
2024-02-29,1443.39,1460.8,1478.97,1454.53,1465.0,23628976,4.2,24.44,13.97,6.27,0.1718,0.5716,0.2565,,,False,False,False,False,,Uptrend,Buyers,1393.44,1265.92,Bullish,0,0,0,0,0,0,0,0,Uptrend,No Reversal,No Context,No
2024-03-01,1474.35,1492.12,1500.0,1462.5,1463.5,12132926,28.62,37.5,7.88,1.0,0.7632,0.2101,0.0267,,,False,False,False,False,,Uptrend,Buyers,1397.31,1268.17,Bullish,0,0,0,0,0,0,1,0,Uptrend,No Reversal,No Context,No
2024-03-04,1489.44,1507.4,1512.45,1487.22,1490.47,10024420,16.93,25.23,5.05,3.25,0.671,0.2002,0.1288,1512.45,,True,False,False,False,HH,Uptrend,Buyers,1401.63,1270.55,Bullish,0,0,0,0,0,0,0,0,Uptrend,No Reversal,No Context,No
2024-03-05,1482.32,1500.2,1507.4,1486.05,1505.78,7107668,5.58,21.35,1.62,14.15,0.2614,0.0759,0.6628,,,False,False,False,False,,Uptrend,Buyers,1405.5,1272.83,Bullish,1,0,0,0,0,0,0,1,Uptrend,No Reversal,Bearish Pattern in Uptrend,No
2024-03-06,1485.09,1503.0,1509.0,1478.5,1493.45,7805676,9.55,30.5,6.0,14.95,0.3131,0.1967,0.4902,,,False,False,False,False,,Uptrend,Buyers,1409.32,1275.12,Bullish,0,0,0,0,0,0,0,0,Uptrend,No Reversal,No Context,No
2024-03-07,1461.3,1478.93,1503.1,1475.55,1502.97,8315726,24.04,27.55,0.13,3.38,0.8726,0.0047,0.1227,,,False,False,False,False,,Uptrend,Buyers,1412.05,1277.15,Bullish,0,0,0,0,0,0,0,0,Uptrend,No Reversal,No Context,No
2024-03-11,1449.12,1466.6,1489.0,1463.5,1489.0,11277130,22.4,25.5,0.0,3.1,0.8784,0.0,0.1216,,,False,False,False,False,,Uptrend,Buyers,1414.19,1279.04,Bullish,0,0,0,0,0,0,0,0,Uptrend,No Reversal,No Context,No
2024-03-12,1457.84,1475.43,1488.0,1465.03,1466.6,9432678,8.83,22.97,12.57,1.57,0.3844,0.5472,0.0684,,,False,False,False,False,,Uptrend,Buyers,1416.59,1280.99,Bullish,0,0,0,0,0,0,1,0,Uptrend,No Reversal,No Context,No
2024-03-13,1415.11,1432.18,1483.1,1427.78,1479.78,13522134,47.6,55.32,3.32,4.4,0.8604,0.06,0.0795,,,False,False,False,False,,Uptrend,Buyers,1417.2,1282.5,Bullish,0,0,0,0,1,0,0,0,Uptrend,No Reversal,Bearish Pattern in Uptrend,No
2024-03-14,1414.42,1431.47,1448.53,1425.5,1439.7,18571102,8.23,23.03,8.83,5.97,0.3574,0.3834,0.2592,,,False,False,False,False,,Uptrend,Buyers,1417.76,1283.98,Bullish,0,0,0,0,0,0,0,0,Uptrend,No Reversal,No Context,No
2024-03-15,1401.33,1418.22,1433.22,1412.9,1425.95,19223818,7.73,20.32,7.27,5.32,0.3804,0.3578,0.2618,,1412.9,False,False,False,True,LL,Downtrend,Sellers,1417.78,1285.31,Bullish,0,0,0,0,0,0,0,0,Uptrend,Bearish Reversal,No Context,No
2024-03-18,1422.32,1439.47,1441.72,1416.53,1420.0,9169392,19.47,25.19,2.25,3.47,0.7729,0.0893,0.1378,,,False,False,False,False,,Downtrend,Sellers,1418.63,1286.85,Bullish,0,0,0,0,0,0,1,0,Downtrend,No Reversal,Bullish Pattern in Downtrend,No
2024-03-19,1408.27,1425.25,1437.6,1417.25,1428.75,8275764,3.5,20.35,8.85,8.0,0.172,0.4349,0.3931,,,False,False,False,False,,Downtrend,Sellers,1418.89,1288.22,Bullish,0,0,0,0,0,0,0,0,Downtrend,No Reversal,No Context,No
2024-03-20,1426.55,1443.75,1445.0,1424.03,1427.95,8488806,15.8,20.97,1.25,3.92,0.7535,0.0596,0.1869,,,False,False,False,False,,Downtrend,Sellers,1419.86,1289.77,Bullish,0,0,0,0,0,0,0,0,Downtrend,No Reversal,No Context,No
2024-03-21,1433.69,1450.97,1457.9,1444.68,1452.53,13006936,1.56,13.22,5.37,6.29,0.118,0.4062,0.4758,,,False,False,False,False,,Downtrend,Sellers,1421.08,1291.38,Bullish,0,0,0,0,0,0,0,0,Downtrend,No Reversal,No Context,No
2024-03-22,1437.69,1455.03,1460.0,1447.35,1449.97,19527608,5.06,12.65,4.97,2.62,0.4,0.3929,0.2071,,,False,False,False,False,,Downtrend,Sellers,1422.42,1293.0,Bullish,0,0,0,1,0,0,0,0,Downtrend,No Reversal,Bullish Pattern in Downtrend,No
2024-03-26,1424.4,1441.57,1452.4,1439.0,1445.0,11415906,3.43,13.4,7.4,2.57,0.256,0.5522,0.1918,,,False,False,False,False,,Downtrend,Sellers,1423.17,1294.48,Bullish,0,1,0,0,0,0,0,0,Downtrend,No Reversal,Bullish Pattern in Downtrend,No
2024-03-27,1475.06,1492.85,1500.0,1447.0,1448.0,16326644,44.85,53.0,7.15,1.0,0.8462,0.1349,0.0189,,,False,False,False,False,,Downtrend,Sellers,1425.9,1296.46,Bullish,0,0,0,0,0,0,0,0,Downtrend,No Reversal,No Context,No
2024-03-28,1468.15,1485.85,1505.95,1478.65,1492.88,21854364,7.03,27.3,13.07,7.2,0.2575,0.4788,0.2637,1505.95,,False,False,True,False,LH,Downtrend,Sellers,1428.25,1298.34,Bullish,0,0,0,0,0,0,0,0,Downtrend,No Reversal,No Context,No
2024-04-01,1467.08,1484.78,1493.97,1482.5,1492.47,5013880,7.69,11.47,1.5,2.28,0.6704,0.1308,0.1988,,,False,False,False,False,,Downtrend,Sellers,1430.47,1300.2,Bullish,0,0,0,0,0,0,0,1,Downtrend,No Reversal,No Context,No
2024-04-02,1469.23,1486.95,1494.0,1475.0,1484.0,8910166,2.95,19.0,7.05,9.0,0.1553,0.3711,0.4737,,,False,False,False,False,,Downtrend,Sellers,1432.68,1302.05,Bullish,0,0,0,0,0,0,0,0,Downtrend,No Reversal,No Context,No
2024-04-03,1454.07,1471.6,1484.45,1468.9,1482.07,7008292,10.47,15.55,2.38,2.7,0.6733,0.1531,0.1736,,,False,False,False,False,,Downtrend,Sellers,1434.21,1303.74,Bullish,0,0,0,0,0,0,0,0,Downtrend,No Reversal,No Context,No
2024-04-04,1445.49,1462.93,1479.75,1450.0,1479.75,14490272,16.82,29.75,0.0,12.93,0.5654,0.0,0.4346,,,False,False,False,False,,Downtrend,Sellers,1435.33,1305.33,Bullish,0,0,0,0,0,0,0,0,Downtrend,No Reversal,No Context,No
2024-04-05,1442.7,1460.1,1470.8,1456.0,1460.88,7442298,0.78,14.8,9.92,4.1,0.0527,0.6703,0.277,,,False,False,False,False,,Downtrend,Sellers,1436.31,1306.87,Bullish,0,0,1,0,0,0,0,0,Downtrend,No Reversal,Market Indecision,No
2024-04-08,1468.27,1485.97,1490.97,1461.0,1462.97,8357118,23.0,29.97,5.0,1.97,0.7674,0.1668,0.0657,,,False,False,False,False,,Downtrend,Sellers,1438.25,1308.65,Bullish,0,0,0,0,0,0,1,0,Downtrend,No Reversal,Bullish Pattern in Downtrend,No
2024-04-09,1446.21,1463.65,1489.8,1462.5,1489.0,7071414,25.35,27.3,0.8,1.15,0.9286,0.0293,0.0421,,,False,False,False,False,,Downtrend,Sellers,1439.25,1310.19,Bullish,0,0,0,0,0,0,0,0,Downtrend,No Reversal,No Context,No
2024-04-10,1461.95,1479.57,1487.0,1466.35,1466.35,9138330,13.22,20.65,7.43,0.0,0.6402,0.3598,0.0,,,False,False,False,False,,Downtrend,Sellers,1440.83,1311.88,Bullish,0,0,0,0,0,0,0,0,Downtrend,No Reversal,No Context,No
2024-04-12,1449.67,1467.15,1486.47,1463.07,1475.88,15551012,8.73,23.4,10.59,4.08,0.3731,0.4526,0.1744,,,False,False,False,False,,Downtrend,Sellers,1441.86,1313.42,Bullish,0,0,0,0,0,0,0,0,Downtrend,No Reversal,No Context,No
2024-04-15,1447.37,1464.82,1482.12,1446.32,1461.0,12902062,3.82,35.8,17.3,14.68,0.1067,0.4832,0.4101,,,False,False,False,False,,Downtrend,Sellers,1442.76,1314.93,Bullish,0,0,0,0,0,0,0,0,Downtrend,No Reversal,No Context,No
2024-04-16,1448.28,1465.75,1471.18,1450.93,1453.35,9366184,12.4,20.25,5.43,2.42,0.6123,0.2681,0.1195,,,False,False,False,False,,Downtrend,Sellers,1443.66,1316.43,Bullish,0,0,0,0,0,0,1,0,Downtrend,No Reversal,Bullish Pattern in Downtrend,No
2024-04-18,1446.88,1464.32,1486.0,1459.35,1463.5,19005692,0.82,26.65,21.68,4.15,0.0308,0.8135,0.1557,,,False,False,False,False,,Downtrend,Sellers,1444.47,1317.9,Bullish,0,0,1,0,0,0,0,0,Downtrend,No Reversal,Market Indecision,No
2024-04-19,1452.61,1470.12,1474.0,1443.03,1456.78,15741778,13.34,30.97,3.88,13.75,0.4307,0.1253,0.444,,,False,False,False,False,,Downtrend,Sellers,1445.48,1319.41,Bullish,0,0,0,0,0,0,0,0,Downtrend,No Reversal,No Context,No
2024-04-22,1462.22,1479.85,1482.82,1467.8,1472.45,10350362,7.4,15.02,2.97,4.65,0.4927,0.1977,0.3096,,,False,False,False,False,,Downtrend,Sellers,1446.83,1321.01,Bullish,0,0,0,0,0,0,0,0,Downtrend,No Reversal,No Context,No
2024-04-23,1441.94,1459.32,1493.5,1455.55,1479.0,14605554,19.68,37.95,14.5,3.77,0.5186,0.3821,0.0993,1493.5,,False,False,True,False,LH,Downtrend,Sellers,1447.32,1322.39,Bullish,0,0,0,0,0,0,0,1,Downtrend,No Reversal,No Context,No
2024-04-24,1432.9,1450.18,1468.55,1449.5,1463.5,10462776,13.32,19.05,5.05,0.68,0.6992,0.2651,0.0357,,,False,False,False,False,,Downtrend,Sellers,1447.43,1323.66,Bullish,0,0,0,0,0,0,0,0,Downtrend,No Reversal,No Context,No
2024-04-25,1442.58,1459.97,1467.97,1441.5,1442.5,15943926,17.47,26.47,8.0,1.0,0.66,0.3022,0.0378,,,False,False,False,False,,Downtrend,Sellers,1447.92,1325.01,Bullish,0,0,0,0,0,0,1,0,Downtrend,No Reversal,Bullish Pattern in Downtrend,No
2024-04-26,1435.24,1452.55,1465.0,1450.0,1463.95,9413848,11.4,15.0,1.05,2.55,0.76,0.07,0.17,,,False,False,False,False,,Downtrend,Sellers,1448.1,1326.28,Bullish,0,0,0,0,0,0,0,0,Downtrend,No Reversal,No Context,No
2024-04-29,1447.57,1465.03,1467.9,1450.0,1450.0,7247974,15.03,17.9,2.87,0.0,0.8397,0.1603,0.0,,,False,False,False,False,,Downtrend,Sellers,1448.77,1327.66,Bullish,0,0,0,1,0,0,0,0,Downtrend,No Reversal,Bullish Pattern in Downtrend,No
2024-04-30,1449.52,1467.0,1483.07,1462.88,1468.0,11474262,1.0,20.19,15.07,4.12,0.0495,0.7464,0.2041,,,False,False,False,False,,Downtrend,Sellers,1449.48,1329.05,Bullish,0,0,1,0,0,0,0,0,Downtrend,No Reversal,Market Indecision,No
2024-05-02,1449.08,1466.55,1477.32,1464.12,1472.0,14512646,5.45,13.2,5.32,2.43,0.4129,0.403,0.1841,,,False,False,False,False,,Downtrend,Sellers,1450.15,1330.42,Bullish,0,0,0,0,0,0,0,1,Downtrend,No Reversal,No Context,No
2024-05-03,1416.91,1434.0,1474.95,1416.15,1471.0,17226958,37.0,58.8,3.95,17.85,0.6293,0.0672,0.3036,,,False,False,False,False,,Downtrend,Sellers,1449.52,1331.45,Bullish,0,0,0,0,0,0,0,0,Downtrend,No Reversal,No Context,No
2024-05-06,1402.61,1419.53,1440.0,1418.0,1435.5,7394208,15.97,22.0,4.5,1.53,0.7259,0.2045,0.0695,,,False,False,False,False,,Downtrend,Sellers,1448.34,1332.33,Bullish,0,0,0,0,0,0,0,0,Downtrend,No Reversal,No Context,No
2024-05-07,1384.78,1401.47,1420.75,1392.0,1415.97,14517472,14.5,28.75,4.78,9.47,0.5043,0.1663,0.3294,,,False,False,False,False,,Downtrend,Sellers,1446.5,1333.01,Bullish,0,0,0,0,0,0,0,0,Downtrend,No Reversal,No Context,No
2024-05-08,1401.65,1418.55,1432.95,1397.5,1397.5,9439002,21.05,35.45,14.4,0.0,0.5938,0.4062,0.0,,,False,False,False,False,,Downtrend,Sellers,1445.41,1333.86,Bullish,0,0,0,1,0,0,1,0,Downtrend,No Reversal,Bullish Pattern in Downtrend,No
2024-05-09,1377.51,1394.12,1423.75,1390.0,1413.0,11009612,18.88,33.75,10.75,4.12,0.5594,0.3185,0.1221,,,False,False,False,False,,Downtrend,Sellers,1443.4,1334.46,Bullish,0,0,0,0,0,0,0,0,Downtrend,No Reversal,No Context,No
2024-05-10,1390.65,1407.43,1410.0,1388.07,1396.75,10505096,10.68,21.93,2.57,8.68,0.487,0.1172,0.3958,,,False,False,False,False,,Downtrend,Sellers,1441.99,1335.19,Bullish,0,0,0,0,0,0,0,0,Downtrend,No Reversal,No Context,No
2024-05-13,1385.99,1402.7,1406.97,1384.0,1399.9,8456620,2.8,22.97,4.27,15.9,0.1219,0.1859,0.6922,,1384.0,False,False,False,True,LL,Downtrend,Sellers,1440.45,1335.86,Bullish,0,0,0,0,0,0,1,0,Downtrend,No Reversal,Bullish Pattern in Downtrend,No
2024-05-14,1403.15,1420.07,1427.07,1400.03,1400.97,7188300,19.1,27.04,7.0,0.94,0.7064,0.2589,0.0348,,,False,False,False,False,,Downtrend,Sellers,1439.65,1336.7,Bullish,0,0,0,0,0,0,0,0,Downtrend,No Reversal,No Context,No
2024-05-15,1399.4,1416.28,1429.97,1413.03,1420.5,5046534,4.22,16.94,9.47,3.25,0.2491,0.559,0.1919,,,False,False,False,False,,Downtrend,Sellers,1438.73,1337.49,Bullish,0,1,0,0,0,0,0,0,Downtrend,No Reversal,Bullish Pattern in Downtrend,No
2024-05-16,1408.37,1425.35,1427.5,1398.03,1418.55,14711774,6.8,29.47,2.15,20.52,0.2307,0.073,0.6963,,,False,False,False,False,,Downtrend,Sellers,1438.21,1338.37,Bullish,1,0,0,0,0,0,0,0,Downtrend,No Reversal,Bullish Pattern in Downtrend,No
2024-05-17,1418.59,1435.7,1437.2,1413.25,1423.05,10916476,12.65,23.95,1.5,9.8,0.5282,0.0626,0.4092,,,False,False,False,False,,Downtrend,Sellers,1438.11,1339.33,Bullish,0,0,0,0,0,0,0,0,Downtrend,No Reversal,No Context,No
2024-05-21,1419.01,1436.12,1441.82,1425.6,1425.6,11176128,10.52,16.22,5.7,0.0,0.6486,0.3514,0.0,,,False,False,False,False,,Downtrend,Sellers,1438.03,1340.3,Bullish,0,0,0,0,0,0,0,0,Downtrend,No Reversal,No Context,No
2024-05-22,1443.25,1460.65,1468.78,1436.28,1436.28,10281604,24.37,32.5,8.13,0.0,0.7498,0.2502,0.0,,,False,False,False,False,,Downtrend,Sellers,1438.92,1341.49,Bullish,0,0,0,0,0,0,0,0,Downtrend,No Reversal,No Context,No
2024-05-23,1468.34,1486.05,1492.22,1455.0,1458.55,14608260,27.5,37.22,6.17,3.55,0.7389,0.1658,0.0954,1492.22,,False,False,True,False,LH,Downtrend,Sellers,1440.76,1342.93,Bullish,0,0,0,0,0,0,0,0,Downtrend,No Reversal,No Context,No
2024-05-24,1462.61,1480.25,1488.5,1476.1,1483.62,7094776,3.37,12.4,4.88,4.15,0.2718,0.3935,0.3347,,,False,False,False,False,,Downtrend,Sellers,1442.31,1344.3,Bullish,0,0,0,0,0,0,0,0,Downtrend,No Reversal,No Context,No
2024-05-27,1448.78,1466.25,1484.9,1461.55,1480.22,6629010,13.97,23.35,4.68,4.7,0.5983,0.2004,0.2013,,,False,False,False,False,,Downtrend,Sellers,1443.25,1345.51,Bullish,0,0,0,0,0,0,0,1,Downtrend,No Reversal,No Context,No
2024-05-28,1438.85,1456.2,1478.5,1452.75,1468.0,7820162,11.8,25.75,10.5,3.45,0.4583,0.4078,0.134,,,False,False,False,False,,Downtrend,Sellers,1443.76,1346.61,Bullish,0,0,0,0,0,0,0,0,Downtrend,No Reversal,No Context,No
2024-05-29,1423.61,1440.78,1458.0,1438.45,1446.5,7383556,5.72,19.55,11.5,2.33,0.2926,0.5882,0.1192,,,False,False,False,False,,Downtrend,Sellers,1443.64,1347.55,Bullish,0,1,0,0,0,1,0,0,Downtrend,No Reversal,Bullish Pattern in Downtrend,No
2024-05-30,1407.87,1424.85,1440.4,1420.1,1435.5,13206858,10.65,20.3,4.9,4.75,0.5246,0.2414,0.234,,,False,False,False,False,,Downtrend,Sellers,1442.91,1348.32,Bullish,0,0,0,0,0,0,0,0,Downtrend,No Reversal,No Context,No
2024-05-31,1413.36,1430.4,1442.25,1422.25,1431.3,31069832,0.9,20.0,10.95,8.15,0.045,0.5475,0.4075,,,False,False,False,False,,Downtrend,Sellers,1442.42,1349.14,Bullish,0,0,1,0,0,0,0,0,Downtrend,No Reversal,Market Indecision,No
2024-06-03,1492.33,1510.32,1514.5,1459.0,1483.0,21527942,27.32,55.5,4.18,24.0,0.4923,0.0753,0.4324,1514.5,,True,False,False,False,HH,Uptrend,Buyers,1445.08,1350.74,Bullish,0,0,0,0,0,0,1,0,Downtrend,Bullish Reversal,Bullish Pattern in Downtrend,Yes
2024-06-04,1380.63,1397.28,1498.05,1359.3,1498.05,36709098,100.77,138.75,0.0,37.98,0.7263,0.0,0.2737,,1359.3,False,False,False,True,LL,Downtrend,Sellers,1443.2,1351.2,Bullish,0,0,0,0,0,0,0,0,Uptrend,Bearish Reversal,No Context,No
2024-06-05,1403.82,1420.75,1431.15,1384.1,1422.0,17464890,1.25,47.05,9.15,36.65,0.0266,0.1945,0.779,,,False,False,False,False,,Downtrend,Sellers,1442.32,1351.9,Bullish,0,0,1,0,0,0,0,0,Downtrend,No Reversal,Market Indecision,No
2024-06-06,1414.54,1431.6,1443.7,1421.35,1435.0,17855722,3.4,22.35,8.7,10.25,0.1521,0.3893,0.4586,,,False,False,False,False,,Downtrend,Sellers,1441.9,1352.69,Bullish,0,0,0,0,0,0,0,0,Downtrend,No Reversal,No Context,No
2024-06-07,1452.43,1469.95,1472.0,1426.5,1428.5,18558696,41.45,45.5,2.05,2.0,0.911,0.0451,0.044,,,False,False,False,False,,Downtrend,Sellers,1443.0,1353.86,Bullish,0,0,0,1,0,0,0,0,Downtrend,No Reversal,Bullish Pattern in Downtrend,No
2024-06-10,1453.87,1471.4,1493.35,1468.07,1469.95,9251760,1.45,25.28,21.95,1.88,0.0574,0.8683,0.0744,,,False,False,False,False,,Downtrend,Sellers,1444.12,1355.03,Bullish,0,0,1,0,0,0,0,0,Downtrend,No Reversal,Market Indecision,No
2024-06-11,1439.32,1456.68,1473.68,1454.68,1469.0,11774902,12.32,19.0,4.68,2.0,0.6484,0.2463,0.1053,,,False,False,False,False,,Downtrend,Sellers,1444.61,1356.04,Bullish,0,0,0,0,0,0,0,1,Downtrend,No Reversal,No Context,No
2024-06-12,1445.89,1463.32,1476.0,1455.18,1457.5,10081742,5.82,20.82,12.68,2.32,0.2795,0.609,0.1114,,,False,False,False,False,,Downtrend,Sellers,1445.34,1357.1,Bullish,0,1,0,0,0,1,0,0,Downtrend,No Reversal,Bullish Pattern in Downtrend,No
2024-06-13,1447.79,1465.25,1472.25,1460.1,1472.0,9181160,6.75,12.15,0.25,5.15,0.5556,0.0206,0.4239,,,False,False,False,False,,Downtrend,Sellers,1446.12,1358.18,Bullish,0,0,0,0,0,0,0,0,Downtrend,No Reversal,No Context,No
2024-06-14,1459.94,1477.55,1479.68,1457.22,1470.0,8157998,7.55,22.46,2.13,12.78,0.3362,0.0948,0.569,,,False,False,False,False,,Downtrend,Sellers,1447.36,1359.37,Bullish,0,0,0,0,0,0,0,0,Downtrend,No Reversal,No Context,No
2024-06-18,1463.38,1481.03,1487.4,1471.35,1487.35,7196766,6.32,16.05,0.05,9.68,0.3938,0.0031,0.6031,,,False,False,False,False,,Downtrend,Sellers,1448.68,1360.58,Bullish,0,0,0,0,0,0,0,0,Downtrend,No Reversal,No Context,No
2024-06-19,1441.27,1458.65,1487.5,1456.0,1487.5,8725874,28.85,31.5,0.0,2.65,0.9159,0.0,0.0841,,,False,False,False,False,,Downtrend,Sellers,1449.07,1361.55,Bullish,0,0,0,0,0,0,0,1,Downtrend,No Reversal,No Context,No
2024-06-20,1456.14,1473.7,1482.85,1450.1,1459.0,16113776,14.7,32.75,9.15,8.9,0.4489,0.2794,0.2718,,,False,False,False,False,,Downtrend,Sellers,1450.03,1362.67,Bullish,0,0,0,0,0,0,0,0,Downtrend,No Reversal,No Context,No
2024-06-21,1436.87,1454.2,1474.7,1440.57,1473.62,31170360,19.42,34.13,1.08,13.63,0.569,0.0316,0.3994,,,False,False,False,False,,Downtrend,Sellers,1450.2,1363.58,Bullish,0,0,0,0,0,0,0,0,Downtrend,No Reversal,No Context,No
2024-06-24,1424.3,1441.47,1449.5,1437.5,1445.53,8878386,4.06,12.0,3.97,3.97,0.3383,0.3308,0.3308,,1437.5,False,True,False,False,HL,Uptrend,Buyers,1449.85,1364.36,Bullish,0,0,0,0,0,0,0,0,Downtrend,Bullish Reversal,No Context,No
2024-06-25,1436.82,1454.15,1455.93,1441.0,1443.0,7045386,11.15,14.93,1.78,2.0,0.7468,0.1192,0.134,,,False,False,False,False,,Uptrend,Buyers,1450.02,1365.25,Bullish,0,0,0,0,0,0,1,0,Uptrend,No Reversal,No Context,No
2024-06-26,1495.98,1514.03,1518.97,1445.12,1446.05,22014882,67.98,73.85,4.94,0.93,0.9205,0.0669,0.0126,,,False,False,False,False,,Uptrend,Buyers,1452.53,1366.73,Bullish,0,0,0,0,0,0,0,0,Uptrend,No Reversal,No Context,No
2024-06-27,1512.31,1530.55,1537.5,1506.0,1513.75,28383030,16.8,31.5,6.95,7.75,0.5333,0.2206,0.246,,,False,False,False,False,,Uptrend,Buyers,1455.59,1368.36,Bullish,0,0,0,0,0,0,0,0,Uptrend,No Reversal,No Context,No
2024-06-28,1546.75,1565.4,1581.0,1531.03,1531.03,28957336,34.37,49.97,15.6,0.0,0.6878,0.3122,0.0,,,False,False,False,False,,Uptrend,Buyers,1459.9,1370.32,Bullish,0,0,0,0,0,0,0,0,Uptrend,No Reversal,No Context,No
2024-07-01,1541.56,1560.15,1579.4,1555.68,1562.53,7724306,2.38,23.72,16.87,4.47,0.1003,0.7112,0.1884,,,False,False,False,False,,Uptrend,Buyers,1463.83,1372.21,Bullish,0,0,0,0,0,0,0,0,Uptrend,No Reversal,No Context,No
2024-07-02,1546.53,1565.18,1573.5,1557.0,1569.5,7749246,4.32,16.5,4.0,8.18,0.2618,0.2424,0.4958,,,False,False,False,False,,Uptrend,Buyers,1467.8,1374.13,Bullish,0,0,0,0,0,0,0,1,Uptrend,No Reversal,Bearish Pattern in Uptrend,No
2024-07-03,1533.93,1552.43,1575.0,1542.78,1566.32,9049620,13.89,32.22,8.68,9.65,0.4311,0.2694,0.2995,,,False,False,False,False,,Uptrend,Buyers,1471.12,1375.9,Bullish,0,0,0,0,0,0,0,0,Uptrend,No Reversal,No Context,No
2024-07-04,1535.51,1554.03,1567.5,1550.8,1557.0,6837176,2.97,16.7,10.5,3.23,0.1778,0.6287,0.1934,,,False,False,False,False,,Uptrend,Buyers,1474.37,1377.68,Bullish,0,0,0,0,0,0,0,0,Uptrend,No Reversal,No Context,No
2024-07-05,1569.7,1588.62,1598.5,1548.0,1553.82,12269710,34.8,50.5,9.88,5.82,0.6891,0.1956,0.1152,,,False,False,False,False,,Uptrend,Buyers,1478.85,1379.78,Bullish,0,0,0,1,0,0,1,0,Uptrend,No Reversal,No Context,No
2024-07-08,1581.82,1600.9,1608.8,1582.53,1589.0,9500806,11.9,26.27,7.9,6.47,0.453,0.3007,0.2463,1608.8,,True,False,False,False,HH,Uptrend,Buyers,1483.64,1381.98,Bullish,0,0,0,0,0,0,0,0,Uptrend,No Reversal,No Context,No
2024-07-09,1571.33,1590.28,1600.5,1580.5,1597.6,6960002,7.32,20.0,2.9,9.78,0.366,0.145,0.489,,,False,False,False,False,,Uptrend,Buyers,1487.82,1384.05,Bullish,0,0,0,0,0,0,0,1,Uptrend,No Reversal,Bearish Pattern in Uptrend,No
2024-07-10,1565.35,1584.22,1597.5,1563.15,1595.0,7134578,10.78,34.35,2.5,21.07,0.3138,0.0728,0.6134,,,False,False,False,False,,Uptrend,Buyers,1491.6,1386.04,Bullish,0,0,0,0,0,0,0,1,Uptrend,No Reversal,Bearish Pattern in Uptrend,No
2024-07-11,1561.82,1580.65,1604.25,1570.5,1587.5,11940946,6.85,33.75,16.75,10.15,0.203,0.4963,0.3007,,,False,False,False,False,,Uptrend,Buyers,1495.1,1387.98,Bullish,0,0,0,0,0,0,0,0,Uptrend,No Reversal,No Context,No
2024-07-12,1577.7,1596.72,1605.15,1574.5,1584.5,12924784,12.22,30.65,8.43,10.0,0.3987,0.275,0.3263,,,False,False,False,False,,Uptrend,Buyers,1499.08,1390.05,Bullish,0,0,0,0,0,0,1,0,Uptrend,No Reversal,No Context,No
2024-07-15,1578.19,1597.22,1605.85,1585.5,1604.45,5329688,7.23,20.35,1.4,11.72,0.3553,0.0688,0.5759,,,False,False,False,False,,Uptrend,Buyers,1502.93,1392.11,Bullish,0,0,0,0,0,0,0,0,Uptrend,No Reversal,No Context,No
2024-07-16,1557.47,1576.25,1600.0,1569.12,1593.5,9386838,17.25,30.88,6.5,7.13,0.5586,0.2105,0.2309,,,False,False,False,False,,Uptrend,Buyers,1505.8,1393.95,Bullish,0,0,0,0,0,0,0,1,Uptrend,No Reversal,Bearish Pattern in Uptrend,No
2024-07-18,1567.77,1586.68,1593.9,1557.82,1576.0,12298374,10.68,36.08,7.22,18.18,0.296,0.2001,0.5039,,,False,False,False,False,,Uptrend,Buyers,1508.98,1395.86,Bullish,0,0,0,0,0,0,0,0,Uptrend,No Reversal,No Context,No
2024-07-19,1536.62,1555.15,1589.97,1552.8,1586.0,13140390,30.85,37.17,3.97,2.35,0.83,0.1068,0.0632,,,False,False,False,False,,Uptrend,Buyers,1510.79,1397.45,Bullish,0,0,0,0,0,0,0,0,Uptrend,No Reversal,No Context,No
2024-07-22,1482.79,1500.68,1537.5,1499.28,1537.25,19674376,36.57,38.22,0.25,1.4,0.9568,0.0065,0.0366,,,False,False,False,False,,Uptrend,Buyers,1510.39,1398.48,Bullish,0,0,0,0,0,0,0,0,Uptrend,No Reversal,No Context,No
2024-07-23,1470.17,1487.9,1505.75,1463.0,1501.0,18052044,13.1,42.75,4.75,24.9,0.3064,0.1111,0.5825,,1463.0,False,True,False,False,HL,Uptrend,Buyers,1509.51,1399.37,Bullish,0,0,0,0,0,0,0,0,Uptrend,No Reversal,No Context,No
2024-07-24,1477.88,1495.7,1509.5,1476.4,1485.0,11913362,10.7,33.1,13.8,8.6,0.3233,0.4169,0.2598,,,False,False,False,False,,Uptrend,Buyers,1508.97,1400.33,Bullish,0,0,0,0,0,0,1,0,Uptrend,No Reversal,No Context,No
2024-07-25,1474.62,1492.4,1500.47,1477.07,1481.0,12519876,11.4,23.4,8.07,3.93,0.4872,0.3449,0.1679,,,False,False,False,False,,Uptrend,Buyers,1508.32,1401.24,Bullish,0,0,0,0,0,0,1,0,Uptrend,No Reversal,No Context,No
2024-07-26,1491.04,1509.03,1512.43,1490.35,1492.4,9859940,16.63,22.08,3.4,2.05,0.7532,0.154,0.0928,,,False,False,False,False,,Uptrend,Buyers,1508.35,1402.31,Bullish,0,0,0,0,0,0,0,0,Uptrend,No Reversal,No Context,No
2024-07-29,1501.99,1520.1,1527.5,1511.78,1511.95,7538550,8.15,15.72,7.4,0.17,0.5184,0.4707,0.0108,,,False,False,False,False,,Uptrend,Buyers,1508.81,1403.49,Bullish,0,0,0,0,0,0,0,0,Uptrend,No Reversal,No Context,No
2024-07-30,1495.12,1513.15,1525.0,1510.0,1517.03,8228208,3.88,15.0,7.97,3.15,0.2587,0.5313,0.21,,,False,False,False,False,,Uptrend,Buyers,1508.98,1404.58,Bullish,0,1,0,0,0,0,0,1,Uptrend,No Reversal,Bearish Pattern in Uptrend,No
2024-07-31,1487.49,1505.43,1510.45,1501.15,1504.0,10057346,1.43,9.3,5.02,2.85,0.1538,0.5398,0.3065,,,False,False,False,False,,Uptrend,Buyers,1508.84,1405.58,Bullish,0,0,0,0,0,0,0,0,Uptrend,No Reversal,No Context,No
2024-08-01,1497.24,1515.3,1518.0,1504.3,1512.0,10764222,3.3,13.7,2.7,7.7,0.2409,0.1971,0.562,,,False,False,False,False,,Uptrend,Buyers,1509.09,1406.67,Bullish,1,0,0,0,0,0,1,0,Uptrend,No Reversal,No Context,No
2024-08-02,1481.46,1499.32,1509.32,1493.28,1505.0,10268248,5.68,16.04,4.32,6.04,0.3541,0.2693,0.3766,,,False,False,False,False,,Uptrend,Buyers,1508.71,1407.59,Bullish,0,0,0,0,0,0,0,0,Uptrend,No Reversal,No Context,No
2024-08-05,1430.08,1447.32,1483.9,1433.25,1480.0,17046704,32.68,50.65,3.9,14.07,0.6452,0.077,0.2778,,1433.25,False,False,False,True,LL,Downtrend,Sellers,1506.3,1407.99,Bullish,0,0,0,0,0,0,0,0,Uptrend,Bearish Reversal,No Context,No
2024-08-06,1438.7,1456.05,1477.5,1451.32,1455.15,10236186,0.9,26.18,21.45,3.83,0.0344,0.8193,0.1463,,,False,False,False,False,,Downtrend,Sellers,1504.33,1408.47,Bullish,0,0,1,0,0,0,0,0,Downtrend,No Reversal,Market Indecision,No
2024-08-07,1447.37,1464.82,1472.5,1461.5,1469.0,8174568,4.18,11.0,3.5,3.32,0.38,0.3182,0.3018,,,False,False,False,False,,Downtrend,Sellers,1502.78,1409.03,Bullish,0,0,0,0,0,0,0,0,Downtrend,No Reversal,No Context,No
2024-08-08,1431.86,1449.12,1465.0,1445.93,1457.53,12387192,8.41,19.07,7.47,3.19,0.441,0.3917,0.1673,,,False,False,False,False,,Downtrend,Sellers,1500.68,1409.43,Bullish,0,0,0,0,0,0,0,0,Downtrend,No Reversal,No Context,No
2024-08-09,1456.73,1474.3,1476.5,1456.0,1460.0,6249776,14.3,20.5,2.2,4.0,0.6976,0.1073,0.1951,,,False,False,False,False,,Downtrend,Sellers,1499.64,1410.07,Bullish,0,0,0,0,0,0,0,0,Downtrend,No Reversal,No Context,No
2024-08-12,1443.22,1460.62,1473.0,1457.75,1470.0,8184584,9.38,15.25,3.0,2.87,0.6151,0.1967,0.1882,,,False,False,False,False,,Downtrend,Sellers,1498.11,1410.58,Bullish,0,0,0,0,0,0,0,0,Downtrend,No Reversal,No Context,No
2024-08-13,1446.19,1463.62,1470.07,1458.0,1460.75,6265064,2.87,12.07,6.45,2.75,0.2378,0.5344,0.2278,,,False,False,False,False,,Downtrend,Sellers,1496.76,1411.1,Bullish,0,1,0,0,0,0,0,0,Downtrend,No Reversal,Bullish Pattern in Downtrend,No
2024-08-14,1444.43,1461.85,1472.0,1453.7,1463.55,6267466,1.7,18.3,8.45,8.15,0.0929,0.4617,0.4454,,,False,False,False,False,,Downtrend,Sellers,1495.39,1411.61,Bullish,0,0,1,0,0,0,0,0,Downtrend,No Reversal,Market Indecision,No
2024-08-16,1460.59,1478.2,1480.4,1458.05,1468.65,9416902,9.55,22.35,2.2,10.6,0.4273,0.0984,0.4743,,,False,False,False,False,,Downtrend,Sellers,1494.72,1412.27,Bullish,0,0,0,0,0,0,0,0,Downtrend,No Reversal,No Context,No
2024-08-19,1475.66,1488.4,1498.3,1480.5,1482.5,13797742,5.9,17.8,9.9,2.0,0.3315,0.5562,0.1124,,,False,False,False,False,,Downtrend,Sellers,1494.47,1413.03,Bullish,0,0,0,0,0,0,0,0,Downtrend,No Reversal,No Context,No
2024-08-20,1483.14,1495.95,1503.93,1490.03,1497.22,8411808,1.27,13.9,6.71,5.92,0.0914,0.4827,0.4259,,,False,False,False,False,,Downtrend,Sellers,1494.53,1413.85,Bullish,0,0,1,0,0,0,0,1,Downtrend,No Reversal,Market Indecision,No
2024-08-21,1485.84,1498.68,1507.88,1490.0,1493.25,7769996,5.43,17.88,9.2,3.25,0.3037,0.5145,0.1818,,,False,False,False,False,,Downtrend,Sellers,1494.69,1414.7,Bullish,0,0,0,1,0,0,0,0,Downtrend,No Reversal,Bullish Pattern in Downtrend,No
2024-08-22,1485.3,1498.12,1506.5,1490.65,1503.0,10445782,4.88,15.85,3.5,7.47,0.3079,0.2208,0.4713,,,False,False,False,False,,Downtrend,Sellers,1494.82,1415.53,Bullish,0,0,0,0,0,0,0,0,Downtrend,No Reversal,No Context,No
2024-08-23,1487.13,1499.97,1511.32,1498.43,1503.75,9249654,3.78,12.89,7.57,1.54,0.2933,0.5873,0.1195,,,False,False,False,False,,Downtrend,Sellers,1495.03,1416.37,Bullish,0,1,0,0,0,1,0,1,Downtrend,No Reversal,Bullish Pattern in Downtrend,No
2024-08-26,1499.65,1512.6,1523.0,1503.0,1506.97,8816114,5.63,20.0,10.4,3.97,0.2815,0.52,0.1985,,,False,False,False,False,,Downtrend,Sellers,1495.71,1417.33,Bullish,0,0,0,0,0,0,1,0,Downtrend,No Reversal,Bullish Pattern in Downtrend,No
2024-08-27,1487.6,1500.45,1513.47,1499.45,1510.5,6251156,10.05,14.02,2.97,1.0,0.7168,0.2118,0.0713,,,False,False,False,False,,Downtrend,Sellers,1495.9,1418.15,Bullish,0,0,0,0,0,0,0,0,Downtrend,No Reversal,No Context,No
2024-08-28,1485.47,1498.3,1507.47,1493.0,1505.0,9610286,6.7,14.47,2.47,5.3,0.463,0.1707,0.3663,,,False,False,False,False,,Downtrend,Sellers,1495.99,1418.95,Bullish,0,0,0,0,0,0,0,0,Downtrend,No Reversal,No Context,No
2024-08-29,1507.9,1520.93,1537.0,1494.0,1503.1,38335358,17.83,43.0,16.07,9.1,0.4147,0.3737,0.2116,,,False,False,False,False,,Downtrend,Sellers,1496.97,1419.96,Bullish,0,0,0,0,0,0,1,0,Downtrend,No Reversal,Bullish Pattern in Downtrend,No
2024-08-30,1496.7,1509.62,1539.72,1503.32,1534.0,41620730,24.38,36.4,5.72,6.3,0.6698,0.1571,0.1731,1539.72,,False,False,True,False,LH,Downtrend,Sellers,1497.47,1420.86,Bullish,0,0,0,0,0,0,0,0,Downtrend,No Reversal,No Context,No
2024-09-02,1503.27,1516.25,1526.8,1506.62,1510.88,11240852,5.37,20.18,10.55,4.26,0.2661,0.5228,0.2111,,,False,False,False,False,,Downtrend,Sellers,1498.2,1421.81,Bullish,0,0,0,0,0,0,0,0,Downtrend,No Reversal,No Context,No
2024-09-03,1496.2,1509.12,1523.0,1507.5,1521.25,10923800,12.13,15.5,1.75,1.62,0.7826,0.1129,0.1045,,,False,False,False,False,,Downtrend,Sellers,1498.63,1422.67,Bullish,0,0,0,0,1,0,0,0,Downtrend,No Reversal,No Context,No
2024-09-04,1501.58,1514.55,1517.5,1499.5,1500.7,11983304,13.85,18.0,2.95,1.2,0.7694,0.1639,0.0667,,,False,False,False,False,,Downtrend,Sellers,1499.26,1423.59,Bullish,0,0,0,0,0,0,0,0,Downtrend,No Reversal,No Context,No
2024-09-05,1480.19,1492.97,1525.78,1487.05,1519.05,16264168,26.08,38.73,6.73,5.92,0.6734,0.1738,0.1529,,,False,False,False,False,,Downtrend,Sellers,1499.01,1424.28,Bullish,0,0,0,0,1,0,0,0,Downtrend,No Reversal,No Context,No
2024-09-06,1452.28,1464.82,1497.0,1461.62,1492.5,19394228,27.68,35.38,4.5,3.2,0.7824,0.1272,0.0904,,,False,False,False,False,,Downtrend,Sellers,1497.67,1424.68,Bullish,0,0,0,0,0,0,0,0,Downtrend,No Reversal,No Context,No
2024-09-09,1449.93,1462.45,1469.93,1455.6,1466.5,9010298,4.05,14.33,3.43,6.85,0.2826,0.2394,0.478,,,False,False,False,False,,Downtrend,Sellers,1496.29,1425.06,Bullish,0,0,0,0,0,0,0,0,Downtrend,No Reversal,No Context,No
2024-09-10,1449.01,1461.53,1472.05,1457.57,1460.5,10768260,1.03,14.48,10.52,2.93,0.0711,0.7265,0.2023,,,False,False,False,False,,Downtrend,Sellers,1494.93,1425.42,Bullish,0,0,1,0,0,0,1,0,Downtrend,No Reversal,Market Indecision,No
2024-09-11,1439.07,1451.5,1468.75,1447.55,1463.05,9760202,11.55,21.2,5.7,3.95,0.5448,0.2689,0.1863,,,False,False,False,False,,Downtrend,Sellers,1493.22,1425.68,Bullish,0,0,0,0,1,0,0,0,Downtrend,No Reversal,No Context,No
2024-09-12,1467.13,1479.8,1486.0,1445.88,1457.0,22349376,22.8,40.12,6.2,11.12,0.5683,0.1545,0.2772,,1445.88,False,True,False,False,HL,Uptrend,Buyers,1492.7,1426.22,Bullish,0,0,0,0,0,0,0,0,Downtrend,Bullish Reversal,No Context,No
2024-09-13,1460.02,1472.62,1483.15,1469.5,1476.4,8711328,3.78,13.65,6.75,3.12,0.2769,0.4945,0.2286,,,False,False,False,False,,Uptrend,Buyers,1491.91,1426.68,Bullish,0,0,0,0,0,0,0,0,Uptrend,No Reversal,No Context,No
2024-09-16,1458.75,1471.35,1480.9,1464.75,1477.55,5481774,6.2,16.15,3.35,6.6,0.3839,0.2074,0.4087,,,False,False,False,False,,Uptrend,Buyers,1491.1,1427.13,Bullish,0,0,0,0,0,0,0,1,Uptrend,No Reversal,Bearish Pattern in Uptrend,No
2024-09-17,1459.69,1472.3,1477.47,1466.62,1474.0,5935328,1.7,10.85,3.47,5.68,0.1567,0.3198,0.5235,,,False,False,False,False,,Uptrend,Buyers,1490.37,1427.58,Bullish,0,0,0,0,0,0,0,0,Uptrend,No Reversal,No Context,No
2024-09-18,1450.92,1463.45,1482.0,1460.55,1470.0,8574714,6.55,21.45,12.0,2.9,0.3054,0.5594,0.1352,,,False,False,False,False,,Uptrend,Buyers,1489.31,1427.93,Bullish,0,0,0,0,0,0,0,0,Uptrend,No Reversal,No Context,No
2024-09-19,1457.09,1469.68,1476.5,1455.55,1466.25,16955902,3.43,20.95,6.82,10.7,0.1637,0.3255,0.5107,,,False,False,False,False,,Uptrend,Buyers,1488.54,1428.35,Bullish,0,0,0,0,0,0,0,0,Uptrend,No Reversal,No Context,No
2024-09-20,1473.2,1485.93,1495.0,1471.38,1474.0,30897320,11.93,23.62,9.07,2.62,0.5051,0.384,0.1109,,,False,False,False,False,,Uptrend,Buyers,1488.44,1428.92,Bullish,0,0,0,0,0,0,1,0,Uptrend,No Reversal,No Context,No
2024-09-23,1480.59,1493.38,1501.5,1488.95,1491.0,8832314,2.38,12.55,8.12,2.05,0.1896,0.647,0.1633,,,False,False,False,False,,Uptrend,Buyers,1488.63,1429.56,Bullish,0,1,0,0,0,0,0,0,Uptrend,No Reversal,No Context,No
2024-09-24,1476.62,1489.38,1500.5,1487.88,1488.5,17137444,0.88,12.62,11.12,0.62,0.0697,0.8811,0.0491,,,False,False,False,False,,Uptrend,Buyers,1488.66,1430.16,Bullish,0,1,1,0,0,0,0,0,Uptrend,No Reversal,Market Indecision,No
2024-09-25,1481.16,1493.95,1496.5,1480.2,1483.9,7069002,10.05,16.3,2.55,3.7,0.6166,0.1564,0.227,,,False,False,False,False,,Uptrend,Buyers,1488.87,1430.79,Bullish,0,0,0,0,0,0,0,0,Uptrend,No Reversal,No Context,No
2024-09-26,1485.12,1497.95,1504.0,1488.05,1490.65,18818998,7.3,15.95,6.05,2.6,0.4577,0.3793,0.163,,,False,False,False,False,,Uptrend,Buyers,1489.22,1431.46,Bullish,0,0,0,0,0,0,0,0,Uptrend,No Reversal,No Context,No
2024-09-27,1513.11,1526.18,1533.47,1492.0,1499.0,20597478,27.18,41.47,7.29,7.0,0.6554,0.1758,0.1688,1533.47,,False,False,True,False,LH,Downtrend,Sellers,1490.67,1432.4,Bullish,0,0,0,0,0,0,0,0,Uptrend,Bearish Reversal,No Context,No
2024-09-30,1463.93,1476.57,1524.97,1474.4,1519.4,27008814,42.83,50.57,5.57,2.17,0.8469,0.1101,0.0429,,,False,False,False,False,,Downtrend,Sellers,1490.12,1432.84,Bullish,0,0,0,0,0,0,0,0,Downtrend,No Reversal,No Context,No
2024-10-01,1452.28,1464.82,1487.95,1462.82,1480.65,16431642,15.83,25.13,7.3,2.0,0.6299,0.2905,0.0796,,,False,False,False,False,,Downtrend,Sellers,1489.13,1433.16,Bullish,0,0,0,0,0,0,0,0,Downtrend,No Reversal,No Context,No
2024-10-03,1394.93,1406.97,1449.4,1402.07,1436.57,37757294,29.6,47.33,12.83,4.9,0.6254,0.2711,0.1035,,,False,False,False,False,,Downtrend,Sellers,1485.91,1432.9,Bullish,0,0,0,0,0,0,0,0,Downtrend,No Reversal,No Context,No
2024-10-04,1374.65,1386.53,1417.35,1381.78,1403.93,37072876,17.4,35.57,13.42,4.75,0.4892,0.3773,0.1335,,,False,False,False,False,,Downtrend,Sellers,1482.01,1432.44,Bullish,0,0,0,0,0,0,0,0,Downtrend,No Reversal,No Context,No
2024-10-07,1358.99,1370.72,1396.5,1361.38,1393.5,22181340,22.78,35.12,3.0,9.34,0.6486,0.0854,0.2659,,1361.38,False,False,False,True,LL,Downtrend,Sellers,1477.65,1431.82,Bullish,0,0,0,0,0,0,0,0,Downtrend,No Reversal,No Context,No
2024-10-08,1385.39,1397.35,1401.0,1365.1,1372.97,17020808,24.38,35.9,3.65,7.87,0.6791,0.1017,0.2192,,,False,False,False,False,,Downtrend,Sellers,1474.5,1431.48,Bullish,0,0,0,0,0,0,0,0,Downtrend,No Reversal,No Context,No
2024-10-09,1362.83,1374.6,1400.97,1372.5,1397.53,14310610,22.93,28.47,3.44,2.1,0.8054,0.1208,0.0738,,,False,False,False,False,,Downtrend,Sellers,1470.58,1430.92,Bullish,0,0,0,0,0,0,0,0,Downtrend,No Reversal,No Context,No
2024-10-10,1359.31,1371.05,1386.0,1369.43,1380.03,22358646,8.98,16.57,5.97,1.62,0.5419,0.3603,0.0978,,,False,False,False,False,,Downtrend,Sellers,1466.68,1430.32,Bullish,0,0,0,0,0,0,0,1,Downtrend,No Reversal,No Context,No
2024-10-11,1360.35,1372.1,1383.28,1368.82,1370.0,7980122,2.1,14.46,11.18,1.18,0.1452,0.7732,0.0816,,,False,False,False,False,,Downtrend,Sellers,1462.97,1429.74,Bullish,0,1,0,0,0,0,1,0,Downtrend,No Reversal,Bullish Pattern in Downtrend,No
2024-10-14,1360.77,1372.53,1380.07,1368.25,1379.45,12221432,6.92,11.82,0.62,4.28,0.5854,0.0525,0.3621,,,False,False,False,False,,Downtrend,Sellers,1459.42,1429.17,Bullish,0,0,0,0,0,0,0,0,Downtrend,No Reversal,No Context,No
2024-10-15,1332.52,1344.03,1371.7,1340.7,1358.53,33762794,14.5,31.0,13.17,3.33,0.4677,0.4248,0.1074,,,False,False,False,False,,Downtrend,Sellers,1454.9,1428.32,Bullish,0,0,0,0,0,0,0,0,Downtrend,No Reversal,No Context,No
2024-10-16,1342.48,1354.07,1364.0,1337.62,1340.0,20034438,14.07,26.38,9.93,2.38,0.5334,0.3764,0.0902,,,False,False,False,False,,Downtrend,Sellers,1450.94,1427.58,Bullish,0,0,0,0,0,0,0,0,Downtrend,No Reversal,No Context,No
2024-10-17,1344.81,1356.43,1368.45,1352.05,1365.7,15543660,9.27,16.4,2.75,4.38,0.5652,0.1677,0.2671,,,False,False,False,False,,Downtrend,Sellers,1447.23,1426.88,Bullish,0,0,0,0,0,0,0,0,Downtrend,No Reversal,No Context,No
2024-10-18,1347.66,1359.3,1368.43,1341.32,1352.18,12082452,7.12,27.11,9.13,10.86,0.2626,0.3368,0.4006,,,False,False,False,False,,Downtrend,Sellers,1443.79,1426.2,Bullish,0,0,0,0,0,0,0,0,Downtrend,No Reversal,No Context,No
2024-10-21,1357.48,1369.2,1374.0,1357.72,1367.12,14067408,2.08,16.28,4.8,9.4,0.1278,0.2948,0.5774,,,False,False,False,False,,Downtrend,Sellers,1440.86,1425.64,Bullish,0,0,0,0,0,0,1,0,Downtrend,No Reversal,Bullish Pattern in Downtrend,No
2024-10-22,1331.85,1343.35,1376.0,1340.22,1369.2,15831960,25.85,35.78,6.8,3.13,0.7225,0.1901,0.0875,1376.0,,False,False,True,False,LH,Downtrend,Sellers,1437.04,1424.82,Bullish,0,0,0,0,0,0,0,1,Downtrend,No Reversal,No Context,No
2024-10-23,1327.06,1338.53,1357.47,1335.0,1337.5,17214742,1.03,22.47,18.94,2.5,0.0458,0.8429,0.1113,,,False,False,False,False,,Downtrend,Sellers,1433.17,1423.96,Bullish,0,0,1,0,0,0,0,0,Downtrend,No Reversal,Market Indecision,No
2024-10-24,1328.33,1339.8,1343.7,1323.12,1335.28,22155934,4.52,20.58,3.9,12.16,0.2196,0.1895,0.5909,,,False,False,False,False,,Downtrend,Sellers,1429.51,1423.12,Bullish,1,0,0,0,0,0,1,0,Downtrend,No Reversal,Bullish Pattern in Downtrend,No
2024-10-25,1316.48,1327.85,1344.35,1322.0,1343.5,18597496,15.65,22.35,0.85,5.85,0.7002,0.038,0.2617,,,False,False,False,False,,Downtrend,Sellers,1425.53,1422.17,Bullish,0,0,0,0,1,0,0,0,Downtrend,No Reversal,No Context,No
2024-10-28,1322.93,1334.35,1353.0,1322.1,1337.0,10824350,2.65,30.9,16.0,12.25,0.0858,0.5178,0.3964,,,False,False,False,False,,Downtrend,Sellers,1421.95,1421.3,Bullish,0,0,1,0,0,0,0,0,Downtrend,No Reversal,Market Indecision,No
2024-10-29,1328.53,1340.0,1343.2,1320.3,1328.1,12008361,11.9,22.9,3.2,7.8,0.5197,0.1397,0.3406,,,False,False,False,False,,Downtrend,Sellers,1418.74,1420.49,Bearish,0,0,0,1,0,0,1,0,Downtrend,No Reversal,Bullish Pattern in Downtrend,No
2024-10-30,1332.39,1343.9,1350.0,1325.35,1335.0,11984423,8.9,24.65,6.1,9.65,0.3611,0.2475,0.3915,,,False,False,False,False,,Downtrend,Sellers,1415.8,1419.73,Bearish,0,0,0,0,0,0,0,0,Downtrend,No Reversal,No Context,No
2024-10-31,1320.65,1332.05,1343.0,1326.15,1340.0,9331650,7.95,16.85,3.0,5.9,0.4718,0.178,0.3501,,,False,False,False,False,,Downtrend,Sellers,1412.52,1418.86,Bearish,0,0,0,0,0,0,0,1,Downtrend,No Reversal,No Context,No
2024-11-01,1327.19,1338.65,1341.95,1333.0,1333.05,2127335,5.6,8.95,3.3,0.05,0.6257,0.3687,0.0056,,,False,False,False,False,,Downtrend,Sellers,1409.62,1418.06,Bearish,0,0,0,0,0,0,0,0,Downtrend,No Reversal,No Context,No
2024-11-04,1291.0,1302.15,1340.0,1285.1,1337.85,19796890,35.7,54.9,2.15,17.05,0.6503,0.0392,0.3106,,,False,False,False,False,,Downtrend,Sellers,1405.41,1416.91,Bearish,0,0,0,0,0,0,0,0,Downtrend,No Reversal,No Context,No
2024-11-05,1294.12,1305.3,1309.55,1286.15,1293.0,16267479,12.3,23.4,4.25,6.85,0.5256,0.1816,0.2927,,,False,False,False,False,,Downtrend,Sellers,1401.48,1415.8,Bearish,0,0,0,0,0,0,0,0,Downtrend,No Reversal,No Context,No
2024-11-06,1314.0,1325.35,1328.3,1300.2,1310.0,21625209,15.35,28.1,2.95,9.8,0.5463,0.105,0.3488,,,False,False,False,False,,Downtrend,Sellers,1398.49,1414.9,Bearish,0,0,0,0,0,0,1,0,Downtrend,No Reversal,Bullish Pattern in Downtrend,No
2024-11-07,1294.47,1305.65,1324.0,1302.6,1324.0,9611974,18.35,21.4,0.0,3.05,0.8575,0.0,0.1425,,,False,False,False,False,,Downtrend,Sellers,1394.85,1413.81,Bearish,0,0,0,0,0,0,0,0,Downtrend,No Reversal,No Context,No
2024-11-08,1272.76,1283.75,1301.65,1275.0,1297.65,19814406,13.9,26.65,4.0,8.75,0.5216,0.1501,0.3283,,,False,False,False,False,,Downtrend,Sellers,1390.5,1412.51,Bearish,0,0,0,0,0,0,0,0,Downtrend,No Reversal,No Context,No
2024-11-11,1261.8,1272.7,1286.0,1267.0,1278.95,9056552,6.25,19.0,7.05,5.7,0.3289,0.3711,0.3,,,False,False,False,False,,Downtrend,Sellers,1385.88,1411.12,Bearish,0,0,0,0,0,0,0,0,Downtrend,No Reversal,No Context,No
2024-11-12,1263.34,1274.25,1289.3,1267.5,1275.55,10671091,1.3,21.8,13.75,6.75,0.0596,0.6307,0.3096,,,False,False,False,False,,Downtrend,Sellers,1381.5,1409.76,Bearish,0,0,1,0,0,0,0,0,Downtrend,No Reversal,Market Indecision,No
2024-11-13,1241.33,1252.05,1275.45,1249.5,1270.25,14633633,18.2,25.95,5.2,2.55,0.7013,0.2004,0.0983,,,False,False,False,False,,Downtrend,Sellers,1376.42,1408.19,Bearish,0,0,0,0,0,0,0,0,Downtrend,No Reversal,No Context,No
2024-11-14,1256.75,1267.6,1272.6,1251.1,1253.6,12612633,14.0,21.5,5.0,2.5,0.6512,0.2326,0.1163,,,False,False,False,False,,Downtrend,Sellers,1372.16,1406.79,Bearish,0,0,0,0,0,0,0,0,Downtrend,No Reversal,No Context,No
2024-11-18,1249.96,1260.75,1272.9,1243.9,1267.6,13620611,6.85,29.0,5.3,16.85,0.2362,0.1828,0.581,,,False,False,False,False,,Downtrend,Sellers,1367.79,1405.34,Bearish,1,0,0,0,0,0,0,0,Downtrend,No Reversal,Bullish Pattern in Downtrend,No
2024-11-19,1231.02,1241.65,1281.5,1235.15,1260.75,14183746,19.1,46.35,20.75,6.5,0.4121,0.4477,0.1402,,,False,False,False,False,,Downtrend,Sellers,1362.84,1403.71,Bearish,0,0,0,0,0,0,0,1,Downtrend,No Reversal,No Context,No
2024-11-21,1212.53,1223.0,1243.95,1217.25,1241.65,19433843,18.65,26.7,2.3,5.75,0.6985,0.0861,0.2154,,1217.25,False,False,False,True,LL,Downtrend,Sellers,1357.36,1401.91,Bearish,0,0,0,0,0,0,0,0,Downtrend,No Reversal,No Context,No
2024-11-22,1254.57,1265.4,1268.85,1222.45,1229.4,20471957,36.0,46.4,3.45,6.95,0.7759,0.0744,0.1498,,,False,False,False,False,,Downtrend,Sellers,1353.75,1400.55,Bearish,0,0,0,0,0,0,1,0,Downtrend,No Reversal,Bullish Pattern in Downtrend,No
2024-11-25,1275.98,1287.0,1304.45,1282.45,1290.0,28923341,3.0,22.0,14.45,4.55,0.1364,0.6568,0.2068,,,False,False,False,False,,Downtrend,Sellers,1351.13,1399.42,Bearish,0,0,0,0,0,0,0,0,Downtrend,No Reversal,No Context,No
2024-11-26,1284.61,1295.7,1297.85,1284.2,1294.95,9247557,0.75,13.65,2.15,10.75,0.0549,0.1575,0.7875,,,False,False,False,False,,Downtrend,Sellers,1348.96,1398.39,Bearish,0,0,1,0,0,0,0,0,Downtrend,No Reversal,Market Indecision,No
2024-11-27,1282.13,1293.2,1303.85,1286.0,1293.5,9572746,0.3,17.85,10.35,7.2,0.0168,0.5798,0.4034,,,False,False,False,False,,Downtrend,Sellers,1346.77,1397.35,Bearish,0,0,1,0,0,0,0,0,Downtrend,No Reversal,Market Indecision,No
2024-11-28,1259.92,1270.8,1296.6,1269.05,1289.95,15027412,19.15,27.55,6.65,1.75,0.6951,0.2414,0.0635,,,False,False,False,False,,Downtrend,Sellers,1343.79,1396.09,Bearish,0,0,0,0,0,0,0,1,Downtrend,No Reversal,No Context,No
2024-11-29,1281.14,1292.2,1299.5,1275.25,1280.0,13202307,12.2,24.25,7.3,4.75,0.5031,0.301,0.1959,,,False,False,False,False,,Downtrend,Sellers,1341.77,1395.05,Bearish,0,0,0,0,0,0,0,0,Downtrend,No Reversal,No Context,No
2024-12-02,1297.94,1309.15,1311.35,1277.05,1288.0,11024152,21.15,34.3,2.2,10.95,0.6166,0.0641,0.3192,,,False,False,False,False,,Downtrend,Sellers,1340.49,1394.2,Bearish,0,0,0,0,0,0,1,0,Downtrend,No Reversal,Bullish Pattern in Downtrend,No
2024-12-03,1311.97,1323.3,1326.8,1307.0,1317.0,16869482,6.3,19.8,3.5,10.0,0.3182,0.1768,0.5051,,,False,False,False,False,,Downtrend,Sellers,1339.82,1393.49,Bearish,0,0,0,0,0,0,0,0,Downtrend,No Reversal,No Context,No
2024-12-04,1297.74,1308.95,1328.4,1304.05,1326.0,19608540,17.05,24.35,2.4,4.9,0.7002,0.0986,0.2012,,,False,False,False,False,,Downtrend,Sellers,1338.61,1392.65,Bearish,0,0,0,0,1,0,0,1,Downtrend,No Reversal,No Context,No
2024-12-05,1310.73,1322.05,1329.95,1306.15,1314.35,16858723,7.7,23.8,7.9,8.2,0.3235,0.3319,0.3445,1329.95,,False,False,True,False,LH,Downtrend,Sellers,1337.96,1391.95,Bearish,0,0,0,0,0,0,0,0,Downtrend,No Reversal,No Context,No
2024-12-06,1300.32,1311.55,1323.9,1310.0,1323.9,9037514,12.35,13.9,0.0,1.55,0.8885,0.0,0.1115,,,False,False,False,False,,Downtrend,Sellers,1336.92,1391.15,Bearish,0,0,0,0,1,0,0,0,Downtrend,No Reversal,No Context,No
2024-12-09,1284.06,1295.15,1315.0,1293.1,1303.0,14650002,7.85,21.9,12.0,2.05,0.3584,0.5479,0.0936,,,False,False,False,False,,Downtrend,Sellers,1335.28,1390.19,Bearish,0,0,0,0,0,0,0,0,Downtrend,No Reversal,No Context,No
2024-12-10,1273.85,1284.85,1294.9,1280.2,1289.25,16043729,4.4,14.7,5.65,4.65,0.2993,0.3844,0.3163,,,False,False,False,False,,Downtrend,Sellers,1333.31,1389.15,Bearish,0,0,0,0,0,0,0,0,Downtrend,No Reversal,No Context,No
2024-12-11,1267.26,1278.2,1290.0,1276.05,1285.0,11724373,6.8,13.95,5.0,2.15,0.4875,0.3584,0.1541,,,False,False,False,False,,Downtrend,Sellers,1331.14,1388.04,Bearish,0,0,0,0,0,0,0,0,Downtrend,No Reversal,No Context,No
2024-12-12,1252.09,1262.9,1278.2,1260.6,1270.0,20906813,7.1,17.6,8.2,2.3,0.4034,0.4659,0.1307,,,False,False,False,False,,Downtrend,Sellers,1328.47,1386.8,Bearish,0,0,0,0,0,0,0,0,Downtrend,No Reversal,No Context,No
2024-12-13,1261.95,1272.85,1275.2,1239.6,1260.0,28630222,12.85,35.6,2.35,20.4,0.361,0.066,0.573,,,False,False,False,False,,Downtrend,Sellers,1326.29,1385.66,Bearish,0,0,0,1,0,0,0,0,Downtrend,No Reversal,Bullish Pattern in Downtrend,No
2024-12-16,1257.44,1268.3,1281.0,1266.55,1275.0,9486781,6.7,14.45,6.0,1.75,0.4637,0.4152,0.1211,,,False,False,False,False,,Downtrend,Sellers,1324.01,1384.49,Bearish,0,0,0,0,0,0,0,0,Downtrend,No Reversal,No Context,No
2024-12-17,1234.64,1245.3,1263.9,1242.8,1261.05,17462791,15.75,21.1,2.85,2.5,0.7464,0.1351,0.1185,,,False,False,False,False,,Downtrend,Sellers,1320.93,1383.11,Bearish,0,0,0,0,0,0,0,1,Downtrend,No Reversal,No Context,No
2024-12-18,1242.52,1253.25,1259.95,1240.65,1240.65,12670179,12.6,19.3,6.7,0.0,0.6528,0.3472,0.0,,,False,False,False,False,,Downtrend,Sellers,1318.27,1381.82,Bearish,0,0,0,0,0,0,0,0,Downtrend,No Reversal,No Context,No
2024-12-19,1219.91,1230.45,1244.9,1229.0,1239.0,14244653,8.55,15.9,5.9,1.45,0.5377,0.3711,0.0912,,,False,False,False,False,,Downtrend,Sellers,1314.83,1380.31,Bearish,0,0,0,0,0,0,0,0,Downtrend,No Reversal,No Context,No
2024-12-20,1194.98,1205.3,1239.5,1201.5,1224.0,20312896,18.7,38.0,15.5,3.8,0.4921,0.4079,0.1,,1201.5,False,False,False,True,LL,Downtrend,Sellers,1310.53,1378.57,Bearish,0,0,0,0,0,0,0,1,Downtrend,No Reversal,No Context,No
2024-12-23,1211.83,1222.3,1227.2,1213.2,1215.0,10052824,7.3,14.0,4.9,1.8,0.5214,0.35,0.1286,,,False,False,False,False,,Downtrend,Sellers,1307.07,1377.02,Bearish,0,0,0,0,0,0,0,0,Downtrend,No Reversal,No Context,No
2024-12-24,1212.28,1222.75,1233.55,1221.0,1222.3,6734917,0.45,12.55,10.8,1.3,0.0359,0.8606,0.1036,,,False,False,False,False,,Downtrend,Sellers,1303.77,1375.48,Bearish,0,0,1,0,0,0,1,0,Downtrend,No Reversal,Market Indecision,No
2024-12-26,1206.13,1216.55,1227.7,1214.25,1224.25,10016178,7.7,13.45,3.45,2.3,0.5725,0.2565,0.171,,,False,False,False,False,,Downtrend,Sellers,1300.35,1373.9,Bearish,0,0,0,0,1,0,0,1,Downtrend,No Reversal,No Context,No
2024-12-27,1210.6,1221.05,1227.9,1217.0,1218.3,7000397,2.75,10.9,6.85,1.3,0.2523,0.6284,0.1193,,,False,False,False,False,,Downtrend,Sellers,1297.24,1372.38,Bearish,0,1,0,0,0,1,0,0,Downtrend,No Reversal,Bullish Pattern in Downtrend,No
2024-12-30,1200.33,1210.7,1223.2,1208.1,1216.4,8818766,5.7,15.1,6.8,2.6,0.3775,0.4503,0.1722,,,False,False,False,False,,Downtrend,Sellers,1293.84,1370.77,Bearish,0,0,0,0,0,0,0,0,Downtrend,No Reversal,No Context,No
2024-12-31,1205.04,1215.45,1219.1,1206.15,1208.0,6405475,7.45,12.95,3.65,1.85,0.5753,0.2819,0.1429,,1206.15,False,True,False,False,HL,Uptrend,Buyers,1290.77,1369.22,Bearish,0,0,0,0,0,0,0,0,Downtrend,Bullish Reversal,No Context,No
2025-01-01,1210.79,1221.25,1226.3,1211.6,1214.85,5892590,6.4,14.7,5.05,3.25,0.4354,0.3435,0.2211,,,False,False,False,False,,Uptrend,Buyers,1288.04,1367.75,Bearish,0,0,0,0,0,0,0,0,Uptrend,No Reversal,No Context,No
2025-01-02,1231.17,1241.8,1244.45,1220.0,1221.25,15486276,20.55,24.45,2.65,1.25,0.8405,0.1084,0.0511,,,False,False,False,False,,Uptrend,Buyers,1286.23,1366.5,Bearish,0,0,0,0,0,0,0,0,Uptrend,No Reversal,No Context,No
2025-01-03,1240.44,1251.15,1262.05,1235.5,1243.9,15521102,7.25,26.55,10.9,8.4,0.2731,0.4105,0.3164,,,False,False,False,False,,Uptrend,Buyers,1284.85,1365.35,Bearish,0,0,0,0,0,0,0,0,Uptrend,No Reversal,No Context,No
2025-01-06,1207.57,1218.0,1262.0,1215.0,1253.95,14816766,35.95,47.0,8.05,3.0,0.7649,0.1713,0.0638,,,False,False,False,False,,Uptrend,Buyers,1282.23,1363.88,Bearish,0,0,0,0,1,0,0,1,Uptrend,No Reversal,Bearish Pattern in Uptrend,No
2025-01-07,1230.23,1240.85,1244.5,1221.25,1222.0,10070505,18.85,23.25,3.65,0.75,0.8108,0.157,0.0323,,,False,False,False,False,,Uptrend,Buyers,1280.61,1362.66,Bearish,0,0,0,0,0,0,0,0,Uptrend,No Reversal,No Context,No
2025-01-08,1254.66,1265.5,1271.05,1245.35,1249.0,19346579,16.5,25.7,5.55,3.65,0.642,0.216,0.142,1271.05,,False,False,True,False,LH,Downtrend,Sellers,1280.02,1361.69,Bearish,0,0,0,0,0,0,1,0,Uptrend,Bearish Reversal,No Context,No
2025-01-09,1244.01,1254.75,1269.75,1248.05,1267.0,12794704,12.25,21.7,2.75,6.7,0.5645,0.1267,0.3088,,,False,False,False,False,,Downtrend,Sellers,1279.03,1360.63,Bearish,0,0,0,0,0,0,0,1,Downtrend,No Reversal,No Context,No
2025-01-10,1231.27,1241.9,1256.75,1236.0,1253.85,8120332,11.95,20.75,2.9,5.9,0.5759,0.1398,0.2843,,,False,False,False,False,,Downtrend,Sellers,1277.57,1359.45,Bearish,0,0,0,0,0,0,0,1,Downtrend,No Reversal,No Context,No
2025-01-13,1229.23,1239.85,1245.25,1226.4,1230.0,13764861,9.85,18.85,5.4,3.6,0.5225,0.2865,0.191,,,False,False,False,False,,Downtrend,Sellers,1276.09,1358.26,Bearish,0,0,0,0,0,0,1,0,Downtrend,No Reversal,Bullish Pattern in Downtrend,No
2025-01-14,1228.14,1238.75,1253.35,1227.25,1244.1,13095266,5.35,26.1,9.25,11.5,0.205,0.3544,0.4406,,,False,False,False,False,,Downtrend,Sellers,1274.63,1357.07,Bearish,0,0,0,0,0,0,0,0,Downtrend,No Reversal,No Context,No
2025-01-15,1241.48,1252.2,1257.0,1241.85,1244.95,9578856,7.25,15.15,4.8,3.1,0.4785,0.3168,0.2046,,,False,False,False,False,,Downtrend,Sellers,1273.75,1356.03,Bearish,0,0,0,0,0,0,0,0,Downtrend,No Reversal,No Context,No
2025-01-16,1255.61,1266.45,1275.0,1251.3,1258.9,14117603,7.55,23.7,8.55,7.6,0.3186,0.3608,0.3207,,,False,False,False,False,,Downtrend,Sellers,1273.46,1355.13,Bearish,0,0,0,0,0,0,0,0,Downtrend,No Reversal,No Context,No
2025-01-17,1291.2,1302.35,1326.0,1285.0,1322.25,29366277,19.9,41.0,3.75,17.35,0.4854,0.0915,0.4232,1326.0,,True,False,False,False,HH,Uptrend,Buyers,1274.59,1354.61,Bearish,0,0,0,0,0,0,0,0,Downtrend,Bullish Reversal,No Context,No
2025-01-20,1294.27,1305.45,1316.0,1300.25,1316.0,14040244,10.55,15.75,0.0,5.2,0.6698,0.0,0.3302,,,False,False,False,False,,Uptrend,Buyers,1275.8,1354.12,Bearish,0,0,0,0,0,0,0,0,Uptrend,No Reversal,No Context,No
2025-01-21,1262.79,1273.7,1313.0,1270.2,1310.5,14562976,36.8,42.8,2.5,3.5,0.8598,0.0584,0.0818,,,False,False,False,False,,Uptrend,Buyers,1275.72,1353.32,Bearish,0,0,0,0,0,0,0,0,Uptrend,No Reversal,No Context,No
2025-01-22,1266.17,1277.1,1282.9,1268.7,1278.3,10273590,1.2,14.2,4.6,8.4,0.0845,0.3239,0.5915,,,False,False,False,False,,Uptrend,Buyers,1275.77,1352.56,Bearish,0,0,1,0,0,0,0,0,Uptrend,No Reversal,Market Indecision,No
2025-01-23,1252.83,1263.65,1277.35,1261.6,1270.0,8720682,6.35,15.75,7.35,2.05,0.4032,0.4667,0.1302,,,False,False,False,False,,Uptrend,Buyers,1275.3,1351.68,Bearish,0,0,0,0,0,0,0,0,Uptrend,No Reversal,No Context,No
2025-01-24,1235.63,1246.3,1273.0,1243.5,1266.0,14235970,19.7,29.5,7.0,2.8,0.6678,0.2373,0.0949,,,False,False,False,False,,Uptrend,Buyers,1274.16,1350.63,Bearish,0,0,0,0,0,0,0,0,Uptrend,No Reversal,No Context,No
2025-01-27,1218.82,1229.35,1240.45,1220.0,1239.1,9536019,9.75,20.45,1.35,9.35,0.4768,0.066,0.4572,,,False,False,False,False,,Uptrend,Buyers,1272.4,1349.42,Bearish,0,0,0,0,0,0,0,0,Uptrend,No Reversal,No Context,No
2025-01-28,1223.83,1234.4,1244.75,1218.5,1238.0,10568025,3.6,26.25,6.75,15.9,0.1371,0.2571,0.6057,,1218.5,False,True,False,False,HL,Uptrend,Buyers,1270.91,1348.28,Bearish,0,0,0,0,0,0,0,0,Uptrend,No Reversal,No Context,No
2025-01-29,1224.92,1235.5,1242.75,1228.05,1236.0,5928156,0.5,14.7,6.75,7.45,0.034,0.4592,0.5068,,,False,False,False,False,,Uptrend,Buyers,1269.53,1347.15,Bearish,0,0,1,0,0,0,0,0,Uptrend,No Reversal,Market Indecision,No
2025-01-30,1242.32,1253.05,1257.0,1232.4,1235.55,9269259,17.5,24.6,3.95,3.15,0.7114,0.1606,0.128,,,False,False,False,False,,Uptrend,Buyers,1268.88,1346.22,Bearish,0,0,0,0,0,0,1,0,Uptrend,No Reversal,No Context,No
2025-01-31,1254.27,1265.1,1267.0,1249.0,1255.85,6584612,9.25,18.0,1.9,6.85,0.5139,0.1056,0.3806,,,False,False,False,False,,Uptrend,Buyers,1268.73,1345.41,Bearish,0,0,0,0,0,0,0,0,Uptrend,No Reversal,No Context,No
2025-02-01,1253.77,1264.6,1270.55,1241.0,1265.1,7118453,0.5,29.55,5.45,23.6,0.0169,0.1844,0.7986,,,False,False,False,False,,Uptrend,Buyers,1268.57,1344.61,Bearish,0,0,1,0,0,0,0,1,Uptrend,No Reversal,Market Indecision,No
2025-02-03,1235.23,1245.9,1256.0,1237.55,1251.0,9252345,5.1,18.45,5.0,8.35,0.2764,0.271,0.4526,,,False,False,False,False,,Uptrend,Buyers,1267.68,1343.62,Bearish,0,0,0,0,0,0,0,1,Uptrend,No Reversal,Bearish Pattern in Uptrend,No
2025-02-04,1274.2,1285.2,1288.8,1246.6,1248.05,16691069,37.15,42.2,3.6,1.45,0.8803,0.0853,0.0344,,,False,False,False,False,,Uptrend,Buyers,1268.37,1343.04,Bearish,0,0,0,0,0,0,0,0,Uptrend,No Reversal,No Context,No
2025-02-05,1267.26,1278.2,1290.5,1276.7,1282.65,10112028,4.45,13.8,7.85,1.5,0.3225,0.5688,0.1087,1290.5,,False,False,True,False,LH,Downtrend,Sellers,1268.75,1342.4,Bearish,0,0,0,0,0,0,0,0,Uptrend,Bearish Reversal,No Context,No
2025-02-06,1270.58,1281.55,1288.0,1270.35,1273.7,9956001,7.85,17.65,6.45,3.35,0.4448,0.3654,0.1898,,,False,False,False,False,,Downtrend,Sellers,1269.25,1341.79,Bearish,0,0,0,0,0,0,0,0,Downtrend,No Reversal,No Context,No
2025-02-07,1255.85,1266.7,1283.7,1262.0,1276.15,8764283,9.45,21.7,7.55,4.7,0.4355,0.3479,0.2166,,,False,False,False,False,,Downtrend,Sellers,1269.15,1341.05,Bearish,0,0,0,0,0,0,0,0,Downtrend,No Reversal,No Context,No
2025-02-10,1242.92,1253.65,1266.5,1245.55,1264.5,6970972,10.85,20.95,2.0,8.1,0.5179,0.0955,0.3866,,,False,False,False,False,,Downtrend,Sellers,1268.55,1340.18,Bearish,0,0,0,0,0,0,0,0,Downtrend,No Reversal,No Context,No
2025-02-11,1224.28,1234.85,1264.55,1230.1,1264.55,8859714,29.7,34.45,0.0,4.75,0.8621,0.0,0.1379,,,False,False,False,False,,Downtrend,Sellers,1267.23,1339.13,Bearish,0,0,0,0,0,0,0,0,Downtrend,No Reversal,No Context,No
2025-02-12,1206.13,1216.55,1226.9,1193.35,1219.45,21131654,2.9,33.55,7.45,23.2,0.0864,0.2221,0.6915,,1193.35,False,False,False,True,LL,Downtrend,Sellers,1265.24,1337.91,Bearish,0,0,1,0,0,0,0,0,Downtrend,No Reversal,Market Indecision,No
2025-02-13,1205.69,1216.1,1228.0,1212.0,1217.05,8511216,0.95,16.0,10.95,4.1,0.0594,0.6844,0.2562,,,False,False,False,False,,Downtrend,Sellers,1263.31,1336.7,Bearish,0,0,1,0,0,0,0,0,Downtrend,No Reversal,Market Indecision,No
2025-02-14,1206.83,1217.25,1224.0,1205.45,1219.0,10298145,1.75,18.55,5.0,11.8,0.0943,0.2695,0.6361,,,False,False,False,False,,Downtrend,Sellers,1261.5,1335.51,Bearish,0,0,1,0,0,0,0,0,Downtrend,No Reversal,Market Indecision,No
2025-02-17,1214.41,1224.9,1227.5,1204.5,1211.1,8166683,13.8,23.0,2.6,6.6,0.6,0.113,0.287,,,False,False,False,False,,Downtrend,Sellers,1260.07,1334.41,Bearish,0,0,0,1,0,0,0,0,Downtrend,No Reversal,Bullish Pattern in Downtrend,No
2025-02-18,1214.91,1225.4,1229.9,1216.1,1224.85,6673250,0.55,13.8,4.5,8.75,0.0399,0.3261,0.6341,,,False,False,False,False,,Downtrend,Sellers,1258.71,1333.32,Bearish,0,0,1,0,0,0,0,0,Downtrend,No Reversal,Market Indecision,No
2025-02-19,1216.94,1227.45,1232.75,1217.55,1219.5,6217338,7.95,15.2,5.3,1.95,0.523,0.3487,0.1283,,,False,False,False,False,,Downtrend,Sellers,1257.48,1332.27,Bearish,0,0,0,0,0,0,0,0,Downtrend,No Reversal,No Context,No
2025-02-20,1222.44,1233.0,1239.35,1222.0,1223.95,7795582,9.05,17.35,6.35,1.95,0.5216,0.366,0.1124,,,False,False,False,False,,Downtrend,Sellers,1256.52,1331.28,Bearish,0,0,0,0,0,0,0,0,Downtrend,No Reversal,No Context,No
2025-02-21,1217.63,1228.15,1240.0,1222.15,1228.7,6904025,0.55,17.85,11.3,6.0,0.0308,0.6331,0.3361,1240.0,,False,False,True,False,LH,Downtrend,Sellers,1255.41,1330.25,Bearish,0,0,1,0,0,0,0,0,Downtrend,No Reversal,Market Indecision,No
2025-02-24,1204.15,1214.55,1223.25,1210.5,1216.55,7172498,2.0,12.75,6.7,4.05,0.1569,0.5255,0.3176,,,False,False,False,False,,Downtrend,Sellers,1253.81,1329.1,Bearish,0,0,0,0,0,0,0,1,Downtrend,No Reversal,No Context,No
2025-02-25,1193.69,1204.0,1221.0,1201.5,1211.0,11552182,7.0,19.5,10.0,2.5,0.359,0.5128,0.1282,,,False,False,False,False,,Downtrend,Sellers,1251.86,1327.86,Bearish,0,0,0,0,0,0,0,0,Downtrend,No Reversal,No Context,No
2025-02-27,1196.76,1207.1,1215.0,1200.65,1212.8,11509215,5.7,14.35,2.2,6.45,0.3972,0.1533,0.4495,,,False,False,False,False,,Downtrend,Sellers,1250.1,1326.66,Bearish,0,0,0,0,0,0,0,0,Downtrend,No Reversal,No Context,No
2025-02-28,1189.82,1200.1,1217.35,1193.3,1202.0,23007298,1.9,24.05,15.35,6.8,0.079,0.6383,0.2827,,,False,False,False,False,,Downtrend,Sellers,1248.14,1325.4,Bearish,0,0,1,0,0,0,0,0,Downtrend,No Reversal,Market Indecision,No
2025-03-03,1161.22,1171.25,1206.45,1156.0,1204.0,17944938,32.75,50.45,2.45,15.25,0.6492,0.0486,0.3023,,1156.0,False,False,False,True,LL,Downtrend,Sellers,1245.12,1323.86,Bearish,0,0,0,0,0,0,0,0,Downtrend,No Reversal,No Context,No
2025-03-04,1151.95,1161.9,1174.0,1159.55,1162.2,11377373,0.3,14.45,11.8,2.35,0.0208,0.8166,0.1626,,,False,False,False,False,,Downtrend,Sellers,1241.86,1322.25,Bearish,0,0,1,0,0,0,0,0,Downtrend,No Reversal,Market Indecision,No
2025-03-05,1165.53,1175.6,1183.0,1157.0,1161.0,8664095,14.6,26.0,7.4,4.0,0.5615,0.2846,0.1538,,,False,False,False,False,,Downtrend,Sellers,1239.26,1320.79,Bearish,0,0,0,1,0,0,1,0,Downtrend,No Reversal,Bullish Pattern in Downtrend,No
2025-03-06,1199.24,1209.6,1213.95,1185.15,1197.0,14468014,12.6,28.8,4.35,11.85,0.4375,0.151,0.4115,,,False,False,False,False,,Downtrend,Sellers,1238.1,1319.69,Bearish,0,0,0,0,0,0,0,0,Downtrend,No Reversal,No Context,No
2025-03-07,1239.1,1249.8,1254.8,1212.0,1216.0,16474965,33.8,42.8,5.0,4.0,0.7897,0.1168,0.0935,,,False,False,False,False,,Downtrend,Sellers,1238.56,1318.99,Bearish,0,0,0,0,0,0,0,0,Downtrend,No Reversal,No Context,No
2025-03-10,1227.8,1238.4,1258.0,1235.4,1245.0,11931051,6.6,22.6,13.0,3.0,0.292,0.5752,0.1327,,,False,False,False,False,,Downtrend,Sellers,1238.55,1318.19,Bearish,0,0,0,0,0,0,0,0,Downtrend,No Reversal,No Context,No
2025-03-11,1236.62,1247.3,1249.5,1229.75,1240.0,10089838,7.3,19.75,2.2,10.25,0.3696,0.1114,0.519,,,False,False,False,False,,Downtrend,Sellers,1238.89,1317.48,Bearish,0,0,0,0,0,0,0,0,Downtrend,No Reversal,No Context,No
2025-03-12,1246.29,1257.05,1263.0,1244.0,1258.0,11977555,0.95,19.0,5.0,13.05,0.05,0.2632,0.6868,,,False,False,False,False,,Downtrend,Sellers,1239.61,1316.88,Bearish,0,0,1,0,0,0,0,0,Downtrend,No Reversal,Market Indecision,No
2025-03-13,1237.22,1247.9,1264.15,1243.85,1260.05,9505270,12.15,20.3,4.1,4.05,0.5985,0.202,0.1995,,,False,False,False,False,,Downtrend,Sellers,1239.93,1316.2,Bearish,0,0,0,0,0,0,0,1,Downtrend,No Reversal,No Context,No
2025-03-17,1228.24,1238.85,1257.4,1233.1,1242.15,16640917,3.3,24.3,15.25,5.75,0.1358,0.6276,0.2366,,,False,False,False,False,,Downtrend,Sellers,1239.89,1315.43,Bearish,0,0,0,0,0,0,0,0,Downtrend,No Reversal,No Context,No
2025-03-18,1228.24,1238.85,1238.85,1238.85,1238.85,0,0.0,0.0,0.0,0.0,0.0,0.0,0.0,,,False,False,False,False,,Downtrend,Sellers,1239.85,1314.66,Bearish,1,1,1,0,0,1,0,0,Downtrend,No Reversal,Market Indecision,No
2025-03-19,1236.47,1247.15,1253.25,1238.8,1241.05,16162399,6.1,14.45,6.1,2.25,0.4221,0.4221,0.1557,,,False,False,False,False,,Downtrend,Sellers,1240.13,1313.99,Bearish,0,0,0,0,0,0,1,0,Downtrend,No Reversal,Bullish Pattern in Downtrend,No
2025-03-20,1258.28,1269.15,1273.0,1250.05,1251.85,15971477,17.3,22.95,3.85,1.8,0.7538,0.1678,0.0784,,,False,False,False,False,,Downtrend,Sellers,1241.27,1313.55,Bearish,0,0,0,0,0,0,0,0,Downtrend,No Reversal,No Context,No
2025-03-21,1265.42,1276.35,1281.0,1270.1,1275.0,21780769,1.35,10.9,4.65,4.9,0.1239,0.4266,0.4495,,,False,False,False,False,,Downtrend,Sellers,1242.65,1313.18,Bearish,0,0,0,0,0,0,0,0,Downtrend,No Reversal,No Context,No
2025-03-24,1290.95,1302.1,1306.0,1284.25,1291.0,20299319,11.1,21.75,3.9,6.75,0.5103,0.1793,0.3103,,,False,False,False,False,,Downtrend,Sellers,1244.98,1313.07,Bearish,0,0,0,0,0,0,0,0,Downtrend,No Reversal,No Context,No
2025-03-25,1274.44,1285.45,1307.7,1282.6,1307.7,13713899,22.25,25.1,0.0,2.85,0.8865,0.0,0.1135,1307.7,,True,False,False,False,HH,Uptrend,Buyers,1246.57,1312.79,Bearish,0,0,0,0,1,0,0,0,Downtrend,Bullish Reversal,No Context,No
2025-03-26,1262.15,1273.05,1293.8,1268.75,1291.0,12074747,17.95,25.05,2.8,4.3,0.7166,0.1118,0.1717,,,False,False,False,False,,Uptrend,Buyers,1247.61,1312.4,Bearish,0,0,0,0,0,0,0,0,Uptrend,No Reversal,No Context,No
2025-03-27,1267.26,1278.2,1285.0,1271.3,1278.15,15028056,0.05,13.7,6.8,6.85,0.0036,0.4964,0.5,,,False,False,False,False,,Uptrend,Buyers,1248.81,1312.06,Bearish,0,0,1,0,0,0,1,0,Uptrend,No Reversal,Market Indecision,No
2025-03-28,1264.18,1275.1,1295.75,1269.0,1280.0,18147129,4.9,26.75,15.75,6.1,0.1832,0.5888,0.228,,,False,False,False,False,,Uptrend,Buyers,1249.84,1311.69,Bearish,0,0,0,0,1,0,0,0,Uptrend,No Reversal,Bearish Pattern in Uptrend,No
2025-04-01,1241.88,1252.6,1277.9,1249.3,1264.6,12099648,12.0,28.6,13.3,3.3,0.4196,0.465,0.1154,,,False,False,False,False,,Uptrend,Buyers,1249.94,1311.1,Bearish,0,0,0,0,0,0,0,0,Uptrend,No Reversal,No Context,No
2025-04-02,1240.44,1251.15,1255.55,1243.9,1247.55,10142590,3.6,11.65,4.4,3.65,0.309,0.3777,0.3133,,,False,False,False,False,,Uptrend,Buyers,1249.99,1310.5,Bearish,0,0,0,0,0,0,0,0,Uptrend,No Reversal,No Context,No
2025-04-03,1238.01,1248.7,1251.8,1233.05,1233.05,7434366,15.65,18.75,3.1,0.0,0.8347,0.1653,0.0,,,False,False,False,False,,Uptrend,Buyers,1249.94,1309.89,Bearish,0,0,0,0,0,0,1,0,Uptrend,No Reversal,No Context,No
2025-04-04,1194.39,1204.7,1245.45,1193.15,1241.1,17908652,36.4,52.3,4.35,11.55,0.696,0.0832,0.2208,,,False,False,False,False,,Uptrend,Buyers,1248.17,1308.84,Bearish,0,0,0,0,0,0,0,0,Uptrend,No Reversal,No Context,No
2025-04-07,1155.72,1165.7,1171.25,1114.85,1132.2,22156106,33.5,56.4,5.55,17.35,0.594,0.0984,0.3076,,1114.85,False,False,False,True,LL,Downtrend,Sellers,1244.93,1307.42,Bearish,0,0,0,0,0,0,0,0,Uptrend,Bearish Reversal,No Context,No
2025-04-08,1172.08,1182.2,1196.6,1163.3,1172.0,19555040,10.2,33.3,14.4,8.7,0.3063,0.4324,0.2613,,,False,False,False,False,,Downtrend,Sellers,1242.47,1306.17,Bearish,0,0,0,0,0,0,1,0,Downtrend,No Reversal,Bullish Pattern in Downtrend,No
2025-04-09,1175.2,1185.35,1189.8,1168.0,1169.5,10223104,15.85,21.8,4.45,1.5,0.7271,0.2041,0.0688,,,False,False,False,False,,Downtrend,Sellers,1240.23,1304.97,Bearish,0,0,0,0,0,0,0,0,Downtrend,No Reversal,No Context,No
2025-04-11,1208.51,1218.95,1222.65,1195.15,1195.15,11224242,23.8,27.5,3.7,0.0,0.8655,0.1345,0.0,,,False,False,False,False,,Downtrend,Sellers,1239.4,1304.11,Bearish,0,0,0,0,0,0,0,0,Downtrend,No Reversal,No Context,No
2025-04-15,1229.48,1240.1,1251.0,1237.1,1251.0,13378535,10.9,13.9,0.0,3.0,0.7842,0.0,0.2158,,,False,False,False,False,,Downtrend,Sellers,1239.43,1303.48,Bearish,0,0,0,0,0,0,0,0,Downtrend,No Reversal,No Context,No
2025-04-16,1228.69,1239.3,1240.9,1229.0,1234.1,8248464,5.2,11.9,1.6,5.1,0.437,0.1345,0.4286,,,False,False,False,False,,Downtrend,Sellers,1239.42,1302.84,Bearish,0,0,0,0,0,0,0,0,Downtrend,No Reversal,No Context,No
2025-04-17,1263.59,1274.5,1280.2,1227.6,1240.2,15398401,34.3,52.6,5.7,12.6,0.6521,0.1084,0.2395,,,False,False,False,False,,Downtrend,Sellers,1240.8,1302.56,Bearish,0,0,0,0,0,0,1,0,Downtrend,No Reversal,Bullish Pattern in Downtrend,No
2025-04-21,1284.41,1295.5,1300.9,1267.0,1270.0,10429964,25.5,33.9,5.4,3.0,0.7522,0.1593,0.0885,,,False,False,False,False,,Downtrend,Sellers,1242.94,1302.49,Bearish,0,0,0,0,0,0,0,0,Downtrend,No Reversal,No Context,No
2025-04-22,1280.14,1291.2,1303.9,1286.3,1300.0,13051707,8.8,17.6,3.9,4.9,0.5,0.2216,0.2784,,,False,False,False,False,,Downtrend,Sellers,1244.83,1302.37,Bearish,0,0,0,0,0,0,0,1,Downtrend,No Reversal,No Context,No
2025-04-23,1288.87,1300.0,1306.0,1285.4,1297.0,10480888,3.0,20.6,6.0,11.6,0.1456,0.2913,0.5631,,,False,False,False,False,,Downtrend,Sellers,1247.0,1302.35,Bearish,0,0,0,0,0,0,0,0,Downtrend,No Reversal,No Context,No
2025-04-24,1290.46,1301.6,1304.5,1290.3,1292.4,10468940,9.2,14.2,2.9,2.1,0.6479,0.2042,0.1479,,,False,False,False,False,,Downtrend,Sellers,1249.14,1302.34,Bearish,0,0,0,0,0,0,1,0,Downtrend,No Reversal,Bullish Pattern in Downtrend,No
2025-04-25,1289.27,1300.4,1325.2,1288.1,1303.5,14431012,3.1,37.1,21.7,12.3,0.0836,0.5849,0.3315,,,False,False,False,False,,Downtrend,Sellers,1251.15,1302.32,Bearish,0,0,1,0,0,0,0,0,Downtrend,No Reversal,Market Indecision,No
2025-04-28,1357.08,1368.8,1374.6,1320.2,1340.0,31104496,28.8,54.4,5.8,19.8,0.5294,0.1066,0.364,,,False,False,False,False,,Downtrend,Sellers,1255.76,1302.98,Bearish,0,0,0,0,0,0,0,0,Downtrend,No Reversal,No Context,No
2025-04-29,1387.72,1399.7,1410.9,1370.0,1371.0,32538970,28.7,40.9,11.2,1.0,0.7017,0.2738,0.0244,,,False,False,False,False,,Downtrend,Sellers,1261.41,1303.95,Bearish,0,0,0,0,0,0,0,0,Downtrend,No Reversal,No Context,No
2025-04-30,1392.97,1405.0,1412.4,1369.0,1402.0,25480745,3.0,43.4,7.4,33.0,0.0691,0.1705,0.7604,,,False,False,False,False,,Downtrend,Sellers,1267.04,1304.95,Bearish,0,0,1,0,0,0,0,0,Downtrend,No Reversal,Market Indecision,No
2025-05-02,1407.64,1419.8,1426.7,1409.1,1414.0,13007841,5.8,17.6,6.9,4.9,0.3295,0.392,0.2784,,,False,False,False,False,,Downtrend,Sellers,1273.03,1306.1,Bearish,0,0,0,0,0,0,0,0,Downtrend,No Reversal,No Context,No
2025-05-05,1419.05,1431.3,1439.5,1426.9,1431.0,12685649,0.3,12.6,8.2,4.1,0.0238,0.6508,0.3254,1439.5,,True,False,False,False,HH,Uptrend,Buyers,1279.24,1307.34,Bearish,0,0,1,0,0,0,0,0,Downtrend,Bullish Reversal,Market Indecision,No
2025-05-06,1408.73,1420.9,1432.0,1410.6,1431.0,14084117,10.1,21.4,1.0,10.3,0.472,0.0467,0.4813,,,False,False,False,False,,Uptrend,Buyers,1284.79,1308.47,Bearish,0,0,0,0,0,0,0,1,Uptrend,No Reversal,Bearish Pattern in Uptrend,No
2025-05-07,1393.96,1406.0,1424.4,1402.7,1420.9,13440169,14.9,21.7,3.5,3.3,0.6866,0.1613,0.1521,,,False,False,False,False,,Uptrend,Buyers,1289.54,1309.44,Bearish,0,0,0,0,0,0,0,0,Uptrend,No Reversal,No Context,No
2025-05-08,1394.95,1407.0,1420.8,1398.0,1404.1,16106175,2.9,22.8,13.8,6.1,0.1272,0.6053,0.2675,,,False,False,False,False,,Uptrend,Buyers,1294.15,1310.41,Bearish,0,0,0,0,0,0,0,0,Uptrend,No Reversal,No Context,No
2025-05-09,1365.41,1377.2,1394.8,1374.5,1385.5,13668904,8.3,20.3,9.3,2.7,0.4089,0.4581,0.133,,1374.5,False,True,False,False,HL,Uptrend,Buyers,1297.41,1311.08,Bearish,0,0,0,0,0,0,0,0,Uptrend,No Reversal,No Context,No
2025-05-12,1424.2,1436.5,1439.0,1400.0,1400.0,10674081,36.5,39.0,2.5,0.0,0.9359,0.0641,0.0,,,False,False,False,False,,Uptrend,Buyers,1302.86,1312.33,Bearish,0,0,0,0,0,0,0,0,Uptrend,No Reversal,No Context,No
2025-05-13,1403.58,1415.7,1447.7,1412.4,1433.5,11407896,17.8,35.3,14.2,3.3,0.5042,0.4023,0.0935,,,False,False,False,False,,Uptrend,Buyers,1307.29,1313.35,Bearish,0,0,0,0,0,0,0,0,Uptrend,No Reversal,No Context,No
2025-05-14,1412.2,1424.4,1429.9,1415.5,1420.0,5570160,4.4,14.4,5.5,4.5,0.3056,0.3819,0.3125,,,False,False,False,False,,Uptrend,Buyers,1311.88,1314.46,Bearish,0,0,0,0,0,0,0,0,Uptrend,No Reversal,No Context,No
2025-05-15,1441.75,1454.2,1461.4,1412.7,1425.0,20177211,29.2,48.7,7.2,12.3,0.5996,0.1478,0.2526,1461.4,,True,False,False,False,HH,Uptrend,Buyers,1317.46,1315.85,Bullish,0,0,0,0,0,0,1,0,Uptrend,No Reversal,No Context,No
2025-05-16,1443.93,1456.4,1461.0,1447.3,1453.2,9036695,3.2,13.7,4.6,5.9,0.2336,0.3358,0.4307,,,False,False,False,False,,Uptrend,Buyers,1322.91,1317.25,Bullish,0,0,0,0,0,0,0,0,Uptrend,No Reversal,No Context,No
2025-05-19,1428.46,1440.8,1454.6,1438.2,1452.1,6195791,11.3,16.4,2.5,2.6,0.689,0.1524,0.1585,,,False,False,False,False,,Uptrend,Buyers,1327.53,1318.48,Bullish,0,0,0,0,0,0,0,1,Uptrend,No Reversal,Bearish Pattern in Uptrend,No
2025-05-20,1412.4,1424.6,1445.0,1421.8,1438.2,11270560,13.6,23.2,6.8,2.8,0.5862,0.2931,0.1207,,,False,False,False,False,,Uptrend,Buyers,1331.34,1319.53,Bullish,0,0,0,0,0,0,0,0,Uptrend,No Reversal,No Context,No
2025-05-21,1416.96,1429.2,1436.2,1418.1,1423.9,6136364,5.3,18.1,7.0,5.8,0.2928,0.3867,0.3204,,,False,False,False,False,,Uptrend,Buyers,1335.18,1320.62,Bullish,0,0,0,0,0,0,0,0,Uptrend,No Reversal,No Context,No
2025-05-22,1397.33,1409.4,1423.8,1396.9,1421.2,12134466,11.8,26.9,2.6,12.5,0.4387,0.0967,0.4647,,1396.9,False,True,False,False,HL,Uptrend,Buyers,1338.09,1321.51,Bullish,0,0,0,0,0,0,0,0,Uptrend,No Reversal,No Context,No
2025-05-23,1414.58,1426.8,1433.8,1406.6,1406.6,6474883,20.2,27.2,7.0,0.0,0.7426,0.2574,0.0,,,False,False,False,False,,Uptrend,Buyers,1341.57,1322.56,Bullish,0,0,0,1,0,0,0,0,Uptrend,No Reversal,No Context,No
2025-05-26,1422.52,1434.8,1441.0,1425.1,1432.0,4842944,2.8,15.9,6.2,6.9,0.1761,0.3899,0.434,,,False,False,False,False,,Uptrend,Buyers,1345.22,1323.67,Bullish,0,0,0,0,0,0,0,0,Uptrend,No Reversal,No Context,No
2025-05-27,1409.92,1422.1,1437.0,1413.9,1426.1,12640414,4.0,23.1,10.9,8.2,0.1732,0.4719,0.355,,,False,False,False,False,,Uptrend,Buyers,1348.24,1324.65,Bullish,0,0,0,0,0,0,0,1,Uptrend,No Reversal,Bearish Pattern in Uptrend,No
2025-05-28,1400.8,1412.9,1422.6,1410.7,1420.1,5944611,7.2,11.9,2.5,2.2,0.605,0.2101,0.1849,,,False,False,False,False,,Uptrend,Buyers,1350.77,1325.53,Bullish,0,0,0,0,0,0,0,0,Uptrend,No Reversal,No Context,No
2025-05-29,1405.66,1417.8,1420.0,1408.6,1412.1,13771917,5.7,11.4,2.2,3.5,0.5,0.193,0.307,,,False,False,False,False,,Uptrend,Buyers,1353.4,1326.45,Bullish,0,0,0,0,0,0,0,0,Uptrend,No Reversal,No Context,No
2025-05-30,1408.73,1420.9,1430.6,1409.7,1418.0,13788484,2.9,20.9,9.7,8.3,0.1388,0.4641,0.3971,,,False,False,False,False,,Uptrend,Buyers,1356.05,1327.39,Bullish,0,0,0,0,0,0,1,0,Uptrend,No Reversal,No Context,No
2025-06-02,1401.6,1413.7,1417.5,1395.6,1412.1,8098668,1.6,21.9,3.8,16.5,0.0731,0.1735,0.7534,,1395.6,False,False,False,True,LL,Downtrend,Sellers,1358.31,1328.25,Bullish,0,0,1,0,0,0,0,0,Uptrend,Bearish Reversal,Market Indecision,No
2025-06-03,1393.47,1405.5,1426.5,1403.4,1422.3,11252626,16.8,23.1,4.2,2.1,0.7273,0.1818,0.0909,,,False,False,False,False,,Downtrend,Sellers,1360.16,1329.01,Bullish,0,0,0,0,1,0,0,1,Downtrend,No Reversal,No Context,No
2025-06-04,1411.31,1423.5,1425.7,1406.1,1414.7,8126827,8.8,19.6,2.2,8.6,0.449,0.1122,0.4388,,,False,False,False,False,,Downtrend,Sellers,1362.64,1329.96,Bullish,0,0,0,0,0,0,0,0,Downtrend,No Reversal,No Context,No
2025-06-05,1430.05,1442.4,1454.7,1423.6,1428.0,13716817,14.4,31.1,12.3,4.4,0.463,0.3955,0.1415,,,False,False,False,False,,Downtrend,Sellers,1365.77,1331.07,Bullish,0,0,0,0,0,0,1,0,Downtrend,No Reversal,Bullish Pattern in Downtrend,No
2025-06-06,1431.14,1443.5,1451.5,1437.0,1441.0,8182161,2.5,14.5,8.0,4.0,0.1724,0.5517,0.2759,,,False,False,False,False,,Downtrend,Sellers,1368.82,1332.19,Bullish,0,0,0,0,0,0,0,0,Downtrend,No Reversal,No Context,No
2025-06-09,1436.4,1448.8,1457.5,1445.3,1457.0,7885125,8.2,12.2,0.5,3.5,0.6721,0.041,0.2869,,,False,False,False,False,,Downtrend,Sellers,1371.96,1333.35,Bullish,0,0,0,0,0,0,0,1,Downtrend,No Reversal,No Context,No
2025-06-10,1426.18,1438.5,1453.9,1436.0,1450.0,7913181,11.5,17.9,3.9,2.5,0.6425,0.2179,0.1397,,,False,False,False,False,,Downtrend,Sellers,1374.57,1334.4,Bullish,0,0,0,0,0,0,0,0,Downtrend,No Reversal,No Context,No
2025-06-11,1436.49,1448.9,1468.6,1443.1,1445.8,8195700,3.1,25.5,19.7,2.7,0.1216,0.7725,0.1059,1468.6,,True,False,False,False,HH,Uptrend,Buyers,1377.48,1335.54,Bullish,0,1,0,0,0,0,0,0,Downtrend,Bullish Reversal,Bullish Pattern in Downtrend,Yes
2025-06-12,1429.26,1441.6,1457.0,1434.4,1453.5,8828114,11.9,22.6,3.5,7.2,0.5265,0.1549,0.3186,,,False,False,False,False,,Uptrend,Buyers,1380.0,1336.59,Bullish,0,0,0,0,1,0,0,0,Uptrend,No Reversal,Bearish Pattern in Uptrend,No
2025-06-13,1415.67,1427.9,1435.5,1414.3,1424.0,9757276,3.9,21.2,7.6,9.7,0.184,0.3585,0.4575,,1414.3,False,True,False,False,HL,Uptrend,Buyers,1381.87,1337.5,Bullish,0,0,0,0,0,0,0,0,Uptrend,No Reversal,No Context,No
2025-06-16,1425.49,1437.8,1442.4,1424.4,1426.9,8458093,10.9,18.0,4.6,2.5,0.6056,0.2556,0.1389,,,False,False,False,False,,Uptrend,Buyers,1384.07,1338.5,Bullish,0,0,0,0,0,0,1,0,Uptrend,No Reversal,No Context,No
2025-06-17,1418.95,1431.2,1448.0,1425.8,1448.0,10366599,16.8,22.2,0.0,5.4,0.7568,0.0,0.2432,,,False,False,False,False,,Uptrend,Buyers,1385.92,1339.42,Bullish,0,0,0,0,0,0,0,0,Uptrend,No Reversal,No Context,No
2025-06-18,1417.86,1430.1,1442.8,1425.7,1430.0,6681735,0.1,17.1,12.7,4.3,0.0058,0.7427,0.2515,,,False,False,False,False,,Uptrend,Buyers,1387.65,1340.32,Bullish,0,0,1,0,0,0,0,0,Uptrend,No Reversal,Market Indecision,No
2025-06-19,1421.03,1433.3,1439.9,1425.7,1430.1,10007230,3.2,14.2,6.6,4.4,0.2254,0.4648,0.3099,,,False,False,False,False,,Uptrend,Buyers,1389.44,1341.25,Bullish,0,0,0,0,0,0,1,0,Uptrend,No Reversal,No Context,No
2025-06-20,1453.65,1466.2,1471.0,1428.1,1431.0,29010635,35.2,42.9,4.8,2.9,0.8205,0.1119,0.0676,,,False,False,False,False,,Uptrend,Buyers,1392.45,1342.49,Bullish,0,0,0,0,0,0,0,0,Uptrend,No Reversal,No Context,No
2025-06-23,1444.33,1456.8,1463.8,1442.0,1453.0,5989078,3.8,21.8,7.0,11.0,0.1743,0.3211,0.5046,,,False,False,False,False,,Uptrend,Buyers,1394.97,1343.63,Bullish,0,0,0,0,0,0,0,0,Uptrend,No Reversal,No Context,No
2025-06-24,1438.38,1450.8,1475.0,1443.1,1465.0,16402744,14.2,31.9,10.0,7.7,0.4451,0.3135,0.2414,,,False,False,False,False,,Uptrend,Buyers,1397.16,1344.7,Bullish,0,0,0,0,1,0,0,1,Uptrend,No Reversal,Bearish Pattern in Uptrend,No
2025-06-25,1454.74,1467.3,1472.4,1460.5,1464.0,7525851,3.3,11.9,5.1,3.5,0.2773,0.4286,0.2941,,,False,False,False,False,,Uptrend,Buyers,1399.91,1345.92,Bullish,0,0,0,0,0,0,0,0,Uptrend,No Reversal,No Context,No
2025-06-26,1482.5,1495.3,1498.8,1465.1,1469.1,14657893,26.2,33.7,3.5,4.0,0.7774,0.1039,0.1187,,,False,False,False,False,,Uptrend,Buyers,1403.65,1347.4,Bullish,0,0,0,0,0,0,1,0,Uptrend,No Reversal,No Context,No
2025-06-27,1502.43,1515.4,1522.0,1496.9,1499.4,11117052,16.0,25.1,6.6,2.5,0.6375,0.2629,0.0996,,,False,False,False,False,,Uptrend,Buyers,1408.04,1349.08,Bullish,0,0,0,0,0,0,0,0,Uptrend,No Reversal,No Context,No
2025-06-30,1487.75,1500.6,1524.8,1496.0,1513.8,8409527,13.2,28.8,11.0,4.6,0.4583,0.3819,0.1597,,,False,False,False,False,,Uptrend,Buyers,1411.67,1350.58,Bullish,0,0,0,0,0,0,0,1,Uptrend,No Reversal,Bearish Pattern in Uptrend,No
2025-07-01,1515.31,1528.4,1531.4,1500.1,1500.6,10368523,27.8,31.3,3.0,0.5,0.8882,0.0958,0.016,,,False,False,False,False,,Uptrend,Buyers,1416.24,1352.35,Bullish,0,0,0,0,0,0,0,0,Uptrend,No Reversal,No Context,No
2025-07-02,1505.8,1518.8,1530.0,1508.7,1528.4,6361002,9.6,21.3,1.6,10.1,0.4507,0.0751,0.4742,,,False,False,False,False,,Uptrend,Buyers,1420.26,1354.01,Bullish,0,0,0,0,0,0,0,0,Uptrend,No Reversal,No Context,No
2025-07-03,1504.8,1517.8,1531.9,1513.0,1520.8,11283291,3.0,18.9,11.1,4.8,0.1587,0.5873,0.254,,,False,False,False,False,,Uptrend,Buyers,1424.09,1355.64,Bullish,0,0,0,0,0,0,0,1,Uptrend,No Reversal,Bearish Pattern in Uptrend,No
2025-07-04,1514.22,1527.3,1530.0,1517.2,1524.0,6603501,3.3,12.8,2.7,6.8,0.2578,0.2109,0.5312,,,False,False,False,False,,Uptrend,Buyers,1428.14,1357.35,Bullish,1,0,0,0,0,0,1,0,Uptrend,No Reversal,No Context,No
2025-07-07,1528.3,1541.5,1544.8,1525.0,1526.6,7251074,14.9,19.8,3.3,1.6,0.7525,0.1667,0.0808,,,False,False,False,False,,Uptrend,Buyers,1432.58,1359.18,Bullish,0,0,0,0,0,0,0,0,Uptrend,No Reversal,No Context,No
2025-07-08,1524.44,1537.6,1544.9,1530.2,1536.0,7171261,1.6,14.7,7.3,5.8,0.1088,0.4966,0.3946,,,False,False,False,False,,Uptrend,Buyers,1436.7,1360.95,Bullish,0,0,0,0,0,0,0,0,Uptrend,No Reversal,No Context,No
2025-07-09,1505.99,1519.0,1551.0,1510.1,1536.7,8870660,17.7,40.9,14.3,8.9,0.4328,0.3496,0.2176,1551.0,,True,False,False,False,HH,Uptrend,Buyers,1439.93,1362.53,Bullish,0,0,0,0,0,0,0,1,Uptrend,No Reversal,Bearish Pattern in Uptrend,No
2025-07-10,1504.21,1517.2,1524.7,1507.5,1519.7,10047129,2.5,17.2,5.0,9.7,0.1453,0.2907,0.564,,,False,False,False,False,,Uptrend,Buyers,1442.96,1364.07,Bullish,0,0,0,0,0,0,0,0,Uptrend,No Reversal,No Context,No
2025-07-11,1482.4,1495.2,1515.0,1490.3,1512.0,7234991,16.8,24.7,3.0,4.9,0.6802,0.1215,0.1984,,,False,False,False,False,,Uptrend,Buyers,1445.01,1365.37,Bullish,0,0,0,0,0,0,0,0,Uptrend,No Reversal,No Context,No
2025-07-14,1471.0,1483.7,1500.0,1479.1,1492.2,10311846,8.5,20.9,7.8,4.6,0.4067,0.3732,0.2201,,,False,False,False,False,,Uptrend,Buyers,1446.52,1366.55,Bullish,0,0,0,0,0,0,0,0,Uptrend,No Reversal,No Context,No
2025-07-15,1472.68,1485.4,1496.5,1482.4,1486.2,8132454,0.8,14.1,10.3,3.0,0.0567,0.7305,0.2128,,,False,False,False,False,,Uptrend,Buyers,1448.05,1367.73,Bullish,0,0,1,0,0,0,0,0,Uptrend,No Reversal,Market Indecision,No
2025-07-16,1472.88,1485.6,1491.0,1471.5,1473.0,10409983,12.6,19.5,5.4,1.5,0.6462,0.2769,0.0769,,,False,False,False,False,,Uptrend,Buyers,1449.52,1368.9,Bullish,0,0,0,0,0,0,1,0,Uptrend,No Reversal,No Context,No
2025-07-17,1463.76,1476.4,1489.6,1473.9,1487.4,11854613,11.0,15.7,2.2,2.5,0.7006,0.1401,0.1592,,,False,False,False,False,,Uptrend,Buyers,1450.58,1369.97,Bullish,0,0,0,0,0,0,0,0,Uptrend,No Reversal,No Context,No
2025-07-18,1463.36,1476.0,1484.8,1469.1,1484.8,10296318,8.8,15.7,0.0,6.9,0.5605,0.0,0.4395,,,False,False,False,False,,Uptrend,Buyers,1451.57,1371.03,Bullish,0,0,0,0,0,0,0,1,Uptrend,No Reversal,Bearish Pattern in Uptrend,No
2025-07-21,1416.37,1428.6,1476.0,1423.1,1465.0,22442744,36.4,52.9,11.0,5.5,0.6881,0.2079,0.104,,,False,False,False,False,,Uptrend,Buyers,1450.67,1371.6,Bullish,0,0,0,0,0,0,0,0,Uptrend,No Reversal,No Context,No
2025-07-22,1400.7,1412.8,1431.9,1410.7,1427.4,20396320,14.6,21.2,4.5,2.1,0.6887,0.2123,0.0991,,,False,False,False,False,,Uptrend,Buyers,1449.19,1372.01,Bullish,0,0,0,0,0,0,0,0,Uptrend,No Reversal,No Context,No
2025-07-23,1412.4,1424.6,1426.0,1414.4,1426.0,8354596,1.4,11.6,0.0,10.2,0.1207,0.0,0.8793,,,False,False,False,False,,Uptrend,Buyers,1448.22,1372.53,Bullish,1,0,0,0,0,0,0,0,Uptrend,No Reversal,No Context,No
2025-07-24,1390.89,1402.9,1423.0,1396.0,1419.2,14740507,16.3,27.0,3.8,6.9,0.6037,0.1407,0.2556,,,False,False,False,False,,Uptrend,Buyers,1446.45,1372.84,Bullish,0,0,0,0,0,0,0,0,Uptrend,No Reversal,No Context,No
2025-07-25,1379.78,1391.7,1401.0,1384.1,1398.9,11854722,7.2,16.9,2.1,7.6,0.426,0.1243,0.4497,,,False,False,False,False,,Uptrend,Buyers,1444.3,1373.02,Bullish,0,0,0,0,0,0,0,0,Uptrend,No Reversal,No Context,No
2025-07-28,1375.72,1387.6,1407.8,1385.0,1392.3,7748361,4.7,22.8,15.5,2.6,0.2061,0.6798,0.114,,,False,False,False,False,,Uptrend,Buyers,1442.08,1373.17,Bullish,0,1,0,0,0,0,0,0,Uptrend,No Reversal,No Context,No
2025-07-29,1404.97,1417.1,1420.2,1383.0,1383.0,10750072,34.1,37.2,3.1,0.0,0.9167,0.0833,0.0,,,False,False,False,False,,Uptrend,Buyers,1441.1,1373.61,Bullish,0,0,0,1,0,0,1,0,Uptrend,No Reversal,No Context,No
2025-07-30,1398.03,1410.1,1423.3,1401.3,1418.1,7209849,8.0,22.0,5.2,8.8,0.3636,0.2364,0.4,,,False,False,False,False,,Uptrend,Buyers,1439.88,1373.97,Bullish,0,0,0,0,0,0,0,0,Uptrend,No Reversal,No Context,No
2025-07-31,1378.3,1390.2,1402.6,1382.2,1388.1,17065827,2.1,20.4,12.4,5.9,0.1029,0.6078,0.2892,,,False,False,False,False,,Uptrend,Buyers,1437.93,1374.13,Bullish,0,0,0,0,0,0,0,0,Uptrend,No Reversal,No Context,No
2025-08-01,1381.77,1393.7,1405.9,1384.3,1386.9,10321171,6.8,21.6,12.2,2.6,0.3148,0.5648,0.1204,,,False,False,False,False,,Uptrend,Buyers,1436.2,1374.33,Bullish,0,0,0,0,0,0,1,0,Uptrend,No Reversal,No Context,No
2025-08-04,1399.41,1411.5,1416.1,1391.7,1395.1,6312820,16.4,24.4,4.6,3.4,0.6721,0.1885,0.1393,,,False,False,False,False,,Uptrend,Buyers,1435.23,1374.7,Bullish,0,0,0,0,0,0,0,0,Uptrend,No Reversal,No Context,No
2025-08-05,1379.78,1391.7,1411.0,1388.1,1411.0,9315972,19.3,22.9,0.0,3.6,0.8428,0.0,0.1572,,,False,False,False,False,,Uptrend,Buyers,1433.52,1374.86,Bullish,0,0,0,0,0,0,0,0,Uptrend,No Reversal,No Context,No
2025-08-06,1380.87,1392.8,1395.9,1383.3,1391.9,5834312,0.9,12.6,3.1,8.6,0.0714,0.246,0.6825,,,False,False,False,False,,Uptrend,Buyers,1431.92,1375.04,Bullish,0,0,1,0,0,0,0,0,Uptrend,No Reversal,Market Indecision,No
2025-08-07,1377.5,1389.4,1393.7,1366.0,1387.7,9976705,1.7,27.7,4.3,21.7,0.0614,0.1552,0.7834,,,False,False,False,False,,Uptrend,Buyers,1430.26,1375.19,Bullish,0,0,1,0,0,0,1,0,Uptrend,No Reversal,Market Indecision,No
2025-08-08,1356.09,1367.8,1397.2,1365.0,1385.0,8793606,17.2,32.2,12.2,2.8,0.5342,0.3789,0.087,,,False,False,False,False,,Uptrend,Buyers,1427.81,1375.11,Bullish,0,0,0,0,0,0,0,0,Uptrend,No Reversal,No Context,No
2025-08-11,1374.33,1386.2,1388.0,1361.2,1370.0,9997486,16.2,26.8,1.8,8.8,0.6045,0.0672,0.3284,,1361.2,False,False,False,True,LL,Downtrend,Sellers,1426.18,1375.22,Bullish,0,0,0,0,0,0,0,0,Uptrend,Bearish Reversal,No Context,No
2025-08-12,1368.58,1380.4,1401.9,1375.2,1381.9,12244664,1.5,26.7,20.0,5.2,0.0562,0.7491,0.1948,,,False,False,False,False,,Downtrend,Sellers,1424.38,1375.27,Bullish,0,0,1,0,0,0,0,0,Downtrend,No Reversal,Market Indecision,No
2025-08-13,1370.76,1382.6,1391.8,1377.5,1388.0,7457021,5.4,14.3,3.8,5.1,0.3776,0.2657,0.3566,,,False,False,False,False,,Downtrend,Sellers,1422.74,1375.35,Bullish,0,0,0,0,0,0,0,1,Downtrend,No Reversal,No Context,No
2025-08-14,1367.48,1373.8,1380.7,1370.1,1377.3,7126128,3.5,10.6,3.4,3.7,0.3302,0.3208,0.3491,,,False,False,False,False,,Downtrend,Sellers,1420.82,1375.33,Bullish,0,0,0,0,0,0,0,0,Downtrend,No Reversal,No Context,No
2025-08-18,1375.34,1381.7,1394.9,1377.0,1390.0,11785109,8.3,17.9,4.9,4.7,0.4637,0.2737,0.2626,,,False,False,False,False,,Downtrend,Sellers,1419.29,1375.39,Bullish,0,0,0,0,0,0,0,0,Downtrend,No Reversal,No Context,No
2025-08-19,1413.56,1420.1,1421.0,1389.1,1390.0,14384719,30.1,31.9,0.9,0.9,0.9436,0.0282,0.0282,,,False,False,False,False,,Downtrend,Sellers,1419.32,1375.84,Bullish,0,0,0,0,0,0,0,0,Downtrend,No Reversal,No Context,No
2025-08-20,1406.5,1413.0,1424.9,1410.0,1413.0,8725641,0.0,14.9,11.9,3.0,0.0,0.7987,0.2013,,,False,False,False,False,,Downtrend,Sellers,1419.07,1376.21,Bullish,0,0,1,0,0,0,0,0,Downtrend,No Reversal,Market Indecision,No
2025-08-21,1418.24,1424.8,1431.9,1420.3,1425.0,11021323,0.2,11.6,6.9,4.5,0.0172,0.5948,0.3879,1431.9,,False,False,True,False,LH,Downtrend,Sellers,1419.3,1376.69,Bullish,0,0,1,0,0,0,0,1,Downtrend,No Reversal,Market Indecision,No
2025-08-22,1402.71,1409.2,1423.4,1407.9,1420.0,5818868,10.8,15.5,3.4,1.3,0.6968,0.2194,0.0839,,,False,False,False,False,,Downtrend,Sellers,1418.9,1377.02,Bullish,0,0,0,0,0,0,0,0,Downtrend,No Reversal,No Context,No
2025-08-25,1406.1,1412.6,1419.5,1405.7,1414.7,5979407,2.1,13.8,4.8,6.9,0.1522,0.3478,0.5,,,False,False,False,False,,Downtrend,Sellers,1418.65,1377.37,Bullish,0,0,0,0,0,0,0,0,Downtrend,No Reversal,No Context,No
2025-08-26,1378.53,1384.9,1410.0,1381.6,1408.0,12145259,23.1,28.4,2.0,3.3,0.8134,0.0704,0.1162,,,False,False,False,False,,Downtrend,Sellers,1417.33,1377.45,Bullish,0,0,0,0,0,0,0,0,Downtrend,No Reversal,No Context,No
2025-08-28,1379.52,1385.9,1392.2,1366.5,1389.9,13161813,4.0,25.7,2.3,19.4,0.1556,0.0895,0.7549,,,False,False,False,False,,Downtrend,Sellers,1416.1,1377.53,Bullish,1,0,0,0,0,0,0,0,Downtrend,No Reversal,Bullish Pattern in Downtrend,No
2025-08-29,1350.95,1357.2,1403.5,1350.0,1381.1,18758842,23.9,53.5,22.4,7.2,0.4467,0.4187,0.1346,,,False,False,False,False,,Downtrend,Sellers,1413.79,1377.33,Bullish,0,0,0,0,0,0,0,0,Downtrend,No Reversal,No Context,No
2025-09-01,1347.67,1353.9,1363.2,1340.6,1356.0,11232238,2.1,22.6,7.2,13.3,0.0929,0.3186,0.5885,,1340.6,False,False,False,True,LL,Downtrend,Sellers,1411.44,1377.09,Bullish,0,0,1,0,0,0,0,0,Downtrend,No Reversal,Market Indecision,No
2025-09-02,1360.21,1366.5,1384.5,1354.5,1354.8,11517006,11.7,30.0,18.0,0.3,0.39,0.6,0.01,,,False,False,False,False,,Downtrend,Sellers,1409.68,1376.99,Bullish,0,0,0,0,0,0,1,0,Downtrend,No Reversal,Bullish Pattern in Downtrend,No
2025-09-03,1366.28,1372.6,1376.5,1360.5,1369.7,7847563,2.9,16.0,3.9,9.2,0.1812,0.2438,0.575,,,False,False,False,False,,Downtrend,Sellers,1408.22,1376.95,Bullish,0,0,0,0,0,0,0,0,Downtrend,No Reversal,No Context,No
2025-09-04,1353.04,1359.3,1374.0,1357.1,1371.8,13223177,12.5,16.9,2.2,2.2,0.7396,0.1302,0.1302,,,False,False,False,False,,Downtrend,Sellers,1406.3,1376.77,Bullish,0,0,0,0,0,0,0,1,Downtrend,No Reversal,No Context,No
2025-09-05,1368.67,1375.0,1381.0,1359.3,1363.0,5777575,12.0,21.7,6.0,3.7,0.553,0.2765,0.1705,,,False,False,False,False,,Downtrend,Sellers,1405.08,1376.75,Bullish,0,0,0,0,0,0,0,0,Downtrend,No Reversal,No Context,No
2025-09-08,1372.16,1378.5,1386.0,1372.4,1380.0,6986720,1.5,13.6,6.0,6.1,0.1103,0.4412,0.4485,,,False,False,False,False,,Downtrend,Sellers,1404.04,1376.77,Bullish,0,0,0,0,0,0,0,0,Downtrend,No Reversal,No Context,No
2025-09-09,1369.87,1376.2,1381.2,1368.7,1376.6,9754452,0.4,12.5,4.6,7.5,0.032,0.368,0.6,,,False,False,False,False,,Downtrend,Sellers,1402.94,1376.76,Bullish,0,0,1,0,0,0,0,1,Downtrend,No Reversal,Market Indecision,No
2025-09-10,1370.66,1377.0,1388.5,1374.1,1383.9,7790815,6.9,14.4,4.6,2.9,0.4792,0.3194,0.2014,,,False,False,False,False,,Downtrend,Sellers,1401.93,1376.77,Bullish,0,0,0,0,0,0,0,0,Downtrend,No Reversal,No Context,No
2025-09-11,1376.93,1383.3,1385.5,1375.0,1376.0,9766072,7.3,10.5,2.2,1.0,0.6952,0.2095,0.0952,,,False,False,False,False,,Downtrend,Sellers,1401.2,1376.83,Bullish,0,0,0,0,0,0,0,0,Downtrend,No Reversal,No Context,No
2025-09-12,1388.58,1395.0,1396.3,1380.5,1383.3,7403368,11.7,15.8,1.3,2.8,0.7405,0.0823,0.1772,,,False,False,False,False,,Downtrend,Sellers,1400.95,1377.01,Bullish,0,0,0,0,0,0,0,0,Downtrend,No Reversal,No Context,No
2025-09-15,1392.86,1399.3,1400.8,1388.6,1393.0,5396697,6.3,12.2,1.5,4.4,0.5164,0.123,0.3607,,,False,False,False,False,,Downtrend,Sellers,1400.89,1377.23,Bullish,0,0,0,0,0,0,0,0,Downtrend,No Reversal,No Context,No
2025-09-16,1398.83,1405.3,1408.0,1398.2,1404.7,8686961,0.6,9.8,2.7,6.5,0.0612,0.2755,0.6633,,,False,False,False,False,,Downtrend,Sellers,1401.06,1377.51,Bullish,0,0,1,0,0,0,0,0,Downtrend,No Reversal,Market Indecision,No
2025-09-17,1407.29,1413.8,1416.2,1406.9,1407.0,7519417,6.8,9.3,2.4,0.1,0.7312,0.2581,0.0108,,,False,False,False,False,,Downtrend,Sellers,1401.56,1377.87,Bullish,0,0,0,0,0,0,0,0,Downtrend,No Reversal,No Context,No
2025-09-18,1408.49,1415.0,1422.0,1410.7,1420.4,9332642,5.4,11.3,1.6,4.3,0.4779,0.1416,0.3805,1422.0,,False,False,True,False,LH,Downtrend,Sellers,1402.09,1378.24,Bullish,0,0,0,0,0,0,0,0,Downtrend,No Reversal,No Context,No
2025-09-19,1400.92,1407.4,1417.0,1403.6,1414.9,13461373,7.5,13.4,2.1,3.8,0.5597,0.1567,0.2836,,,False,False,False,False,,Downtrend,Sellers,1402.3,1378.53,Bullish,0,0,0,0,0,0,0,1,Downtrend,No Reversal,No Context,No
2025-09-22,1384.2,1390.6,1410.7,1388.0,1403.9,7757970,13.3,22.7,6.8,2.6,0.5859,0.2996,0.1145,,,False,False,False,False,,Downtrend,Sellers,1401.84,1378.65,Bullish,0,0,0,0,0,0,0,0,Downtrend,No Reversal,No Context,No
2025-09-23,1383.4,1389.8,1395.0,1376.8,1391.0,14014702,1.2,18.2,4.0,13.0,0.0659,0.2198,0.7143,,,False,False,False,False,,Downtrend,Sellers,1401.37,1378.76,Bullish,0,0,1,0,0,0,0,0,Downtrend,No Reversal,Market Indecision,No
2025-09-24,1376.64,1383.0,1396.0,1380.4,1385.3,5922759,2.3,15.6,10.7,2.6,0.1474,0.6859,0.1667,,,False,False,False,False,,Downtrend,Sellers,1400.64,1378.81,Bullish,0,0,0,0,0,0,0,0,Downtrend,No Reversal,No Context,No
2025-09-25,1366.08,1372.4,1384.5,1369.0,1381.3,11411143,8.9,15.5,3.2,3.4,0.5742,0.2065,0.2194,,,False,False,False,False,,Downtrend,Sellers,1399.54,1378.74,Bullish,0,0,0,0,0,0,0,0,Downtrend,No Reversal,No Context,No
2025-09-26,1371.26,1377.6,1382.7,1366.0,1372.0,9879109,5.6,16.7,5.1,6.0,0.3353,0.3054,0.3593,,,False,False,False,False,,Downtrend,Sellers,1398.68,1378.73,Bullish,0,0,0,0,0,0,0,0,Downtrend,No Reversal,No Context,No
2025-09-29,1366.48,1372.8,1389.0,1368.0,1381.6,14231999,8.8,21.0,7.4,4.8,0.419,0.3524,0.2286,,,False,False,False,False,,Downtrend,Sellers,1397.66,1378.67,Bullish,0,0,0,0,0,0,0,0,Downtrend,No Reversal,No Context,No
2025-09-30,1357.72,1364.0,1377.1,1362.8,1377.1,14604684,13.1,14.3,0.0,1.2,0.9161,0.0,0.0839,,,False,False,False,False,,Downtrend,Sellers,1396.34,1378.53,Bullish,0,0,0,0,0,0,0,0,Downtrend,No Reversal,No Context,No
2025-10-01,1362.4,1368.7,1378.6,1362.7,1367.0,12045916,1.7,15.9,9.9,4.3,0.1069,0.6226,0.2704,,,False,False,False,False,,Downtrend,Sellers,1395.26,1378.43,Bullish,0,0,0,0,0,0,0,0,Downtrend,No Reversal,No Context,No
2025-10-03,1357.13,1363.4,1371.6,1356.9,1363.2,12842347,0.2,14.7,8.2,6.3,0.0136,0.5578,0.4286,,1356.9,False,True,False,False,HL,Uptrend,Buyers,1394.01,1378.28,Bullish,0,0,1,0,0,0,1,0,Downtrend,Bullish Reversal,Market Indecision,No
2025-10-06,1368.67,1375.0,1377.4,1359.0,1360.0,12396580,15.0,18.4,2.4,1.0,0.8152,0.1304,0.0543,,,False,False,False,False,,Uptrend,Buyers,1393.26,1378.25,Bullish,0,0,0,0,0,0,0,0,Uptrend,No Reversal,No Context,No
2025-10-07,1378.43,1384.8,1395.9,1375.9,1376.0,11244040,8.8,20.0,11.1,0.1,0.44,0.555,0.005,1395.9,,False,False,True,False,LH,Downtrend,Sellers,1392.93,1378.31,Bullish,0,0,0,0,0,0,0,0,Uptrend,Bearish Reversal,No Context,No
2025-10-08,1361.11,1367.4,1389.0,1364.5,1384.8,8525081,17.4,24.5,4.2,2.9,0.7102,0.1714,0.1184,,,False,False,False,False,,Downtrend,Sellers,1391.93,1378.2,Bullish,0,0,0,0,0,0,0,1,Downtrend,No Reversal,No Context,No
2025-10-09,1371.46,1377.8,1380.0,1369.1,1374.0,8826633,3.8,10.9,2.2,4.9,0.3486,0.2018,0.4495,,,False,False,False,False,,Downtrend,Sellers,1391.38,1378.2,Bullish,0,0,0,0,0,0,0,0,Downtrend,No Reversal,No Context,No
2025-10-10,1375.34,1381.7,1388.0,1375.1,1377.8,6373084,3.9,12.9,6.3,2.7,0.3023,0.4884,0.2093,,,False,False,False,False,,Downtrend,Sellers,1391.0,1378.23,Bullish,0,0,0,0,0,0,1,0,Downtrend,No Reversal,Bullish Pattern in Downtrend,No
2025-10-13,1368.67,1375.0,1377.7,1367.8,1376.9,7600682,1.9,9.9,0.8,7.2,0.1919,0.0808,0.7273,,,False,False,False,False,,Downtrend,Sellers,1390.37,1378.2,Bullish,1,0,0,0,0,0,0,0,Downtrend,No Reversal,Bullish Pattern in Downtrend,No
2025-10-14,1369.57,1375.9,1388.0,1370.1,1380.0,9768174,4.1,17.9,8.0,5.8,0.2291,0.4469,0.324,,,False,False,False,False,,Downtrend,Sellers,1389.8,1378.18,Bullish,0,0,0,0,0,0,0,1,Downtrend,No Reversal,No Context,No
2025-10-15,1367.98,1374.3,1384.0,1372.7,1383.0,10882743,8.7,11.3,1.0,1.6,0.7699,0.0885,0.1416,,,False,False,False,False,,Downtrend,Sellers,1389.19,1378.14,Bullish,0,0,0,0,0,0,0,0,Downtrend,No Reversal,No Context,No
2025-10-16,1391.86,1398.3,1400.5,1375.0,1375.1,12315932,23.2,25.5,2.2,0.1,0.9098,0.0863,0.0039,,,False,False,False,False,,Downtrend,Sellers,1389.55,1378.34,Bullish,0,0,0,0,0,0,0,0,Downtrend,No Reversal,No Context,No
2025-10-17,1410.28,1416.8,1423.3,1399.1,1401.0,19335561,15.8,24.2,6.5,1.9,0.6529,0.2686,0.0785,,,False,False,False,False,,Downtrend,Sellers,1390.62,1378.72,Bullish,0,0,0,0,0,0,0,0,Downtrend,No Reversal,No Context,No
2025-10-20,1460.05,1466.8,1473.8,1433.3,1440.0,24721978,26.8,40.5,7.0,6.7,0.6617,0.1728,0.1654,,,False,False,False,False,,Downtrend,Sellers,1393.61,1379.6,Bullish,0,0,0,0,0,0,0,0,Downtrend,No Reversal,No Context,No
2025-10-21,1458.46,1465.2,1474.0,1460.0,1468.0,2066169,2.8,14.0,6.0,5.2,0.2,0.4286,0.3714,,,False,False,False,False,,Downtrend,Sellers,1396.41,1380.45,Bullish,0,0,0,0,0,0,0,0,Downtrend,No Reversal,No Context,No
2025-10-23,1441.73,1448.4,1482.9,1444.6,1475.0,18707090,26.6,38.3,7.9,3.8,0.6945,0.2063,0.0992,,,False,False,False,False,,Downtrend,Sellers,1398.45,1381.13,Bullish,0,0,0,0,0,0,0,1,Downtrend,No Reversal,No Context,No
2025-10-24,1444.92,1451.6,1459.8,1441.0,1450.0,9700837,1.6,18.8,8.2,9.0,0.0851,0.4362,0.4787,,,False,False,False,False,,Downtrend,Sellers,1400.54,1381.83,Bullish,0,0,1,0,0,0,0,0,Downtrend,No Reversal,Market Indecision,No
2025-10-27,1477.27,1484.1,1485.0,1458.0,1463.0,14113867,21.1,27.0,0.9,5.0,0.7815,0.0333,0.1852,,,False,False,False,False,,Downtrend,Sellers,1403.81,1382.85,Bullish,0,0,0,0,0,0,1,0,Downtrend,No Reversal,Bullish Pattern in Downtrend,No
2025-10-28,1480.06,1486.9,1492.0,1477.6,1484.1,17631577,2.8,14.4,5.1,6.5,0.1944,0.3542,0.4514,,,False,False,False,False,,Downtrend,Sellers,1407.07,1383.88,Bullish,0,0,0,0,0,0,0,0,Downtrend,No Reversal,No Context,No
2025-10-29,1497.28,1504.2,1508.3,1488.1,1490.0,11884745,14.2,20.2,4.1,1.9,0.703,0.203,0.0941,1508.3,,True,False,False,False,HH,Uptrend,Buyers,1410.88,1385.08,Bullish,0,0,0,0,0,0,0,0,Downtrend,Bullish Reversal,No Context,No
2025-10-30,1481.65,1488.5,1503.1,1484.0,1500.0,9318663,11.5,19.1,3.1,4.5,0.6021,0.1623,0.2356,,,False,False,False,False,,Uptrend,Buyers,1413.93,1386.11,Bullish,0,0,0,0,0,0,0,0,Uptrend,No Reversal,No Context,No
2025-10-31,1479.56,1486.4,1497.5,1482.3,1490.4,8758053,4.0,15.2,7.1,4.1,0.2632,0.4671,0.2697,,,False,False,False,False,,Uptrend,Buyers,1416.77,1387.11,Bullish,0,0,0,0,0,0,0,1,Uptrend,No Reversal,Bearish Pattern in Uptrend,No
2025-11-03,1477.87,1484.7,1495.0,1479.3,1486.0,8452085,1.3,15.7,9.0,5.4,0.0828,0.5732,0.3439,,,False,False,False,False,,Uptrend,Buyers,1419.43,1388.08,Bullish,0,0,1,0,0,0,0,0,Uptrend,No Reversal,Market Indecision,No
2025-11-04,1466.32,1473.1,1492.8,1470.1,1483.9,10007806,10.8,22.7,8.9,3.0,0.4758,0.3921,0.1322,,1470.1,False,True,False,False,HL,Uptrend,Buyers,1421.54,1388.92,Bullish,0,0,0,0,0,0,0,0,Uptrend,No Reversal,No Context,No
2025-11-06,1489.21,1496.1,1501.6,1476.2,1484.0,16772678,12.1,25.4,5.5,7.8,0.4764,0.2165,0.3071,,,False,False,False,False,,Uptrend,Buyers,1424.46,1389.99,Bullish,0,0,0,0,0,0,0,0,Uptrend,No Reversal,No Context,No
2025-11-07,1471.2,1478.0,1498.4,1475.9,1494.6,7821765,16.6,22.5,3.8,2.1,0.7378,0.1689,0.0933,,,False,False,False,False,,Uptrend,Buyers,1426.56,1390.87,Bullish,0,0,0,0,0,0,0,0,Uptrend,No Reversal,No Context,No
2025-11-10,1482.45,1489.3,1501.0,1475.5,1477.9,7068438,11.4,25.5,11.7,2.4,0.4471,0.4588,0.0941,,,False,False,False,False,,Uptrend,Buyers,1429.02,1391.84,Bullish,0,0,0,0,0,0,0,0,Uptrend,No Reversal,No Context,No
2025-11-11,1486.53,1493.4,1498.8,1480.2,1497.0,7127506,3.6,18.6,1.8,13.2,0.1935,0.0968,0.7097,,,False,False,False,False,,Uptrend,Buyers,1431.55,1392.86,Bullish,1,0,0,0,0,0,0,0,Uptrend,No Reversal,No Context,No
2025-11-12,1504.54,1511.5,1524.7,1500.0,1505.0,12384459,6.5,24.7,13.2,5.0,0.2632,0.5344,0.2024,,,False,False,False,False,,Uptrend,Buyers,1434.68,1394.04,Bullish,0,1,0,0,0,0,0,0,Uptrend,No Reversal,No Context,No
2025-11-13,1503.95,1510.9,1522.1,1506.8,1515.0,7196443,4.1,15.3,7.1,4.1,0.268,0.4641,0.268,,,False,False,False,False,,Uptrend,Buyers,1437.67,1395.2,Bullish,0,0,0,0,0,0,0,0,Uptrend,No Reversal,No Context,No
2025-11-14,1511.91,1518.9,1520.9,1505.5,1505.5,7682823,13.4,15.4,2.0,0.0,0.8701,0.1299,0.0,,,False,False,False,False,,Uptrend,Buyers,1440.86,1396.43,Bullish,0,0,0,1,0,0,0,0,Uptrend,No Reversal,No Context,No
2025-11-17,1511.31,1518.3,1523.7,1511.5,1520.9,5871416,2.6,12.2,2.8,6.8,0.2131,0.2295,0.5574,,,False,False,False,False,,Uptrend,Buyers,1443.89,1397.64,Bullish,0,0,0,0,0,0,0,0,Uptrend,No Reversal,No Context,No
2025-11-18,1512.41,1519.4,1527.8,1510.5,1521.7,11045042,2.3,17.3,6.1,8.9,0.1329,0.3526,0.5145,,,False,False,False,False,,Uptrend,Buyers,1446.85,1398.85,Bullish,0,0,0,0,0,0,0,1,Uptrend,No Reversal,Bearish Pattern in Uptrend,No
2025-11-19,1511.91,1518.9,1522.3,1512.0,1517.4,5692366,1.5,10.3,3.4,5.4,0.1456,0.3301,0.5243,,,False,False,False,False,,Uptrend,Buyers,1449.68,1400.05,Bullish,0,0,0,0,0,0,1,0,Uptrend,No Reversal,No Context,No
2025-11-20,1541.97,1549.1,1550.9,1526.7,1530.0,18171724,19.1,24.2,1.8,3.3,0.7893,0.0744,0.1364,,,False,False,False,False,,Uptrend,Buyers,1453.58,1401.53,Bullish,0,0,0,0,0,0,1,0,Uptrend,No Reversal,No Context,No
2025-11-21,1539.48,1546.6,1557.8,1540.1,1541.0,9615271,5.6,17.7,11.2,0.9,0.3164,0.6328,0.0508,,,False,False,False,False,,Uptrend,Buyers,1457.23,1402.97,Bullish,0,1,0,0,0,1,0,0,Uptrend,No Reversal,Bearish Pattern in Uptrend,No
2025-11-24,1528.83,1535.9,1550.0,1531.8,1550.0,18433951,14.1,18.2,0.0,4.1,0.7747,0.0,0.2253,,,False,False,False,False,,Uptrend,Buyers,1460.31,1404.3,Bullish,0,0,0,0,1,0,0,1,Uptrend,No Reversal,Bearish Pattern in Uptrend,No
2025-11-25,1532.61,1539.7,1559.6,1525.1,1535.9,15033482,3.8,34.5,19.9,10.8,0.1101,0.5768,0.313,,,False,False,False,False,,Uptrend,Buyers,1463.42,1405.64,Bullish,0,0,0,0,0,0,0,0,Uptrend,No Reversal,No Context,No
2025-11-26,1562.67,1569.9,1571.6,1540.5,1542.3,14054299,27.6,31.1,1.7,1.8,0.8875,0.0547,0.0579,,,False,False,False,False,,Uptrend,Buyers,1467.6,1407.28,Bullish,0,0,0,0,0,0,1,0,Uptrend,No Reversal,No Context,No
2025-11-27,1556.2,1563.4,1575.5,1556.0,1575.0,9794643,11.6,19.5,0.5,7.4,0.5949,0.0256,0.3795,,,False,False,False,False,,Uptrend,Buyers,1471.36,1408.83,Bullish,0,0,0,0,0,0,0,0,Uptrend,No Reversal,No Context,No
2025-11-28,1560.29,1567.5,1581.3,1563.0,1568.0,8959508,0.5,18.3,13.3,4.5,0.0273,0.7268,0.2459,1581.3,,True,False,False,False,HH,Uptrend,Buyers,1475.13,1410.41,Bullish,0,0,1,0,0,0,0,1,Uptrend,No Reversal,Market Indecision,No
2025-12-01,1558.89,1566.1,1577.5,1563.6,1575.0,8920233,8.9,13.9,2.5,2.5,0.6403,0.1799,0.1799,,,False,False,False,False,,Uptrend,Buyers,1478.69,1411.96,Bullish,0,0,0,0,0,0,0,0,Uptrend,No Reversal,No Context,No
2025-12-02,1539.18,1546.3,1567.5,1542.0,1561.1,11389150,14.8,25.5,6.4,4.3,0.5804,0.251,0.1686,,,False,False,False,False,,Uptrend,Buyers,1481.35,1413.3,Bullish,0,0,0,0,0,0,0,0,Uptrend,No Reversal,No Context,No
2025-12-03,1531.72,1538.8,1552.4,1533.0,1545.2,6090883,6.4,19.4,7.2,5.8,0.3299,0.3711,0.299,,,False,False,False,False,,Uptrend,Buyers,1483.6,1414.55,Bullish,0,0,0,0,0,0,0,0,Uptrend,No Reversal,No Context,No
2025-12-04,1528.53,1535.6,1560.5,1517.6,1536.0,11867930,0.4,42.9,24.5,18.0,0.0093,0.5711,0.4196,,1517.6,False,True,False,False,HL,Uptrend,Buyers,1485.64,1415.75,Bullish,0,0,1,0,0,0,0,0,Uptrend,No Reversal,Market Indecision,No
2025-12-05,1533.51,1540.6,1545.8,1520.6,1530.4,10183266,10.2,25.2,5.2,9.8,0.4048,0.2063,0.3889,,,False,False,False,False,,Uptrend,Buyers,1487.79,1416.99,Bullish,0,0,0,1,0,0,1,0,Uptrend,No Reversal,No Context,No
2025-12-08,1535.9,1543.0,1551.0,1535.0,1539.2,11301491,3.8,16.0,8.0,4.2,0.2375,0.5,0.2625,,,False,False,False,False,,Uptrend,Buyers,1489.96,1418.25,Bullish,0,0,0,0,0,0,0,0,Uptrend,No Reversal,No Context,No
2025-12-09,1522.36,1529.4,1542.5,1520.1,1540.3,11503971,10.9,22.4,2.2,9.3,0.4866,0.0982,0.4152,,,False,False,False,False,,Uptrend,Buyers,1491.5,1419.35,Bullish,0,0,0,0,0,0,0,1,Uptrend,No Reversal,Bearish Pattern in Uptrend,No
2025-12-10,1529.83,1536.9,1547.5,1531.4,1534.0,7991629,2.9,16.1,10.6,2.6,0.1801,0.6584,0.1615,,,False,False,False,False,,Uptrend,Buyers,1493.29,1420.52,Bullish,0,1,0,0,0,0,0,0,Uptrend,No Reversal,No Context,No
2025-12-11,1537.89,1545.0,1550.0,1524.0,1536.9,4706197,8.1,26.0,5.0,12.9,0.3115,0.1923,0.4962,,,False,False,False,False,,Uptrend,Buyers,1495.31,1421.76,Bullish,0,0,0,0,0,0,1,0,Uptrend,No Reversal,No Context,No
2025-12-12,1549.34,1556.5,1559.8,1546.1,1550.8,5106655,5.7,13.7,3.3,4.7,0.4161,0.2409,0.3431,,,False,False,False,False,,Uptrend,Buyers,1497.71,1423.1,Bullish,0,0,0,0,0,0,0,0,Uptrend,No Reversal,No Context,No
2025-12-15,1549.04,1556.2,1558.6,1546.5,1551.2,5774543,5.0,12.1,2.4,4.7,0.4132,0.1983,0.3884,,,False,False,False,False,,Uptrend,Buyers,1500.01,1424.43,Bullish,0,0,0,0,0,0,0,0,Uptrend,No Reversal,No Context,No
2025-12-16,1535.2,1542.3,1551.7,1538.8,1545.0,11731856,2.7,12.9,6.7,3.5,0.2093,0.5194,0.2713,,,False,False,False,False,,Uptrend,Buyers,1501.66,1425.6,Bullish,0,0,0,0,0,0,0,1,Uptrend,No Reversal,Bearish Pattern in Uptrend,No
2025-12-17,1537.29,1544.4,1550.0,1539.3,1550.0,7116649,5.6,10.7,0.0,5.1,0.5234,0.0,0.4766,,,False,False,False,False,,Uptrend,Buyers,1503.34,1426.78,Bullish,0,0,0,0,0,0,0,1,Uptrend,No Reversal,Bearish Pattern in Uptrend,No
2025-12-18,1537.29,1544.4,1551.5,1535.2,1535.2,6580829,9.2,16.3,7.1,0.0,0.5644,0.4356,0.0,,,False,False,False,False,,Uptrend,Buyers,1504.95,1427.95,Bullish,0,0,0,0,0,0,0,0,Uptrend,No Reversal,No Context,No
2025-12-19,1557.9,1565.1,1574.2,1551.0,1554.4,13937275,10.7,23.2,9.1,3.4,0.4612,0.3922,0.1466,,,False,False,False,False,,Uptrend,Buyers,1507.31,1429.32,Bullish,0,0,0,0,0,0,0,0,Uptrend,No Reversal,No Context,No
2025-12-22,1568.15,1575.4,1577.5,1565.3,1573.5,10184852,1.9,12.2,2.1,8.2,0.1557,0.1721,0.6721,,,False,False,False,False,,Uptrend,Buyers,1509.98,1430.77,Bullish,0,0,0,0,0,0,0,0,Uptrend,No Reversal,No Context,No
2025-12-23,1563.47,1570.7,1580.9,1568.1,1580.9,7506564,10.2,12.8,0.0,2.6,0.7969,0.0,0.2031,1580.9,,False,False,True,False,LH,Downtrend,Sellers,1512.36,1432.16,Bullish,0,0,0,0,1,0,0,1,Uptrend,Bearish Reversal,Bearish Pattern in Uptrend,Yes
2025-12-24,1551.03,1558.2,1575.7,1553.6,1572.7,8815745,14.5,22.1,3.0,4.6,0.6561,0.1357,0.2081,,,False,False,False,False,,Downtrend,Sellers,1514.16,1433.42,Bullish,0,0,0,0,0,0,0,0,Downtrend,No Reversal,No Context,No
2025-12-26,1552.02,1559.2,1561.0,1554.3,1554.7,2311495,4.5,6.7,1.8,0.4,0.6716,0.2687,0.0597,,,False,False,False,False,,Downtrend,Sellers,1515.93,1434.67,Bullish,0,0,0,0,0,0,0,0,Downtrend,No Reversal,No Context,No
2025-12-29,1538.49,1545.6,1558.1,1543.6,1554.9,5972105,9.3,14.5,3.2,2.0,0.6414,0.2207,0.1379,,,False,False,False,False,,Downtrend,Sellers,1517.09,1435.77,Bullish,0,0,0,0,0,0,0,0,Downtrend,No Reversal,No Context,No
2025-12-30,1532.71,1539.8,1553.6,1537.8,1547.0,8815884,7.2,15.8,6.6,2.0,0.4557,0.4177,0.1266,,,False,False,False,False,,Downtrend,Sellers,1517.98,1436.81,Bullish,0,0,0,0,0,0,0,0,Downtrend,No Reversal,No Context,No
2025-12-31,1563.17,1570.4,1577.0,1541.0,1541.0,5771830,29.4,36.0,6.6,0.0,0.8167,0.1833,0.0,,,False,False,False,False,,Downtrend,Sellers,1520.04,1438.14,Bullish,0,0,0,0,0,0,1,0,Downtrend,No Reversal,Bullish Pattern in Downtrend,No
2026-01-01,1568.35,1575.6,1592.5,1571.1,1573.7,6408128,1.9,21.4,16.9,2.6,0.0888,0.7897,0.1215,,,False,False,False,False,,Downtrend,Sellers,1522.21,1439.5,Bullish,0,0,1,0,0,0,0,0,Downtrend,No Reversal,Market Indecision,No
2026-01-02,1584.97,1592.3,1594.6,1578.2,1580.0,6602230,12.3,16.4,2.3,1.8,0.75,0.1402,0.1098,,,False,False,False,False,,Downtrend,Sellers,1524.96,1441.02,Bullish,0,0,0,0,0,0,0,0,Downtrend,No Reversal,No Context,No
2026-01-05,1570.84,1578.1,1611.8,1575.3,1593.0,8704973,14.9,36.5,18.8,2.8,0.4082,0.5151,0.0767,1611.8,,True,False,False,False,HH,Uptrend,Buyers,1527.05,1442.39,Bullish,0,0,0,0,1,0,0,0,Downtrend,Bullish Reversal,No Context,No
2026-01-06,1500.66,1507.6,1569.0,1496.3,1569.0,27417125,61.4,72.7,0.0,11.3,0.8446,0.0,0.1554,,,False,False,False,False,,Uptrend,Buyers,1526.28,1443.04,Bullish,0,0,0,0,0,0,0,0,Uptrend,No Reversal,No Context,No
2026-01-07,1497.28,1504.2,1520.0,1498.0,1510.0,11199340,5.8,22.0,10.0,6.2,0.2636,0.4545,0.2818,,,False,False,False,False,,Uptrend,Buyers,1525.42,1443.65,Bullish,0,0,0,0,0,0,0,0,Uptrend,No Reversal,No Context,No
2026-01-08,1463.83,1470.6,1503.9,1468.8,1500.0,16518684,29.4,35.1,3.9,1.8,0.8376,0.1111,0.0513,,,False,False,False,False,,Uptrend,Buyers,1523.27,1443.91,Bullish,0,0,0,0,0,0,0,0,Uptrend,No Reversal,No Context,No
2026-01-09,1468.51,1475.3,1479.9,1465.0,1465.0,8335311,10.3,14.9,4.6,0.0,0.6913,0.3087,0.0,,,False,False,False,False,,Uptrend,Buyers,1521.39,1444.23,Bullish,0,0,0,0,0,0,0,0,Uptrend,No Reversal,No Context,No
2026-01-12,1476.37,1483.2,1485.3,1451.0,1475.3,8883745,7.9,34.3,2.1,24.3,0.2303,0.0612,0.7085,,,False,False,False,False,,Uptrend,Buyers,1519.89,1444.61,Bullish,1,0,0,0,0,0,1,0,Uptrend,No Reversal,No Context,No
2026-01-13,1446.11,1452.8,1485.8,1444.7,1485.0,13499760,32.2,41.1,0.8,8.1,0.7835,0.0195,0.1971,,,False,False,False,False,,Uptrend,Buyers,1517.26,1444.69,Bullish,0,0,0,0,1,0,0,1,Uptrend,No Reversal,Bearish Pattern in Uptrend,No
2026-01-14,1452.09,1458.8,1467.0,1440.2,1444.0,8321764,14.8,26.8,8.2,3.8,0.5522,0.306,0.1418,,,False,False,False,False,,Uptrend,Buyers,1514.97,1444.84,Bullish,0,0,0,0,0,0,0,0,Uptrend,No Reversal,No Context,No
2026-01-15,1452.09,1458.8,1458.8,1458.8,1458.8,0,0.0,0.0,0.0,0.0,0.0,0.0,0.0,,,False,False,False,False,,Uptrend,Buyers,1512.76,1444.97,Bullish,1,1,1,0,0,1,0,0,Uptrend,No Reversal,Market Indecision,No
2026-01-16,1451.19,1457.9,1480.0,1455.1,1458.8,17167161,0.9,24.9,21.2,2.8,0.0361,0.8514,0.1124,,,False,False,False,False,,Uptrend,Buyers,1510.61,1445.1,Bullish,0,0,1,0,0,0,0,1,Uptrend,No Reversal,Market Indecision,No
2026-01-19,1407.09,1413.6,1450.6,1403.3,1450.6,20392765,37.0,47.3,0.0,10.3,0.7822,0.0,0.2178,,,False,False,False,False,,Uptrend,Buyers,1506.81,1444.79,Bullish,0,0,0,0,0,0,0,0,Uptrend,No Reversal,No Context,No
2026-01-20,1387.58,1394.0,1416.0,1390.0,1410.7,13189498,16.7,26.0,5.3,4.0,0.6423,0.2038,0.1538,,,False,False,False,False,,Uptrend,Buyers,1502.38,1444.28,Bullish,0,0,0,0,0,0,0,0,Uptrend,No Reversal,No Context,No
2026-01-21,1398.14,1404.6,1412.9,1373.0,1389.5,17352720,15.1,39.9,8.3,16.5,0.3784,0.208,0.4135,,,False,False,False,False,,Uptrend,Buyers,1498.55,1443.89,Bullish,0,0,0,0,0,0,1,0,Uptrend,No Reversal,No Context,No
2026-01-22,1396.05,1402.5,1419.5,1395.0,1410.1,15721693,7.6,24.5,9.4,7.5,0.3102,0.3837,0.3061,,,False,False,False,False,,Uptrend,Buyers,1494.78,1443.48,Bullish,0,0,0,0,0,0,0,0,Uptrend,No Reversal,No Context,No
2026-01-23,1379.72,1386.1,1407.0,1381.0,1401.8,9837802,15.7,26.0,5.2,5.1,0.6038,0.2,0.1962,,,False,False,False,False,,Uptrend,Buyers,1490.52,1442.91,Bullish,0,0,0,0,0,0,0,1,Uptrend,No Reversal,Bearish Pattern in Uptrend,No
2026-01-27,1374.15,1380.5,1391.6,1368.0,1380.0,26302396,0.5,23.6,11.1,12.0,0.0212,0.4703,0.5085,,,False,False,False,False,,Uptrend,Buyers,1486.21,1442.29,Bullish,0,0,1,0,0,0,0,0,Uptrend,No Reversal,Market Indecision,No
2026-01-28,1390.27,1396.7,1409.9,1384.9,1385.0,11121657,11.7,25.0,13.2,0.1,0.468,0.528,0.004,,,False,False,False,False,,Uptrend,Buyers,1482.7,1441.83,Bullish,0,0,0,0,0,0,1,0,Uptrend,No Reversal,No Context,No
2026-01-29,1384.6,1391.0,1402.9,1384.0,1402.9,20846683,11.9,18.9,0.0,7.0,0.6296,0.0,0.3704,,,False,False,False,False,,Uptrend,Buyers,1479.1,1441.33,Bullish,0,0,0,0,0,0,0,0,Uptrend,No Reversal,No Context,No
2026-01-30,1388.98,1395.4,1398.0,1378.5,1382.6,11239835,12.8,19.5,2.6,4.1,0.6564,0.1333,0.2103,,,False,False,False,False,,Uptrend,Buyers,1475.82,1440.87,Bullish,0,0,0,0,0,0,0,0,Uptrend,No Reversal,No Context,No
2026-02-02,1384.0,1390.4,1392.9,1335.5,1340.0,15711165,50.4,57.4,2.5,4.5,0.878,0.0436,0.0784,,1335.5,False,False,False,True,LL,Downtrend,Sellers,1472.47,1440.37,Bullish,0,0,0,0,0,0,0,0,Uptrend,Bearish Reversal,No Context,No
2026-02-03,1430.49,1437.1,1489.5,1430.2,1473.9,25456171,36.8,59.3,15.6,6.9,0.6206,0.2631,0.1164,1489.5,,False,False,True,False,LH,Downtrend,Sellers,1471.08,1440.33,Bullish,0,0,0,0,0,0,0,0,Downtrend,No Reversal,No Context,No
2026-02-04,1450.1,1456.8,1464.0,1440.3,1444.0,8333387,12.8,23.7,7.2,3.7,0.5401,0.3038,0.1561,,,False,False,False,False,,Downtrend,Sellers,1470.52,1440.5,Bullish,0,0,0,0,0,0,0,0,Downtrend,No Reversal,No Context,No
2026-02-05,1436.76,1443.4,1461.5,1439.5,1457.0,11763658,13.6,22.0,4.5,3.9,0.6182,0.2045,0.1773,,,False,False,False,False,,Downtrend,Sellers,1469.46,1440.53,Bullish,0,0,0,0,1,0,0,0,Downtrend,No Reversal,No Context,No
2026-02-06,1444.12,1450.8,1452.8,1433.5,1441.5,8277304,9.3,19.3,2.0,8.0,0.4819,0.1036,0.4145,,,False,False,False,False,,Downtrend,Sellers,1468.73,1440.63,Bullish,0,0,0,0,0,0,0,0,Downtrend,No Reversal,No Context,No
2026-02-09,1454.87,1461.6,1465.9,1453.0,1458.0,5775864,3.6,12.9,4.3,5.0,0.2791,0.3333,0.3876,,,False,False,False,False,,Downtrend,Sellers,1468.45,1440.84,Bullish,0,0,0,0,0,0,1,0,Downtrend,No Reversal,Bullish Pattern in Downtrend,No
2026-02-10,1451.79,1458.5,1471.0,1452.2,1471.0,10259630,12.5,18.8,0.0,6.3,0.6649,0.0,0.3351,,,False,False,False,False,,Downtrend,Sellers,1468.06,1441.01,Bullish,0,0,0,0,0,0,0,1,Downtrend,No Reversal,No Context,No
2026-02-11,1461.94,1468.7,1470.0,1453.6,1459.6,7106877,9.1,16.4,1.3,6.0,0.5549,0.0793,0.3659,,,False,False,False,False,,Downtrend,Sellers,1468.08,1441.29,Bullish,0,0,0,0,0,0,0,0,Downtrend,No Reversal,No Context,No
2026-02-12,1442.23,1448.9,1473.0,1445.5,1470.0,11135399,21.1,27.5,3.0,3.4,0.7673,0.1091,0.1236,1473.0,,False,False,True,False,LH,Downtrend,Sellers,1467.33,1441.36,Bullish,0,0,0,0,1,0,0,0,Downtrend,No Reversal,No Context,No
2026-02-13,1413.07,1419.6,1450.7,1416.3,1445.5,10755693,25.9,34.4,5.2,3.3,0.7529,0.1512,0.0959,,,False,False,False,False,,Downtrend,Sellers,1465.46,1441.15,Bullish,0,0,0,0,0,0,0,0,Downtrend,No Reversal,No Context,No
2026-02-16,1430.49,1437.1,1439.6,1409.3,1420.1,5896514,17.0,30.3,2.5,10.8,0.5611,0.0825,0.3564,,,False,False,False,False,,Downtrend,Sellers,1464.35,1441.11,Bullish,0,0,0,0,0,0,0,0,Downtrend,No Reversal,No Context,No
2026-02-17,1416.45,1423.0,1431.8,1418.6,1431.1,10731630,8.1,13.2,0.7,4.4,0.6136,0.053,0.3333,,,False,False,False,False,,Downtrend,Sellers,1462.72,1440.93,Bullish,0,0,0,0,0,0,0,0,Downtrend,No Reversal,No Context,No
2026-02-18,1434.67,1441.3,1442.1,1419.2,1427.0,5521096,14.3,22.9,0.8,7.8,0.6245,0.0349,0.3406,,,False,False,False,False,,Downtrend,Sellers,1461.88,1440.93,Bullish,0,0,0,0,0,0,0,0,Downtrend,No Reversal,No Context,No
2026-02-19,1403.01,1409.5,1443.0,1400.0,1443.0,11884664,33.5,43.0,0.0,9.5,0.7791,0.0,0.2209,,,False,False,False,False,,Downtrend,Sellers,1459.83,1440.62,Bullish,0,0,0,0,1,0,0,0,Downtrend,No Reversal,No Context,No
2026-02-20,1412.87,1419.4,1427.4,1406.1,1409.5,8177670,9.9,21.3,8.0,3.4,0.4648,0.3756,0.1596,,,False,False,False,False,,Downtrend,Sellers,1458.24,1440.41,Bullish,0,0,0,0,0,0,0,0,Downtrend,No Reversal,No Context,No
2026-02-23,1421.43,1428.0,1434.9,1418.3,1425.0,7758856,3.0,16.6,6.9,6.7,0.1807,0.4157,0.4036,,,False,False,False,False,,Downtrend,Sellers,1457.06,1440.28,Bullish,0,0,0,0,0,0,1,0,Downtrend,No Reversal,Bullish Pattern in Downtrend,No
2026-02-24,1422.22,1428.8,1433.3,1415.0,1425.3,12529409,3.5,18.3,4.5,10.3,0.1913,0.2459,0.5628,,,False,False,False,False,,Downtrend,Sellers,1455.95,1440.17,Bullish,0,0,0,0,0,0,0,0,Downtrend,No Reversal,No Context,No
2026-02-25,1392.06,1398.5,1440.5,1393.5,1435.0,10728792,36.5,47.0,5.5,5.0,0.7766,0.117,0.1064,,,False,False,False,False,,Downtrend,Sellers,1453.7,1439.76,Bullish,0,0,0,0,1,0,0,0,Downtrend,No Reversal,No Context,No
2026-02-26,1400.33,1406.8,1412.9,1391.9,1398.5,16683858,8.3,21.0,6.1,6.6,0.3952,0.2905,0.3143,,,False,False,False,False,,Downtrend,Sellers,1451.86,1439.43,Bullish,0,0,0,0,0,0,0,0,Downtrend,No Reversal,No Context,No
2026-02-27,1387.48,1393.9,1410.4,1388.1,1398.0,12031440,4.1,22.3,12.4,5.8,0.1839,0.5561,0.2601,,,False,False,False,False,,Downtrend,Sellers,1449.58,1438.97,Bullish,0,0,0,0,0,0,0,0,Downtrend,No Reversal,No Context,No
2026-03-02,1351.75,1358.0,1378.6,1341.5,1375.5,23728722,17.5,37.1,3.1,16.5,0.4717,0.0836,0.4447,,,False,False,False,False,,Downtrend,Sellers,1445.99,1438.17,Bullish,0,0,0,0,0,0,0,1,Downtrend,No Reversal,No Context,No
2026-03-04,1338.81,1345.0,1352.8,1307.0,1330.0,32495007,15.0,45.8,7.8,23.0,0.3275,0.1703,0.5022,,1307.0,False,False,False,True,LL,Downtrend,Sellers,1442.03,1437.24,Bullish,0,0,0,0,0,0,0,0,Downtrend,No Reversal,No Context,No
2026-03-05,1383.01,1389.4,1399.0,1353.1,1353.1,25957532,36.3,45.9,9.6,0.0,0.7908,0.2092,0.0,,,False,False,False,False,,Downtrend,Sellers,1439.97,1436.77,Bullish,0,0,0,0,0,0,1,0,Downtrend,No Reversal,Bullish Pattern in Downtrend,No
2026-03-06,1398.33,1404.8,1424.3,1390.3,1396.5,19311971,8.3,34.0,19.5,6.2,0.2441,0.5735,0.1824,,,False,False,False,False,,Downtrend,Sellers,1438.59,1436.45,Bullish,0,1,0,0,0,0,0,0,Downtrend,No Reversal,Bullish Pattern in Downtrend,No
2026-03-09,1417.45,1424.0,1429.4,1370.0,1375.0,24870822,49.0,59.4,5.4,5.0,0.8249,0.0909,0.0842,,,False,False,False,False,,Downtrend,Sellers,1438.02,1436.32,Bullish,0,0,0,0,0,0,0,0,Downtrend,No Reversal,No Context,No
2026-03-10,1402.32,1408.8,1431.5,1400.6,1430.6,18071259,21.8,30.9,0.9,8.2,0.7055,0.0291,0.2654,,,False,False,False,False,,Downtrend,Sellers,1436.87,1436.05,Bullish,0,0,0,0,0,0,0,0,Downtrend,No Reversal,No Context,No
2026-03-11,1383.8,1390.2,1434.0,1383.6,1424.9,21848087,34.7,50.4,9.1,6.6,0.6885,0.1806,0.131,1434.0,,False,False,True,False,LH,Downtrend,Sellers,1435.04,1435.59,Bearish,0,0,0,0,0,0,0,1,Downtrend,No Reversal,No Context,No
2026-03-12,1385.79,1392.2,1410.9,1381.1,1390.0,20939959,2.2,29.8,18.7,8.9,0.0738,0.6275,0.2987,,,False,False,False,False,,Downtrend,Sellers,1433.36,1435.16,Bearish,0,0,1,0,0,0,0,0,Downtrend,No Reversal,Market Indecision,No
2026-03-13,1374.35,1380.7,1400.8,1378.4,1385.2,17265090,4.5,22.4,15.6,2.3,0.2009,0.6964,0.1027,,,False,False,False,False,,Downtrend,Sellers,1431.3,1434.62,Bearish,0,1,0,0,0,0,0,0,Downtrend,No Reversal,Bullish Pattern in Downtrend,No
2026-03-16,1388.68,1395.1,1397.3,1363.5,1380.0,22837802,15.1,33.8,2.2,16.5,0.4467,0.0651,0.4882,,1363.5,False,True,False,False,HL,Uptrend,Buyers,1429.88,1434.23,Bearish,0,0,0,1,0,0,0,0,Downtrend,Bullish Reversal,Bullish Pattern in Downtrend,Yes
2026-03-17,1391.17,1397.6,1405.9,1388.2,1399.0,19007744,1.4,17.7,6.9,9.4,0.0791,0.3898,0.5311,,,False,False,False,False,,Uptrend,Buyers,1428.61,1433.86,Bearish,0,0,1,0,0,0,0,0,Uptrend,No Reversal,Market Indecision,No
2026-03-18,1401.62,1408.1,1412.9,1397.2,1397.2,9559327,10.9,15.7,4.8,0.0,0.6943,0.3057,0.0,,,False,False,False,False,,Uptrend,Buyers,1427.81,1433.61,Bearish,0,0,0,1,0,0,0,0,Uptrend,No Reversal,No Context,No
2026-03-19,1378.43,1384.8,1415.7,1376.1,1388.0,16498373,3.2,39.6,27.7,8.7,0.0808,0.6995,0.2197,,,False,False,False,False,,Uptrend,Buyers,1426.12,1433.12,Bearish,0,0,1,0,0,0,0,0,Uptrend,No Reversal,Market Indecision,No
2026-03-20,1407.89,1414.4,1430.0,1396.1,1398.0,22994918,16.4,33.9,15.6,1.9,0.4838,0.4602,0.056,,,False,False,False,False,,Uptrend,Buyers,1425.66,1432.93,Bearish,0,0,0,0,0,0,0,0,Uptrend,No Reversal,No Context,No
2026-03-23,1401.32,1407.8,1415.6,1391.0,1400.0,18979554,7.8,24.6,7.8,9.0,0.3171,0.3171,0.3659,,,False,False,False,False,,Uptrend,Buyers,1424.96,1432.68,Bearish,0,0,0,0,0,0,0,0,Uptrend,No Reversal,No Context,No
2026-03-24,1405.3,1411.8,1422.4,1406.6,1420.0,18620893,8.2,15.8,2.4,5.2,0.519,0.1519,0.3291,,,False,False,False,False,,Uptrend,Buyers,1424.44,1432.48,Bearish,0,0,0,0,0,0,0,1,Uptrend,No Reversal,Bearish Pattern in Uptrend,No
2026-03-25,1406.6,1413.1,1430.5,1408.4,1420.0,19041331,6.9,22.1,10.5,4.7,0.3122,0.4751,0.2127,1430.5,,False,False,True,False,LH,Downtrend,Sellers,1424.0,1432.28,Bearish,0,0,0,0,0,0,0,0,Uptrend,Bearish Reversal,No Context,No
2026-03-27,1341.9,1348.1,1404.7,1345.0,1401.0,23266517,52.9,59.7,3.7,3.1,0.8861,0.062,0.0519,,,False,False,False,False,,Downtrend,Sellers,1421.02,1431.45,Bearish,0,0,0,0,0,0,0,0,Downtrend,No Reversal,No Context,No
2026-03-30,1337.71,1343.9,1365.0,1334.1,1335.0,24393861,8.9,30.9,21.1,0.9,0.288,0.6828,0.0291,,,False,False,False,False,,Downtrend,Sellers,1418.0,1430.57,Bearish,0,1,0,0,0,1,0,0,Downtrend,No Reversal,Bullish Pattern in Downtrend,No
2026-04-01,1362.9,1369.2,1384.4,1362.9,1384.2,14404619,15.0,21.5,0.2,6.3,0.6977,0.0093,0.293,,,False,False,False,False,,Downtrend,Sellers,1416.08,1429.96,Bearish,0,0,0,0,0,0,0,0,Downtrend,No Reversal,No Context,No
2026-04-02,1344.28,1350.5,1358.2,1328.0,1357.0,21280051,6.5,30.2,1.2,22.5,0.2152,0.0397,0.745,,,False,False,False,False,,Downtrend,Sellers,1413.51,1429.17,Bearish,1,0,0,0,0,0,0,0,Downtrend,No Reversal,Bullish Pattern in Downtrend,No
2026-04-06,1298.7,1304.7,1359.0,1290.0,1359.0,29274881,54.3,69.0,0.0,14.7,0.787,0.0,0.213,,1290.0,False,False,False,True,LL,Downtrend,Sellers,1409.25,1427.93,Bearish,0,0,0,0,0,0,0,0,Downtrend,No Reversal,No Context,No
2026-04-07,1298.6,1304.6,1308.3,1291.0,1295.0,28388922,9.6,17.3,3.7,4.0,0.5549,0.2139,0.2312,,,False,False,False,False,,Downtrend,Sellers,1405.14,1426.71,Bearish,0,0,0,0,0,0,0,0,Downtrend,No Reversal,No Context,No
2026-04-08,1341.6,1347.8,1350.6,1326.2,1349.0,21817543,1.2,24.4,1.6,21.6,0.0492,0.0656,0.8852,,,False,False,False,False,,Downtrend,Sellers,1402.89,1425.92,Bearish,0,0,1,0,0,0,0,0,Downtrend,No Reversal,Market Indecision,No
2026-04-09,1323.88,1330.0,1350.0,1326.3,1346.0,20725390,16.0,23.7,4.0,3.7,0.6751,0.1688,0.1561,,,False,False,False,False,,Downtrend,Sellers,1400.03,1424.97,Bearish,0,0,0,0,0,0,0,1,Downtrend,No Reversal,No Context,No
2026-04-10,1343.99,1350.2,1352.3,1331.5,1337.0,19364461,13.2,20.8,2.1,5.5,0.6346,0.101,0.2644,,,False,False,False,False,,Downtrend,Sellers,1398.08,1424.22,Bearish,0,0,0,0,0,0,0,0,Downtrend,No Reversal,No Context,No
2026-04-13,1309.05,1315.1,1327.6,1310.0,1321.2,28753269,6.1,17.6,6.4,5.1,0.3466,0.3636,0.2898,,,False,False,False,False,,Downtrend,Sellers,1394.83,1423.14,Bearish,0,0,0,0,0,0,0,0,Downtrend,No Reversal,No Context,No
2026-04-15,1337.91,1344.1,1347.0,1334.2,1337.0,15313779,7.1,12.8,2.9,2.8,0.5547,0.2266,0.2187,,,False,False,False,False,,Downtrend,Sellers,1392.84,1422.35,Bearish,0,0,0,0,0,0,0,0,Downtrend,No Reversal,No Context,No
2026-04-16,1337.12,1343.3,1353.8,1330.0,1352.0,30211012,8.7,23.8,1.8,13.3,0.3655,0.0756,0.5588,,,False,False,False,False,,Downtrend,Sellers,1390.89,1421.57,Bearish,0,0,0,0,0,0,0,0,Downtrend,No Reversal,No Context,No
2026-04-17,1358.72,1365.0,1368.4,1340.0,1340.0,13869105,25.0,28.4,3.4,0.0,0.8803,0.1197,0.0,,,False,False,False,False,,Downtrend,Sellers,1389.88,1421.0,Bearish,0,0,0,1,0,0,0,0,Downtrend,No Reversal,Bullish Pattern in Downtrend,No
2026-04-20,1357.03,1363.3,1373.0,1352.8,1363.2,13614733,0.1,20.2,9.7,10.4,0.005,0.4802,0.5149,1373.0,,False,False,True,False,LH,Downtrend,Sellers,1388.84,1420.43,Bearish,0,0,1,0,0,0,0,0,Downtrend,No Reversal,Market Indecision,No
2026-04-21,1347.07,1353.3,1369.8,1350.1,1359.0,27293629,5.7,19.7,10.8,3.2,0.2893,0.5482,0.1624,,,False,False,False,False,,Downtrend,Sellers,1387.44,1419.76,Bearish,0,0,0,0,0,0,0,1,Downtrend,No Reversal,No Context,No
2026-04-22,1355.83,1362.1,1366.0,1349.1,1350.3,9525953,11.8,16.9,3.9,1.2,0.6982,0.2308,0.071,,,False,False,False,False,,Downtrend,Sellers,1386.45,1419.19,Bearish,0,0,0,1,0,0,0,0,Downtrend,No Reversal,Bullish Pattern in Downtrend,No
2026-04-23,1337.22,1343.4,1355.5,1340.7,1346.0,16385079,2.6,14.8,9.5,2.7,0.1757,0.6419,0.1824,,,False,False,False,False,,Downtrend,Sellers,1384.76,1418.43,Bearish,0,0,0,0,0,0,0,0,Downtrend,No Reversal,No Context,No
2026-04-24,1321.69,1327.8,1345.9,1325.0,1340.0,11744802,12.2,20.9,5.9,2.8,0.5837,0.2823,0.134,,,False,False,False,False,,Downtrend,Sellers,1382.53,1417.53,Bearish,0,0,0,0,0,0,0,1,Downtrend,No Reversal,No Context,No
2026-04-27,1359.51,1365.8,1371.6,1311.0,1313.0,24673098,52.8,60.6,5.8,2.0,0.8713,0.0957,0.033,,1311.0,False,True,False,False,HL,Uptrend,Buyers,1381.87,1417.02,Bearish,0,0,0,1,0,0,0,0,Downtrend,Bullish Reversal,Bullish Pattern in Downtrend,Yes
2026-04-28,1382.51,1388.9,1395.2,1357.0,1358.0,41027699,30.9,38.2,6.3,1.0,0.8089,0.1649,0.0262,,,False,False,False,False,,Uptrend,Buyers,1382.15,1416.74,Bearish,0,0,0,0,0,0,0,0,Uptrend,No Reversal,No Context,No
2026-04-29,1418.84,1425.4,1433.8,1391.3,1392.0,30542143,33.4,42.5,8.4,0.7,0.7859,0.1976,0.0165,,,False,False,False,False,,Uptrend,Buyers,1383.84,1416.82,Bearish,0,0,0,0,0,0,0,0,Uptrend,No Reversal,No Context,No
2026-04-30,1424.22,1430.8,1437.0,1393.1,1409.0,30957881,21.8,43.9,6.2,15.9,0.4966,0.1412,0.3622,,,False,False,False,False,,Uptrend,Buyers,1385.68,1416.96,Bearish,0,0,0,0,0,0,0,0,Uptrend,No Reversal,No Context,No
2026-05-01,1424.22,1430.8,1430.8,1430.8,1430.8,0,0.0,0.0,0.0,0.0,0.0,0.0,0.0,,,False,False,False,False,,Uptrend,Buyers,1387.45,1417.1,Bearish,1,1,1,0,0,1,0,0,Uptrend,No Reversal,Market Indecision,No
2026-05-04,1456.37,1463.1,1467.4,1433.4,1433.4,24035700,29.7,34.0,4.3,0.0,0.8735,0.1265,0.0,,,False,False,False,False,,Uptrend,Buyers,1390.42,1417.56,Bearish,0,0,0,0,0,0,0,0,Uptrend,No Reversal,No Context,No
2026-05-05,1456.86,1463.6,1473.4,1450.0,1460.0,23543341,3.6,23.4,9.8,10.0,0.1538,0.4188,0.4274,1473.4,,True,False,False,False,HH,Uptrend,Buyers,1393.29,1418.01,Bearish,0,0,0,0,0,0,0,0,Uptrend,No Reversal,No Context,No
2026-05-06,1431.28,1437.9,1473.3,1427.5,1463.0,14221786,25.1,45.8,10.3,10.4,0.548,0.2249,0.2271,,,False,False,False,False,,Uptrend,Buyers,1395.04,1418.21,Bearish,0,0,0,0,0,0,0,1,Uptrend,No Reversal,Bearish Pattern in Uptrend,No
2026-05-07,1429.59,1436.2,1449.5,1430.3,1438.8,19816903,2.6,19.2,10.7,5.9,0.1354,0.5573,0.3073,,,False,False,False,False,,Uptrend,Buyers,1396.65,1418.39,Bearish,0,0,0,0,0,0,0,0,Uptrend,No Reversal,No Context,No
2026-05-08,1428.59,1435.2,1442.8,1417.5,1426.0,8663105,9.2,25.3,7.6,8.5,0.3636,0.3004,0.336,,,False,False,False,False,,Uptrend,Buyers,1398.17,1418.56,Bearish,0,0,0,0,0,0,1,0,Uptrend,No Reversal,No Context,No
2026-05-11,1381.81,1388.2,1428.0,1382.0,1420.0,15261787,31.8,46.0,8.0,6.2,0.6913,0.1739,0.1348,,,False,False,False,False,,Uptrend,Buyers,1397.77,1418.26,Bearish,0,0,0,0,0,0,0,0,Uptrend,No Reversal,No Context,No
2026-05-12,1357.72,1364.0,1393.5,1360.3,1392.0,24357500,28.0,33.2,1.5,3.7,0.8434,0.0452,0.1114,,,False,False,False,False,,Uptrend,Buyers,1396.45,1417.72,Bearish,0,0,0,0,0,0,0,0,Uptrend,No Reversal,No Context,No
2026-05-13,1352.55,1358.8,1372.4,1352.4,1361.4,13797989,2.6,20.0,11.0,6.4,0.13,0.55,0.32,,,False,False,False,False,,Uptrend,Buyers,1394.97,1417.13,Bearish,0,0,0,0,0,0,0,0,Uptrend,No Reversal,No Context,No
2026-05-14,1355.53,1361.8,1378.0,1358.4,1365.2,17303059,3.4,19.6,12.8,3.4,0.1735,0.6531,0.1735,,,False,False,False,False,,Uptrend,Buyers,1393.67,1416.58,Bearish,0,1,0,0,0,0,0,0,Uptrend,No Reversal,No Context,No
2026-05-15,1330.25,1336.4,1364.8,1329.2,1356.8,19976192,20.4,35.6,8.0,7.2,0.573,0.2247,0.2022,,,False,False,False,False,,Uptrend,Buyers,1391.43,1415.78,Bearish,0,0,0,0,0,0,0,0,Uptrend,No Reversal,No Context,No
2026-05-18,1329.75,1335.9,1342.0,1318.7,1334.0,13022473,1.9,23.3,6.1,15.3,0.0815,0.2618,0.6567,,,False,False,False,False,,Uptrend,Buyers,1389.25,1414.99,Bearish,0,0,1,0,0,0,0,0,Uptrend,No Reversal,Market Indecision,No
2026-05-19,1316.61,1322.7,1344.0,1318.4,1338.7,21665501,16.0,25.6,5.3,4.3,0.625,0.207,0.168,,,False,False,False,False,,Uptrend,Buyers,1386.64,1414.07,Bearish,0,0,0,0,1,0,0,0,Uptrend,No Reversal,Bearish Pattern in Uptrend,No
2026-05-20,1353.44,1359.7,1362.9,1312.6,1318.7,13248515,41.0,50.3,3.2,6.1,0.8151,0.0636,0.1213,,1312.6,False,True,False,False,HL,Uptrend,Buyers,1385.58,1413.53,Bearish,0,0,0,1,0,0,0,0,Uptrend,No Reversal,No Context,No
2026-05-21,1343.39,1349.6,1370.9,1345.2,1367.2,17150630,17.6,25.7,3.7,4.4,0.6848,0.144,0.1712,,,False,False,False,False,,Uptrend,Buyers,1384.17,1412.89,Bearish,0,0,0,0,0,0,0,0,Uptrend,No Reversal,No Context,No
2026-05-22,1348.27,1354.5,1367.4,1349.1,1350.0,7105813,4.5,18.3,12.9,0.9,0.2459,0.7049,0.0492,,,False,False,False,False,,Uptrend,Buyers,1383.01,1412.31,Bearish,0,1,0,0,0,1,0,0,Uptrend,No Reversal,Bearish Pattern in Uptrend,No
2026-05-25,1360.71,1367.0,1371.1,1357.0,1366.8,6750071,0.2,14.1,4.1,9.8,0.0142,0.2908,0.695,1371.1,,False,False,True,False,LH,Downtrend,Sellers,1382.38,1411.86,Bearish,0,0,1,0,0,0,1,0,Uptrend,Bearish Reversal,Market Indecision,No
2026-05-26,1350.06,1356.3,1368.5,1352.4,1360.1,13769747,3.8,16.1,8.4,3.9,0.236,0.5217,0.2422,,,False,False,False,False,,Downtrend,Sellers,1381.36,1411.31,Bearish,0,0,0,0,0,0,0,1,Downtrend,No Reversal,No Context,No
2026-05-27,1344.28,1350.5,1361.0,1348.6,1353.0,13215138,2.5,12.4,8.0,1.9,0.2016,0.6452,0.1532,,,False,False,False,False,,Downtrend,Sellers,1380.15,1410.7,Bearish,0,1,0,0,0,0,0,0,Downtrend,No Reversal,Bullish Pattern in Downtrend,No
2026-05-28,1344.28,1350.5,1350.5,1350.5,1350.5,0,0.0,0.0,0.0,0.0,0.0,0.0,0.0,,,False,False,False,False,,Downtrend,Sellers,1378.98,1410.1,Bearish,1,1,1,0,0,1,0,0,Downtrend,No Reversal,Market Indecision,No
2026-05-29,1315.12,1321.2,1369.0,1317.0,1364.0,42634247,42.8,52.0,5.0,4.2,0.8231,0.0962,0.0808,,,False,False,False,False,,Downtrend,Sellers,1376.72,1409.22,Bearish,0,0,0,0,0,0,0,0,Downtrend,No Reversal,No Context,No
2026-06-01,1313.92,1320.0,1335.5,1318.5,1332.5,10700603,12.5,17.0,3.0,1.5,0.7353,0.1765,0.0882,,,False,False,False,False,,Downtrend,Sellers,1374.49,1408.33,Bearish,0,0,0,0,0,0,0,0,Downtrend,No Reversal,No Context,No
2026-06-02,1308.55,1314.6,1327.8,1300.3,1307.7,23302785,6.9,27.5,13.2,7.4,0.2509,0.48,0.2691,,,False,False,False,False,,Downtrend,Sellers,1372.15,1407.4,Bearish,0,0,0,0,0,0,1,0,Downtrend,No Reversal,Bullish Pattern in Downtrend,No
2026-06-03,1307.16,1313.2,1324.0,1301.0,1315.0,20012293,1.8,23.0,9.0,12.2,0.0783,0.3913,0.5304,,,False,False,False,False,,Downtrend,Sellers,1369.83,1406.46,Bearish,0,0,1,0,0,0,0,0,Downtrend,No Reversal,Market Indecision,No
2026-06-04,1297.7,1303.7,1311.2,1293.1,1301.0,23474327,2.7,18.1,7.5,7.9,0.1492,0.4144,0.4365,,,False,False,False,False,,Downtrend,Sellers,1367.24,1405.44,Bearish,0,0,0,0,0,0,0,0,Downtrend,No Reversal,No Context,No
2026-06-05,1291.0,1291.0,1306.0,1288.0,1304.5,17785223,13.5,18.0,1.5,3.0,0.75,0.0833,0.1667,,,False,False,False,False,,Downtrend,Sellers,1364.25,1404.3,Bearish,0,0,0,0,1,0,0,0,Downtrend,No Reversal,No Context,No
2026-06-08,1263.3,1263.3,1282.6,1259.2,1277.0,16494759,13.7,23.4,5.6,4.1,0.5855,0.2393,0.1752,,,False,False,False,False,,Downtrend,Sellers,1360.29,1402.9,Bearish,0,0,0,0,0,0,0,0,Downtrend,No Reversal,No Context,No
2026-06-09,1269.2,1269.2,1274.2,1257.5,1269.0,23620214,0.2,16.7,5.0,11.5,0.012,0.2994,0.6886,,,False,False,False,False,,Downtrend,Sellers,1356.72,1401.57,Bearish,0,0,1,0,0,0,0,0,Downtrend,No Reversal,Market Indecision,No
2026-06-10,1258.8,1258.8,1300.5,1254.4,1275.0,21012796,16.2,46.1,25.5,4.4,0.3514,0.5531,0.0954,,,False,False,False,False,,Downtrend,Sellers,1352.88,1400.15,Bearish,0,0,0,0,1,0,0,0,Downtrend,No Reversal,No Context,No
2026-06-11,1263.0,1263.0,1276.0,1253.2,1258.0,13117486,5.0,22.8,13.0,4.8,0.2193,0.5702,0.2105,,1253.2,False,False,False,True,LL,Downtrend,Sellers,1349.36,1398.78,Bearish,0,1,0,0,0,0,0,0,Downtrend,No Reversal,Bullish Pattern in Downtrend,No
2026-06-12,1293.0,1293.0,1297.0,1262.5,1277.0,11988785,16.0,34.5,4.0,14.5,0.4638,0.1159,0.4203,,,False,False,False,False,,Downtrend,Sellers,1347.15,1397.73,Bearish,0,0,0,0,0,0,1,0,Downtrend,No Reversal,Bullish Pattern in Downtrend,No
2026-06-15,1307.0,1307.0,1325.0,1303.3,1315.3,18633321,8.3,21.7,9.7,3.7,0.3825,0.447,0.1705,,,False,False,False,False,,Downtrend,Sellers,1345.57,1396.83,Bearish,0,0,0,0,0,0,0,0,Downtrend,No Reversal,No Context,No
2026-06-16,1328.8,1328.8,1333.4,1306.4,1313.4,18513223,15.4,27.0,4.6,7.0,0.5704,0.1704,0.2593,,,False,False,False,False,,Downtrend,Sellers,1344.91,1396.15,Bearish,0,0,0,0,0,0,0,0,Downtrend,No Reversal,No Context,No
2026-06-17,1332.7,1332.7,1334.0,1317.0,1333.0,10029170,0.3,17.0,1.0,15.7,0.0176,0.0588,0.9235,,,False,False,False,False,,Downtrend,Sellers,1344.43,1395.52,Bearish,0,0,1,0,0,0,0,0,Downtrend,No Reversal,Market Indecision,No
2026-06-18,1328.1,1328.1,1333.9,1322.0,1330.0,15494549,1.9,11.9,3.9,6.1,0.1597,0.3277,0.5126,,,False,False,False,False,,Downtrend,Sellers,1343.79,1394.85,Bearish,0,0,0,0,0,0,0,1,Downtrend,No Reversal,No Context,No
2026-06-19,1309.5,1309.5,1338.2,1305.3,1328.0,24887034,18.5,32.9,10.2,4.2,0.5623,0.31,0.1277,,,False,False,False,False,,Downtrend,Sellers,1342.45,1394.0,Bearish,0,0,0,0,0,0,0,0,Downtrend,No Reversal,No Context,No
2026-06-22,1326.5,1326.5,1344.9,1314.1,1316.7,12931213,9.8,30.8,18.4,2.6,0.3182,0.5974,0.0844,1344.9,,False,False,True,False,LH,Downtrend,Sellers,1341.82,1393.33,Bearish,0,0,0,0,0,0,0,0,Downtrend,No Reversal,No Context,No
2026-06-23,1309.5,1309.5,1333.0,1304.0,1328.9,15400184,19.4,29.0,4.1,5.5,0.669,0.1414,0.1897,,,False,False,False,False,,Downtrend,Sellers,1340.56,1392.49,Bearish,0,0,0,0,1,0,0,0,Downtrend,No Reversal,No Context,No
2026-06-24,1313.6,1313.6,1322.0,1297.5,1305.7,11030917,7.9,24.5,8.4,8.2,0.3224,0.3429,0.3347,,,False,False,False,False,,Downtrend,Sellers,1339.5,1391.71,Bearish,0,0,0,0,0,0,0,0,Downtrend,No Reversal,No Context,No
2026-06-25,1318.1,1318.1,1328.0,1314.6,1318.0,12694362,0.1,13.4,9.9,3.4,0.0075,0.7388,0.2537,,,False,False,False,False,,Downtrend,Sellers,1338.66,1390.97,Bearish,0,0,1,0,0,0,1,0,Downtrend,No Reversal,Market Indecision,No
2026-06-26,1318.1,1318.1,1318.1,1318.1,1318.1,0,0.0,0.0,0.0,0.0,0.0,0.0,0.0,,,False,False,False,False,,Downtrend,Sellers,1337.85,1390.25,Bearish,1,1,1,0,0,1,0,0,Downtrend,No Reversal,Market Indecision,No
2026-06-29,1301.0,1301.0,1313.7,1292.6,1308.0,13757656,7.0,21.1,5.7,8.4,0.3318,0.2701,0.3981,,,False,False,False,False,,Downtrend,Sellers,1336.41,1389.36,Bearish,0,0,0,0,0,0,0,1,Downtrend,No Reversal,No Context,No
2026-06-30,1293.9,1293.9,1306.9,1290.0,1306.9,15695263,13.0,16.9,0.0,3.9,0.7692,0.0,0.2308,,1290.0,False,True,False,False,HL,Uptrend,Buyers,1334.74,1388.41,Bearish,0,0,0,0,0,0,0,0,Downtrend,Bullish Reversal,No Context,No
2026-07-01,1308.0,1308.0,1312.2,1296.5,1298.9,7001401,9.1,15.7,4.2,2.4,0.5796,0.2675,0.1529,,,False,False,False,False,,Uptrend,Buyers,1333.69,1387.61,Bearish,0,0,0,0,0,0,0,0,Uptrend,No Reversal,No Context,No
2026-07-02,1303.5,1303.5,1313.2,1299.0,1310.0,17795024,6.5,14.2,3.2,4.5,0.4577,0.2254,0.3169,,,False,False,False,False,,Uptrend,Buyers,1332.51,1386.77,Bearish,0,0,0,0,0,0,0,0,Uptrend,No Reversal,No Context,No
2026-07-03,1304.0,1304.0,1312.0,1302.0,1312.0,7839550,8.0,10.0,0.0,2.0,0.8,0.0,0.2,,,False,False,False,False,,Uptrend,Buyers,1331.39,1385.95,Bearish,0,0,0,0,0,0,0,1,Uptrend,No Reversal,Bearish Pattern in Uptrend,No
2026-07-06,1321.3,1321.3,1325.6,1299.4,1304.0,7610709,17.3,26.2,4.3,4.6,0.6603,0.1641,0.1756,,,False,False,False,False,,Uptrend,Buyers,1330.99,1385.31,Bearish,0,0,0,0,0,0,0,0,Uptrend,No Reversal,No Context,No
2026-07-07,1308.4,1308.4,1328.0,1304.1,1323.5,14335554,15.1,23.9,4.5,4.3,0.6318,0.1883,0.1799,1328.0,,False,False,True,False,LH,Downtrend,Sellers,1330.11,1384.54,Bearish,0,0,0,0,0,0,0,0,Uptrend,Bearish Reversal,No Context,No
2026-07-08,1275.9,1275.9,1302.3,1271.6,1297.0,19960868,21.1,30.7,5.3,4.3,0.6873,0.1726,0.1401,,1271.6,False,False,False,True,LL,Downtrend,Sellers,1327.98,1383.46,Bearish,0,0,0,0,0,0,0,1,Downtrend,No Reversal,No Context,No
2026-07-09,1279.8,1279.8,1296.5,1274.2,1277.1,14651963,2.7,22.3,16.7,2.9,0.1211,0.7489,0.13,,,False,False,False,False,,Downtrend,Sellers,1326.09,1382.43,Bearish,0,0,0,0,0,0,0,0,Downtrend,No Reversal,No Context,No
2026-07-10,1307.8,1307.8,1311.1,1287.8,1291.9,8412537,15.9,23.3,3.3,4.1,0.6824,0.1416,0.176,,,False,False,False,False,,Downtrend,Sellers,1325.38,1381.69,Bearish,0,0,0,0,0,0,1,0,Downtrend,No Reversal,Bullish Pattern in Downtrend,No
2026-07-13,1296.9,1296.9,1306.4,1295.0,1300.0,9488352,3.1,11.4,6.4,1.9,0.2719,0.5614,0.1667,,,False,False,False,False,,Downtrend,Sellers,1324.26,1380.84,Bearish,0,1,0,0,0,0,0,0,Downtrend,No Reversal,Bullish Pattern in Downtrend,No
2026-07-14,1293.0,1293.0,1308.0,1286.9,1290.0,13511284,3.0,21.1,15.0,3.1,0.1422,0.7109,0.1469,,,False,False,False,False,,Downtrend,Sellers,1323.03,1379.97,Bearish,0,0,0,0,0,0,0,0,Downtrend,No Reversal,No Context,No
2026-07-15,1295.5,1295.5,1310.9,1294.1,1294.1,9577965,1.4,16.8,15.4,0.0,0.0833,0.9167,0.0,,,False,False,False,False,,Downtrend,Sellers,1321.95,1379.13,Bearish,0,1,1,0,0,1,1,0,Downtrend,No Reversal,Market Indecision,No
2026-07-16,1296.6,1296.6,1309.4,1291.8,1295.5,15631046,1.1,17.6,12.8,3.7,0.0625,0.7273,0.2102,,,False,False,False,False,,Downtrend,Sellers,1320.96,1378.31,Bearish,0,0,1,0,0,0,0,0,Downtrend,No Reversal,Market Indecision,No
2026-07-17,1327.2,1327.2,1330.3,1296.1,1300.0,18302218,27.2,34.2,3.1,3.9,0.7953,0.0906,0.114,,,False,False,False,False,,Downtrend,Sellers,1321.2,1377.8,Bearish,0,0,0,0,0,0,0,0,Downtrend,No Reversal,No Context,No
2026-07-20,1323.1,1323.1,1345.9,1314.9,1317.2,14305844,5.9,31.0,22.8,2.3,0.1903,0.7355,0.0742,1345.9,,True,False,False,False,HH,Uptrend,Buyers,1321.28,1377.26,Bearish,0,1,0,0,0,1,0,0,Downtrend,Bullish Reversal,Bullish Pattern in Downtrend,Yes
2026-07-21,1303.7,1303.7,1326.9,1302.7,1321.0,12753410,17.3,24.2,5.9,1.0,0.7149,0.2438,0.0413,,,False,False,False,False,,Uptrend,Buyers,1320.59,1376.52,Bearish,0,0,0,0,0,0,0,1,Uptrend,No Reversal,Bearish Pattern in Uptrend,No
2026-07-22,1288.6,1288.6,1304.6,1280.7,1302.0,10840383,13.4,23.9,2.6,7.9,0.5607,0.1088,0.3305,,,False,False,False,False,,Uptrend,Buyers,1319.33,1375.65,Bearish,0,0,0,0,0,0,0,0,Uptrend,No Reversal,No Context,No
2026-07-23,1272.2,1272.2,1287.3,1268.0,1283.0,12580741,10.8,19.3,4.3,4.2,0.5596,0.2228,0.2176,,,False,False,False,False,,Uptrend,Buyers,1317.49,1374.62,Bearish,0,0,0,0,0,0,0,0,Uptrend,No Reversal,No Context,No
2026-07-24,1278.0,1278.0,1283.4,1249.8,1265.0,9817000,13.0,33.6,5.4,15.2,0.3869,0.1607,0.4524,,1249.8,False,False,False,True,LL,Downtrend,Sellers,1315.94,1373.66,Bearish,0,0,0,0,0,0,1,0,Uptrend,Bearish Reversal,No Context,No
2026-07-27,1280.0,1280.0,1288.7,1278.0,1288.2,7163132,8.2,10.7,0.5,2.0,0.7664,0.0467,0.1869,,,False,False,False,False,,Downtrend,Sellers,1314.53,1372.73,Bearish,0,0,0,0,0,0,0,0,Downtrend,No Reversal,No Context,No
2026-07-28,1267.7,1267.7,1279.2,1265.9,1275.0,9312184,7.3,13.3,4.2,1.8,0.5489,0.3158,0.1353,,,False,False,False,False,,Downtrend,Sellers,1312.69,1371.68,Bearish,0,0,0,0,0,0,0,1,Downtrend,No Reversal,No Context,No
2026-07-29,1275.9,1275.9,1282.4,1268.7,1275.0,9448307,0.9,13.7,6.5,6.3,0.0657,0.4745,0.4599,,,False,False,False,False,,Downtrend,Sellers,1311.25,1370.73,Bearish,0,0,1,0,0,0,1,0,Downtrend,No Reversal,Market Indecision,No
2026-07-30,1292.9,1292.9,1297.0,1275.3,1279.8,12158451,13.1,21.7,4.1,4.5,0.6037,0.1889,0.2074,,,False,False,False,False,,Downtrend,Sellers,1310.53,1369.95,Bearish,0,0,0,0,0,0,1,0,Downtrend,No Reversal,Bullish Pattern in Downtrend,No
2026-07-31,1307.8,1307.8,1309.7,1293.6,1295.0,8624996,12.8,16.1,1.9,1.4,0.795,0.118,0.087,,,False,False,False,False,,Downtrend,Sellers,1310.42,1369.33,Bearish,0,0,0,0,0,0,0,0,Downtrend,No Reversal,No Context,No
2026-08-03,1319.0,1319.0,1319.0,1306.0,1315.2,7508023,3.8,13.0,0.0,9.2,0.2923,0.0,0.7077,,,False,False,False,False,,Downtrend,Sellers,1310.76,1368.83,Bearish,1,0,0,0,0,0,0,0,Downtrend,No Reversal,Bullish Pattern in Downtrend,No
2026-08-04,1290.9,1290.9,1315.0,1286.4,1315.0,10759546,24.1,28.6,0.0,4.5,0.8427,0.0,0.1573,,,False,False,False,False,,Downtrend,Sellers,1309.98,1368.06,Bearish,0,0,0,0,0,0,0,1,Downtrend,No Reversal,No Context,No
2026-08-05,1280.0,1280.0,1299.0,1270.1,1293.0,24820782,13.0,28.9,6.0,9.9,0.4498,0.2076,0.3426,,,False,False,False,False,,Downtrend,Sellers,1308.8,1367.18,Bearish,0,0,0,0,0,0,0,0,Downtrend,No Reversal,No Context,No
2026-08-06,1325.0,1325.0,1325.2,1281.2,1285.0,20342297,40.0,44.0,0.2,3.8,0.9091,0.0045,0.0864,,,False,False,False,False,,Downtrend,Sellers,1309.44,1366.76,Bearish,0,0,0,0,0,0,1,0,Downtrend,No Reversal,Bullish Pattern in Downtrend,No
2026-08-07,1334.8,1334.8,1337.0,1316.6,1320.0,9885638,14.8,20.4,2.2,3.4,0.7255,0.1078,0.1667,1337.0,,False,False,True,False,LH,Downtrend,Sellers,1310.43,1366.44,Bearish,0,0,0,0,0,0,0,0,Downtrend,No Reversal,No Context,No
2026-08-10,1327.3,1327.3,1332.9,1321.3,1330.1,8207102,2.8,11.6,2.8,6.0,0.2414,0.2414,0.5172,,,False,False,False,False,,Downtrend,Sellers,1311.1,1366.06,Bearish,1,0,0,0,0,0,0,1,Downtrend,No Reversal,Bullish Pattern in Downtrend,No
2026-08-11,1323.9,1323.9,1328.7,1314.1,1326.6,9953124,2.7,14.6,2.1,9.8,0.1849,0.1438,0.6712,,,False,False,False,False,,Downtrend,Sellers,1311.6,1365.64,Bearish,1,0,0,0,0,0,0,1,Downtrend,No Reversal,Bullish Pattern in Downtrend,No
2026-08-12,1329.0,1329.0,1329.0,1309.2,1323.9,7901012,5.1,19.8,0.0,14.7,0.2576,0.0,0.7424,,,False,False,False,False,,Downtrend,Sellers,1312.28,1365.27,Bearish,1,0,0,0,0,0,1,0,Downtrend,No Reversal,Bullish Pattern in Downtrend,No
2026-08-13,1317.0,1317.0,1327.8,1307.2,1327.8,9397301,10.8,20.6,0.0,9.8,0.5243,0.0,0.4757,,,False,False,False,False,,Downtrend,Sellers,1312.47,1364.79,Bearish,0,0,0,0,0,0,0,0,Downtrend,No Reversal,No Context,No
2026-08-14,1310.0,1310.0,1317.5,1301.5,1317.0,10497358,7.0,16.0,0.5,8.5,0.4375,0.0312,0.5312,,,False,False,False,False,,Downtrend,Sellers,1312.37,1364.25,Bearish,0,0,0,0,0,0,0,0,Downtrend,No Reversal,No Context,No
2026-08-17,1316.0,1316.0,1320.8,1298.1,1314.0,13383867,2.0,22.7,4.8,15.9,0.0881,0.2115,0.7004,,1298.1,False,True,False,False,HL,Uptrend,Buyers,1312.51,1363.77,Bearish,0,0,1,0,0,0,1,0,Downtrend,Bullish Reversal,Market Indecision,No
2026-08-18,1322.0,1322.0,1328.6,1311.2,1314.0,10180567,8.0,17.4,6.6,2.8,0.4598,0.3793,0.1609,,,False,False,False,False,,Uptrend,Buyers,1312.88,1363.35,Bearish,0,0,0,0,0,0,1,0,Uptrend,No Reversal,No Context,No
2026-08-19,1311.0,1311.0,1321.6,1303.5,1320.3,7489365,9.3,18.1,1.3,7.5,0.5138,0.0718,0.4144,,,False,False,False,False,,Uptrend,Buyers,1312.81,1362.83,Bearish,0,0,0,0,0,0,0,0,Uptrend,No Reversal,No Context,No
2026-08-20,1313.2,1313.2,1316.5,1307.0,1315.5,5546227,2.3,9.5,1.0,6.2,0.2421,0.1053,0.6526,,,False,False,False,False,,Uptrend,Buyers,1312.82,1362.34,Bearish,1,0,0,0,0,0,0,0,Uptrend,No Reversal,No Context,No
2026-08-21,1316.0,1316.0,1316.0,1308.0,1314.0,5434871,2.0,8.0,0.0,6.0,0.25,0.0,0.75,,,False,False,False,False,,Uptrend,Buyers,1312.95,1361.87,Bearish,1,0,0,0,0,0,1,0,Uptrend,No Reversal,No Context,No
2026-08-24,1309.8,1309.8,1320.0,1302.4,1316.6,7277167,6.8,17.6,3.4,7.4,0.3864,0.1932,0.4205,,,False,False,False,False,,Uptrend,Buyers,1312.83,1361.36,Bearish,0,0,0,0,1,0,0,0,Uptrend,No Reversal,Bearish Pattern in Uptrend,No
2026-08-25,1317.0,1317.0,1317.1,1300.0,1304.3,7115355,12.7,17.1,0.1,4.3,0.7427,0.0058,0.2515,,,False,False,False,False,,Uptrend,Buyers,1312.99,1360.91,Bearish,0,0,0,1,0,0,0,0,Uptrend,No Reversal,No Context,No
2026-08-26,1298.0,1298.0,1315.6,1298.0,1310.0,5744474,12.0,17.6,5.6,0.0,0.6818,0.3182,0.0,,,False,False,False,False,,Uptrend,Buyers,1312.4,1360.29,Bearish,0,0,0,0,0,0,0,0,Uptrend,No Reversal,No Context,No
2026-08-27,1282.2,1282.2,1308.4,1282.2,1305.0,11271497,22.8,26.2,3.4,0.0,0.8702,0.1298,0.0,,,False,False,False,False,,Uptrend,Buyers,1311.22,1359.51,Bearish,0,0,0,0,0,0,0,1,Uptrend,No Reversal,Bearish Pattern in Uptrend,No
2026-08-28,1287.0,1287.0,1291.8,1280.0,1284.9,6830228,2.1,11.8,4.8,4.9,0.178,0.4068,0.4153,,,False,False,False,False,,Uptrend,Buyers,1310.27,1358.79,Bearish,0,0,0,0,0,0,0,0,Uptrend,No Reversal,No Context,No
2026-08-31,1277.0,1277.0,1297.6,1271.0,1278.7,34871137,1.7,26.6,18.9,6.0,0.0639,0.7105,0.2256,,1271.0,False,False,False,True,LL,Downtrend,Sellers,1308.96,1357.98,Bearish,0,0,1,0,0,0,0,0,Uptrend,Bearish Reversal,Market Indecision,No
2026-09-01,1309.0,1309.0,1311.8,1280.0,1285.0,12617528,24.0,31.8,2.8,5.0,0.7547,0.0881,0.1572,,,False,False,False,False,,Downtrend,Sellers,1308.96,1357.49,Bearish,0,0,0,0,0,0,0,0,Downtrend,No Reversal,No Context,No
2026-09-02,1313.1,1313.1,1321.9,1293.1,1298.0,13497841,15.1,28.8,8.8,4.9,0.5243,0.3056,0.1701,,,False,False,False,False,,Downtrend,Sellers,1309.13,1357.05,Bearish,0,0,0,0,0,0,0,0,Downtrend,No Reversal,No Context,No
2026-09-03,1302.5,1302.5,1316.8,1302.5,1313.1,9721454,10.6,14.3,3.7,0.0,0.7413,0.2587,0.0,,,False,False,False,False,,Downtrend,Sellers,1308.87,1356.5,Bearish,0,0,0,0,0,0,0,1,Downtrend,No Reversal,No Context,No
2026-09-04,1322.0,1322.0,1333.0,1304.1,1304.1,13031534,17.9,28.9,11.0,0.0,0.6194,0.3806,0.0,1333.0,,False,False,True,False,LH,Downtrend,Sellers,1309.38,1356.16,Bearish,0,0,0,0,0,0,0,0,Downtrend,No Reversal,No Context,No
2026-09-07,1309.5,1309.5,1324.2,1301.9,1323.1,10210522,13.6,22.3,1.1,7.6,0.6099,0.0493,0.3408,,,False,False,False,False,,Downtrend,Sellers,1309.39,1355.7,Bearish,0,0,0,0,0,0,0,0,Downtrend,No Reversal,No Context,No
2026-09-08,1294.9,1294.9,1306.8,1288.0,1304.1,9799528,9.2,18.8,2.7,6.9,0.4894,0.1436,0.367,,,False,False,False,False,,Downtrend,Sellers,1308.82,1355.09,Bearish,0,0,0,0,0,0,0,1,Downtrend,No Reversal,No Context,No
2026-09-09,1279.0,1279.0,1294.7,1277.2,1283.5,12152819,4.5,17.5,11.2,1.8,0.2571,0.64,0.1029,,,False,False,False,False,,Downtrend,Sellers,1307.65,1354.33,Bearish,0,1,0,0,0,1,0,0,Downtrend,No Reversal,Bullish Pattern in Downtrend,No
2026-09-10,1274.0,1274.0,1285.3,1266.3,1278.5,9296079,4.5,19.0,6.8,7.7,0.2368,0.3579,0.4053,,,False,False,False,False,,Downtrend,Sellers,1306.33,1353.54,Bearish,0,0,0,0,0,0,0,0,Downtrend,No Reversal,No Context,No
2026-09-11,1257.5,1257.5,1267.4,1253.0,1267.0,8777736,9.5,14.4,0.4,4.5,0.6597,0.0278,0.3125,,,False,False,False,False,,Downtrend,Sellers,1304.41,1352.58,Bearish,0,0,0,0,0,0,0,0,Downtrend,No Reversal,No Context,No
